date,WDIR_mean,WDIR_max,WSPD_mean,WSPD_max,GST_mean,GST_max,WVHT_mean,WVHT_max,DPD_mean,DPD_max,APD_mean,APD_max,MWD_mean,MWD_max,PRES_mean,PRES_max,ATMP_mean,ATMP_max,WTMP_mean,WTMP_max
2015-05-12,232.591,275.0,5.75,8.4,6.623,9.3,0.709,0.88,4.362,4.76,3.681,3.9,243.227,270.0,1015.605,1022.7,5.636,7.3,2.968,3.2
2015-05-13,315.917,357.0,3.996,5.5,4.646,7.4,0.345,0.49,3.862,4.76,3.318,3.68,281.381,360.0,1029.883,1033.6,3.983,5.9,2.933,3.0
2015-05-14,126.792,356.0,3.233,4.7,3.629,5.1,0.231,0.34,4.227,5.26,3.301,3.6,269.0,360.0,1028.45,1031.5,4.721,6.5,2.954,3.1
2015-05-15,144.292,195.0,5.125,7.3,5.721,8.4,0.29,0.46,3.314,3.85,2.936,3.31,146.75,183.0,1016.679,1021.6,6.879,11.7,2.971,3.1
2015-05-16,112.455,159.0,2.564,4.2,2.909,4.8,0.061,0.11,,,3.441,4.8,,,1016.923,1018.2,7.332,10.2,3.086,3.3
2015-05-17,132.417,154.0,5.646,8.1,6.225,9.2,0.21,0.52,3.257,3.45,2.798,3.57,155.0,162.0,1015.417,1017.2,8.562,10.6,3.058,3.1
2015-05-18,188.087,270.0,6.104,8.7,6.809,10.3,0.4,0.7,3.547,4.35,3.04,3.59,188.0,260.0,1014.426,1016.8,8.291,10.2,3.135,3.3
2015-05-19,250.0,356.0,4.042,6.7,4.692,7.9,0.422,0.68,3.776,4.17,3.333,3.74,299.667,350.0,1022.054,1025.1,4.871,6.9,3.121,3.2
2015-05-20,282.125,352.0,3.025,4.9,3.608,5.6,0.355,0.47,4.713,5.26,3.826,4.25,244.636,360.0,1024.592,1025.6,3.45,4.0,3.138,3.2
2015-05-21,226.75,277.0,4.392,6.9,4.996,7.8,0.206,0.38,3.153,3.57,3.086,3.94,246.5,274.0,1018.633,1020.7,5.183,7.0,3.158,3.2
2015-05-22,228.167,360.0,3.821,6.9,4.383,7.5,0.224,0.5,3.622,4.17,3.008,3.42,220.8,325.0,1021.652,1026.6,5.542,8.6,3.192,3.4
2015-05-23,140.75,217.0,3.113,4.6,3.474,5.7,0.079,0.12,,,3.165,3.68,,,1026.875,1029.0,7.092,11.4,3.337,3.6
2015-05-24,127.667,182.0,4.392,6.4,4.854,7.0,0.076,0.24,,,3.231,4.86,,,1021.817,1023.6,8.017,9.1,3.335,3.5
2015-05-25,165.625,214.0,6.413,9.0,7.221,10.2,0.417,0.66,3.736,4.76,3.063,3.77,176.941,199.0,1012.408,1015.7,8.829,9.6,3.317,3.4
2015-05-26,171.583,203.0,6.158,8.2,6.85,9.4,0.324,0.6,3.329,4.35,2.889,3.39,186.125,204.0,1012.458,1014.9,8.808,10.2,3.338,3.4
2015-05-27,217.208,283.0,5.171,7.4,5.867,8.2,0.379,0.57,3.746,4.17,3.142,3.34,185.118,195.0,1012.937,1017.8,7.979,9.7,3.367,3.5
2015-05-28,171.0,228.0,3.213,4.9,3.558,5.6,0.071,0.19,,,3.123,5.14,,,1021.871,1024.1,8.646,15.3,3.525,3.8
2015-05-29,144.955,212.0,4.939,6.5,5.417,7.3,0.135,0.24,,,2.91,4.48,,,1017.165,1020.0,8.717,9.8,3.504,3.6
2015-05-30,264.625,360.0,5.675,11.9,6.758,14.1,0.605,2.35,5.583,7.14,3.265,5.52,351.125,359.0,1015.567,1019.2,6.954,9.5,3.5,3.5
2015-05-31,260.565,360.0,8.717,11.8,10.2,14.6,1.494,2.34,6.217,7.14,4.723,5.54,349.818,359.0,1021.787,1023.6,4.97,5.3,3.543,3.7
2015-06-01,154.083,358.0,4.808,6.3,5.458,7.2,0.575,0.99,4.811,6.25,3.793,4.95,308.167,358.0,1024.708,1026.2,5.146,6.0,3.579,3.7
2015-06-02,152.375,354.0,2.975,4.7,3.325,5.6,0.245,0.4,3.871,4.17,3.321,3.51,46.333,356.0,1022.725,1024.0,6.258,9.0,3.663,4.3
2015-06-03,118.167,210.0,3.317,5.1,3.629,5.5,0.041,0.08,,,3.759,4.81,,,1019.054,1020.3,7.871,12.2,3.771,4.1
2015-06-04,158.042,185.0,4.696,5.6,5.071,6.0,0.096,0.17,,,3.237,5.28,,,1016.338,1017.1,8.283,10.0,3.746,3.9
2015-06-05,301.542,355.0,5.971,9.3,6.829,11.1,0.452,1.19,4.277,5.56,3.34,4.27,197.364,360.0,1018.287,1020.5,7.088,10.0,3.721,3.8
2015-06-06,133.083,360.0,4.908,7.4,5.483,8.3,0.624,1.08,4.771,5.56,3.793,4.36,250.583,360.0,1021.317,1023.0,6.475,7.1,3.788,4.0
2015-06-07,171.792,353.0,5.633,10.1,6.362,12.1,0.466,0.95,4.047,4.76,3.333,3.95,145.867,184.0,1010.413,1017.2,8.396,10.6,3.8,3.9
2015-06-08,220.875,307.0,4.758,8.5,5.646,10.4,0.393,0.73,4.112,4.76,3.282,3.78,181.765,195.0,1005.163,1006.1,9.917,17.3,3.887,4.3
2015-06-09,227.917,298.0,3.704,5.2,4.0,5.6,0.113,0.18,,,3.055,3.65,,,1008.596,1010.3,7.854,10.4,4.046,4.8
2015-06-10,161.375,232.0,5.263,8.0,5.95,9.2,0.415,0.65,3.768,4.17,3.15,3.51,179.333,194.0,1005.817,1007.5,10.629,13.7,4.717,7.2
2015-06-11,131.0,347.0,4.654,7.0,5.283,7.8,0.186,0.46,3.038,3.33,2.834,3.21,31.2,57.0,1011.429,1013.4,8.729,12.0,4.692,5.9
2015-06-12,214.667,350.0,5.337,7.5,6.463,9.9,0.47,0.68,3.852,4.76,3.343,3.64,220.217,358.0,1010.025,1013.2,8.317,11.8,4.317,4.4
2015-06-13,84.75,357.0,3.179,4.6,3.579,5.1,0.29,0.46,4.321,4.76,3.345,3.88,346.429,356.0,1014.463,1015.8,9.142,13.0,4.717,6.5
2015-06-14,159.542,289.0,3.079,5.1,3.671,5.4,0.069,0.12,,,3.02,3.51,,,1013.208,1014.3,11.179,13.1,5.45,7.3
2015-06-15,176.375,267.0,2.337,4.6,2.821,5.3,0.056,0.1,,,3.338,5.25,,,1013.5,1014.7,11.9,14.2,6.367,7.4
2015-06-16,284.292,355.0,4.95,6.4,5.633,7.7,0.297,0.66,3.349,4.17,3.17,4.74,87.312,342.0,1018.263,1021.7,8.679,14.2,5.379,6.9
2015-06-17,170.708,358.0,2.688,4.6,3.229,5.1,0.261,0.66,4.223,4.55,3.348,3.62,9.556,15.0,1018.087,1021.2,8.95,11.6,5.713,7.7
2015-06-18,199.583,352.0,3.187,6.6,3.667,7.5,0.079,0.24,,,3.07,3.64,,,1013.858,1014.9,9.658,11.7,6.5,7.7
2015-06-19,208.125,360.0,5.083,7.5,5.683,8.6,0.586,0.94,4.129,5.0,3.525,4.02,307.391,360.0,1018.392,1020.5,8.579,9.5,5.721,6.2
2015-06-20,121.25,360.0,3.525,5.2,3.825,5.7,0.262,0.43,3.565,4.17,3.114,3.43,90.8,360.0,1012.688,1016.4,10.479,11.7,6.404,7.4
2015-06-21,214.875,265.0,3.221,5.3,3.617,6.3,0.082,0.15,,,3.096,4.03,,,1011.246,1013.6,11.417,15.1,7.608,9.6
2015-06-22,186.364,269.0,4.314,11.6,4.991,13.3,0.182,0.8,3.592,4.35,3.101,3.66,187.75,191.0,1012.073,1014.6,12.841,15.7,7.791,9.2
2015-08-17,176.4,198.0,5.2,6.3,6.08,7.4,0.295,0.32,3.18,3.33,2.948,3.08,185.25,196.0,1014.16,1015.2,24.46,25.2,23.82,23.9
2015-08-18,184.083,246.0,5.483,8.6,6.508,10.1,0.517,0.7,4.181,4.76,3.44,3.85,186.286,216.0,1011.283,1014.5,22.917,24.1,23.492,23.7
2015-08-19,193.167,246.0,9.979,13.8,11.987,20.1,1.201,1.64,5.214,5.88,4.147,4.6,187.762,209.0,1004.258,1006.3,22.6,24.0,22.408,23.6
2015-08-20,247.0,298.0,9.496,11.8,11.365,14.6,1.132,1.51,4.924,5.56,4.078,4.46,214.706,244.0,1007.487,1013.1,18.358,20.7,21.043,22.1
2015-08-21,204.5,297.0,3.913,7.6,4.567,8.8,0.299,0.55,3.472,4.0,3.144,3.65,243.222,313.0,1017.2,1019.4,20.413,22.7,20.508,20.7
2015-08-22,172.583,198.0,4.879,7.4,5.596,8.4,0.404,0.55,3.666,4.17,3.244,3.69,190.111,205.0,1018.442,1019.9,21.867,22.7,20.913,21.7
2015-08-23,203.0,317.0,7.283,10.4,8.662,12.4,0.664,1.25,4.232,5.56,3.475,4.3,183.778,296.0,1011.733,1016.3,21.304,22.6,21.017,21.6
2015-08-24,264.0,305.0,8.433,11.4,9.971,13.1,0.85,1.23,4.229,5.26,3.737,4.21,254.333,316.0,1011.637,1012.6,18.037,20.0,20.013,20.8
2015-08-25,295.958,318.0,8.15,10.7,9.913,13.3,0.855,1.2,4.437,5.0,3.768,3.99,282.833,360.0,1014.839,1016.9,15.767,17.1,19.209,19.7
2015-08-26,320.208,345.0,5.592,7.7,6.848,9.0,0.523,0.68,4.353,4.76,3.466,3.82,106.214,359.0,1019.512,1021.4,16.371,17.2,19.078,19.5
2015-08-27,215.417,333.0,2.329,5.2,3.052,6.3,0.221,0.38,4.002,4.55,3.372,4.07,26.2,112.0,1021.8,1023.4,17.7,18.7,19.404,20.3
2015-08-28,161.087,183.0,3.996,5.9,4.73,6.8,0.295,0.69,3.624,4.0,3.056,3.44,158.4,169.0,1020.13,1020.9,19.413,20.3,20.061,20.4
2015-08-29,115.625,213.0,4.758,7.2,5.571,8.3,0.358,0.53,3.428,4.0,3.103,3.4,117.846,161.0,1017.646,1019.2,19.642,20.3,20.142,20.4
2015-08-30,207.042,359.0,2.65,5.5,3.133,6.1,0.23,0.43,3.197,3.33,2.783,3.15,122.667,136.0,1016.842,1018.1,19.417,20.2,20.104,20.4
2015-08-31,185.833,277.0,2.387,4.0,2.822,4.5,0.076,0.14,,,3.071,5.05,,,1017.242,1018.8,20.142,21.3,20.717,22.0
2015-09-01,166.042,187.0,4.546,6.6,5.171,7.5,0.195,0.44,3.093,3.33,3.044,4.78,187.286,197.0,1016.439,1017.2,21.9,23.4,20.938,21.3
2015-09-02,191.783,220.0,4.57,6.4,5.161,7.2,0.238,0.39,3.523,3.7,2.832,3.19,196.0,199.0,1015.591,1016.9,22.67,23.3,21.387,22.1
2015-09-03,186.583,354.0,4.313,6.7,4.992,8.4,0.179,0.38,3.132,3.23,2.769,3.18,172.2,227.0,1012.933,1014.3,22.954,23.9,21.938,23.1
2015-09-04,286.174,360.0,3.874,5.9,4.85,7.4,0.328,0.46,3.734,4.17,3.31,3.75,228.909,359.0,1015.123,1016.9,19.935,21.2,21.532,21.8
2015-09-05,140.208,206.0,3.675,7.4,4.652,8.9,0.341,0.81,3.756,4.76,3.388,3.86,181.5,196.0,1017.974,1019.6,21.279,23.0,21.517,21.6
2015-09-06,177.042,192.0,5.387,6.2,6.126,7.2,0.32,0.41,3.284,3.7,2.981,3.2,191.071,200.0,1017.092,1018.1,22.9,24.5,21.692,22.1
2015-09-07,189.833,227.0,4.55,7.8,5.188,8.9,0.312,0.56,3.407,3.85,3.053,3.42,187.571,202.0,1014.208,1015.3,23.404,24.5,22.038,22.6
2015-09-08,175.0,250.0,6.292,11.9,7.692,14.6,0.469,1.21,3.776,5.0,3.165,4.24,186.143,199.0,1011.021,1014.1,22.729,23.8,22.05,22.5
2015-09-09,201.833,355.0,5.263,9.0,6.358,10.8,0.586,1.02,4.404,5.0,3.617,4.23,201.762,360.0,1013.417,1016.1,20.863,21.7,21.608,21.8
2015-09-10,216.417,308.0,4.033,7.4,4.838,8.6,0.349,0.51,3.318,4.55,3.266,3.9,183.75,274.0,1013.587,1014.9,20.133,20.8,21.388,21.6
2015-09-11,191.458,360.0,6.471,10.0,7.971,12.5,0.744,1.57,4.755,6.25,3.589,4.73,189.231,359.0,1014.046,1015.8,18.108,19.9,21.2,21.4
2015-09-12,166.292,353.0,9.113,11.0,11.446,13.2,1.432,1.64,5.896,6.25,4.601,4.82,290.941,359.0,1016.304,1017.4,15.258,16.5,20.413,21.0
2015-09-13,289.625,360.0,5.925,10.1,7.248,12.4,0.742,1.58,4.628,6.25,3.826,4.79,222.5,360.0,1015.863,1016.6,16.754,18.5,19.822,20.1
2015-09-14,195.348,226.0,8.613,10.8,10.074,12.8,1.071,1.48,4.758,5.88,3.986,4.47,192.8,206.0,1016.035,1017.8,19.713,21.8,19.665,20.0
2015-09-15,180.583,198.0,7.621,9.9,8.946,11.5,0.921,1.25,4.832,5.26,3.976,4.5,188.5,194.0,1020.717,1022.9,20.754,22.0,19.588,19.7
2015-09-16,174.13,199.0,6.8,8.2,7.909,9.7,0.584,0.92,3.88,4.55,3.349,3.91,190.6,207.0,1021.912,1023.3,20.854,21.9,19.65,19.9
2015-09-17,178.167,192.0,7.737,9.7,9.05,11.6,0.75,1.12,4.188,5.0,3.556,4.04,190.105,203.0,1016.3,1018.8,21.371,22.9,20.0,20.2
2015-09-18,185.875,356.0,4.525,11.0,5.463,14.0,0.553,1.07,4.107,4.76,3.554,3.97,195.062,213.0,1010.188,1012.1,20.583,22.2,20.363,20.8
2015-09-19,271.565,350.0,8.165,16.1,10.43,20.3,1.45,3.04,6.85,7.69,4.649,5.77,262.643,359.0,1010.4,1017.5,18.087,20.8,20.091,20.7
2015-09-20,258.542,356.0,1.929,5.2,2.596,6.2,0.384,0.87,5.479,5.88,4.087,4.8,179.929,355.0,1020.991,1023.1,18.425,19.5,19.867,20.4
2015-09-21,138.458,180.0,3.917,6.5,4.796,7.8,0.29,0.42,3.321,3.7,3.103,4.07,144.0,186.0,1020.746,1022.1,18.092,18.7,19.867,20.2
2015-09-22,159.792,192.0,4.825,7.5,5.642,8.9,0.395,0.71,3.836,4.55,3.107,3.77,172.143,185.0,1021.283,1022.8,19.246,20.1,19.796,19.9
2015-09-23,115.5,157.0,2.812,4.1,3.25,4.9,0.115,0.2,,,2.775,3.19,,,1024.271,1026.1,19.996,20.6,20.283,21.2
2015-09-24,77.167,132.0,4.471,6.2,5.154,7.1,0.248,0.47,3.253,3.57,2.983,3.79,95.286,113.0,1024.821,1026.3,19.687,20.7,20.146,20.8
2015-09-25,72.652,357.0,5.948,7.0,6.935,8.0,0.476,0.68,3.726,4.17,3.196,3.58,57.778,68.0,1024.186,1025.2,19.187,20.4,19.97,20.1
2015-09-26,77.208,121.0,6.496,8.7,7.592,10.8,0.621,0.95,3.802,4.55,3.395,3.89,97.895,351.0,1024.274,1026.0,19.471,21.1,20.033,20.3
2015-09-27,153.625,184.0,6.229,8.3,7.313,10.4,0.455,0.69,3.486,4.0,3.154,3.51,145.889,191.0,1019.908,1022.2,19.775,21.1,20.083,20.2
2015-09-28,174.667,201.0,4.125,5.7,4.861,7.2,0.224,0.36,2.972,3.13,2.684,3.0,184.5,191.0,1015.604,1016.8,20.283,20.6,20.233,20.5
2015-09-29,136.87,358.0,8.636,15.0,10.104,18.8,0.976,2.31,5.89,7.69,3.811,5.57,281.4,358.0,1015.274,1018.0,18.152,20.9,20.1,20.4
2015-09-30,23.391,40.0,9.965,11.4,12.291,13.9,1.706,2.23,6.549,7.69,4.916,5.52,332.562,360.0,1021.896,1023.9,13.974,15.8,19.235,19.6
2015-10-01,51.048,91.0,9.762,10.7,11.968,13.1,1.417,1.63,5.927,7.14,4.566,4.83,276.5,359.0,1026.027,1027.5,13.609,15.6,18.745,19.0
2015-10-02,56.273,74.0,11.75,14.1,14.159,17.6,1.697,2.07,6.196,7.14,4.738,5.35,232.5,360.0,1027.909,1029.0,13.145,15.6,18.255,18.5
2015-10-03,64.5,78.0,12.305,14.2,14.786,17.0,1.893,2.14,5.71,6.25,4.858,5.09,40.333,50.0,1024.978,1027.1,11.222,13.9,17.481,18.1
2015-10-04,60.5,80.0,8.723,14.0,10.445,16.5,1.261,2.02,5.321,6.25,4.355,5.05,118.786,354.0,1022.804,1023.6,11.452,14.2,16.674,17.1
2015-10-05,57.261,114.0,3.987,6.9,5.237,8.0,0.485,0.68,4.315,5.0,3.461,3.56,299.357,354.0,1022.091,1023.0,13.983,14.4,16.539,16.6
2015-10-06,194.682,358.0,2.695,4.8,3.619,5.9,0.165,0.24,,,2.964,3.4,,,1020.832,1021.7,15.036,16.0,16.636,17.0
2015-10-07,227.875,355.0,5.196,8.0,6.112,9.6,0.509,0.99,4.2,5.0,3.312,4.14,346.889,355.0,1020.03,1021.7,15.579,16.4,16.617,16.9
2015-10-08,142.091,216.0,6.086,8.8,7.132,10.3,0.719,1.12,4.136,5.56,3.571,4.31,195.429,359.0,1015.914,1021.1,15.864,18.7,16.559,16.6
2015-10-09,313.143,360.0,9.081,11.8,10.72,13.9,1.288,2.09,5.358,7.14,4.302,5.26,297.692,359.0,1016.852,1022.4,14.762,17.9,16.437,16.5
2015-10-10,144.087,226.0,5.743,8.5,6.992,10.1,0.588,1.04,4.06,5.88,3.447,4.41,258.25,359.0,1021.467,1023.9,13.837,15.7,16.325,16.4
2015-10-11,205.13,223.0,9.761,11.6,11.618,13.7,1.134,1.54,4.844,5.56,4.036,4.42,201.067,220.0,1009.1,1014.3,16.391,18.6,16.195,16.3
2015-10-12,202.5,258.0,8.983,13.4,10.818,16.7,1.051,1.49,4.777,5.56,3.986,4.55,185.7,194.0,999.474,1003.8,17.337,18.5,16.104,16.2
2015-10-13,282.167,300.0,10.083,13.3,12.233,16.2,1.546,2.11,6.071,7.14,4.804,5.21,326.375,349.0,1002.378,1007.9,13.004,17.3,15.87,16.1
2015-10-14,296.083,342.0,6.629,11.2,8.133,13.7,0.939,1.37,5.733,6.25,4.32,4.73,147.5,360.0,1012.646,1016.2,12.188,14.8,15.678,15.8
2015-10-15,248.591,313.0,8.945,13.5,10.695,16.2,1.013,1.53,4.445,5.26,3.876,4.35,239.0,306.0,1013.795,1015.1,15.027,16.4,15.586,15.7
2015-10-16,311.958,327.0,9.521,12.6,11.773,15.7,1.801,2.1,5.983,6.67,4.917,5.31,301.3,350.0,1021.583,1024.8,10.979,14.5,15.422,15.6
2015-10-17,298.591,329.0,7.236,10.2,9.719,14.2,1.218,1.46,6.176,6.67,4.607,5.01,72.727,360.0,1028.177,1030.8,7.774,9.5,15.09,15.3
2015-10-18,226.696,346.0,4.748,8.3,6.458,11.0,0.527,0.78,4.611,5.56,3.703,4.16,227.071,360.0,1030.079,1032.9,9.629,10.5,15.029,15.4
2015-10-19,190.955,205.0,11.132,15.2,13.515,18.1,1.614,2.58,5.593,7.14,4.578,5.56,167.0,196.0,1020.623,1027.9,14.117,17.2,14.862,15.0
2015-10-20,194.043,210.0,8.565,12.1,10.086,14.6,1.23,1.66,5.467,5.88,4.283,4.63,188.688,198.0,1016.896,1018.5,15.617,17.1,14.63,14.8
2015-10-21,185.5,230.0,7.475,10.0,9.004,11.5,0.645,1.05,3.987,4.55,3.445,3.83,183.667,199.0,1018.222,1020.4,15.642,17.5,14.558,14.6
2015-10-22,295.125,360.0,5.65,8.4,6.75,9.7,0.665,1.01,4.586,5.56,3.799,4.18,252.692,360.0,1022.719,1026.0,13.883,17.8,14.565,14.7
2015-10-23,100.429,134.0,9.314,10.4,11.014,12.7,1.208,1.39,4.842,5.26,4.11,4.36,87.846,135.0,1022.914,1026.6,12.117,14.8,14.414,14.6
2015-10-24,197.478,302.0,9.696,12.3,11.461,14.7,1.075,1.6,4.642,5.0,3.95,4.33,194.6,280.0,1010.096,1015.1,14.926,16.1,14.25,14.3
2015-10-25,269.714,338.0,6.229,11.6,7.238,14.0,1.05,1.79,5.818,6.67,4.407,5.12,273.9,360.0,1024.376,1028.6,12.191,13.3,14.16,14.3
2015-10-26,103.348,133.0,4.609,7.1,5.478,8.3,0.363,0.6,3.913,4.55,3.302,3.88,158.3,359.0,1029.164,1030.6,11.722,13.0,14.078,14.2
2015-10-27,101.87,129.0,8.043,10.8,9.559,13.2,0.713,1.14,4.329,4.76,3.502,3.99,91.5,98.0,1024.378,1027.7,12.848,14.9,13.965,14.1
2015-10-28,164.542,243.0,11.346,14.0,13.671,16.9,1.47,2.11,5.253,5.88,4.453,4.95,149.0,225.0,1000.0,1014.1,12.471,14.1,13.752,13.9
2015-10-29,253.5,289.0,13.986,15.8,16.74,19.2,2.283,2.75,6.436,7.14,5.161,5.66,234.429,256.0,999.6,1008.6,7.161,9.0,13.243,13.7
2015-10-30,262.167,326.0,5.242,9.9,6.57,11.4,0.535,0.69,5.38,5.88,3.983,4.16,122.333,358.0,1017.129,1020.6,9.779,11.8,12.8,12.9
2015-10-31,178.714,208.0,10.09,13.2,11.874,16.2,1.214,1.35,5.03,5.56,4.199,4.4,189.875,207.0,1013.005,1018.0,10.609,12.0,12.69,12.8
2015-11-01,232.409,281.0,8.573,12.5,10.03,15.2,0.88,1.54,4.456,5.26,3.88,4.49,239.818,285.0,1008.924,1013.8,11.391,12.4,12.41,12.7
2015-11-02,185.125,195.0,6.804,9.5,7.854,11.1,0.619,0.99,3.89,4.55,3.352,3.86,194.333,238.0,1013.883,1014.7,13.554,15.1,12.338,12.5
2015-11-03,178.696,208.0,5.087,8.6,5.8,9.8,0.347,0.71,3.418,4.17,2.964,3.5,190.0,199.0,1017.95,1020.4,13.673,15.5,12.586,12.8
2015-11-04,174.261,208.0,5.065,6.5,5.791,7.5,0.258,0.41,3.058,3.23,2.787,2.94,184.0,207.0,1019.27,1020.7,13.609,15.3,12.673,12.8
2015-11-05,177.125,189.0,6.3,9.3,7.2,10.6,0.427,0.8,3.538,4.0,3.006,3.56,183.909,197.0,1015.496,1017.8,14.288,15.2,12.65,12.7
2015-11-06,240.565,286.0,9.37,13.3,11.462,17.6,1.161,1.55,4.961,5.56,4.156,4.52,213.75,269.0,1009.51,1017.3,11.791,15.4,12.45,12.6
2015-11-07,279.762,305.0,8.219,9.4,9.875,11.2,0.957,1.19,4.387,4.76,3.83,4.0,290.75,314.0,1022.91,1026.4,8.782,9.6,12.1,12.2
2015-11-08,251.625,313.0,5.05,7.9,6.673,10.2,0.682,1.1,4.428,5.88,3.665,4.07,261.308,343.0,1029.165,1031.0,8.654,9.7,11.992,12.1
2015-11-09,197.417,215.0,4.188,7.3,5.275,8.7,0.336,0.54,3.318,3.7,2.989,3.15,188.455,208.0,1025.296,1026.7,10.408,10.8,12.025,12.2
2015-11-10,182.625,359.0,1.996,3.6,2.557,4.2,0.111,0.14,,,2.655,2.8,,,1019.717,1022.3,10.179,10.8,12.062,12.3
2015-11-11,165.417,209.0,7.217,11.8,8.537,14.6,0.711,1.24,4.472,5.0,3.479,4.23,184.5,198.0,1012.038,1016.3,11.621,13.9,11.983,12.0
2015-11-12,212.708,263.0,14.15,16.9,17.177,22.2,2.242,2.87,6.189,7.14,5.07,5.67,200.273,273.0,994.417,1004.5,10.6,13.5,11.773,12.0
2015-11-13,272.65,294.0,13.93,17.1,17.153,20.6,2.515,2.54,6.275,6.67,5.23,5.33,260.5,264.0,1011.922,1019.7,6.495,8.8,11.2,11.5
2015-11-14,247.167,318.0,8.092,12.0,9.752,13.9,0.978,1.32,5.721,7.14,4.315,4.85,136.3,360.0,1022.986,1026.1,7.171,11.5,10.855,10.9
2015-11-15,206.857,227.0,7.438,8.8,8.747,10.4,0.792,0.91,4.494,5.0,3.689,3.93,190.333,202.0,1021.843,1023.2,11.61,12.6,10.837,10.9
2015-11-16,176.318,198.0,7.109,10.5,8.29,12.6,0.708,0.87,3.968,4.17,3.442,3.64,179.182,193.0,1020.741,1021.7,11.809,12.8,10.781,10.8
2015-11-17,138.708,176.0,9.529,11.9,11.246,14.5,1.136,1.45,4.944,5.56,4.06,4.3,167.615,192.0,1015.77,1020.2,11.096,12.6,10.686,10.7
2015-11-18,157.417,189.0,11.392,15.4,13.448,18.7,1.785,1.97,5.918,6.25,4.84,5.05,160.545,185.0,1002.138,1008.2,13.163,13.8,10.426,10.7
2015-11-19,230.455,260.0,12.895,16.7,15.586,21.1,1.74,2.13,6.037,6.67,4.777,5.12,212.333,231.0,1006.124,1013.7,8.348,12.1,10.105,10.3
2015-11-20,254.458,270.0,10.971,15.4,13.775,20.6,1.643,2.21,5.413,6.25,4.583,5.02,250.667,276.0,1020.762,1024.6,4.2,5.4,9.683,9.9
2015-11-21,117.125,342.0,7.067,14.3,8.767,17.4,0.914,2.44,4.415,7.14,3.733,5.33,163.421,357.0,1019.913,1025.8,2.379,5.3,9.6,9.8
2015-11-22,270.292,320.0,9.054,12.7,11.438,16.5,1.553,2.7,6.282,7.14,4.716,5.7,223.708,359.0,1019.887,1022.5,-0.812,1.3,9.3,9.5
2015-11-23,229.75,270.0,8.758,12.0,10.742,14.7,1.424,2.03,5.788,6.67,4.562,5.1,191.043,272.0,1016.204,1018.6,2.892,5.6,9.225,9.3
2015-11-24,235.833,342.0,4.708,7.5,5.787,8.8,0.467,0.75,3.642,4.17,3.294,3.6,276.25,349.0,1024.487,1027.8,6.05,7.2,9.338,9.5
2015-11-25,162.708,176.0,10.308,11.3,12.229,13.9,1.402,1.75,5.216,5.88,4.355,4.85,169.0,185.0,1023.725,1026.1,8.529,10.1,9.033,9.3
2015-11-26,185.708,196.0,9.671,11.9,11.438,13.8,1.278,1.66,5.345,6.25,4.267,4.78,182.167,196.0,1022.571,1024.2,10.254,11.8,8.8,9.1
2015-11-27,275.792,359.0,11.421,13.9,13.687,16.9,2.198,3.54,6.713,8.33,5.284,6.63,290.583,360.0,1024.642,1029.8,6.917,12.0,8.908,9.1
2015-11-28,19.667,37.0,6.817,9.9,8.592,12.2,1.181,2.35,5.912,7.69,4.49,5.69,350.458,356.0,1029.808,1030.7,2.067,3.5,8.925,9.0
2015-11-29,193.417,359.0,3.796,5.5,5.167,7.2,0.324,0.53,3.608,4.17,3.184,3.47,330.696,357.0,1028.517,1029.9,3.488,4.7,8.842,9.0
2015-11-30,96.13,117.0,7.808,12.4,9.383,14.6,0.73,1.34,3.972,5.0,3.539,4.3,82.696,105.0,1023.492,1027.7,5.008,7.0,8.754,8.9
2015-12-01,170.417,237.0,9.137,12.7,10.942,15.1,1.232,1.78,5.048,5.88,4.181,4.91,149.875,226.0,1010.817,1016.0,6.308,7.6,8.692,8.8
2015-12-02,239.583,305.0,7.0,10.8,8.575,13.1,1.012,1.38,5.117,5.56,4.103,4.67,190.5,208.0,1008.658,1010.4,4.983,6.7,8.608,8.7
2016-04-19,47.0,47.0,4.4,4.4,5.2,5.2,,,,,,,,,1023.8,1023.8,7.2,7.2,7.1,7.1
2016-04-20,96.292,213.0,4.954,9.1,5.646,10.4,0.47,0.61,4.184,5.56,3.415,3.73,65.917,142.0,1020.325,1023.5,7.746,10.2,5.037,5.9
2016-04-21,136.167,197.0,3.479,5.5,3.996,6.2,0.155,0.26,2.94,2.94,2.726,3.08,114.0,114.0,1011.312,1015.2,6.937,8.8,5.05,5.6
2016-04-22,63.833,226.0,7.658,12.4,9.263,14.9,1.132,2.37,6.548,7.69,4.157,5.53,40.923,48.0,1013.971,1019.4,5.108,8.1,4.808,5.5
2016-04-23,60.0,348.0,4.692,10.1,5.438,12.7,0.777,1.98,5.452,7.14,4.177,5.32,30.0,53.0,1021.621,1024.2,4.862,5.3,4.392,5.1
2016-04-24,106.917,159.0,4.642,7.5,5.242,8.3,0.242,0.37,3.207,4.76,3.131,3.97,109.6,143.0,1016.358,1019.1,6.383,8.6,4.487,4.8
2016-04-25,138.167,169.0,6.046,7.7,6.792,9.9,0.349,0.51,3.049,3.45,2.9,3.14,133.19,172.0,1007.238,1010.7,8.508,11.3,4.492,4.7
2016-04-26,220.708,360.0,8.008,10.1,9.6,12.1,1.145,1.56,5.212,6.67,4.279,4.8,50.348,217.0,1008.625,1013.5,5.475,13.4,4.425,4.7
2016-04-27,54.583,80.0,6.462,9.9,7.617,11.5,0.815,1.21,4.86,6.67,3.978,4.98,45.542,91.0,1014.021,1015.5,4.925,6.2,4.263,4.4
2016-04-28,72.458,94.0,6.958,11.9,8.263,14.8,1.008,1.51,5.161,6.67,4.147,4.93,51.958,92.0,1012.75,1015.1,5.025,6.7,4.25,4.3
2016-04-29,84.708,357.0,4.542,6.6,5.275,7.6,0.405,0.65,3.392,4.0,3.241,3.68,64.042,96.0,1018.146,1020.7,4.571,5.2,4.337,4.6
2016-04-30,67.13,85.0,5.157,6.9,5.935,7.8,0.3,0.39,3.078,3.45,2.86,3.15,60.824,97.0,1018.657,1021.2,5.504,6.1,4.422,4.5
2016-05-01,37.542,61.0,6.404,9.5,7.475,11.2,0.693,0.87,4.295,5.56,3.602,3.98,43.5,104.0,1015.154,1016.6,5.521,6.4,4.458,4.6
2016-05-02,151.125,357.0,3.725,7.2,4.329,8.4,0.397,0.59,4.084,5.0,3.323,3.61,30.792,67.0,1017.246,1018.3,5.617,6.7,4.688,5.3
2016-05-03,232.913,349.0,3.457,6.5,3.93,7.3,0.2,0.39,3.19,3.57,3.029,3.36,110.2,164.0,1013.274,1016.5,6.296,8.4,5.104,5.4
2016-05-04,195.375,359.0,9.633,13.3,11.704,16.8,1.332,2.73,4.995,8.33,4.167,5.9,82.75,241.0,1005.454,1008.9,6.071,8.0,4.792,5.1
2016-05-05,72.5,360.0,9.054,14.3,10.933,18.2,1.806,3.01,6.623,8.33,5.056,6.31,44.292,56.0,1013.221,1016.1,4.862,5.9,4.517,4.7
2016-05-06,198.609,318.0,3.778,6.4,4.239,7.1,0.289,0.6,4.188,5.0,3.494,4.15,228.308,345.0,1013.565,1015.4,6.574,9.8,4.748,5.1
2016-05-07,203.292,360.0,8.029,12.9,9.604,16.1,0.967,2.36,5.663,7.14,3.712,5.55,56.923,288.0,1006.892,1010.7,8.487,12.3,4.871,5.0
2016-05-08,195.5,350.0,3.179,5.3,3.75,6.3,0.432,1.17,5.356,6.25,3.937,4.8,155.8,341.0,1012.754,1014.4,6.517,9.0,4.888,5.7
2016-05-09,115.955,149.0,3.726,6.3,4.135,7.3,0.126,0.26,3.57,3.57,2.977,3.8,159.0,159.0,1015.53,1017.4,7.47,9.1,5.187,5.6
2016-05-10,99.095,119.0,8.417,10.0,9.838,11.7,0.877,1.16,4.354,5.0,3.71,4.16,113.13,159.0,1014.183,1015.8,7.408,8.4,4.887,5.2
2016-05-11,112.083,339.0,4.062,7.4,4.629,8.3,0.344,0.84,3.693,4.55,3.305,3.79,87.154,97.0,1016.975,1018.9,7.042,7.6,4.963,5.9
2016-05-12,150.522,238.0,3.787,7.0,4.374,8.2,0.128,0.17,,,3.015,3.83,,,1013.496,1016.6,8.035,10.2,5.178,5.6
2016-05-13,226.958,285.0,5.338,7.6,6.087,8.8,0.361,0.56,3.437,3.85,3.004,3.43,253.158,314.0,1013.492,1015.6,7.504,9.3,5.146,5.5
2016-05-14,264.75,340.0,7.754,10.4,9.233,12.7,0.887,1.33,4.624,5.56,3.731,4.46,279.2,359.0,1012.421,1015.9,5.475,7.1,5.075,5.3
2016-05-15,275.261,333.0,6.37,8.7,7.47,9.9,0.776,1.11,5.08,5.88,3.877,4.21,107.957,360.0,1018.204,1020.4,4.661,5.6,5.004,5.3
2016-05-16,202.708,353.0,7.15,8.8,8.438,13.4,0.661,1.06,4.034,4.76,3.488,4.03,156.625,215.0,1018.054,1019.2,8.25,17.7,5.158,5.4
2016-05-17,116.125,359.0,5.142,7.9,6.246,9.2,0.54,0.88,4.217,5.26,3.394,3.88,85.0,317.0,1021.867,1024.3,6.687,9.3,5.258,5.3
2016-05-18,125.542,359.0,3.404,6.0,3.946,7.0,0.378,0.74,4.115,4.76,3.367,3.81,38.526,69.0,1023.746,1025.5,6.754,7.9,5.496,6.1
2016-05-19,194.458,351.0,1.408,2.4,1.721,2.9,0.079,0.14,,,3.09,3.66,,,1023.108,1024.3,8.25,12.6,6.917,9.7
2016-05-20,88.864,339.0,2.552,3.6,2.891,4.1,0.049,0.12,,,3.365,4.45,,,1021.765,1023.3,9.426,13.9,7.674,9.4
2016-05-21,190.833,353.0,4.071,5.7,4.537,6.3,0.138,0.21,,,2.613,3.71,,,1019.162,1020.1,9.121,10.4,7.092,7.8
2016-05-22,273.667,355.0,2.767,5.3,3.262,8.9,0.106,0.18,,,2.903,3.45,,,1018.046,1019.2,9.992,13.6,7.929,9.2
2016-05-23,177.783,359.0,2.53,4.6,3.009,5.3,0.101,0.17,,,3.063,3.97,,,1016.439,1018.0,10.939,16.0,8.878,11.5
2016-05-24,152.208,189.0,4.929,5.9,5.396,6.6,0.181,0.26,2.945,3.03,2.712,3.69,153.0,164.0,1014.267,1015.8,12.538,15.6,9.146,10.8
2016-05-25,152.0,295.0,3.442,4.7,4.008,6.1,0.122,0.2,,,2.667,3.08,,,1014.608,1016.6,13.754,17.0,9.963,12.1
2016-05-26,158.955,184.0,5.859,8.5,6.564,9.4,0.323,0.51,3.098,3.7,2.89,3.31,150.765,168.0,1012.309,1014.1,12.941,14.5,9.609,10.9
2016-05-27,149.125,169.0,4.7,5.6,5.213,6.4,0.184,0.3,4.2,10.81,2.764,3.14,182.714,242.0,1011.85,1013.1,13.217,14.9,10.029,10.3
2016-05-28,152.417,163.0,5.975,8.3,6.737,9.4,0.383,0.51,3.401,3.85,3.009,3.25,164.955,187.0,1011.979,1013.2,13.563,14.6,10.008,10.3
2016-05-29,180.0,229.0,5.235,7.1,5.917,7.8,0.316,0.49,3.413,3.85,2.949,3.3,162.889,178.0,1014.078,1015.2,13.422,14.8,10.143,10.8
2016-05-30,190.25,250.0,2.667,4.1,2.958,4.5,0.097,0.22,,,3.013,3.73,,,1015.408,1017.2,14.346,16.3,11.937,15.0
2016-05-31,121.75,350.0,3.046,6.8,3.692,9.1,0.08,0.25,2.74,2.74,2.94,3.73,18.0,18.0,1015.7,1017.0,15.021,16.9,13.296,14.6
2016-06-01,150.739,356.0,3.617,6.3,4.261,7.0,0.247,0.32,3.705,4.17,3.3,3.72,174.909,359.0,1014.148,1015.4,14.3,16.4,12.317,12.8
2016-06-02,189.75,269.0,3.004,5.2,3.517,7.0,0.064,0.11,,,2.933,4.19,,,1015.237,1017.2,14.879,15.9,13.237,15.5
2016-06-03,152.783,305.0,2.083,4.2,2.287,4.5,0.043,0.07,,,3.399,4.08,,,1017.374,1018.8,15.526,17.2,14.43,15.9
2016-06-04,151.043,236.0,4.152,5.7,4.743,6.5,0.167,0.25,,,2.582,3.05,,,1011.648,1015.2,16.222,17.1,14.248,15.0
2016-06-05,214.208,287.0,3.592,6.4,4.267,7.4,0.259,0.51,3.542,3.7,2.94,3.35,257.545,275.0,1003.504,1006.2,15.363,17.1,14.254,15.2
2016-06-06,236.0,342.0,4.568,8.4,5.35,11.1,0.335,0.55,3.557,4.0,3.035,3.37,291.857,334.0,1003.609,1004.7,16.123,17.8,14.464,15.4
2016-06-07,273.261,357.0,6.348,8.9,7.609,11.1,0.732,0.96,4.451,5.26,3.715,4.38,107.391,354.0,1008.322,1011.4,13.339,15.0,13.696,14.6
2016-06-08,111.81,269.0,3.171,6.4,3.829,7.4,0.436,0.7,4.708,5.88,3.851,4.74,134.3,349.0,1014.462,1017.4,12.352,12.9,13.357,13.7
2016-06-09,152.091,184.0,3.627,6.2,4.168,7.0,0.283,0.44,3.815,5.26,3.357,3.9,171.0,347.0,1015.777,1016.7,14.145,15.1,13.486,14.0
2016-06-10,128.417,182.0,3.762,6.2,4.254,7.2,0.113,0.22,,,2.756,3.3,,,1014.008,1016.1,15.858,18.6,14.083,14.9
2016-06-11,191.545,315.0,4.05,9.1,4.709,12.7,0.24,0.45,3.613,5.0,2.896,3.68,245.778,321.0,1012.405,1014.0,17.786,19.7,14.973,16.0
2016-06-12,114.136,358.0,6.395,9.8,7.532,12.0,0.686,1.28,4.649,6.67,3.631,4.44,37.0,51.0,1018.686,1021.9,15.682,19.7,14.718,15.8
2016-06-13,85.0,166.0,3.917,6.5,4.7,7.8,0.532,1.22,4.68,5.88,3.729,4.48,90.476,360.0,1017.05,1020.3,15.117,17.5,14.496,16.3
2016-06-14,90.304,114.0,5.122,7.6,5.883,8.9,0.361,0.65,3.485,3.85,3.075,3.39,105.875,156.0,1012.135,1013.3,16.361,18.0,14.896,15.5
2016-06-15,129.783,195.0,4.591,9.9,5.226,11.5,0.377,0.77,3.419,4.17,3.127,3.51,126.889,148.0,1007.396,1009.4,17.726,19.1,15.874,17.7
2016-06-16,291.833,356.0,7.125,10.8,8.633,13.3,0.753,1.74,5.378,7.14,3.461,5.17,41.583,52.0,1007.708,1012.4,15.979,19.1,15.021,17.1
2016-06-17,153.273,358.0,4.718,7.4,5.427,8.7,0.609,1.3,5.164,6.67,3.855,4.89,34.944,45.0,1016.391,1019.2,14.655,15.8,13.786,14.5
2016-06-18,93.304,346.0,1.87,3.6,2.191,4.2,0.112,0.24,,,3.052,3.47,,,1022.004,1024.2,17.304,20.3,15.409,18.9
2016-06-19,142.292,218.0,3.029,4.4,3.392,4.9,0.073,0.12,,,2.859,4.17,,,1022.429,1023.6,18.433,20.2,16.642,18.8
2016-06-20,182.826,336.0,5.1,8.3,5.752,9.3,0.356,0.64,3.6,4.17,3.029,3.55,175.533,282.0,1016.335,1018.8,19.617,22.1,16.526,18.6
2016-06-21,269.182,346.0,4.205,6.7,4.741,7.5,0.31,0.46,3.507,4.0,3.152,3.57,284.167,358.0,1014.632,1015.7,17.868,19.6,16.305,17.4
2016-06-22,177.833,322.0,3.417,5.7,4.0,7.1,0.106,0.2,,,2.8,3.48,,,1011.9,1013.0,17.621,18.9,16.379,17.7
2016-06-23,55.0,142.0,4.039,7.6,4.77,8.5,0.255,0.62,3.657,4.17,3.184,3.88,47.5,67.0,1010.674,1013.2,16.935,17.9,16.504,16.7
2016-06-24,91.917,351.0,3.2,7.9,3.742,9.4,0.34,0.63,3.991,4.55,3.333,3.85,19.438,41.0,1017.083,1019.5,18.029,20.8,17.321,20.9
2016-06-25,127.167,164.0,4.088,5.7,4.587,6.2,0.165,0.35,3.25,3.7,2.868,3.48,147.0,168.0,1017.963,1019.3,19.258,21.2,17.725,19.5
2016-06-26,168.957,333.0,5.27,8.3,6.091,10.0,0.379,0.67,3.509,4.17,3.09,3.46,159.316,213.0,1014.57,1016.2,19.943,21.5,17.67,18.3
2016-06-27,178.875,289.0,4.346,6.6,4.946,7.3,0.211,0.33,2.94,3.23,2.751,3.05,186.5,200.0,1015.083,1016.0,20.017,21.1,18.283,19.4
2016-06-28,82.625,358.0,8.167,10.8,9.762,13.2,1.139,1.94,5.57,6.67,4.143,5.28,44.9,55.0,1019.312,1021.1,16.333,19.5,17.417,19.0
2016-06-29,112.0,358.0,3.539,6.6,4.174,7.7,0.459,1.07,5.028,6.67,3.691,4.37,41.647,54.0,1019.561,1020.5,16.852,18.0,17.026,18.2
2016-06-30,175.25,207.0,3.283,5.5,3.712,6.1,0.117,0.25,2.74,2.74,3.012,3.69,159.0,159.0,1015.979,1018.2,18.375,19.9,17.633,18.5
2016-07-01,150.087,358.0,7.37,10.3,8.943,14.7,0.979,1.88,5.208,7.14,3.992,5.22,55.75,355.0,1015.543,1019.8,16.591,19.6,17.291,18.0
2016-07-02,194.348,242.0,2.543,3.8,3.061,4.5,0.389,0.9,5.625,7.14,3.87,4.98,261.214,330.0,1020.761,1021.9,17.309,18.6,17.357,18.2
2016-07-03,115.208,213.0,2.333,4.3,2.737,4.9,0.1,0.16,,,2.873,3.36,,,1018.85,1019.9,18.033,19.1,18.046,18.9
2016-07-04,105.042,234.0,3.163,6.3,3.788,7.7,0.199,0.49,3.263,3.85,2.85,3.33,119.286,129.0,1013.092,1015.8,18.688,20.2,18.638,20.6
2016-07-05,189.864,274.0,3.182,5.2,3.618,5.8,0.083,0.14,,,2.942,3.4,,,1010.718,1012.3,19.836,21.2,19.255,19.9
2016-07-06,189.792,251.0,5.988,11.2,7.013,13.3,0.474,1.23,4.003,5.26,3.124,4.19,177.125,204.0,1008.708,1010.4,20.683,21.5,18.946,19.8
2016-07-07,177.75,350.0,2.362,6.5,2.842,7.5,0.093,0.23,,,3.028,4.46,,,1009.167,1010.4,20.358,22.1,19.225,20.2
2016-07-08,176.273,304.0,3.505,6.1,4.114,7.5,0.227,0.31,3.172,3.7,2.926,3.36,98.0,254.0,1008.395,1009.5,20.618,23.1,19.441,20.8
2016-07-09,246.458,356.0,6.688,10.3,7.962,12.4,0.906,1.43,4.898,6.67,3.968,4.59,134.292,351.0,1013.479,1017.0,19.387,20.8,19.179,19.8
2016-07-10,121.304,360.0,2.517,4.7,3.0,5.6,0.392,0.78,5.258,6.25,4.005,4.54,62.143,359.0,1017.391,1018.7,19.609,21.2,19.457,20.9
2016-07-11,127.217,151.0,5.13,7.3,5.843,8.3,0.33,0.59,3.758,4.35,2.958,3.55,168.167,189.0,1014.252,1015.6,21.061,22.8,19.639,20.2
2016-07-12,172.417,242.0,6.567,8.5,7.437,9.6,0.591,0.86,3.975,4.55,3.367,3.84,165.208,186.0,1009.725,1011.6,22.171,24.1,19.912,20.5
2016-07-13,188.091,245.0,4.786,7.8,5.586,9.0,0.335,0.71,3.496,4.35,3.045,3.66,163.25,206.0,1010.405,1012.1,21.895,23.3,20.368,20.9
2016-07-14,218.522,253.0,6.587,9.3,7.691,10.7,0.702,1.0,4.4,5.0,3.647,4.0,165.0,245.0,1008.443,1010.0,22.23,23.9,20.6,21.1
2016-07-15,190.083,343.0,6.592,8.7,7.804,10.3,0.734,1.12,4.316,5.26,3.641,4.18,186.0,347.0,1013.454,1016.9,19.85,23.2,20.542,20.9
2016-07-16,148.435,354.0,3.483,8.1,4.361,9.6,0.505,1.18,5.134,5.88,3.9,4.32,85.0,343.0,1019.2,1021.3,18.717,20.6,20.678,22.0
2016-07-17,165.792,190.0,7.625,15.4,9.138,19.1,0.905,2.37,4.704,6.25,3.801,5.26,154.833,177.0,1015.696,1018.8,21.183,22.3,20.629,21.4
2016-07-18,218.458,341.0,3.958,7.5,4.608,9.2,0.375,0.64,3.947,5.26,3.221,3.93,188.333,336.0,1017.875,1021.3,21.925,23.0,20.746,21.9
2016-07-19,135.087,339.0,3.374,6.6,3.878,7.5,0.091,0.17,,,3.1,3.65,,,1022.183,1024.1,21.613,22.4,21.439,22.7
2016-07-20,130.708,161.0,2.808,3.9,3.275,4.6,0.154,0.25,,,3.004,3.75,,,1021.579,1022.7,22.292,24.1,21.933,22.8
2016-07-21,183.125,344.0,5.833,11.8,6.792,14.7,0.362,0.85,3.545,4.35,2.961,3.81,179.923,357.0,1016.958,1019.9,23.267,24.2,22.212,22.8
2016-07-22,217.826,360.0,4.861,14.5,5.922,17.5,0.6,1.11,4.396,5.56,3.485,4.52,164.211,222.0,1014.345,1015.9,23.396,27.7,22.057,24.0
2016-07-23,165.75,267.0,1.796,3.1,2.104,3.6,0.069,0.1,,,3.205,4.04,,,1014.425,1015.1,24.388,26.6,23.858,25.5
2016-07-24,156.167,230.0,6.942,9.8,8.329,11.6,0.592,1.01,3.844,5.0,3.344,4.12,178.048,222.0,1011.525,1014.4,23.558,25.4,22.633,24.5
2016-07-25,243.348,326.0,4.413,8.1,5.209,9.6,0.498,0.66,4.137,5.0,3.466,4.03,217.263,329.0,1013.1,1015.4,23.548,24.8,22.743,24.3
2016-07-26,222.208,338.0,1.825,3.3,2.175,3.7,0.077,0.16,,,3.3,4.12,,,1016.442,1017.8,23.729,25.6,23.804,25.3
2016-07-27,191.833,300.0,2.808,4.9,3.267,5.9,0.065,0.1,,,3.133,3.96,,,1014.946,1015.7,24.258,25.5,24.346,25.6
2016-07-28,119.455,356.0,3.255,7.3,3.905,8.6,0.241,0.67,4.875,5.88,3.126,4.4,145.5,360.0,1012.423,1013.7,23.714,24.3,24.25,25.6
2016-07-29,76.125,98.0,6.642,9.3,7.85,10.9,0.865,1.22,5.265,6.25,4.068,4.54,46.542,360.0,1013.042,1014.0,22.65,24.0,23.754,24.3
2016-07-30,67.542,170.0,6.313,11.3,7.6,13.4,0.74,1.23,4.283,5.56,3.697,4.07,68.125,330.0,1014.629,1015.9,20.846,22.9,23.033,23.3
2016-07-31,49.571,91.0,3.727,5.6,4.495,6.2,0.391,0.51,4.415,5.0,3.478,3.77,41.944,351.0,1016.209,1017.6,21.382,22.4,23.073,23.9
2016-08-01,64.625,124.0,2.758,5.0,3.304,5.7,0.201,0.29,3.197,3.45,2.98,3.18,51.143,67.0,1017.992,1019.6,22.321,23.9,23.496,24.5
2016-08-02,88.292,130.0,3.387,5.6,3.946,6.6,0.159,0.27,2.775,3.03,2.748,3.14,47.25,52.0,1018.342,1019.7,23.354,24.8,23.846,25.0
2016-08-03,134.833,202.0,2.108,3.7,2.467,4.2,0.065,0.1,,,2.917,3.88,,,1017.304,1018.0,24.704,26.7,24.842,27.1
2016-08-04,142.042,183.0,3.021,3.9,3.512,4.6,0.107,0.23,,,3.045,4.73,,,1014.479,1015.6,25.258,26.4,25.279,26.3
2016-08-05,256.542,349.0,4.492,11.7,5.35,14.1,0.378,0.87,3.44,4.55,3.04,3.82,238.571,354.0,1010.592,1011.8,24.642,26.9,24.792,25.9
2016-08-06,206.958,358.0,4.304,7.3,5.167,8.5,0.443,0.73,4.232,5.0,3.489,3.78,44.389,357.0,1013.775,1015.4,23.546,24.6,24.442,25.1
2016-08-07,151.75,331.0,3.858,6.6,4.638,7.7,0.327,0.45,3.611,4.55,3.238,3.7,63.211,103.0,1016.621,1018.5,22.912,23.4,24.421,24.9
2016-08-08,74.818,123.0,4.683,6.9,5.429,7.9,0.35,0.48,3.258,3.85,3.04,3.35,54.75,125.0,1017.613,1018.7,23.054,24.6,24.342,24.9
2016-08-09,131.792,194.0,4.458,7.2,5.187,8.2,0.287,0.56,3.295,3.85,2.894,3.36,114.071,162.0,1015.829,1016.5,23.942,25.4,24.421,25.3
2016-08-10,180.958,279.0,2.342,3.8,2.746,4.4,0.065,0.11,,,3.074,4.43,,,1017.121,1019.4,25.387,26.8,24.985,26.6
2016-08-11,148.083,230.0,4.783,8.7,5.562,10.3,0.274,0.7,3.51,4.17,3.195,4.38,149.333,156.0,1014.079,1017.1,25.779,27.3,25.429,26.2
2016-08-12,172.833,357.0,4.254,9.0,5.142,11.9,0.314,0.62,3.451,4.0,2.957,3.4,143.615,248.0,1009.754,1010.5,24.433,26.6,24.925,25.3
2016-08-13,232.739,351.0,5.213,7.6,6.239,9.4,0.499,0.82,4.06,5.26,3.337,4.1,178.524,355.0,1007.717,1010.5,24.004,25.0,24.787,24.9
2016-08-14,237.75,322.0,2.0,4.2,2.525,4.9,0.275,0.58,4.663,5.26,3.418,4.16,307.182,356.0,1014.629,1017.0,24.404,25.3,25.304,27.3
2016-08-15,145.125,194.0,3.821,6.1,4.471,7.1,0.214,0.45,2.937,3.33,2.763,3.27,149.0,162.0,1018.042,1019.3,24.438,25.0,25.029,25.7
2016-08-16,151.391,360.0,5.417,8.6,6.452,10.5,0.562,0.99,3.855,4.35,3.411,3.82,123.348,352.0,1014.926,1017.1,23.635,24.7,24.857,25.6
2016-08-17,205.417,343.0,4.958,8.4,5.904,10.1,0.398,0.63,3.285,3.7,3.104,3.66,184.524,272.0,1017.042,1017.9,24.558,25.3,24.979,25.5
2016-08-18,154.875,190.0,4.188,6.5,4.971,7.7,0.251,0.54,3.479,4.17,2.839,3.43,149.25,164.0,1016.45,1018.0,24.517,25.7,25.021,25.4
2016-08-19,192.522,265.0,6.77,10.6,8.03,14.5,0.647,0.91,3.951,4.55,3.46,3.73,161.217,197.0,1011.535,1013.6,24.461,25.6,24.891,25.2
2016-08-20,191.125,280.0,8.146,11.6,9.783,14.5,0.853,1.27,4.4,5.26,3.689,4.2,163.875,239.0,1004.904,1009.5,24.096,25.4,24.854,25.0
2016-08-21,295.167,356.0,9.15,12.3,11.208,14.4,1.274,1.71,5.138,5.88,4.243,4.69,283.667,356.0,1008.521,1014.6,19.942,22.3,24.133,24.9
2016-08-22,254.739,360.0,4.209,6.6,5.583,7.8,0.398,0.68,4.231,6.25,3.443,4.21,164.091,357.0,1019.604,1022.0,21.278,23.1,23.783,24.0
2016-08-23,178.958,202.0,8.15,9.3,9.667,11.1,0.831,0.96,4.317,5.0,3.69,4.06,159.125,166.0,1020.987,1022.5,23.292,24.3,23.717,23.9
2016-08-24,176.0,204.0,8.587,12.5,10.274,14.8,1.099,1.52,5.224,6.25,4.189,4.81,155.957,173.0,1015.052,1019.4,23.626,24.4,23.683,23.9
2016-08-25,255.478,352.0,4.035,7.8,4.787,9.0,0.354,0.59,3.552,4.76,3.168,3.77,222.5,360.0,1014.457,1016.5,23.117,24.6,23.704,24.1
2016-08-26,211.417,354.0,3.962,6.9,4.787,8.2,0.315,0.58,3.508,4.0,3.173,3.49,234.846,356.0,1019.292,1021.7,22.196,24.0,23.808,24.2
2016-08-27,115.042,173.0,6.225,8.2,7.329,9.4,0.509,0.78,3.73,4.35,3.262,3.64,81.85,151.0,1017.938,1020.6,22.45,24.2,23.654,23.9
2016-08-28,119.591,353.0,4.1,9.6,4.873,12.5,0.223,0.31,3.083,3.45,2.81,3.1,222.0,357.0,1020.464,1022.8,22.923,24.4,23.836,24.2
2016-08-29,82.667,176.0,2.558,4.1,3.125,5.0,0.17,0.29,3.343,3.57,2.799,3.05,37.333,39.0,1022.954,1024.5,23.471,25.0,24.417,26.7
2016-08-30,173.375,278.0,3.254,8.0,3.867,9.7,0.206,0.51,3.355,3.85,3.085,3.69,133.182,218.0,1019.613,1021.6,23.887,24.7,24.479,25.5
2016-08-31,110.636,356.0,7.477,11.1,9.023,13.7,0.923,1.93,5.603,6.25,3.795,5.12,31.429,52.0,1016.723,1017.6,22.25,23.5,23.9,24.2
2016-09-01,33.75,49.0,8.604,10.8,10.283,12.7,1.248,1.88,5.626,6.67,4.381,4.94,39.75,54.0,1020.008,1021.7,20.887,22.1,23.242,23.5
2016-09-02,58.458,101.0,6.417,11.0,7.888,12.9,1.088,1.95,6.171,7.14,4.53,5.37,48.167,360.0,1023.912,1026.0,19.938,20.9,22.967,23.2
2016-09-03,90.957,137.0,4.148,7.0,5.157,8.6,0.441,0.74,3.687,5.26,3.293,3.74,77.389,125.0,1023.117,1024.4,20.026,21.2,22.983,23.5
2016-09-04,132.565,156.0,5.071,7.6,5.954,9.0,0.405,0.62,3.578,4.17,3.163,3.55,131.667,167.0,1021.638,1023.2,21.821,23.2,22.975,23.3
2016-09-05,153.174,172.0,6.965,8.5,8.165,10.0,0.613,0.92,3.999,4.76,3.347,3.92,150.05,174.0,1018.57,1020.3,23.439,24.7,23.035,23.3
2016-09-06,171.792,181.0,6.658,8.6,7.671,9.7,0.514,0.71,3.608,4.17,3.179,3.52,156.458,165.0,1016.104,1017.5,24.483,25.9,23.358,23.6
2016-09-07,147.5,259.0,4.413,8.3,5.517,9.7,0.382,0.54,3.341,3.85,3.039,3.32,168.167,355.0,1014.404,1016.0,24.167,25.4,23.617,24.0
2016-09-08,225.435,292.0,5.922,8.9,7.061,11.0,0.528,0.78,3.812,4.55,3.254,3.59,178.783,274.0,1010.009,1011.7,23.457,24.1,23.583,23.7
2016-09-09,138.5,343.0,4.154,7.6,4.887,9.6,0.211,0.31,3.086,3.45,2.805,3.13,110.833,150.0,1012.917,1013.9,23.379,24.2,23.596,23.9
2016-09-10,219.083,351.0,7.046,14.9,8.583,18.1,0.68,1.7,3.948,5.56,3.329,4.54,198.105,317.0,1009.45,1012.5,21.858,23.7,23.504,23.8
2016-09-11,268.0,341.0,6.065,11.7,7.778,15.5,1.093,1.97,6.11,7.14,4.59,5.15,157.696,346.0,1019.548,1022.7,19.83,21.2,22.904,23.1
2016-09-12,170.583,202.0,7.908,9.2,9.283,11.2,0.782,1.1,4.157,5.0,3.585,4.02,155.25,173.0,1018.771,1019.9,21.8,23.0,22.729,22.9
2016-09-13,214.435,344.0,6.57,9.2,7.774,11.0,0.632,0.96,4.085,4.76,3.468,3.87,162.5,189.0,1016.3,1017.4,22.561,23.6,22.726,23.0
2016-09-14,52.435,84.0,5.926,9.6,7.213,11.2,0.591,0.82,4.065,4.55,3.478,3.85,37.955,79.0,1022.0,1024.9,20.013,21.4,22.665,22.9
2016-09-15,110.261,144.0,5.361,6.3,6.435,7.7,0.46,0.63,3.849,5.0,3.223,3.51,97.087,173.0,1023.357,1024.7,20.635,21.9,22.561,22.7
2016-09-16,142.375,177.0,9.113,10.5,10.658,12.6,1.03,1.41,4.671,5.56,3.894,4.47,130.75,161.0,1016.042,1020.1,21.787,24.0,22.417,22.6
2016-09-17,203.565,266.0,7.035,10.1,8.239,12.3,0.608,0.9,3.917,4.76,3.337,3.78,157.957,173.0,1011.357,1011.9,22.291,23.8,22.491,22.6
2016-09-18,263.458,332.0,4.029,6.7,5.038,7.9,0.27,0.43,3.229,3.45,2.988,3.31,210.875,360.0,1013.833,1015.6,20.567,23.1,22.558,23.1
2016-09-19,176.391,199.0,6.317,8.2,7.339,9.4,0.476,0.79,3.406,4.35,3.016,3.62,160.526,169.0,1014.93,1016.0,22.439,24.1,22.509,22.8
2016-09-20,127.773,355.0,3.805,7.7,4.623,9.0,0.336,0.71,3.578,4.55,3.098,3.75,135.462,358.0,1019.282,1021.7,22.305,25.3,22.686,23.3
2016-09-21,180.682,356.0,5.267,10.3,6.454,14.7,0.49,1.16,3.837,4.76,3.31,3.98,144.722,208.0,1020.079,1022.8,22.479,23.2,22.663,23.2
2016-09-22,155.957,359.0,5.038,7.5,5.917,8.7,0.399,0.73,3.509,5.56,3.136,4.37,139.409,354.0,1017.325,1019.7,22.646,23.6,22.533,22.7
2016-09-23,60.682,176.0,5.845,9.2,6.75,10.5,0.556,1.08,4.753,6.25,3.422,4.62,24.4,47.0,1017.45,1019.5,21.568,23.8,22.473,22.6
2016-09-24,90.87,107.0,7.45,10.7,8.892,12.4,0.957,1.42,4.595,6.25,3.914,4.34,71.75,108.0,1021.45,1023.2,18.496,20.9,22.179,22.3
2016-09-25,132.957,246.0,8.663,9.8,10.379,13.8,0.939,1.36,4.495,5.26,3.785,4.39,115.833,159.0,1017.675,1020.7,20.688,23.5,22.113,22.2
2016-09-26,251.083,285.0,10.437,12.1,12.675,14.7,1.252,1.68,4.684,5.26,4.057,4.52,215.292,289.0,1011.908,1013.1,18.713,23.5,21.842,22.1
2016-09-27,266.042,322.0,10.733,13.0,13.129,16.3,1.389,1.73,5.219,5.88,4.308,4.52,216.917,341.0,1007.75,1011.0,16.758,19.5,21.167,21.5
2016-09-28,160.125,352.0,6.217,12.3,8.183,17.0,0.663,1.48,4.093,5.26,3.537,4.42,223.773,358.0,1010.671,1016.4,14.908,18.3,20.779,20.9
2016-09-29,54.292,70.0,12.046,13.3,14.317,16.0,2.049,2.22,6.821,7.69,5.209,5.63,26.792,61.0,1019.962,1023.0,18.096,18.6,20.5,20.8
2016-09-30,62.208,73.0,10.45,11.7,12.517,13.9,1.53,1.92,5.673,7.14,4.613,4.95,40.0,80.0,1020.867,1023.5,17.229,17.8,19.904,20.2
2016-10-01,77.043,103.0,6.996,11.3,8.309,13.4,0.97,1.45,5.513,6.67,4.203,4.56,70.522,360.0,1016.374,1018.2,16.922,18.0,19.557,19.8
2016-10-02,191.957,359.0,4.778,7.7,5.743,9.1,0.63,0.91,4.659,5.56,3.764,4.04,79.13,360.0,1015.604,1017.5,17.522,18.3,19.4,19.5
2016-10-03,153.667,359.0,3.688,6.5,4.85,7.8,0.507,0.77,4.732,5.88,3.703,4.05,108.042,359.0,1018.371,1019.5,17.304,17.8,19.333,19.7
2016-10-04,123.417,141.0,5.917,8.0,6.908,9.1,0.525,0.75,4.049,5.0,3.423,3.91,175.087,350.0,1018.033,1019.0,18.142,20.0,19.229,19.5
2016-10-05,147.652,200.0,8.543,11.2,10.109,13.7,0.977,1.52,4.558,5.56,3.86,4.64,125.174,151.0,1013.87,1015.7,19.883,20.7,19.235,19.4
2016-10-06,163.292,334.0,4.183,8.3,4.879,9.7,0.303,0.75,3.623,4.17,3.058,3.49,158.923,196.0,1017.829,1019.4,19.629,21.0,19.229,19.3
2016-10-07,197.708,307.0,7.271,10.8,8.792,13.7,0.736,1.54,4.34,5.26,3.5,4.24,206.684,339.0,1016.192,1020.1,18.562,21.2,19.212,19.3
2016-10-08,298.391,319.0,9.13,11.8,11.326,14.1,1.247,1.77,5.231,5.88,4.318,4.76,263.348,357.0,1022.643,1024.6,12.526,15.0,18.474,18.9
2016-10-09,110.708,304.0,4.925,6.4,6.283,7.7,0.513,0.58,3.924,4.76,3.372,3.75,125.417,359.0,1026.733,1028.9,13.817,15.5,18.283,18.4
2016-10-10,130.667,154.0,7.083,9.5,8.492,10.9,0.797,1.32,4.523,5.56,3.692,4.6,103.708,168.0,1027.0,1028.2,15.196,18.2,18.15,18.3
2016-10-11,159.318,184.0,8.323,10.5,9.868,12.3,0.863,1.27,4.291,5.0,3.684,4.13,144.682,169.0,1021.605,1023.9,18.118,19.1,18.195,18.2
2016-10-12,198.0,356.0,9.775,13.3,11.692,16.3,1.101,2.1,4.728,5.88,3.953,5.01,160.75,356.0,1013.938,1016.8,17.713,19.4,18.175,18.2
2016-10-13,303.25,359.0,6.562,11.8,8.646,15.1,1.454,2.29,6.577,7.69,4.972,5.7,113.458,359.0,1022.996,1026.4,10.329,12.1,17.6,18.0
2016-10-14,173.217,218.0,5.939,9.7,7.5,11.1,0.559,1.0,4.438,5.88,3.629,4.7,223.913,345.0,1024.561,1026.1,13.417,17.2,17.339,17.5
2016-10-15,173.5,188.0,11.079,12.5,13.462,15.8,1.456,1.88,5.375,5.88,4.447,4.91,154.792,165.0,1015.721,1019.1,16.637,18.4,17.3,17.3
2016-10-16,185.542,343.0,5.483,9.3,6.488,10.8,0.701,1.26,4.417,5.26,3.68,4.33,163.174,224.0,1011.575,1012.6,17.962,19.0,17.425,17.6
2016-10-17,150.273,183.0,7.555,11.3,8.768,13.1,0.716,1.47,4.452,5.26,3.487,4.36,153.25,167.0,1005.059,1011.7,18.559,20.8,17.423,17.5
2016-10-18,196.625,345.0,8.246,12.8,9.7,15.3,1.237,2.01,5.244,6.25,4.259,5.05,209.917,350.0,1001.112,1010.1,18.721,21.2,17.442,17.6
2016-10-19,246.0,358.0,3.088,4.3,3.679,5.2,0.225,0.37,4.204,5.26,3.198,4.13,323.1,335.0,1016.517,1019.5,16.646,17.0,17.304,17.5
2016-10-20,77.087,357.0,7.691,12.4,9.091,15.0,1.077,2.33,6.131,7.14,4.014,5.41,25.571,46.0,1018.917,1019.7,14.783,17.1,17.122,17.4
2016-10-21,137.652,356.0,9.087,11.7,11.409,14.2,1.571,2.09,6.411,7.14,4.797,5.3,38.696,54.0,1020.052,1020.9,10.452,11.6,16.683,16.9
2016-10-22,249.375,360.0,6.05,9.9,7.867,12.4,0.81,1.68,5.274,6.67,3.939,4.89,120.167,347.0,1017.938,1019.3,10.687,13.8,16.467,16.6
2016-10-23,226.292,329.0,6.004,8.7,7.104,10.3,0.557,0.88,3.998,4.76,3.36,3.8,165.75,210.0,1012.763,1015.0,15.267,18.0,16.529,16.6
2016-10-24,217.522,358.0,8.978,11.8,11.257,13.9,1.449,1.8,6.129,7.14,4.663,5.2,65.304,340.0,1023.878,1028.7,11.443,15.4,16.204,16.5
2016-10-25,80.542,344.0,3.658,5.7,5.142,7.3,0.521,0.84,4.626,6.67,3.759,4.49,75.583,186.0,1029.808,1031.2,10.942,11.6,16.025,16.1
2016-10-26,112.208,132.0,11.129,15.8,13.454,19.2,1.465,2.52,4.911,6.67,4.26,5.43,113.455,142.0,1023.925,1029.1,10.079,11.8,15.746,16.0
2016-10-27,172.609,360.0,7.652,13.3,9.587,16.2,1.114,2.26,4.739,6.25,4.121,5.19,83.174,338.0,1019.613,1023.9,8.983,9.8,15.2,15.4
2016-10-28,195.917,295.0,7.846,12.7,9.596,15.8,0.91,1.72,4.735,5.88,3.907,4.63,207.167,345.0,1021.004,1024.4,11.258,15.2,14.967,15.2
2016-10-29,167.261,342.0,7.83,13.7,9.3,17.3,1.036,1.9,4.904,6.25,4.063,4.98,145.304,247.0,1011.604,1014.5,15.513,16.5,15.022,15.2
2016-10-30,101.917,360.0,7.967,11.6,9.75,13.8,1.039,1.36,5.123,6.25,4.098,4.59,40.125,53.0,1018.688,1023.5,11.904,13.8,14.708,15.1
2016-10-31,112.875,155.0,7.217,12.4,8.779,15.0,0.853,1.25,4.785,5.88,3.849,4.18,95.125,162.0,1020.096,1023.5,10.929,13.2,14.075,14.3
2016-11-01,165.217,201.0,7.748,12.3,9.109,14.6,1.101,1.73,5.033,5.56,4.145,4.61,145.522,164.0,1011.135,1014.4,14.943,16.3,14.07,14.5
2016-11-02,95.5,349.0,4.179,7.7,5.05,8.8,0.222,0.48,3.12,3.45,2.954,3.35,81.636,96.0,1017.962,1021.3,15.279,16.5,14.296,14.4
2016-11-03,195.583,360.0,4.546,10.2,5.671,12.0,0.448,0.71,3.687,4.35,3.274,3.5,54.696,344.0,1021.0,1024.1,13.142,14.0,14.4,14.6
2016-11-04,128.13,357.0,5.017,10.4,6.17,11.8,0.723,1.35,5.287,5.88,3.955,4.49,149.87,351.0,1028.413,1030.8,11.774,12.6,13.639,14.3
2016-11-05,209.667,237.0,5.492,7.2,6.442,9.1,0.485,0.66,3.724,4.55,3.273,3.81,168.5,190.0,1025.963,1027.0,13.425,14.3,13.879,14.2
2016-11-06,194.042,250.0,3.533,5.6,4.079,6.2,0.188,0.29,2.74,2.74,2.749,3.11,168.0,168.0,1026.287,1027.9,13.867,14.8,13.892,14.0
2016-11-07,157.739,172.0,4.757,6.1,5.504,7.3,0.263,0.45,3.107,3.45,2.763,3.19,135.583,157.0,1025.87,1027.0,14.296,14.9,14.13,14.4
2016-11-08,261.091,360.0,8.068,12.9,9.605,15.6,0.782,2.36,4.337,6.67,3.45,5.29,130.647,332.0,1020.932,1024.0,13.368,14.8,14.123,14.4
2016-11-09,132.917,360.0,8.3,13.1,10.183,16.1,1.777,2.87,7.34,8.33,5.219,6.08,63.208,322.0,1024.558,1026.6,10.917,12.0,13.358,13.7
2016-11-10,225.304,252.0,9.757,11.5,11.661,14.1,1.173,1.77,4.892,5.88,4.098,4.77,201.87,308.0,1017.148,1023.6,12.6,15.2,13.335,13.5
2016-11-11,130.417,353.0,11.375,13.0,13.838,16.4,1.966,3.02,6.545,9.09,5.044,6.46,108.042,360.0,1020.4,1029.0,11.321,15.0,13.387,13.6
2016-11-12,148.583,227.0,5.75,9.9,7.533,13.0,0.964,2.34,5.466,7.69,4.295,5.6,167.458,346.0,1029.463,1031.1,8.067,10.8,12.996,13.2
2016-11-13,210.227,233.0,10.714,12.5,12.818,15.2,1.419,1.69,5.319,5.88,4.386,4.74,173.591,201.0,1020.114,1024.4,10.314,12.8,12.977,13.1
2016-11-14,204.625,220.0,8.729,12.7,10.333,14.7,1.097,1.54,5.023,5.88,4.078,4.64,156.875,175.0,1012.454,1015.4,11.417,12.7,12.892,13.0
2016-11-15,210.208,349.0,3.0,4.7,3.837,5.8,0.235,0.37,3.792,4.76,3.011,3.5,134.214,342.0,1011.104,1012.3,11.379,12.7,12.879,13.0
2016-11-16,163.773,354.0,3.341,7.2,4.227,8.3,0.315,0.51,3.772,4.35,3.33,3.76,300.0,357.0,1012.359,1014.3,10.864,11.8,12.832,13.2
2016-11-17,149.167,172.0,9.279,12.1,11.046,15.2,1.059,1.78,4.74,5.88,3.955,4.78,139.909,163.0,1009.783,1013.8,12.946,15.9,12.813,13.0
2016-11-18,171.75,227.0,9.525,12.7,11.246,16.8,1.063,1.36,4.732,5.26,3.993,4.22,157.208,170.0,1007.263,1009.1,14.504,16.1,12.729,12.8
2016-11-19,272.042,305.0,15.104,17.4,18.746,22.7,2.788,3.58,7.005,8.33,5.603,6.37,240.792,357.0,1012.771,1021.6,4.446,10.5,11.929,12.7
2016-11-20,341.958,360.0,10.625,14.3,13.746,17.5,2.494,3.25,8.112,9.09,5.822,6.35,48.208,55.0,1024.754,1026.5,0.721,3.0,11.121,11.5
2016-11-21,291.167,357.0,6.4,7.7,8.4,9.8,1.129,1.74,6.523,7.69,4.608,5.4,46.375,54.0,1025.6,1026.6,1.617,2.2,10.612,10.8
2016-11-22,115.5,359.0,4.213,6.2,5.8,7.7,0.549,0.86,4.919,5.88,3.693,4.11,104.304,355.0,1026.357,1027.9,3.913,5.1,10.596,10.6
2016-11-23,135.0,162.0,9.758,12.6,11.683,14.9,1.277,1.99,5.076,6.25,4.207,4.98,135.333,152.0,1018.542,1024.3,6.388,8.0,10.642,10.7
2016-11-24,259.167,293.0,7.354,9.7,8.762,12.1,0.978,1.31,4.815,5.26,3.94,4.33,244.625,314.0,1017.225,1022.1,6.454,8.1,10.567,10.7
2016-11-25,265.522,312.0,6.452,10.0,8.565,11.9,0.695,1.14,3.868,4.76,3.497,3.97,261.304,315.0,1023.896,1025.4,4.513,5.7,10.409,10.5
2016-11-26,261.292,313.0,7.188,9.3,9.154,11.7,0.881,1.31,4.603,5.88,3.845,4.3,263.167,350.0,1025.217,1026.9,5.492,7.6,10.338,10.4
2016-11-27,173.917,206.0,8.233,10.4,10.008,12.3,1.01,1.29,4.87,5.26,4.001,4.31,158.667,173.0,1017.467,1020.7,6.771,8.1,10.296,10.4
2016-11-28,154.391,167.0,12.683,14.3,15.639,18.0,1.999,2.48,6.194,7.14,5.023,5.4,158.783,168.0,1002.104,1011.6,8.47,9.7,10.009,10.2
2016-11-29,174.417,206.0,10.058,12.6,12.162,15.2,1.42,2.03,5.622,6.25,4.426,5.09,151.458,169.0,994.35,999.9,10.012,11.2,9.767,9.8
2016-11-30,217.0,276.0,7.392,10.5,8.929,13.2,0.68,1.2,3.957,5.0,3.425,4.13,166.792,194.0,1000.95,1002.2,7.3,11.0,9.704,9.8
2016-12-01,249.565,274.0,10.957,12.2,13.152,15.0,1.453,1.63,5.277,5.88,4.39,4.67,196.304,246.0,1005.348,1011.3,5.052,6.3,9.513,9.6
2016-12-02,288.542,323.0,8.542,11.7,10.658,13.9,1.168,1.5,4.952,5.56,4.158,4.47,167.125,352.0,1017.75,1024.2,4.121,5.8,9.371,9.5
2016-12-03,271.375,312.0,4.212,5.8,6.288,8.4,0.458,0.71,4.14,5.26,3.405,3.87,273.333,358.0,1026.517,1027.6,1.858,3.1,9.225,9.3
2016-12-04,203.5,300.0,3.4,7.6,4.773,9.2,0.316,0.81,3.519,4.55,3.092,3.74,168.4,262.0,1020.7,1026.1,2.268,3.6,9.073,9.1
2017-04-23,25.0,25.0,4.4,4.4,5.3,5.3,0.13,0.13,,,4.33,4.33,,,1018.5,1018.5,5.2,5.2,5.8,5.8
2017-04-24,96.792,360.0,2.642,4.0,3.046,4.6,0.559,0.91,5.457,6.67,4.293,5.07,162.0,358.0,1016.367,1019.1,6.2,10.2,5.15,6.4
2017-04-25,98.292,131.0,4.712,6.6,5.271,7.6,0.277,0.46,3.253,4.76,3.22,4.28,99.091,132.0,1006.967,1009.6,8.467,9.7,5.175,6.1
2017-04-26,129.792,237.0,5.329,6.7,5.967,7.6,0.328,0.62,3.396,3.85,2.971,3.4,131.75,150.0,999.592,1002.8,9.412,10.7,5.263,5.6
2017-04-27,192.958,274.0,6.017,11.6,7.138,14.5,0.651,1.47,4.283,5.26,3.473,4.57,176.4,220.0,998.342,1006.5,7.917,10.9,5.354,5.6
2017-04-28,200.217,307.0,4.304,8.8,5.213,10.6,0.497,1.03,4.151,4.76,3.32,3.99,224.0,266.0,1012.613,1015.6,5.717,6.1,5.248,6.0
2017-04-29,17.542,32.0,8.404,11.3,10.025,13.4,1.047,1.99,5.018,7.14,3.921,5.43,22.619,41.0,1019.925,1023.7,5.112,6.1,5.071,5.3
2017-04-30,56.708,357.0,8.729,12.9,10.421,16.0,1.37,1.92,5.564,7.14,4.433,5.0,83.833,360.0,1013.704,1022.2,5.246,6.5,4.763,4.9
2017-05-01,132.818,222.0,7.13,10.9,8.443,13.0,0.931,1.34,4.868,6.25,4.039,4.56,157.957,360.0,998.7,1006.8,6.904,8.6,4.896,5.0
2017-05-02,280.333,321.0,7.675,10.4,9.204,13.1,1.113,1.47,4.902,5.56,4.127,4.41,242.792,340.0,1002.096,1012.6,5.821,7.0,4.758,4.9
2017-05-03,262.125,359.0,1.562,3.7,1.863,4.1,0.354,0.55,5.008,5.88,4.093,4.67,224.737,357.0,1020.242,1023.5,5.713,8.1,5.3,8.3
2017-05-04,63.208,355.0,2.933,4.5,3.3,5.0,0.145,0.26,3.767,4.0,3.275,4.13,135.667,143.0,1017.629,1021.9,6.163,6.9,5.171,5.5
2017-05-05,9.0,30.0,8.396,13.0,9.933,15.2,1.268,2.63,5.925,7.69,4.251,5.73,42.625,357.0,1010.963,1014.1,5.142,6.4,4.933,5.3
2017-05-06,150.25,360.0,8.129,10.0,9.679,12.3,1.254,1.6,5.764,7.14,4.412,5.12,32.583,38.0,1008.879,1010.8,5.546,6.5,4.817,4.9
2017-05-07,153.667,359.0,7.117,10.4,8.508,12.3,1.241,1.57,6.236,7.14,4.556,5.08,30.083,41.0,1015.546,1018.1,5.183,6.3,4.771,4.8
2017-05-08,169.375,357.0,3.646,7.3,4.367,8.7,0.64,1.08,5.38,6.67,4.11,4.98,25.417,35.0,1020.304,1022.9,4.346,5.3,4.9,5.4
2017-05-09,120.042,360.0,2.442,5.9,2.979,6.7,0.253,0.33,3.993,5.0,3.256,3.86,71.059,359.0,1016.129,1018.6,5.742,6.9,5.242,6.3
2017-05-10,70.261,359.0,1.974,4.6,2.322,5.3,0.057,0.08,,,2.982,3.79,,,1015.078,1016.3,7.078,9.6,5.687,8.0
2017-05-11,134.522,352.0,3.47,6.3,3.978,8.0,0.191,0.36,2.9,3.13,2.87,3.54,35.143,45.0,1014.487,1016.5,7.139,8.1,5.591,6.1
2017-05-12,72.083,359.0,2.383,4.2,2.8,4.8,0.07,0.15,,,2.826,3.82,,,1015.421,1016.2,7.35,8.3,6.192,7.1
2017-05-13,228.917,344.0,3.442,9.1,3.908,10.1,0.188,0.49,3.148,3.33,2.769,3.09,158.833,169.0,1012.15,1014.4,8.675,12.0,6.475,6.7
2017-05-14,129.042,353.0,3.958,7.3,4.579,8.6,0.24,0.64,3.616,4.17,2.754,3.48,17.0,22.0,1012.633,1015.1,7.654,12.6,6.275,6.5
2017-05-15,73.167,359.0,4.229,6.3,4.758,7.2,0.357,0.7,4.153,4.55,3.268,3.68,160.875,356.0,1015.258,1017.1,9.012,12.7,6.542,7.3
2017-05-16,141.875,230.0,5.863,10.5,7.079,16.8,0.403,0.69,3.406,4.35,3.043,3.63,129.364,159.0,1009.617,1012.4,11.296,13.5,6.812,7.1
2017-05-17,170.167,191.0,7.183,8.4,8.0,9.5,0.59,0.7,3.881,4.35,3.351,3.68,154.5,162.0,1005.192,1006.7,11.921,13.2,6.879,7.1
2017-05-18,194.0,278.0,7.609,10.5,8.726,14.0,0.923,1.33,4.854,5.56,3.963,4.3,172.87,245.0,1005.652,1013.6,11.796,13.9,6.987,7.4
2017-05-19,22.083,44.0,8.979,11.6,10.796,14.4,1.433,1.93,5.975,6.67,4.596,5.19,18.583,38.0,1019.622,1021.9,6.029,7.9,6.546,7.0
2017-05-20,55.167,125.0,6.288,8.6,7.425,10.1,0.928,1.42,5.091,7.14,4.105,5.3,81.083,360.0,1019.708,1022.9,8.233,10.1,6.612,6.8
2017-05-21,170.958,274.0,4.779,6.5,5.571,7.8,0.436,0.79,4.06,5.56,3.454,3.97,212.842,341.0,1012.846,1014.3,9.546,11.1,6.946,7.3
2017-05-22,221.167,266.0,6.188,7.6,7.1,8.6,0.567,0.85,3.808,4.35,3.312,3.74,191.5,227.0,1014.821,1016.6,8.792,10.8,6.946,7.1
2017-05-23,184.417,339.0,4.033,6.6,4.621,7.4,0.255,0.53,3.671,4.17,2.929,3.53,173.0,189.0,1009.733,1012.4,9.417,10.6,7.092,7.3
2017-05-24,83.708,360.0,5.912,9.7,6.942,11.7,0.514,1.24,4.115,5.26,3.198,4.23,62.143,358.0,1002.933,1006.7,8.971,10.2,7.187,7.3
2017-05-25,282.0,360.0,6.379,7.5,7.496,9.4,0.912,1.2,5.174,5.56,4.062,4.64,28.0,347.0,1001.833,1004.4,8.204,9.7,7.263,7.5
2017-05-26,208.917,358.0,3.171,6.4,3.8,7.3,0.409,0.74,4.545,5.0,3.558,3.89,83.824,353.0,1009.908,1012.3,8.554,9.4,7.875,9.0
2017-05-27,168.542,356.0,2.046,4.0,2.408,5.0,0.076,0.15,,,3.136,4.23,,,1012.454,1013.7,10.038,12.9,9.017,11.3
2017-05-28,143.25,342.0,2.233,5.0,2.692,5.7,0.056,0.1,,,2.928,4.32,,,1008.312,1011.4,11.638,13.8,9.887,10.9
2017-05-29,247.583,306.0,4.571,5.8,5.121,6.4,0.25,0.61,3.61,4.35,2.755,3.62,237.0,281.0,1008.158,1010.3,11.667,13.3,8.629,10.0
2017-05-30,278.0,326.0,3.48,5.5,3.96,6.2,0.422,0.48,3.824,4.0,3.392,3.54,263.2,295.0,1011.34,1011.8,11.6,12.3,9.06,9.1
2017-05-31,242.647,309.0,3.606,4.9,4.147,5.5,0.133,0.19,,,2.609,2.94,,,1014.771,1015.6,10.847,12.1,9.418,10.8
2017-06-01,188.167,343.0,2.625,5.6,3.113,6.3,0.155,0.25,,,2.785,3.36,,,1017.517,1019.8,12.075,14.5,10.821,13.6
2017-06-02,212.13,307.0,2.638,3.6,2.921,4.1,0.049,0.1,,,3.122,4.15,,,1018.288,1019.8,13.608,16.5,11.971,14.1
2017-06-03,196.565,346.0,3.892,6.6,4.342,8.2,0.079,0.24,,,2.74,3.94,,,1016.158,1018.5,14.246,15.7,11.521,12.6
2017-06-04,203.125,344.0,4.667,8.4,5.546,11.6,0.257,0.54,3.265,3.85,2.767,3.33,213.273,253.0,1010.042,1012.8,14.917,17.9,11.375,13.1
2017-06-05,78.667,358.0,5.575,9.2,6.571,10.8,0.487,1.35,4.648,5.88,3.289,4.49,41.636,359.0,1009.85,1012.8,13.146,16.0,11.562,12.5
2017-06-06,180.833,360.0,6.446,9.1,7.575,10.6,0.79,1.23,4.612,5.56,3.797,4.38,24.5,38.0,1016.121,1017.9,11.692,13.1,10.763,11.0
2017-06-07,90.667,356.0,3.808,7.7,4.379,9.0,0.439,1.02,4.694,5.26,3.494,4.17,22.8,39.0,1019.746,1021.8,12.708,14.3,11.237,12.2
2017-06-08,245.458,346.0,2.208,4.3,2.513,4.6,0.076,0.13,,,3.014,3.56,,,1016.429,1018.5,14.192,15.7,12.546,13.8
2017-06-09,147.917,346.0,3.817,5.2,4.358,6.0,0.15,0.26,2.86,2.86,2.593,3.36,177.0,177.0,1009.058,1010.7,14.654,17.3,12.696,13.3
2017-06-10,167.208,267.0,4.879,8.3,5.508,9.2,0.35,0.71,3.538,4.0,3.074,3.33,148.25,175.0,1009.696,1011.1,15.183,17.7,12.892,13.1
2017-06-11,185.783,214.0,6.874,8.9,7.661,10.2,0.661,0.99,4.188,5.0,3.487,3.96,154.261,164.0,1011.717,1014.3,16.4,18.6,12.252,12.9
2017-06-12,179.826,212.0,6.383,8.3,7.096,9.2,0.493,0.64,3.709,4.0,3.183,3.43,153.048,162.0,1012.548,1014.1,17.03,18.8,12.904,13.7
2017-06-13,165.545,352.0,3.405,8.2,4.364,9.7,0.246,0.46,3.363,4.17,3.009,3.52,203.25,334.0,1014.6,1016.3,15.155,17.9,13.764,15.7
2017-06-14,138.5,346.0,4.346,9.0,5.371,10.5,0.201,0.32,2.847,3.33,2.839,3.13,77.333,113.0,1012.792,1014.2,16.921,19.8,14.088,14.7
2017-06-15,184.042,251.0,3.971,10.7,4.75,13.0,0.32,0.73,3.506,4.0,3.051,3.37,163.25,204.0,1010.054,1010.9,17.308,19.3,14.596,15.9
2017-06-16,200.87,322.0,3.796,5.8,4.342,6.9,0.237,0.63,3.85,4.55,2.947,3.76,201.2,239.0,1009.058,1010.4,17.746,19.0,15.317,15.9
2017-06-17,170.913,343.0,4.242,6.6,4.892,7.7,0.262,0.48,3.149,3.57,2.769,3.09,152.154,208.0,1004.204,1006.9,18.133,19.6,15.754,17.4
2017-06-18,231.125,317.0,4.004,7.5,4.737,8.8,0.33,0.63,3.664,4.0,3.066,3.47,206.857,258.0,1002.004,1004.5,17.954,20.6,16.021,16.7
2017-06-19,280.833,319.0,4.562,12.5,5.325,15.2,0.295,0.6,3.16,4.0,2.901,3.47,290.467,317.0,1008.362,1010.2,16.821,17.8,15.987,16.4
2017-06-20,224.917,310.0,5.192,12.7,6.171,15.7,0.456,0.85,3.51,4.35,3.149,3.78,265.652,353.0,1012.963,1014.5,16.117,16.8,15.613,15.9
2017-06-21,184.583,316.0,1.679,3.5,1.992,4.0,0.131,0.35,4.017,4.35,3.449,4.05,325.0,353.0,1014.833,1016.4,16.367,18.1,16.271,18.1
2017-06-22,155.348,233.0,5.8,9.8,6.696,11.5,0.442,0.87,3.675,4.35,3.257,3.82,137.118,153.0,1009.729,1013.2,18.8,20.4,16.092,16.7
2017-06-23,215.826,351.0,5.065,10.0,5.952,11.7,0.395,0.9,4.063,4.35,3.149,3.72,185.286,218.0,1004.639,1005.7,18.087,20.1,16.474,17.5
2017-06-24,304.542,347.0,5.046,8.4,5.987,9.7,0.476,0.86,3.823,4.76,3.25,3.84,329.095,343.0,1011.571,1015.1,17.638,20.1,16.717,17.4
2017-06-25,291.125,314.0,6.879,10.5,8.208,12.6,0.78,1.14,4.21,4.76,3.64,4.03,300.75,334.0,1016.908,1018.3,16.029,18.0,16.363,17.0
2017-06-26,311.958,355.0,7.125,9.2,8.558,12.7,0.742,1.04,4.183,4.55,3.533,3.82,320.75,346.0,1017.725,1018.6,15.725,17.5,16.192,16.5
2017-06-27,279.208,358.0,5.271,9.1,6.2,11.0,0.498,0.93,3.963,4.76,3.342,3.98,225.905,353.0,1018.454,1019.9,15.675,17.3,16.188,16.7
2017-06-28,169.458,196.0,7.825,13.1,9.254,15.5,0.826,1.41,4.077,5.56,3.571,4.41,150.304,161.0,1014.304,1017.1,17.85,19.4,16.071,16.5
2017-06-29,202.957,344.0,6.635,11.0,7.909,13.6,0.744,1.2,4.428,5.56,3.708,4.51,149.696,198.0,1008.143,1010.8,17.822,19.0,15.387,15.6
2017-06-30,196.5,315.0,3.792,5.5,4.342,7.0,0.263,0.42,3.426,3.7,3.005,3.28,180.917,198.0,1009.863,1011.2,17.312,18.5,15.642,16.8
2017-07-01,247.625,330.0,3.454,4.7,3.992,5.4,0.133,0.23,,,2.732,3.35,,,1011.133,1013.6,17.65,18.7,16.517,18.1
2017-07-02,225.292,293.0,4.283,6.7,5.025,7.9,0.195,0.3,2.86,2.86,2.641,2.9,135.0,141.0,1015.733,1017.6,18.154,19.3,16.592,17.1
2017-07-03,43.833,104.0,3.996,6.3,4.625,7.2,0.262,0.37,3.107,3.85,2.809,3.18,109.929,170.0,1017.571,1019.2,17.933,18.6,16.996,17.8
2017-07-04,43.417,70.0,4.162,7.0,4.758,8.4,0.317,0.56,3.492,4.17,3.047,3.41,78.438,355.0,1018.925,1020.1,18.796,20.2,17.704,18.9
2017-07-05,110.958,176.0,2.825,5.4,3.238,6.0,0.181,0.28,2.99,3.23,2.828,3.1,26.75,37.0,1019.604,1020.6,20.329,22.7,19.158,21.7
2017-07-06,188.083,296.0,2.862,6.0,3.296,7.2,0.074,0.22,,,3.055,5.15,,,1015.521,1017.6,21.246,22.3,20.317,21.0
2017-07-07,166.208,358.0,5.167,8.2,6.246,11.2,0.4,0.88,3.776,5.0,3.078,3.86,187.0,357.0,1010.912,1011.7,20.417,22.6,19.537,20.3
2017-07-08,191.875,358.0,5.617,11.3,6.65,13.4,0.798,1.08,5.26,5.56,4.005,4.38,45.083,340.0,1015.296,1017.9,18.142,19.6,18.837,19.4
2017-07-09,224.458,270.0,5.162,6.4,5.954,7.1,0.359,0.59,3.677,5.56,3.227,4.07,209.905,334.0,1016.167,1017.2,20.079,21.8,19.225,19.7
2017-07-10,175.375,331.0,5.333,9.4,6.467,11.3,0.448,0.74,3.547,4.35,3.16,3.76,150.792,282.0,1010.608,1012.9,20.783,22.0,19.617,20.2
2017-07-11,100.583,350.0,1.863,3.8,2.238,4.3,0.077,0.21,,,3.171,4.69,,,1011.129,1012.6,20.829,22.3,20.604,23.8
2017-07-12,190.773,316.0,6.027,11.5,7.495,14.7,0.469,1.04,4.247,5.0,3.24,3.88,159.923,208.0,1011.65,1014.7,21.345,22.0,20.318,21.7
2017-07-13,171.0,292.0,3.613,7.7,4.304,11.1,0.363,0.7,3.856,4.55,3.265,3.82,175.0,218.0,1013.258,1015.6,21.083,22.8,20.033,21.0
2017-07-14,223.917,360.0,5.142,8.4,6.054,9.8,0.553,0.92,4.329,5.26,3.646,3.94,102.3,360.0,1018.183,1020.0,18.821,20.9,20.113,20.8
2017-07-15,280.125,360.0,3.85,6.0,4.513,6.9,0.399,0.75,4.543,5.26,3.518,4.14,64.25,333.0,1019.846,1021.2,19.4,21.2,20.079,20.7
2017-07-16,101.5,357.0,8.375,12.1,9.992,14.8,1.075,1.94,5.077,6.67,3.99,5.13,121.095,355.0,1015.4,1017.0,19.438,23.6,20.012,20.5
2017-07-17,22.417,52.0,4.825,9.7,5.858,11.6,0.81,1.62,5.396,6.67,4.117,4.86,60.292,358.0,1017.258,1018.6,18.425,19.2,19.887,20.7
2017-07-18,167.375,347.0,2.446,4.9,2.904,5.5,0.178,0.39,4.814,5.0,3.433,3.82,151.8,357.0,1017.742,1019.0,20.054,22.2,20.612,21.4
2017-07-19,210.083,359.0,3.333,4.6,3.842,5.3,0.141,0.29,2.985,3.03,2.555,2.87,17.0,21.0,1017.942,1019.5,21.596,22.9,21.054,21.6
2017-07-20,190.042,344.0,4.658,13.5,5.729,16.5,0.579,0.98,4.227,5.26,3.449,4.21,191.95,260.0,1015.087,1018.0,21.354,22.6,21.1,22.3
2017-07-21,212.208,358.0,2.279,4.6,2.629,5.4,0.093,0.35,3.85,4.0,3.082,4.26,156.5,157.0,1014.804,1016.2,22.183,23.3,21.854,23.2
2017-07-22,207.435,356.0,4.087,6.9,4.87,8.0,0.402,0.81,4.212,5.56,3.368,4.41,169.294,217.0,1009.787,1012.7,21.739,22.9,21.278,22.3
2017-07-23,151.917,360.0,2.538,4.7,3.067,5.6,0.115,0.18,,,2.677,3.19,,,1008.858,1010.1,21.6,23.2,21.429,22.0
2017-07-24,11.542,27.0,7.942,11.4,9.475,13.6,1.193,1.62,5.752,6.67,4.395,4.95,20.478,41.0,1014.512,1018.2,19.533,22.0,21.104,21.9
2017-07-25,104.542,187.0,4.575,6.9,5.342,7.8,0.596,1.33,4.738,6.25,3.834,4.57,170.833,360.0,1021.379,1023.6,20.975,22.2,21.371,21.7
2017-07-26,168.208,216.0,5.529,9.1,6.529,10.9,0.527,0.9,4.114,5.0,3.308,4.05,145.158,153.0,1018.458,1021.0,22.158,23.0,21.463,21.8
2017-07-27,75.792,349.0,5.396,10.0,6.333,11.9,0.364,1.3,3.822,5.26,2.887,4.16,17.444,31.0,1013.808,1015.0,21.858,23.0,21.458,21.7
2017-07-28,52.958,360.0,7.325,10.0,8.646,11.6,0.97,1.45,5.182,6.25,4.063,4.65,83.625,360.0,1014.979,1016.5,21.292,22.4,21.925,22.3
2017-07-29,31.792,69.0,7.263,9.0,8.533,10.7,0.866,1.27,4.417,5.88,3.843,4.7,91.167,353.0,1019.167,1021.3,20.879,22.6,22.071,22.2
2017-07-30,65.435,359.0,3.426,7.0,4.096,8.2,0.365,0.89,4.097,4.55,3.286,3.82,29.182,37.0,1021.896,1023.5,21.843,23.4,22.487,24.5
2017-07-31,233.25,318.0,2.912,4.5,3.396,5.4,0.087,0.11,,,2.798,3.55,,,1021.883,1023.0,22.587,23.8,22.8,23.5
2017-08-01,197.5,315.0,2.525,4.2,2.946,4.7,0.098,0.16,,,2.577,2.99,,,1018.792,1020.3,23.175,24.0,23.208,24.3
2017-08-02,211.917,345.0,3.787,7.1,4.413,8.0,0.22,0.42,3.304,3.7,2.754,3.11,154.455,215.0,1016.258,1017.0,22.875,23.7,23.275,24.2
2017-08-03,137.417,359.0,4.487,10.4,5.462,12.8,0.822,1.11,5.524,6.67,4.419,5.47,191.708,359.0,1014.554,1017.2,22.387,24.1,23.229,23.4
2017-08-04,282.833,337.0,11.225,13.3,13.767,17.1,1.632,2.41,5.548,6.67,4.559,5.37,218.958,349.0,1008.6,1011.9,18.125,22.8,22.075,23.2
2017-08-05,278.583,347.0,5.858,10.6,7.121,12.8,1.14,2.23,6.446,7.69,4.65,5.47,131.833,354.0,1015.546,1018.0,19.437,21.3,21.258,21.8
2017-08-06,230.958,298.0,3.483,5.8,4.058,6.7,0.195,0.3,3.946,4.76,2.849,3.36,257.8,336.0,1016.675,1017.5,21.238,21.8,21.363,21.8
2017-08-07,172.875,359.0,4.817,8.8,5.887,10.4,0.394,0.9,3.699,4.76,3.139,3.77,112.533,345.0,1017.25,1018.5,20.246,21.5,21.287,21.4
2017-08-08,269.25,356.0,4.487,6.9,5.2,8.1,0.454,0.87,4.03,5.26,3.462,4.07,202.864,354.0,1020.396,1021.7,20.979,22.6,21.404,22.2
2017-08-09,231.609,297.0,3.557,5.7,4.148,6.4,0.168,0.23,,,2.717,3.2,,,1021.322,1022.8,21.852,22.7,21.761,22.5
2017-08-10,164.826,209.0,5.292,7.9,6.133,8.9,0.308,0.62,3.25,3.7,2.851,3.41,142.429,157.0,1018.188,1020.2,22.3,23.3,21.654,21.9
2017-08-11,285.348,360.0,5.843,8.7,6.961,12.8,0.503,0.83,3.673,4.35,3.215,3.41,222.652,355.0,1014.274,1015.3,20.778,22.9,21.391,21.6
2017-08-12,294.875,360.0,6.775,7.7,8.096,9.3,0.875,1.13,5.06,6.25,3.975,4.63,25.833,37.0,1016.667,1018.3,19.517,20.6,21.329,21.5
2017-08-13,173.875,359.0,1.983,5.1,2.579,6.3,0.315,0.66,5.104,6.25,3.604,4.41,23.615,33.0,1017.996,1019.0,20.408,21.1,21.946,23.5
2017-08-14,123.333,174.0,2.1,3.6,2.521,4.1,0.087,0.14,,,2.908,3.85,,,1013.192,1015.6,21.496,22.4,22.021,23.0
2017-08-15,57.208,118.0,4.179,7.8,5.0,9.0,0.263,0.73,3.871,4.35,2.901,3.54,32.5,60.0,1011.871,1014.6,21.363,22.2,22.017,22.3
2017-08-16,54.391,82.0,3.587,6.2,4.183,7.3,0.367,0.71,4.268,4.76,3.384,3.98,18.154,36.0,1015.257,1016.8,21.696,23.6,22.061,23.0
2017-08-17,183.833,292.0,7.387,10.2,8.921,12.1,0.714,1.12,4.401,5.0,3.482,4.05,144.75,172.0,1007.617,1011.9,23.171,24.6,22.054,22.7
2017-08-18,283.125,324.0,7.433,11.3,8.946,13.4,1.046,1.6,4.798,5.26,4.038,4.56,280.0,358.0,1008.192,1010.8,21.25,23.1,21.654,21.8
2017-08-19,277.5,355.0,3.904,6.8,4.646,7.9,0.342,0.59,3.958,5.0,3.397,3.9,299.611,357.0,1012.942,1014.7,21.158,22.5,21.879,22.7
2017-08-20,161.375,190.0,3.829,5.0,4.392,5.9,0.245,0.36,3.306,3.7,2.845,3.19,135.3,144.0,1016.292,1018.1,22.404,23.3,21.925,22.3
2017-08-21,183.625,283.0,3.842,6.9,4.517,7.9,0.223,0.39,3.395,3.85,2.833,3.31,155.8,193.0,1016.771,1018.3,23.062,24.5,22.2,22.4
2017-08-22,276.609,348.0,7.735,9.9,9.165,12.1,0.843,1.3,4.398,5.56,3.704,4.36,222.696,355.0,1010.9,1014.2,22.465,24.2,22.017,22.4
2017-08-23,266.208,354.0,6.729,9.2,8.196,11.1,0.965,1.27,4.974,5.88,4.078,4.29,168.292,360.0,1015.383,1017.2,19.812,22.2,21.662,21.8
2017-08-24,79.304,169.0,4.533,7.8,5.704,8.9,0.533,0.75,4.233,5.88,3.645,4.59,146.25,357.0,1018.529,1020.7,18.046,19.5,21.567,21.7
2017-08-25,42.292,90.0,4.237,6.4,5.683,8.3,0.543,0.76,4.344,5.56,3.557,4.16,91.773,360.0,1023.625,1025.6,17.896,18.7,21.492,21.9
2017-08-26,102.125,164.0,4.575,6.3,5.683,7.7,0.366,0.54,3.377,4.17,3.06,3.38,92.95,169.0,1025.117,1026.2,19.671,20.6,21.55,21.8
2017-08-27,134.292,178.0,7.279,9.4,8.55,10.9,0.738,1.18,4.113,5.0,3.507,4.12,125.318,153.0,1020.671,1023.2,20.858,21.7,21.467,21.7
2017-08-28,111.167,198.0,6.263,8.4,7.404,10.0,0.541,0.74,3.664,4.17,3.242,3.58,132.708,158.0,1017.212,1018.1,19.817,21.6,21.267,21.4
2017-08-29,45.5,84.0,4.613,7.1,5.417,8.3,0.343,0.65,3.433,4.17,2.913,3.54,78.929,109.0,1017.521,1018.6,19.95,21.4,21.25,21.5
2017-08-30,260.417,358.0,2.858,4.2,3.538,5.0,0.171,0.26,2.885,3.03,2.722,2.94,26.5,33.0,1017.621,1018.6,20.146,21.9,21.475,22.3
2017-08-31,53.458,352.0,8.629,10.8,10.317,13.0,1.14,1.69,6.049,7.14,4.193,5.19,43.429,360.0,1019.971,1022.4,19.092,21.8,21.358,22.1
2017-09-01,58.708,74.0,8.833,12.0,10.854,14.6,1.305,1.83,5.033,6.67,4.311,5.11,82.75,351.0,1022.25,1024.0,17.029,20.5,20.712,21.2
2017-09-02,125.435,348.0,4.0,7.6,5.137,9.2,0.488,0.9,3.892,4.76,3.381,4.0,69.111,93.0,1018.192,1020.7,17.367,19.4,20.708,21.2
2017-09-03,250.042,331.0,5.167,7.4,6.2,8.7,0.358,0.61,3.396,3.85,3.081,3.55,253.111,337.0,1014.521,1016.0,18.942,21.6,20.637,21.1
2017-09-04,219.042,350.0,7.692,11.8,9.075,13.4,0.92,1.52,4.603,5.88,3.838,4.68,194.25,307.0,1008.1,1013.4,21.188,22.1,20.288,20.7
2017-09-05,320.125,352.0,8.121,11.5,9.983,13.8,1.061,1.45,5.019,5.88,4.073,4.66,178.375,358.0,1009.65,1011.5,16.975,20.2,19.921,20.2
2017-09-06,291.0,357.0,7.9,9.7,9.833,12.2,1.126,1.32,5.387,5.88,4.177,4.43,44.792,360.0,1014.025,1015.8,15.154,16.2,19.562,19.7
2017-09-07,335.417,360.0,5.25,11.4,6.679,14.0,0.784,0.95,5.377,6.67,4.023,4.4,42.125,346.0,1015.967,1016.7,15.65,16.5,19.562,19.8
2017-09-08,193.417,356.0,5.446,7.7,6.817,9.3,0.575,0.86,4.043,5.0,3.499,3.99,94.292,356.0,1021.537,1025.3,16.471,17.9,19.554,19.8
2017-09-09,70.833,103.0,6.492,8.8,7.804,10.7,0.808,1.19,4.525,5.88,3.808,4.38,118.81,356.0,1029.104,1031.7,16.529,17.9,19.35,19.6
2017-09-10,91.125,149.0,4.95,7.4,6.1,8.8,0.467,0.88,3.859,5.0,3.306,4.21,123.5,355.0,1030.504,1032.6,17.05,18.2,19.321,19.7
2017-09-11,115.292,176.0,3.271,6.7,4.096,8.8,0.328,0.62,3.459,3.85,3.095,3.58,106.333,133.0,1026.008,1028.8,17.817,18.8,19.525,21.2
2017-09-12,58.25,360.0,2.2,5.0,2.604,5.8,0.068,0.18,,,2.73,3.08,,,1017.262,1020.9,18.779,19.6,19.55,20.1
2017-09-13,88.25,223.0,3.3,5.9,3.967,7.4,0.248,0.47,3.497,3.85,2.847,3.26,28.75,44.0,1009.475,1011.9,19.104,19.7,19.483,20.3
2017-09-14,182.625,242.0,3.671,5.1,4.263,6.3,0.153,0.3,2.985,3.13,2.562,2.98,145.75,164.0,1011.133,1013.0,19.1,20.0,19.433,19.7
2017-09-15,149.083,209.0,5.35,6.5,6.221,7.7,0.373,0.58,3.393,3.85,2.969,3.31,150.95,169.0,1015.592,1017.4,20.338,21.5,19.458,19.7
2017-09-16,144.667,178.0,6.25,7.4,7.208,8.8,0.498,0.67,3.714,4.0,3.153,3.52,134.818,158.0,1017.879,1019.9,20.992,22.3,19.596,19.8
2017-09-17,203.5,337.0,4.912,7.6,5.679,9.1,0.381,0.61,3.479,4.0,3.055,3.45,146.526,218.0,1016.988,1017.7,21.104,22.1,19.908,20.5
2017-09-18,92.833,355.0,4.696,7.2,5.6,8.5,0.498,0.73,4.28,5.26,3.49,4.18,194.864,359.0,1018.992,1020.6,18.429,20.8,19.904,20.4
2017-09-19,58.458,87.0,4.246,6.5,4.954,7.3,0.448,0.6,3.909,4.76,3.335,3.52,88.696,355.0,1014.854,1016.7,19.504,20.2,20.192,20.6
2017-09-20,103.826,183.0,5.129,8.0,5.921,9.2,0.317,0.64,3.263,3.85,2.857,3.34,105.417,129.0,1013.033,1014.2,20.642,23.2,20.317,20.5
2017-09-21,140.667,292.0,3.721,6.9,4.471,7.7,0.284,0.43,3.214,3.45,2.932,3.17,150.556,191.0,1014.867,1017.1,22.108,23.1,20.838,22.1
2017-09-22,137.333,216.0,4.242,6.5,4.746,7.3,0.168,0.3,2.563,2.74,2.541,2.89,98.333,109.0,1017.288,1018.6,22.383,23.5,20.921,21.5
2017-09-23,139.25,184.0,3.2,4.5,3.504,5.0,0.075,0.11,,,2.569,3.18,,,1017.938,1019.9,23.008,24.6,21.492,22.9
2017-09-24,126.0,182.0,3.333,5.8,3.771,6.7,0.141,0.3,2.687,2.86,2.757,3.27,104.667,110.0,1018.254,1019.5,23.096,25.4,21.746,22.4
2017-09-25,130.292,160.0,3.987,5.1,4.558,6.0,0.178,0.28,3.17,3.33,2.705,3.07,108.4,120.0,1015.783,1016.8,22.817,24.2,21.696,22.1
2017-09-26,161.333,286.0,3.967,5.3,4.496,6.1,0.158,0.27,3.13,3.13,2.596,3.02,143.0,143.0,1013.425,1014.1,23.046,24.0,21.754,22.0
2017-09-27,344.542,354.0,7.333,11.0,8.988,13.5,0.88,1.26,4.97,5.88,3.795,4.49,142.0,352.0,1016.85,1019.8,19.058,22.6,21.304,21.9
2017-09-28,285.708,360.0,5.554,8.7,7.171,10.7,0.811,1.11,5.085,5.56,4.004,4.3,66.875,331.0,1021.183,1022.8,16.938,18.3,20.708,20.9
2017-09-29,286.625,360.0,9.488,10.9,11.4,13.8,1.23,1.97,5.087,7.14,4.17,5.27,172.708,360.0,1020.512,1024.9,17.579,20.2,20.346,20.7
2017-09-30,57.958,96.0,5.537,10.8,7.275,13.1,1.064,1.99,6.242,7.14,4.465,5.17,249.208,359.0,1029.221,1032.2,14.421,16.7,19.933,20.1
2017-10-01,118.125,162.0,6.604,9.3,8.108,10.9,0.729,1.4,4.324,5.88,3.693,4.65,128.727,336.0,1025.246,1028.0,16.525,18.1,19.717,19.9
2017-10-02,133.542,158.0,8.354,10.1,9.783,12.2,0.965,1.29,4.559,5.56,3.818,4.42,138.0,169.0,1021.083,1022.5,19.329,21.7,19.496,19.6
2017-10-03,169.25,211.0,8.387,10.7,9.95,12.8,0.94,1.38,4.67,5.56,3.848,4.46,150.583,163.0,1023.071,1024.5,20.387,21.6,19.433,19.5
2017-10-04,259.042,348.0,6.521,9.4,7.8,11.4,0.773,0.99,4.42,5.0,3.73,4.16,224.958,359.0,1024.287,1026.0,18.95,21.1,19.413,19.5
2017-10-05,277.917,357.0,3.496,5.3,4.404,6.2,0.33,0.44,4.046,5.0,3.364,3.95,85.583,358.0,1022.5,1023.7,17.158,18.8,19.358,19.5
2017-10-06,76.957,118.0,5.45,7.0,6.483,8.0,0.433,0.59,3.468,4.17,3.12,3.46,77.526,107.0,1016.796,1019.6,16.588,18.8,19.233,19.3
2017-10-07,176.25,277.0,9.979,14.4,11.942,17.2,1.2,1.72,5.0,5.88,4.117,4.77,143.667,184.0,1004.192,1010.6,19.862,20.9,19.208,19.3
2017-10-08,234.435,299.0,8.374,14.3,9.943,17.5,1.2,2.23,4.925,6.25,4.126,5.06,196.304,250.0,1006.345,1010.5,17.817,19.3,18.796,19.1
2017-10-09,168.913,293.0,2.667,7.2,3.146,8.6,0.127,0.2,,,2.635,3.1,,,1010.979,1015.3,18.813,19.6,18.846,19.7
2017-10-10,28.583,40.0,9.075,11.0,10.679,13.3,1.192,1.6,5.568,6.67,4.281,4.65,140.292,360.0,1019.613,1022.0,16.404,17.7,18.663,18.8
2017-10-11,48.625,58.0,11.896,14.0,14.183,16.9,1.932,2.28,6.1,6.67,4.923,5.36,112.542,354.0,1018.183,1021.9,14.463,16.7,18.208,18.6
2017-10-12,90.565,150.0,6.221,10.2,8.113,12.2,0.732,1.49,3.969,5.26,3.611,4.46,47.167,90.0,1022.062,1023.3,13.579,15.1,17.758,17.9
2017-10-13,192.625,258.0,6.113,8.2,7.254,9.5,0.595,0.75,3.884,4.55,3.396,3.69,154.417,192.0,1020.042,1021.4,15.992,17.1,17.692,17.7
2017-10-14,93.292,188.0,6.683,10.1,7.975,12.1,0.641,1.14,4.015,5.26,3.436,3.95,76.7,198.0,1017.675,1020.7,16.696,17.9,17.629,17.7
2017-10-15,261.583,353.0,11.758,15.2,14.412,18.1,1.826,2.82,5.969,9.09,4.765,6.41,153.875,351.0,1010.012,1020.9,15.588,19.1,17.337,17.6
2017-10-16,295.25,339.0,6.487,10.4,8.313,12.8,1.182,2.24,5.993,9.09,4.474,6.28,167.458,348.0,1024.096,1026.4,12.162,15.3,16.608,16.8
2017-10-17,241.958,264.0,9.3,12.4,11.113,14.9,1.137,1.69,4.94,6.25,4.14,4.8,179.625,223.0,1020.675,1022.8,15.979,17.6,16.388,16.5
2017-10-18,211.625,243.0,9.737,11.2,11.513,13.8,1.2,1.74,5.095,5.88,4.152,4.83,156.958,168.0,1019.158,1020.6,16.217,17.6,16.146,16.3
2017-10-19,265.417,338.0,6.846,10.3,8.071,12.0,0.823,1.18,4.688,5.88,3.895,4.59,200.042,346.0,1018.879,1022.6,15.763,17.6,15.992,16.1
2017-10-20,169.333,199.0,6.379,7.5,7.383,8.7,0.527,0.73,3.684,4.35,3.246,3.82,148.125,169.0,1020.371,1021.6,16.783,18.5,15.921,16.0
2017-10-21,164.708,193.0,8.608,10.2,10.087,12.8,0.873,1.35,4.322,5.56,3.662,4.41,151.5,161.0,1017.242,1018.2,17.458,18.7,15.929,16.0
2017-10-22,173.792,359.0,9.329,12.6,10.913,14.8,1.094,1.61,4.708,5.56,3.954,4.39,157.042,350.0,1014.938,1016.5,16.671,18.1,15.767,15.9
2017-10-23,154.125,360.0,7.95,10.4,9.3,11.9,0.903,1.38,4.706,5.56,3.88,4.41,45.417,357.0,1010.725,1016.7,12.558,13.0,15.458,15.7
2017-10-24,320.667,351.0,9.371,14.5,11.308,17.4,1.272,2.64,5.113,6.67,4.233,5.44,258.783,356.0,999.942,1004.5,10.892,12.6,15.333,15.5
2017-10-25,317.583,357.0,7.233,13.7,9.433,16.8,1.734,2.54,7.413,9.09,5.26,6.19,64.083,356.0,1006.887,1010.5,8.017,9.7,14.721,15.0
2017-10-26,127.5,209.0,6.158,11.7,7.687,14.2,0.733,1.43,4.907,6.25,3.99,4.69,192.429,341.0,1010.017,1012.0,10.4,13.2,14.342,14.6
2017-10-27,232.5,299.0,10.85,12.3,13.221,14.8,1.622,1.91,5.557,5.88,4.615,5.04,197.542,275.0,1005.258,1009.1,8.858,14.4,14.317,14.6
2017-10-28,289.625,316.0,9.479,11.3,11.883,14.0,1.355,1.67,5.309,5.88,4.341,4.82,258.542,348.0,1008.833,1011.8,5.421,6.4,13.742,13.9
2017-10-29,298.375,334.0,6.537,8.5,8.267,10.5,0.821,1.04,4.962,6.25,3.866,4.13,162.917,359.0,1010.963,1012.2,5.896,7.6,13.517,13.7
2017-10-30,291.957,316.0,10.296,14.9,12.726,18.2,1.353,2.62,4.773,6.25,4.16,5.36,264.304,323.0,1004.096,1007.9,7.496,8.9,13.183,13.3
2017-10-31,288.708,308.0,9.875,13.4,12.746,16.9,1.65,2.43,5.422,6.25,4.615,5.25,302.75,336.0,1015.658,1020.9,4.254,6.8,12.754,13.1
2017-11-01,207.958,269.0,7.354,8.9,9.55,12.2,0.773,1.0,4.168,4.76,3.572,3.82,167.958,205.0,1016.929,1019.5,5.75,7.3,12.292,12.5
2017-11-02,222.458,359.0,5.196,10.2,6.446,12.1,0.651,1.5,4.32,5.26,3.447,4.51,154.235,214.0,1012.442,1016.5,9.046,9.7,12.121,12.3
2017-11-03,157.208,358.0,7.433,11.6,9.35,13.7,1.021,1.77,5.18,6.25,4.061,4.88,57.565,360.0,1023.9,1028.6,8.033,9.9,12.058,12.2
2017-11-04,87.333,147.0,9.279,13.9,11.15,16.4,1.286,1.72,5.073,5.88,4.235,4.76,109.217,360.0,1020.083,1027.3,8.133,9.9,12.046,12.2
2017-11-05,290.083,353.0,5.079,9.0,6.275,10.9,0.497,1.01,3.921,5.0,3.252,3.97,200.176,359.0,1009.342,1011.9,9.892,11.5,11.908,12.0
2017-11-06,235.958,359.0,7.796,11.8,9.925,14.1,1.17,1.77,5.555,6.67,4.325,4.94,34.625,360.0,1020.538,1025.9,5.575,10.3,11.721,11.9
2017-11-07,36.958,359.0,6.338,8.4,8.117,10.1,0.658,0.9,4.167,5.26,3.507,3.78,18.042,35.0,1026.538,1027.8,6.062,6.5,11.554,11.6
2017-11-08,288.167,356.0,4.696,6.2,6.396,8.1,0.462,0.71,3.866,4.76,3.309,3.74,112.708,354.0,1026.704,1028.1,5.188,6.8,11.488,11.6
2017-11-09,297.292,340.0,10.5,13.6,12.963,16.6,1.339,1.99,4.946,6.25,4.183,5.04,227.042,355.0,1020.321,1025.7,5.458,7.9,11.321,11.5
2017-11-10,130.0,360.0,8.392,12.0,11.221,15.6,1.795,2.7,7.277,8.33,5.191,6.0,117.542,359.0,1033.558,1036.9,-2.1,-1.0,10.933,11.1
2017-11-11,152.0,193.0,8.975,11.1,11.204,14.1,1.255,1.8,5.286,6.25,4.243,4.79,140.292,339.0,1030.583,1035.3,1.142,5.1,10.604,10.8
2017-11-12,227.083,354.0,4.433,9.4,5.692,11.7,0.544,1.16,4.379,5.0,3.437,4.21,199.438,329.0,1026.237,1027.6,5.629,6.4,10.5,10.5
2017-11-13,318.364,358.0,5.186,7.5,6.568,9.1,0.486,0.71,3.606,4.35,3.199,3.54,180.909,358.0,1030.414,1032.5,5.141,6.2,10.414,10.5
2017-11-14,202.583,238.0,7.488,10.1,9.142,11.9,0.812,1.36,4.31,5.56,3.656,4.49,188.167,334.0,1026.192,1030.0,6.883,9.4,10.4,10.4
2017-11-15,218.125,323.0,10.867,12.1,12.979,14.9,1.578,1.92,5.739,6.67,4.569,5.03,170.5,305.0,1011.767,1019.3,8.917,9.5,10.271,10.4
2017-11-16,280.25,359.0,10.029,15.5,12.6,18.6,2.012,2.62,6.843,8.33,5.277,5.69,143.292,360.0,1018.188,1024.8,3.85,8.7,9.95,10.1
2017-11-17,119.75,172.0,8.654,13.0,10.525,16.2,1.349,2.09,6.178,7.69,4.667,5.6,165.792,355.0,1018.375,1024.8,5.454,8.3,9.854,9.9
2017-11-18,177.125,359.0,10.375,15.6,12.504,19.1,1.746,3.29,5.946,8.33,4.794,6.29,98.417,360.0,1000.043,1004.3,6.913,8.3,9.675,9.8
2017-11-19,328.625,350.0,10.463,15.4,13.246,18.2,2.076,3.34,7.259,8.33,5.26,6.31,48.458,322.0,1012.125,1016.7,2.038,5.6,9.388,9.5
2017-11-20,251.458,297.0,11.313,14.5,13.621,18.2,1.729,2.11,5.63,6.67,4.753,5.2,209.292,332.0,1012.479,1017.2,5.862,10.0,9.217,9.3
2017-11-21,272.292,344.0,12.629,15.4,15.283,18.5,2.159,3.19,6.559,7.69,5.172,6.19,184.917,346.0,1006.608,1017.9,6.825,9.3,8.833,9.2
2017-11-22,262.792,354.0,5.6,10.4,7.917,13.2,1.184,1.98,6.318,7.14,4.673,5.12,64.417,351.0,1024.592,1028.0,-0.133,1.3,8.363,8.5
2017-11-23,253.875,280.0,7.483,9.4,9.167,11.2,0.89,1.23,4.658,5.56,3.795,4.24,203.375,360.0,1017.946,1024.3,3.413,6.4,8.437,8.6
2017-11-24,215.708,261.0,9.854,13.2,11.729,15.9,1.194,2.05,4.936,6.25,4.078,5.11,161.783,191.0,1006.008,1013.7,7.971,11.0,8.433,8.6
2017-11-25,311.667,356.0,9.275,11.8,11.038,14.4,1.338,1.77,5.461,6.25,4.381,4.78,236.417,360.0,1007.512,1017.9,7.733,10.4,8.237,8.3
2017-11-26,290.083,360.0,7.108,10.6,8.746,12.8,1.013,1.45,5.448,6.67,4.204,4.65,79.125,252.0,1020.35,1022.7,4.696,8.4,8.204,8.4
2017-11-27,169.917,353.0,5.254,9.1,6.158,10.8,0.512,0.97,3.86,4.76,3.338,3.87,185.292,359.0,1017.213,1019.1,8.187,9.5,8.338,8.5
2017-11-28,209.667,295.0,9.433,11.9,11.079,13.6,1.177,1.68,5.075,5.88,4.132,4.74,151.75,200.0,1011.713,1016.4,10.0,10.6,8.225,8.3
2017-11-29,191.0,358.0,6.779,10.7,8.3,13.0,0.972,1.61,5.034,6.25,4.137,4.86,299.087,358.0,1024.058,1028.6,6.279,9.8,8.179,8.3
2017-11-30,184.231,277.0,7.085,9.2,8.531,11.2,0.682,0.81,4.714,6.25,3.66,4.64,190.615,341.0,1017.623,1022.6,7.631,8.3,8.2,8.2
2018-05-23,179.381,265.0,2.052,3.4,2.367,3.8,0.054,0.12,,,3.247,4.8,,,1022.157,1024.0,6.0,9.4,3.995,4.5
2018-05-24,145.708,288.0,2.975,4.3,3.246,4.5,0.043,0.08,,,3.568,4.36,,,1022.092,1023.8,10.808,16.1,4.192,5.1
2018-05-25,164.458,189.0,4.454,5.7,4.742,6.1,0.084,0.15,,,2.837,4.4,,,1013.925,1017.6,10.617,16.2,3.954,4.5
2018-05-26,177.958,232.0,4.258,7.5,4.638,8.3,0.13,0.34,3.03,3.03,2.817,3.82,163.0,172.0,1008.196,1009.3,10.625,14.5,4.042,5.0
2018-05-27,163.333,213.0,3.654,5.0,4.033,5.5,0.055,0.08,,,3.18,4.2,,,1010.754,1012.8,13.108,18.3,5.663,8.6
2018-05-28,171.917,359.0,2.917,5.6,3.283,6.4,0.069,0.14,,,2.981,4.04,,,1013.433,1016.6,14.617,18.4,8.096,8.5
2018-05-29,77.417,356.0,3.258,4.2,3.863,4.6,0.137,0.22,,,2.766,3.15,,,1013.275,1014.0,11.325,14.7,7.396,9.1
2018-05-30,81.913,199.0,4.374,5.9,4.861,6.3,0.215,0.49,3.462,4.35,2.819,3.45,101.5,133.0,1007.052,1010.9,14.67,17.9,8.935,10.6
2018-05-31,197.667,322.0,3.521,6.0,3.983,6.6,0.18,0.31,3.143,3.45,2.885,3.07,151.857,162.0,1003.579,1005.7,14.325,19.6,9.496,11.1
2018-06-01,149.458,359.0,6.137,11.8,7.246,13.9,0.785,2.12,5.514,6.67,3.681,5.23,30.083,42.0,1010.846,1014.4,11.362,17.6,8.625,11.9
2018-06-02,48.292,357.0,4.929,9.4,5.746,10.7,0.876,1.63,5.398,6.25,4.209,4.88,29.958,47.0,1014.95,1017.2,7.975,9.3,6.029,6.9
2018-06-03,179.125,335.0,3.742,6.5,4.258,7.3,0.247,0.33,3.832,4.55,3.127,3.66,66.923,324.0,1010.879,1012.2,9.6,12.5,6.825,7.6
2018-06-04,254.391,318.0,4.865,6.6,5.561,7.6,0.303,0.4,3.481,4.0,3.033,3.35,270.0,319.0,1014.13,1016.9,10.109,11.2,8.196,9.0
2018-06-05,167.417,359.0,5.942,9.5,7.25,11.5,0.568,1.11,3.962,5.26,3.284,4.12,86.5,254.0,1011.329,1013.8,9.558,13.4,8.488,9.4
2018-06-06,131.565,358.0,3.642,8.4,4.287,10.2,0.401,0.77,4.114,5.26,3.364,3.98,69.364,166.0,1014.492,1016.7,11.592,14.0,10.592,12.4
2018-06-07,40.913,107.0,3.204,7.7,3.725,9.1,0.122,0.41,2.785,2.94,3.048,4.07,38.0,45.0,1015.408,1018.6,13.2,15.5,11.879,13.8
2018-06-08,98.542,351.0,4.888,8.3,5.738,9.7,0.362,0.66,3.411,4.0,3.022,3.36,37.316,54.0,1020.204,1022.3,12.054,12.9,11.808,12.1
2018-06-09,139.667,360.0,2.562,3.9,3.233,5.2,0.255,0.32,3.539,3.85,3.15,3.35,23.714,57.0,1017.692,1020.4,12.567,14.3,12.396,13.2
2018-06-10,64.957,95.0,5.091,11.1,6.03,13.0,0.418,0.85,3.71,4.35,3.12,3.86,96.059,124.0,1012.757,1015.3,14.309,15.2,13.174,13.6
2018-06-11,68.375,357.0,4.275,7.6,4.917,8.7,0.411,0.59,3.455,4.17,3.225,3.63,73.609,106.0,1013.429,1014.5,14.683,16.3,13.763,15.0
2018-06-12,93.5,145.0,3.696,6.1,4.3,7.3,0.239,0.45,3.189,3.57,2.946,3.27,125.333,149.0,1013.246,1014.9,16.0,18.2,14.413,16.0
2018-06-13,238.375,349.0,3.688,7.1,4.246,8.2,0.123,0.27,2.47,2.47,2.788,3.29,216.0,216.0,1012.413,1015.2,15.804,18.5,14.683,16.2
2018-06-14,209.625,311.0,2.383,5.8,2.817,6.8,0.101,0.24,,,3.112,3.79,,,1017.375,1019.0,16.075,18.0,15.408,17.4
2018-06-15,102.0,157.0,2.912,5.0,3.329,5.6,0.058,0.13,,,3.052,3.79,,,1016.346,1017.7,17.337,18.4,15.837,16.9
2018-06-16,164.958,347.0,4.296,10.1,5.358,12.4,0.273,0.55,3.036,4.0,2.798,3.19,126.714,209.0,1014.308,1016.3,18.404,19.5,14.954,15.9
2018-06-17,167.583,192.0,4.775,6.5,5.3,7.2,0.178,0.24,,,2.632,3.11,,,1014.533,1016.0,18.387,21.0,14.725,15.7
2018-06-18,202.208,337.0,4.908,6.1,5.679,8.9,0.235,0.33,3.112,3.45,2.748,2.93,158.5,172.0,1013.367,1014.1,18.196,19.2,14.633,15.2
2018-06-19,88.625,354.0,4.808,7.9,5.596,9.4,0.354,0.52,3.508,4.17,3.033,3.41,37.889,104.0,1014.746,1016.1,16.458,19.0,15.442,16.2
2018-06-20,42.958,62.0,4.55,6.2,5.317,7.3,0.431,0.57,3.683,4.17,3.25,3.56,59.13,107.0,1011.779,1012.5,17.429,18.2,16.804,17.6
2018-06-21,57.208,91.0,3.983,6.7,4.688,8.6,0.267,0.44,3.512,3.85,2.939,3.33,112.417,133.0,1010.158,1012.0,17.754,19.1,17.092,17.3
2018-06-22,109.25,345.0,6.392,9.3,7.592,11.4,0.694,1.02,4.093,5.0,3.571,4.12,86.208,359.0,1008.704,1010.3,16.962,18.6,17.233,17.7
2018-06-23,162.667,360.0,3.704,6.5,4.487,7.9,0.44,0.66,4.256,5.26,3.46,4.07,109.143,357.0,1006.917,1008.1,17.163,19.0,17.85,18.6
2018-06-24,256.708,351.0,4.879,8.3,5.721,9.6,0.365,0.63,3.859,4.76,3.161,3.58,37.25,49.0,1012.212,1016.5,16.571,17.8,18.104,18.5
2018-06-25,50.708,96.0,4.675,7.5,5.458,8.7,0.466,0.85,4.178,4.76,3.431,3.68,50.667,88.0,1019.908,1022.4,18.012,20.1,18.042,18.4
2018-06-26,107.25,146.0,6.75,9.1,7.979,11.1,0.603,1.07,3.774,5.0,3.341,3.96,94.792,146.0,1015.917,1019.4,19.154,20.2,18.033,18.3
2018-06-27,252.739,359.0,5.429,7.9,6.358,9.8,0.381,0.62,3.432,4.0,3.055,3.5,173.444,343.0,1007.896,1009.5,17.946,20.1,17.825,18.3
2018-06-28,236.833,331.0,2.875,5.4,3.371,6.1,0.19,0.4,4.077,4.35,3.3,3.83,294.0,339.0,1012.629,1014.3,18.858,21.5,18.883,21.8
2018-06-29,143.75,167.0,4.862,7.3,5.492,8.1,0.218,0.43,3.168,3.57,2.995,3.43,145.364,159.0,1013.462,1014.7,20.871,22.4,18.9,20.3
2018-06-30,174.333,190.0,6.188,7.8,6.904,8.8,0.379,0.53,3.273,3.57,2.948,3.08,164.136,183.0,1013.013,1014.8,21.121,22.6,18.538,19.2
2018-07-01,170.5,220.0,6.496,8.5,7.346,9.4,0.433,0.82,3.232,4.0,2.99,3.63,159.409,174.0,1011.175,1013.6,21.521,23.0,18.554,19.1
2018-07-02,263.042,339.0,3.329,6.1,4.033,7.7,0.296,0.61,3.924,4.55,3.03,3.82,212.083,340.0,1015.35,1019.0,19.725,21.6,19.587,22.6
2018-07-03,88.375,193.0,2.188,3.0,2.496,3.3,0.083,0.16,,,2.917,3.76,,,1020.329,1021.7,21.246,24.3,20.6,22.6
2018-07-04,129.792,172.0,3.496,5.1,3.979,5.6,0.114,0.19,,,2.582,3.15,,,1021.925,1023.7,22.463,24.1,20.729,22.3
2018-07-05,217.083,334.0,3.958,8.5,4.725,10.1,0.224,0.56,3.456,4.17,2.858,3.37,141.375,173.0,1022.542,1023.5,22.283,24.4,21.129,21.9
2018-07-06,149.75,358.0,6.558,9.4,7.721,11.4,0.677,1.08,4.513,5.26,3.525,4.18,41.722,62.0,1027.433,1030.6,20.404,22.7,20.558,21.9
2018-07-07,144.458,341.0,4.183,8.2,4.933,9.2,0.535,1.03,4.604,5.56,3.672,4.08,120.5,350.0,1027.825,1029.3,19.917,21.0,20.192,21.0
2018-07-08,153.083,350.0,3.567,6.7,4.254,8.1,0.234,0.5,3.648,4.17,3.11,3.54,132.8,162.0,1024.804,1026.3,20.775,22.3,20.562,21.6
2018-07-09,191.958,233.0,4.308,5.9,4.929,6.8,0.189,0.33,3.087,3.23,2.64,3.09,138.75,149.0,1021.588,1022.9,21.812,23.1,20.738,21.4
2018-07-10,166.542,359.0,4.804,8.2,5.592,9.6,0.314,0.57,3.417,3.7,2.859,3.27,36.333,55.0,1018.471,1019.9,21.933,22.7,20.825,21.1
2018-07-11,71.591,359.0,4.032,6.4,4.759,7.5,0.382,0.69,3.789,4.76,3.239,3.78,45.529,56.0,1020.005,1021.8,22.268,23.4,21.577,23.0
2018-07-12,127.087,195.0,4.913,7.0,5.746,8.1,0.28,0.5,3.204,3.45,2.808,3.13,123.143,152.0,1020.787,1022.1,22.646,24.0,21.971,22.8
2018-07-13,171.25,191.0,5.975,8.1,6.842,9.4,0.402,0.62,3.316,3.85,2.972,3.26,164.792,182.0,1018.779,1020.1,23.221,24.9,21.963,22.4
2018-07-14,209.125,285.0,3.538,6.3,4.183,7.4,0.17,0.28,2.842,3.03,2.678,3.0,160.0,161.0,1017.221,1018.4,22.708,24.4,22.088,22.4
2018-07-15,139.5,196.0,1.8,3.2,2.167,3.9,0.062,0.13,,,2.945,3.46,,,1015.496,1016.6,23.238,25.7,23.287,26.0
2018-07-16,188.25,359.0,2.646,5.7,3.092,6.9,0.119,0.36,3.27,3.7,2.921,3.51,16.0,22.0,1012.975,1013.7,24.079,25.7,23.9,25.3
2018-07-17,118.333,329.0,6.042,8.4,7.079,9.4,0.539,1.06,4.102,5.26,3.427,4.16,135.85,353.0,1016.363,1018.9,22.129,24.2,22.763,23.6
2018-07-18,66.583,340.0,4.525,9.0,5.612,11.1,0.689,1.3,4.997,5.88,3.94,4.27,28.958,49.0,1019.654,1020.9,20.038,21.6,22.533,23.3
2018-07-19,100.958,150.0,3.925,5.3,4.683,6.6,0.255,0.32,3.121,3.7,2.958,3.64,74.583,146.0,1015.692,1017.6,22.133,24.1,22.696,23.2
2018-07-20,155.167,239.0,7.638,11.7,9.292,15.4,0.961,1.77,4.713,5.56,3.802,4.61,149.727,165.0,1005.546,1010.3,23.096,24.4,22.592,22.9
2018-07-21,96.292,358.0,5.933,8.7,6.917,9.9,0.646,1.09,4.219,6.25,3.532,4.42,89.0,227.0,1005.121,1008.0,21.325,21.9,22.592,22.7
2018-07-22,23.083,44.0,7.721,8.8,9.037,10.4,1.215,1.67,5.927,6.67,4.52,5.11,20.917,29.0,1010.113,1012.5,21.567,22.5,22.304,22.5
2018-07-23,198.167,360.0,7.183,9.4,8.583,11.3,1.126,1.41,5.738,6.67,4.398,4.98,29.625,40.0,1012.579,1013.3,20.946,22.2,22.188,22.3
2018-07-24,261.75,358.0,4.112,6.7,4.992,7.8,0.495,0.88,4.464,5.56,3.547,4.08,30.25,40.0,1014.558,1016.0,21.429,23.4,22.533,23.8
2018-07-25,278.125,354.0,4.054,6.3,4.721,7.4,0.288,0.52,3.458,3.85,3.068,3.55,314.75,357.0,1015.258,1016.7,22.704,23.9,22.954,23.9
2018-07-26,266.792,329.0,6.504,8.9,7.7,10.7,0.579,1.0,4.048,5.26,3.36,4.01,273.6,359.0,1011.954,1013.5,22.388,24.0,22.692,23.6
2018-07-27,305.125,337.0,5.975,7.9,7.358,9.6,0.705,0.86,4.459,5.26,3.642,3.89,318.292,358.0,1015.154,1017.5,20.117,22.4,22.521,22.7
2018-07-28,256.083,347.0,3.05,5.9,3.842,6.9,0.314,0.5,3.882,4.76,3.298,3.98,261.647,358.0,1018.875,1020.7,21.192,22.1,22.917,24.5
2018-07-29,214.042,277.0,2.954,4.6,3.571,5.5,0.125,0.18,,,2.739,3.45,,,1019.229,1019.9,22.229,23.2,22.967,23.6
2018-07-30,151.833,359.0,2.321,4.3,2.896,5.0,0.1,0.15,,,2.781,3.64,,,1018.633,1019.5,22.554,23.4,23.346,24.4
2018-07-31,75.625,354.0,4.0,5.5,4.679,6.4,0.238,0.31,3.043,3.45,2.717,3.05,51.545,60.0,1016.738,1017.8,22.433,23.3,23.192,23.7
2018-08-01,228.708,346.0,4.362,7.2,5.242,9.7,0.275,0.53,3.167,3.33,2.8,3.09,202.444,232.0,1013.779,1014.6,22.804,23.9,23.1,23.4
2018-08-02,239.375,354.0,5.229,10.2,6.292,13.0,0.517,0.8,4.067,5.0,3.414,3.86,170.545,216.0,1013.592,1014.4,23.129,24.0,23.167,23.6
2018-08-03,55.958,86.0,3.142,4.5,3.842,5.3,0.287,0.53,4.526,5.0,3.441,4.16,22.214,36.0,1017.008,1018.5,21.817,22.9,23.392,23.9
2018-08-04,148.292,182.0,5.129,6.3,5.879,7.2,0.286,0.41,3.154,3.33,2.951,3.41,147.0,165.0,1017.013,1018.0,23.996,26.3,23.546,23.9
2018-08-05,190.042,206.0,7.271,9.2,8.583,11.3,0.661,0.92,4.09,4.55,3.456,3.81,159.292,169.0,1016.512,1017.7,25.158,26.1,23.621,23.8
2018-08-06,177.75,357.0,3.542,7.9,4.383,9.3,0.326,0.62,3.526,4.17,2.975,3.46,222.125,317.0,1016.725,1018.4,23.379,27.5,23.708,24.0
2018-08-07,209.667,358.0,2.554,6.9,3.067,7.6,0.203,0.73,4.814,5.56,2.943,4.29,95.2,350.0,1014.55,1015.7,23.146,23.8,23.979,24.8
2018-08-08,233.917,360.0,3.479,5.2,4.387,6.6,0.41,0.6,4.288,5.26,3.413,3.86,33.905,44.0,1013.15,1014.2,22.004,23.7,23.879,24.5
2018-08-09,190.542,262.0,5.083,7.2,5.983,8.4,0.419,0.67,3.502,4.35,3.131,3.59,192.15,228.0,1012.525,1013.3,23.825,24.6,23.988,24.3
2018-08-10,81.833,360.0,5.308,7.9,6.171,9.2,0.433,0.72,3.65,4.17,3.126,3.58,56.85,78.0,1013.938,1015.1,23.2,23.9,23.992,24.4
2018-08-11,190.957,318.0,2.743,6.3,3.213,7.4,0.202,0.41,3.614,4.17,3.047,3.38,40.571,50.0,1015.326,1016.6,23.983,24.9,24.304,25.2
2018-08-12,195.042,360.0,3.854,6.0,4.521,6.7,0.208,0.38,3.066,3.33,2.818,3.22,35.571,52.0,1018.708,1020.4,23.792,24.9,24.471,25.1
2018-08-13,162.25,353.0,2.075,3.9,2.533,4.3,0.147,0.27,2.84,2.94,2.817,3.14,39.5,42.0,1018.754,1019.9,24.3,25.8,25.213,27.8
2018-08-14,220.708,295.0,3.612,5.2,4.171,5.8,0.128,0.2,,,2.641,3.58,,,1015.142,1016.3,24.975,25.6,24.9,25.3
2018-08-15,183.333,290.0,3.137,5.0,3.692,5.9,0.154,0.26,4.35,4.35,2.668,3.06,152.0,152.0,1013.812,1014.6,25.163,25.8,24.979,25.2
2018-08-16,146.708,351.0,3.704,7.5,4.521,8.9,0.362,0.83,3.987,4.76,3.163,3.89,165.154,181.0,1013.792,1015.0,23.988,25.1,25.367,27.1
2018-08-17,169.458,358.0,3.125,7.5,3.754,8.6,0.205,0.38,2.962,3.57,2.876,3.35,176.333,360.0,1013.688,1014.4,24.138,24.6,25.088,25.6
2018-08-18,14.875,36.0,5.812,7.7,6.846,9.5,0.656,1.0,4.516,5.88,3.61,4.23,31.083,39.0,1015.721,1016.8,23.317,24.2,24.842,25.1
2018-08-19,57.792,353.0,3.429,7.1,4.225,8.3,0.44,0.82,4.529,5.56,3.658,3.97,32.765,38.0,1015.3,1016.4,23.175,24.2,24.95,25.9
2018-08-20,104.917,148.0,7.742,11.0,9.142,12.8,0.668,1.09,3.897,4.76,3.351,3.91,124.476,150.0,1013.1,1015.2,24.075,24.8,24.671,25.0
2018-08-21,157.125,350.0,8.696,12.3,10.492,15.2,1.238,2.13,5.372,7.69,4.303,5.44,83.583,216.0,1009.096,1012.9,22.425,24.4,24.104,24.4
2018-08-22,305.875,356.0,7.704,11.5,9.421,13.9,1.487,2.18,6.503,7.14,4.877,5.33,61.417,360.0,1017.4,1019.8,20.975,22.9,23.546,23.8
2018-08-23,248.667,323.0,5.342,6.8,6.421,8.2,0.468,0.61,3.664,5.26,3.331,4.11,234.625,328.0,1019.029,1020.3,22.65,23.5,23.417,23.6
2018-08-24,178.5,215.0,9.15,12.2,10.879,14.4,1.047,1.79,4.706,5.88,3.93,4.67,161.083,179.0,1015.725,1017.2,22.133,23.6,23.1,23.4
2018-08-25,189.125,205.0,9.125,12.5,10.858,15.3,1.359,2.18,5.521,6.67,4.434,5.24,162.0,171.0,1012.3,1013.1,21.471,23.3,22.508,22.7
2018-08-26,176.167,312.0,3.033,5.2,3.725,7.4,0.193,0.46,3.487,4.0,2.75,3.35,155.571,166.0,1015.133,1016.7,23.175,25.0,22.833,23.6
2018-08-27,179.13,337.0,6.074,10.1,7.578,15.5,0.65,0.88,4.05,4.76,3.429,3.78,175.091,298.0,1012.361,1013.9,24.457,26.4,23.039,23.3
2018-08-28,179.042,360.0,8.708,12.5,10.483,14.8,0.966,1.31,4.71,5.56,3.828,4.29,161.542,224.0,1011.467,1014.2,23.804,26.0,22.875,23.1
2018-08-29,176.292,351.0,7.654,10.5,9.242,13.7,0.781,1.0,4.101,5.0,3.505,3.95,172.417,357.0,1014.629,1018.6,20.537,22.3,22.621,22.8
2018-08-30,52.25,357.0,5.008,8.2,6.45,9.5,0.635,1.0,5.336,5.88,3.838,4.21,27.542,39.0,1022.492,1024.0,17.904,19.0,22.308,22.6
2018-08-31,133.083,184.0,5.333,7.1,6.354,8.2,0.404,0.55,3.57,5.26,3.148,3.99,104.292,185.0,1019.454,1021.2,21.15,23.2,22.246,22.5
2018-09-01,168.875,210.0,6.625,9.9,7.937,11.6,0.675,1.04,4.196,5.26,3.533,4.22,161.348,172.0,1015.546,1016.9,22.929,24.0,22.312,22.5
2018-09-02,174.348,280.0,5.739,9.3,6.97,13.5,0.365,0.56,3.204,3.85,2.9,3.37,178.35,271.0,1016.678,1018.6,23.3,25.0,22.426,22.8
2018-09-03,198.333,359.0,5.029,11.6,6.417,15.9,0.356,0.57,3.39,4.35,3.01,3.62,212.222,307.0,1020.842,1023.1,22.288,24.8,22.442,22.6
2018-09-04,155.739,183.0,5.079,7.4,5.904,8.8,0.324,0.66,3.662,4.17,2.981,3.63,141.067,163.0,1021.192,1022.3,23.462,25.4,22.692,23.3
2018-09-05,159.292,320.0,6.825,8.3,8.017,10.0,0.502,0.78,3.693,4.17,3.131,3.6,168.3,354.0,1018.038,1019.5,24.029,25.3,22.925,23.3
2018-09-06,28.292,46.0,8.45,10.3,9.963,11.7,1.08,1.59,5.181,6.67,4.148,5.2,29.833,43.0,1024.229,1026.9,19.975,21.5,22.492,22.9
2018-09-07,55.458,73.0,7.563,9.6,9.004,11.0,0.864,1.14,4.597,5.88,3.872,4.29,51.917,89.0,1024.542,1025.3,19.7,20.6,22.154,22.4
2018-09-08,61.542,68.0,9.975,11.2,11.954,13.3,1.285,1.58,4.849,5.56,4.256,4.65,58.5,81.0,1022.658,1024.4,19.296,20.1,21.708,22.1
2018-09-09,62.167,75.0,10.3,12.1,12.513,14.4,1.413,1.88,5.279,5.88,4.393,4.78,66.417,81.0,1019.117,1021.2,17.171,19.1,21.358,21.6
2018-09-10,120.708,356.0,7.0,10.4,8.588,12.3,0.857,1.23,4.585,5.26,3.864,4.43,56.417,74.0,1016.375,1017.6,17.467,18.9,21.087,21.3
2018-09-11,169.083,358.0,2.983,4.7,3.742,5.4,0.318,0.71,4.404,4.76,3.263,3.92,159.4,347.0,1020.058,1022.2,19.408,20.8,21.162,21.5
2018-09-12,160.375,190.0,5.504,7.7,6.362,9.0,0.409,0.63,3.428,4.0,3.014,3.44,155.368,182.0,1021.725,1023.3,20.704,21.8,21.187,21.4
2018-09-13,129.667,173.0,3.138,4.8,3.724,5.6,0.154,0.24,,,2.655,2.96,,,1022.338,1023.9,20.562,21.3,21.262,21.6
2018-09-14,119.792,179.0,2.371,4.2,2.767,5.0,0.078,0.16,,,2.898,4.2,,,1020.883,1021.8,21.321,22.6,21.613,22.9
2018-09-15,97.167,343.0,2.446,5.4,2.833,6.6,0.056,0.17,,,2.949,4.56,,,1021.517,1023.3,21.708,22.7,22.025,23.2
2018-09-16,76.913,112.0,3.954,5.9,4.654,6.8,0.246,0.42,3.036,3.33,2.74,3.05,71.833,96.0,1019.746,1021.2,22.137,23.7,21.954,23.1
2018-09-17,162.0,251.0,3.208,6.1,3.738,7.0,0.117,0.26,2.47,2.47,2.715,3.41,109.0,109.0,1014.058,1016.2,22.692,24.5,22.229,23.2
2018-09-18,169.043,356.0,4.983,8.4,5.974,9.8,0.587,1.14,5.386,7.14,3.73,4.77,69.0,359.0,1013.548,1015.5,21.122,23.9,22.039,23.1
2018-09-19,37.417,78.0,6.05,9.0,7.212,10.6,0.712,0.94,4.687,5.0,3.73,4.06,31.667,44.0,1016.588,1018.8,18.512,19.7,21.404,21.6
2018-09-20,98.833,149.0,5.925,9.2,6.95,10.7,0.508,0.75,3.769,4.55,3.259,3.61,62.042,133.0,1014.008,1016.3,21.408,23.7,21.271,21.5
2018-09-21,231.667,323.0,10.154,12.1,12.1,14.9,1.27,1.92,4.985,6.67,4.17,5.05,187.208,337.0,1009.642,1018.7,22.329,24.7,21.217,21.4
2018-09-22,91.583,352.0,7.754,12.8,9.925,15.1,1.499,2.41,6.636,8.33,4.845,5.77,48.708,358.0,1025.071,1027.6,14.875,17.4,20.708,21.0
2018-09-23,120.333,185.0,3.45,5.6,4.612,6.6,0.259,0.34,3.652,5.56,3.192,4.14,114.562,172.0,1022.212,1023.4,16.596,18.7,20.587,20.9
2018-09-24,105.958,141.0,7.308,10.3,8.675,12.1,0.717,1.17,3.909,5.0,3.46,4.15,104.583,134.0,1018.625,1020.9,18.475,20.5,20.412,20.7
2018-09-25,171.833,208.0,5.658,9.1,6.713,10.9,0.443,0.82,3.354,4.17,3.043,3.52,145.167,172.0,1011.425,1013.6,20.438,21.3,20.425,20.7
2018-09-26,286.708,326.0,8.017,12.1,10.096,14.4,1.195,1.79,5.459,6.67,4.305,4.86,310.958,358.0,1015.304,1019.1,15.9,20.5,20.229,20.5
2018-09-27,230.458,304.0,6.413,9.8,8.004,11.4,0.59,0.94,3.902,5.88,3.399,3.93,229.125,348.0,1017.35,1019.4,17.117,18.5,20.025,20.1
2018-09-28,271.875,323.0,7.508,10.4,9.367,12.9,0.895,1.14,4.527,5.0,3.826,4.17,236.125,344.0,1016.629,1021.9,16.383,19.8,19.729,19.9
2018-09-29,279.292,347.0,5.029,8.5,6.904,10.7,0.805,1.16,4.81,5.88,3.995,4.55,240.292,356.0,1026.083,1028.5,12.458,13.1,19.304,19.6
2018-09-30,69.75,98.0,6.479,9.8,8.063,11.4,0.704,1.22,4.253,5.56,3.635,4.27,72.261,103.0,1023.925,1026.8,11.575,13.7,19.062,19.2
2018-10-01,73.167,101.0,8.325,10.5,9.921,12.5,0.995,1.3,4.591,5.26,3.907,4.35,,,1022.225,1024.3,13.354,15.7,18.804,19.0
2018-10-02,264.25,341.0,6.542,9.2,7.921,11.4,0.74,0.95,4.435,5.26,3.692,4.04,,,1016.946,1019.2,16.2,18.9,18.646,18.7
2018-10-03,159.875,257.0,7.133,10.2,8.529,12.5,0.779,1.25,4.683,6.25,3.79,4.07,,,1012.85,1019.4,18.146,22.1,18.583,18.6
2018-10-04,147.833,359.0,11.475,13.6,13.921,16.3,1.822,2.48,6.169,7.69,4.87,5.77,,,1014.721,1023.0,16.187,22.6,18.392,18.7
2018-10-05,111.958,198.0,8.842,12.0,10.646,14.5,1.345,1.82,5.295,7.14,4.356,5.28,,,1017.896,1023.2,13.004,16.4,17.554,17.9
2018-10-06,191.375,358.0,5.704,9.3,7.079,11.2,0.529,1.08,3.847,5.26,3.27,4.22,,,1014.867,1019.3,16.271,18.7,17.421,17.5
2018-10-07,47.125,68.0,8.175,10.4,9.658,12.1,1.099,1.38,5.452,6.25,4.221,4.55,,,1022.046,1023.9,13.379,14.5,17.037,17.3
2018-10-08,132.217,169.0,7.429,10.2,8.679,12.2,0.813,1.19,4.153,4.76,3.695,4.28,,,1018.662,1022.2,17.217,20.2,17.025,17.3
2018-10-09,158.292,182.0,5.825,7.2,6.6,8.1,0.403,0.55,3.342,3.7,3.021,3.35,,,1015.625,1016.9,19.55,20.2,17.283,17.7
2018-10-10,155.25,196.0,7.629,10.0,8.842,11.9,0.703,1.18,4.205,5.0,3.46,4.05,,,1006.937,1012.3,19.204,20.5,17.354,17.6
2018-10-11,268.5,297.0,11.529,14.0,14.483,17.7,1.71,2.23,5.66,6.25,4.663,5.21,,,1008.625,1014.1,10.879,18.8,16.642,17.2
2018-10-12,296.708,335.0,7.258,10.9,9.617,13.7,1.063,1.72,5.155,6.25,4.152,4.81,,,1014.892,1016.4,6.967,8.6,16.0,16.3
2018-10-13,269.0,325.0,6.812,8.7,9.133,12.2,0.797,1.17,4.35,5.26,3.702,4.18,,,1014.833,1017.2,7.621,11.3,15.792,15.9
2018-10-14,215.75,263.0,6.6,9.6,8.308,11.9,0.715,1.23,4.213,5.26,3.512,4.16,,,1016.446,1017.9,11.05,12.9,15.717,15.8
2018-10-15,299.043,322.0,9.026,11.9,11.335,14.8,1.208,1.87,5.208,6.67,4.134,5.05,,,1018.039,1022.8,8.165,12.7,15.461,15.7
2018-10-16,252.625,290.0,11.263,14.1,13.662,16.8,1.616,2.42,5.577,7.14,4.604,5.36,,,1019.4,1023.2,9.537,14.3,14.967,15.2
2018-10-17,304.583,333.0,10.383,12.2,12.779,15.1,1.59,2.09,5.732,7.14,4.628,5.15,,,1020.879,1027.8,9.733,14.1,14.4,14.8
2018-10-18,226.667,358.0,6.037,9.7,7.896,11.8,0.888,1.51,5.23,6.25,4.08,4.67,,,1031.0,1033.3,9.729,13.5,13.938,14.1
2018-10-19,219.458,235.0,11.083,13.8,13.329,17.1,1.476,2.06,5.428,6.25,4.438,5.0,,,1018.088,1026.1,12.517,13.7,13.75,14.0
2018-10-20,297.917,344.0,12.683,18.2,15.342,22.2,2.106,4.34,6.031,8.33,4.946,6.74,,,1010.062,1020.3,10.029,13.4,13.342,13.6
2018-10-21,282.083,344.0,7.533,13.4,10.125,17.1,1.695,3.51,7.091,9.09,5.197,6.57,,,1024.817,1027.9,4.967,9.8,12.417,12.7
2018-10-22,233.708,256.0,6.658,10.8,7.983,13.5,0.882,1.54,4.632,5.88,3.837,4.37,,,1017.346,1019.3,10.117,12.8,12.183,12.3
2018-10-23,289.0,359.0,8.579,11.7,10.388,14.2,1.255,2.05,5.286,6.67,4.347,5.2,,,1021.692,1027.1,9.662,13.3,12.075,12.3
2018-10-24,82.917,178.0,3.604,7.2,4.908,8.5,0.682,1.07,5.832,6.67,4.286,4.63,,,1029.558,1031.7,7.65,8.8,11.842,12.1
2018-10-25,146.458,176.0,3.363,4.7,4.346,5.8,0.253,0.32,3.496,5.26,3.214,3.93,,,1023.658,1027.6,8.575,9.2,11.621,11.8
2018-10-26,86.364,124.0,5.739,7.4,6.97,9.0,0.508,0.71,3.615,4.35,3.211,3.56,,,1013.23,1017.4,9.113,10.8,11.552,11.7
2018-10-27,68.5,360.0,4.962,8.5,6.142,9.7,0.469,0.81,3.622,4.35,3.21,3.65,,,1011.071,1012.7,9.092,10.8,11.55,11.7
2018-10-28,221.333,357.0,7.821,13.9,9.517,17.2,0.88,2.25,4.59,5.88,3.62,4.89,,,1006.275,1012.8,9.554,10.7,11.463,11.6
2018-10-29,305.583,359.0,6.604,11.5,7.917,13.0,1.111,2.18,5.51,6.67,4.3,5.1,,,1015.417,1018.3,8.875,9.5,11.196,11.4
2018-10-30,129.636,160.0,6.541,10.1,7.695,11.9,0.679,1.29,4.439,5.26,3.696,4.2,,,1014.664,1018.6,10.532,13.1,11.045,11.2
2018-10-31,276.833,358.0,5.358,10.4,6.45,12.2,0.712,1.48,4.764,6.25,3.931,4.79,,,1011.188,1014.3,10.142,11.9,11.104,11.2
2018-11-01,111.913,351.0,7.061,9.7,8.357,11.8,0.623,1.26,4.242,5.88,3.474,4.58,,,1011.961,1014.4,9.796,11.6,10.904,11.1
2018-11-02,59.417,343.0,6.312,10.7,7.913,12.4,0.922,1.39,5.308,5.88,4.077,4.42,,,1010.275,1012.3,7.163,8.2,10.7,10.8
2018-11-03,226.042,360.0,5.312,8.8,6.858,10.6,0.765,1.02,5.108,5.56,4.024,4.33,,,1017.925,1024.6,6.742,7.4,10.646,10.8
2018-11-04,99.783,121.0,10.737,14.6,12.979,17.7,1.46,2.25,5.323,6.67,4.472,5.13,,,1019.754,1025.6,8.588,10.5,10.392,10.7
2018-11-05,191.792,243.0,9.667,13.2,11.654,15.9,1.474,2.27,5.528,7.14,4.454,5.37,,,1011.121,1013.9,9.258,10.6,9.842,10.0
2018-11-06,191.333,271.0,10.129,14.0,12.162,16.9,1.29,2.17,5.009,6.67,4.137,5.01,,,1001.787,1009.5,9.338,10.3,9.875,9.9
2018-11-07,272.0,291.0,10.892,13.6,13.354,16.4,1.774,2.23,5.673,5.88,4.721,5.09,,,1015.713,1021.7,4.513,7.4,9.642,9.8
2018-11-08,288.625,358.0,4.921,9.6,6.846,12.3,0.789,1.39,4.722,5.26,3.905,4.27,,,1027.046,1030.1,2.729,4.0,9.421,9.5
2018-11-09,205.125,315.0,6.679,12.3,8.633,15.8,0.84,1.95,4.479,6.67,3.811,4.95,,,1020.617,1027.6,2.6,5.3,9.287,9.4
2018-11-10,283.667,321.0,10.463,16.4,13.254,20.2,2.322,3.45,6.958,8.33,5.566,6.09,,,1022.9,1028.6,-1.579,0.4,8.817,9.2
2018-11-11,217.875,258.0,7.954,10.5,10.008,12.7,1.142,1.64,5.753,7.69,4.368,5.75,,,1024.713,1027.0,2.454,4.9,8.242,8.7
2018-11-12,314.25,347.0,6.967,8.7,8.587,10.5,0.762,0.86,4.341,5.0,3.625,3.82,,,1026.013,1027.8,2.717,5.0,7.792,7.9
2018-11-13,326.125,342.0,7.9,9.4,10.35,12.3,1.191,1.59,5.42,6.67,4.315,4.8,,,1028.242,1030.9,-1.967,0.0,7.762,8.0
2018-11-14,216.957,356.0,4.63,7.3,6.57,10.4,0.732,1.12,4.764,6.25,3.842,4.38,,,1033.857,1036.5,-2.187,0.0,7.661,7.8
2018-11-15,123.435,214.0,5.496,7.2,6.996,9.2,0.532,0.76,3.86,4.76,3.357,3.73,,,1022.613,1031.7,1.525,2.5,7.404,7.5
2018-11-16,265.708,310.0,9.392,11.5,11.363,14.6,1.275,1.74,5.01,6.25,4.164,4.74,,,1011.392,1016.9,3.354,4.8,7.154,7.4
2018-11-17,191.708,359.0,6.213,8.5,7.675,10.4,0.911,1.27,5.206,6.25,4.04,4.28,,,1023.775,1027.5,2.242,4.2,6.979,7.1
2018-11-18,207.625,360.0,4.829,7.8,6.35,9.8,0.549,0.91,4.531,5.88,3.563,4.23,,,1025.429,1027.6,1.858,2.5,7.104,7.2
2018-11-19,253.792,336.0,6.583,7.9,8.167,10.2,0.648,0.9,3.92,4.55,3.382,3.77,,,1019.083,1022.4,1.383,2.1,6.979,7.1
2018-11-20,181.667,360.0,7.217,12.8,9.083,15.3,1.19,1.7,5.803,7.69,4.416,5.47,,,1020.492,1024.0,0.771,2.0,6.796,6.9
2018-11-21,175.583,359.0,9.617,13.2,11.9,15.9,1.503,1.94,5.721,7.14,4.582,5.07,,,1023.279,1030.2,0.596,1.9,6.583,6.8
2018-11-22,97.5,129.0,7.788,11.1,9.838,13.3,1.02,1.51,4.918,6.67,4.023,4.57,,,1029.867,1031.6,-0.383,1.9,6.433,6.5
2018-11-23,149.917,162.0,10.679,11.9,12.708,14.6,1.697,2.09,5.847,6.25,4.725,5.06,,,1017.771,1025.1,5.171,8.2,6.275,6.4
2018-11-24,188.375,261.0,8.229,10.4,9.808,12.5,1.062,1.43,4.891,5.56,4.011,4.45,,,1001.409,1008.7,7.004,7.9,6.017,6.2
2018-11-25,225.042,357.0,7.537,11.5,9.033,13.3,0.894,1.39,4.623,5.26,3.852,4.24,,,1009.625,1013.5,4.454,6.0,5.992,6.0
2018-11-26,156.083,357.0,14.025,16.6,17.287,20.6,2.947,4.05,7.606,9.09,5.922,6.81,,,1007.704,1013.2,0.854,3.1,5.804,6.0
2018-11-27,312.667,329.0,7.425,9.9,10.004,12.2,1.347,2.0,6.046,7.69,4.572,5.46,,,1013.45,1014.2,-1.608,-0.1,5.992,6.0
2018-11-28,283.542,333.0,5.438,9.7,7.646,11.7,0.733,1.21,4.595,5.56,3.785,4.28,,,1017.1,1019.1,-3.379,-2.2,5.862,6.0
2018-11-29,165.077,211.0,6.562,8.2,8.092,10.0,0.696,1.05,4.066,5.0,3.557,4.02,,,1016.285,1017.9,-0.069,0.9,5.654,5.7
2019-05-06,225.699,360.0,3.6,8.4,4.699,10.2,0.296,0.87,3.807,4.76,2.909,3.83,309.364,346.0,1015.459,1018.9,4.067,7.0,3.592,3.6
2019-05-07,37.056,359.0,5.568,8.0,6.738,9.6,0.71,0.94,4.896,12.9,3.692,4.1,208.167,358.0,1023.428,1026.8,4.337,5.2,3.547,3.6
2019-05-08,81.972,360.0,6.094,9.1,7.299,11.2,0.7,0.95,4.289,5.26,3.615,4.13,58.667,358.0,1021.569,1025.9,5.049,7.3,3.538,3.6
2019-05-09,164.748,332.0,5.715,10.9,7.147,14.1,0.703,1.33,4.645,17.39,3.523,4.27,154.348,301.0,1007.409,1011.1,6.897,10.7,3.584,3.7
2019-05-10,249.271,356.0,3.468,6.4,4.274,7.8,0.358,0.49,3.375,3.85,3.064,3.35,276.708,356.0,1017.944,1023.0,4.283,6.2,3.669,4.0
2019-05-11,127.331,323.0,2.206,4.5,2.704,6.0,0.164,0.26,4.26,4.35,3.662,4.12,6.5,8.0,1021.612,1023.6,3.91,6.2,3.636,3.8
2019-05-12,99.424,360.0,4.82,7.2,5.746,8.6,0.302,0.56,3.114,3.57,2.7,3.12,65.4,359.0,1013.69,1017.9,4.36,5.1,3.644,3.7
2019-05-13,291.347,360.0,3.811,6.8,4.559,7.9,0.352,0.57,3.555,4.35,3.063,3.42,165.0,359.0,1012.832,1015.7,4.228,4.9,3.701,3.8
2019-05-14,216.368,360.0,2.656,3.8,3.116,5.0,0.135,0.26,3.33,3.33,3.065,3.37,359.0,359.0,1017.244,1018.9,4.883,6.5,3.704,3.9
2019-05-15,201.729,266.0,2.968,3.8,3.335,4.2,0.043,0.08,,,3.063,4.64,,,1015.354,1016.2,6.294,7.1,3.812,4.2
2019-05-16,173.306,234.0,4.495,11.7,5.237,15.7,0.212,0.61,3.17,3.85,2.88,3.58,182.5,190.0,1010.797,1014.2,7.049,9.4,3.747,3.8
2019-05-17,186.951,360.0,6.242,10.3,7.74,12.4,0.768,1.24,4.701,5.88,3.617,4.42,189.95,359.0,1010.531,1015.7,5.669,9.4,3.79,3.8
2019-05-18,158.681,355.0,3.908,16.2,5.104,20.8,0.541,1.13,4.579,5.56,3.643,4.49,75.478,358.0,1011.519,1015.2,5.99,13.9,3.857,4.1
2019-05-19,154.924,359.0,5.103,8.9,6.229,13.8,0.599,0.91,4.84,6.67,3.574,4.18,252.875,357.0,1004.807,1009.0,7.447,10.4,3.856,4.0
2019-05-20,286.972,341.0,4.233,7.4,5.184,11.8,0.593,0.82,4.845,6.67,3.726,4.12,223.125,356.0,1014.451,1022.7,5.633,8.6,3.919,4.1
2019-05-21,140.643,356.0,3.373,5.9,4.017,7.0,0.335,0.48,4.567,5.26,3.413,4.11,38.75,358.0,1021.658,1023.0,4.874,6.7,3.92,4.0
2019-05-22,121.898,188.0,6.326,11.9,7.603,14.6,0.679,1.1,3.982,5.0,3.357,4.06,142.583,269.0,1013.367,1017.6,7.287,10.2,3.965,4.1
2019-05-23,207.868,340.0,4.813,8.1,5.782,10.7,0.435,0.62,3.695,4.55,3.14,3.34,197.125,265.0,1013.958,1018.0,8.327,10.6,4.122,4.6
2019-05-24,167.049,360.0,2.614,7.5,3.406,10.7,0.17,0.36,2.9,3.23,2.83,3.17,160.667,268.0,1019.808,1024.2,7.201,11.5,4.424,4.7
2019-05-25,180.431,233.0,5.288,7.6,6.289,11.3,0.392,0.58,3.355,4.0,2.932,3.29,161.833,238.0,1012.633,1015.6,9.03,14.0,4.333,4.5
2019-05-26,213.125,360.0,3.314,5.4,4.023,6.6,0.139,0.3,2.6,2.6,2.595,2.87,11.0,11.0,1016.592,1019.7,7.642,10.1,4.463,4.6
2019-05-27,182.021,360.0,2.858,8.0,3.519,9.6,0.184,0.45,3.154,3.57,2.897,4.79,78.75,286.0,1016.426,1019.8,6.963,10.0,4.644,5.1
2019-05-28,262.743,357.0,5.542,9.1,6.808,11.1,0.614,0.85,4.145,5.56,3.428,4.18,231.25,352.0,1006.676,1010.3,6.764,10.6,4.477,4.6
2019-05-29,233.812,358.0,2.276,5.8,3.145,7.1,0.414,0.79,5.162,6.25,3.793,4.57,273.176,359.0,1009.015,1010.4,5.158,7.5,4.526,5.1
2019-05-30,179.882,359.0,2.762,9.7,3.686,12.4,0.155,0.47,3.095,3.57,2.972,3.48,210.75,261.0,1008.601,1010.0,7.808,11.0,4.872,5.2
2019-05-31,205.91,274.0,3.607,5.9,4.124,7.1,0.095,0.27,2.323,2.47,2.775,3.27,20.333,24.0,1010.635,1012.2,8.265,10.2,5.046,5.4
2019-06-01,183.278,358.0,4.624,10.8,6.157,16.9,0.353,0.67,3.344,4.35,2.828,3.51,249.5,354.0,1009.06,1010.9,8.51,14.0,5.197,5.5
2019-06-02,249.799,360.0,3.99,6.8,4.875,11.8,0.372,0.55,3.454,4.35,3.052,3.54,88.083,359.0,1012.835,1016.4,6.215,7.5,5.106,5.5
2019-06-03,128.88,359.0,2.672,5.4,3.149,6.8,0.32,0.48,3.78,4.55,3.29,3.84,13.917,18.0,1019.91,1023.1,6.876,9.5,5.374,6.2
2019-06-04,150.608,227.0,3.842,6.3,4.519,8.7,0.214,0.49,3.388,4.35,3.132,4.04,195.4,222.0,1016.208,1020.2,8.509,11.2,5.937,6.8
2019-06-05,176.426,360.0,3.541,7.4,4.347,13.0,0.224,0.36,3.127,3.57,2.75,3.06,196.714,206.0,1007.492,1009.2,10.18,15.4,6.099,7.3
2019-06-06,267.472,359.0,2.583,5.4,3.265,6.5,0.203,0.26,3.23,3.23,2.86,3.09,8.0,10.0,1012.66,1014.7,7.263,8.5,6.635,7.4
2019-06-07,142.382,360.0,3.059,5.5,3.586,6.4,0.118,0.23,,,2.702,3.01,,,1015.534,1017.3,8.671,11.0,7.168,8.2
2019-06-08,42.799,84.0,4.237,6.0,4.878,7.2,0.208,0.36,2.942,3.23,2.61,2.96,53.2,199.0,1017.18,1018.5,10.528,12.0,7.479,8.3
2019-06-09,63.778,98.0,3.735,5.4,4.281,7.6,0.202,0.31,2.9,2.94,2.663,2.88,80.0,84.0,1015.78,1016.5,11.692,13.4,8.207,8.6
2019-06-10,278.778,355.0,4.158,8.3,5.026,10.1,0.42,0.77,4.077,4.55,3.184,3.9,329.2,358.0,1016.776,1020.5,10.022,13.3,8.304,9.2
2019-06-11,191.986,312.0,3.172,4.9,3.757,7.4,0.261,0.39,4.069,4.55,3.242,3.75,238.214,354.0,1021.345,1023.2,11.106,15.5,9.051,10.2
2019-06-12,173.521,360.0,4.075,7.9,5.045,14.4,0.253,0.56,3.246,3.7,2.875,3.22,199.2,352.0,1014.624,1019.0,11.81,15.0,8.99,9.9
2019-06-13,272.573,358.0,6.82,13.0,8.56,17.3,1.132,2.22,5.883,7.14,4.103,5.1,125.118,356.0,1010.035,1014.9,8.701,10.8,7.327,8.9
2019-06-14,211.799,254.0,5.244,8.1,6.142,9.5,0.56,0.87,4.638,5.88,3.583,4.59,70.833,190.0,1014.874,1017.2,9.045,11.3,6.275,6.4
2019-06-15,175.889,338.0,4.801,10.1,5.754,12.2,0.498,0.83,4.07,4.55,3.325,3.85,195.048,207.0,1009.869,1011.9,9.642,13.0,6.55,6.9
2019-06-16,46.07,360.0,4.303,6.9,5.133,8.3,0.421,0.53,3.712,4.55,3.181,3.52,216.909,358.0,1010.341,1013.4,8.33,10.4,6.754,6.9
2019-06-17,102.972,360.0,3.267,4.5,3.853,5.6,0.29,0.5,4.243,4.76,3.119,3.56,348.917,353.0,1015.88,1017.8,8.15,8.5,6.91,7.3
2019-06-18,254.704,357.0,1.611,3.3,2.152,4.0,0.071,0.13,,,2.975,4.23,,,1015.539,1017.1,9.817,14.1,7.529,8.3
2019-06-19,216.903,360.0,3.014,6.8,3.769,8.5,0.144,0.56,3.308,4.17,3.066,4.14,312.833,350.0,1010.089,1012.1,10.595,13.3,8.554,10.2
2019-06-20,231.403,360.0,5.881,8.1,6.993,9.8,0.637,0.77,4.237,5.0,3.415,3.73,234.958,358.0,1005.731,1010.0,9.14,10.8,8.045,8.6
2019-06-21,265.035,360.0,3.474,5.2,4.163,6.1,0.37,0.67,4.336,4.76,3.294,3.83,221.062,359.0,1015.162,1018.7,9.931,11.1,8.768,9.6
2019-06-22,54.41,88.0,4.154,6.4,4.797,7.5,0.214,0.34,2.35,2.35,2.564,2.71,234.5,251.0,1016.897,1019.9,11.407,13.9,9.101,10.0
2019-06-23,98.9,130.0,4.72,7.6,5.53,8.9,,,,,,,,,1014.329,1018.1,13.443,14.5,10.064,10.4
2019-06-24,188.177,249.0,4.805,9.1,5.751,12.0,0.315,0.37,3.209,3.45,2.84,2.96,174.667,189.0,1002.767,1007.5,12.908,13.6,10.148,10.4
2019-06-25,211.077,262.0,4.766,9.2,5.678,13.8,0.355,0.47,3.115,3.57,2.85,3.16,190.727,235.0,1008.945,1012.1,12.59,14.9,10.075,10.5
2019-06-26,198.146,285.0,3.26,5.0,3.762,5.8,0.175,0.34,3.743,4.35,2.917,3.73,195.5,202.0,1016.003,1019.4,13.638,15.8,10.644,12.3
2019-06-27,149.951,311.0,2.892,6.6,3.418,14.1,0.107,0.22,,,2.781,3.73,,,1020.82,1022.9,15.338,18.5,12.024,14.2
2019-06-28,170.493,354.0,3.569,9.8,4.648,14.3,0.215,0.35,3.19,3.7,2.687,3.01,321.5,354.0,1020.497,1024.2,14.89,19.3,12.271,13.0
2019-06-29,196.035,358.0,1.386,3.7,1.935,4.1,0.073,0.16,,,3.018,4.44,,,1019.625,1020.8,15.413,20.5,13.005,15.0
2019-06-30,157.715,360.0,2.119,7.7,2.747,13.9,0.091,0.22,,,2.869,3.71,,,1017.906,1020.2,17.141,21.5,14.748,16.2
2019-07-01,174.049,359.0,2.145,5.0,2.787,8.7,0.097,0.19,,,2.922,4.18,,,1015.844,1017.4,16.341,19.1,15.019,15.9
2019-07-02,172.868,355.0,2.751,9.3,3.515,15.1,0.09,0.27,2.475,2.6,2.7,3.75,256.5,336.0,1012.526,1014.2,19.238,21.3,16.677,17.5
2019-07-03,214.368,360.0,2.383,4.2,3.189,5.6,0.141,0.3,3.13,3.13,2.78,3.14,341.0,341.0,1012.847,1015.0,17.583,19.8,17.089,18.0
2019-07-04,166.582,358.0,1.897,4.0,2.41,4.6,0.104,0.15,,,2.676,3.0,,,1014.376,1015.5,19.033,22.5,18.012,19.8
2019-07-05,173.916,320.0,2.271,5.1,2.851,6.4,0.097,0.18,,,2.577,3.11,,,1015.345,1017.2,21.508,23.5,20.021,21.4
2019-07-06,134.59,359.0,5.249,10.5,6.456,13.6,0.457,1.33,3.834,5.0,3.015,4.13,155.857,354.0,1016.019,1017.4,19.916,23.2,19.588,21.6
2019-07-07,138.312,360.0,6.352,9.3,7.751,12.0,0.91,1.48,5.197,6.25,3.943,4.62,266.458,359.0,1017.588,1019.2,15.847,17.7,15.232,15.8
2019-07-08,78.528,359.0,3.352,6.4,4.041,8.0,0.316,0.7,4.041,4.55,3.26,3.78,11.917,19.0,1018.486,1019.8,16.447,18.2,16.107,17.7
2019-07-09,98.451,158.0,2.453,3.8,2.856,4.6,0.114,0.2,,,2.771,3.08,,,1017.408,1018.8,18.418,20.9,17.468,18.7
2019-07-10,160.375,201.0,4.644,8.1,5.373,11.6,0.256,0.41,3.232,3.7,2.762,3.14,169.8,321.0,1013.046,1015.1,20.247,21.5,17.973,18.9
2019-07-11,247.69,359.0,4.57,8.0,5.511,9.9,0.303,0.84,3.689,5.26,2.855,4.08,235.5,359.0,1012.794,1014.9,18.61,21.7,17.945,18.7
2019-07-12,236.854,359.0,3.855,6.0,4.656,7.0,0.382,0.73,4.591,5.56,3.39,4.07,63.2,359.0,1015.404,1016.9,17.601,20.0,17.96,18.7
2019-07-13,179.75,247.0,3.824,6.3,4.533,7.2,0.28,0.43,3.083,3.33,2.876,3.05,191.6,212.0,1014.508,1016.6,19.899,22.2,18.251,19.3
2019-07-14,120.056,359.0,2.901,4.1,3.429,5.0,0.146,0.21,,,2.703,3.07,,,1019.792,1021.8,19.683,21.1,19.051,19.9
2019-07-15,162.09,222.0,3.646,6.0,4.317,7.2,0.193,0.32,3.0,3.45,2.759,3.0,191.091,205.0,1017.287,1019.4,21.525,23.7,20.051,20.8
2019-07-16,200.132,287.0,3.9,8.6,4.726,10.6,0.48,0.81,3.912,4.55,3.279,3.62,190.545,210.0,1013.961,1016.1,21.915,23.4,20.553,21.2
2019-07-17,179.14,355.0,1.484,3.8,1.905,4.3,0.068,0.17,,,3.247,4.89,,,1012.807,1014.5,21.907,23.5,21.254,23.0
2019-07-18,172.576,288.0,5.276,12.5,6.551,15.5,0.407,1.24,4.061,5.56,2.982,4.44,182.2,192.0,1011.081,1015.3,22.365,23.1,21.787,22.8
2019-07-19,181.924,250.0,4.933,9.9,5.858,11.8,0.503,0.92,4.08,5.26,3.306,4.04,183.545,198.0,1009.014,1010.5,22.268,23.0,20.328,20.6
2019-07-20,147.764,315.0,6.448,11.8,8.291,16.3,0.58,1.14,3.872,5.0,3.2,4.05,133.2,358.0,1011.153,1015.7,21.89,23.3,20.176,20.6
2019-07-21,89.222,360.0,4.983,8.3,6.273,10.1,0.46,1.03,3.312,4.55,3.016,3.92,112.542,359.0,1013.675,1015.6,19.794,21.1,19.943,20.5
2019-07-22,143.729,360.0,8.235,10.7,10.044,13.1,1.064,1.5,4.851,6.25,3.909,4.53,45.958,359.0,1016.86,1018.3,19.315,21.1,20.26,20.5
2019-07-23,263.097,358.0,4.751,7.7,5.782,9.2,0.505,1.09,3.904,5.56,3.373,4.34,196.625,346.0,1018.953,1019.7,19.283,20.0,19.987,20.2
2019-07-24,234.125,360.0,3.302,5.5,4.015,6.6,0.334,0.58,4.297,5.0,3.251,3.89,14.5,28.0,1020.967,1022.9,19.765,21.6,20.169,21.2
2019-07-25,206.785,242.0,3.805,5.8,4.535,7.2,0.238,0.4,3.056,3.23,2.827,3.45,215.0,225.0,1021.593,1023.2,21.08,22.0,20.597,21.3
2019-07-26,175.458,202.0,4.686,7.3,5.537,8.9,0.345,0.65,3.592,4.17,2.804,3.34,195.769,205.0,1021.978,1023.5,21.79,22.6,20.943,21.1
2019-07-27,191.125,206.0,7.981,9.6,9.616,12.0,0.895,1.08,4.479,5.26,3.659,4.06,191.208,199.0,1018.478,1020.2,22.72,23.7,20.946,21.3
2019-07-28,206.931,275.0,4.503,7.6,5.337,9.0,0.475,0.64,3.91,4.35,3.262,3.5,190.5,208.0,1016.397,1017.3,22.565,23.9,21.044,21.5
2019-07-29,202.021,311.0,5.232,8.8,6.301,11.3,0.588,0.92,4.086,5.0,3.312,4.05,186.524,207.0,1011.485,1014.2,22.668,23.4,21.152,21.5
2019-07-30,250.444,360.0,5.678,8.3,6.839,10.0,0.598,1.01,4.179,5.56,3.357,4.07,208.8,358.0,1014.8,1017.8,20.535,22.5,21.133,21.5
2019-07-31,112.93,360.0,6.742,9.2,8.249,11.7,0.752,0.85,4.487,5.56,3.584,4.01,14.783,22.0,1020.94,1023.0,18.687,19.6,21.095,21.7
2019-08-01,102.674,360.0,3.582,7.0,4.39,8.2,0.377,0.66,4.204,4.76,3.163,3.48,12.5,19.0,1022.194,1023.6,19.908,20.9,21.416,22.4
2019-08-02,84.42,360.0,2.678,5.5,3.283,6.6,0.198,0.3,2.994,3.23,2.801,3.73,34.3,51.0,1021.544,1022.6,20.853,22.2,21.68,22.6
2019-08-03,181.514,357.0,2.332,5.6,2.826,6.6,0.096,0.28,2.6,2.6,2.827,3.7,221.0,221.0,1018.979,1019.9,21.881,23.2,22.116,22.7
2019-08-04,264.049,360.0,2.645,4.6,3.304,5.5,0.18,0.32,3.554,3.85,2.778,3.12,333.2,338.0,1017.376,1018.5,21.377,23.1,22.107,22.7
2019-08-05,176.09,246.0,3.5,5.3,4.221,7.8,0.215,0.27,2.665,2.86,2.746,3.39,127.5,236.0,1014.603,1016.4,22.496,24.2,22.45,22.9
2019-08-06,278.931,353.0,4.385,13.5,5.555,17.7,0.368,0.84,3.468,4.35,2.91,3.57,283.474,354.0,1009.551,1011.8,21.367,25.0,22.369,22.9
2019-08-07,215.38,360.0,2.789,5.8,3.404,6.9,0.172,0.33,2.605,2.74,2.677,3.12,116.0,213.0,1009.865,1011.0,22.481,24.0,22.665,23.4
2019-08-08,233.722,360.0,5.422,11.7,6.708,16.3,0.58,0.84,3.868,5.0,3.292,3.74,270.333,349.0,1009.192,1011.2,21.714,24.2,22.791,23.3
2019-08-09,291.653,360.0,4.071,6.7,5.033,8.6,0.483,0.7,3.933,4.55,3.319,3.6,293.609,359.0,1013.34,1015.3,21.568,23.3,22.505,23.2
2019-08-10,228.84,358.0,2.758,5.2,3.415,6.6,0.213,0.35,3.373,4.55,2.908,3.78,40.25,69.0,1015.684,1017.2,22.051,22.5,22.422,23.0
2019-08-11,149.486,249.0,4.16,6.9,5.054,8.4,0.295,0.58,3.375,3.7,2.893,3.39,179.583,189.0,1016.019,1017.2,22.579,23.3,23.043,23.3
2019-08-12,216.062,355.0,2.203,4.5,2.76,5.4,0.114,0.22,,,2.77,3.17,,,1012.474,1013.6,22.685,23.4,22.999,23.3
2019-08-13,88.503,360.0,4.486,6.7,5.373,8.0,0.335,0.63,3.369,4.0,2.876,3.37,14.158,27.0,1009.97,1011.5,22.401,22.9,22.987,23.4
2019-08-14,52.094,108.0,5.455,10.5,6.64,12.4,0.684,1.01,4.908,6.25,3.687,4.48,139.5,359.0,1013.146,1014.2,21.764,22.6,22.992,23.6
2019-08-15,78.708,360.0,6.175,10.3,7.685,12.6,0.873,1.2,4.837,5.88,3.854,4.3,155.458,357.0,1015.484,1016.8,19.727,21.4,22.62,22.9
2019-08-16,161.797,358.0,4.517,8.0,5.637,9.5,0.4,0.71,3.556,5.0,3.079,3.56,207.1,359.0,1013.904,1016.0,21.452,23.6,22.571,22.9
2019-08-17,217.091,338.0,3.06,8.1,3.908,13.1,0.307,0.68,3.878,4.76,2.939,3.9,182.231,196.0,1011.935,1013.9,22.638,23.8,22.781,23.5
2019-08-18,182.715,291.0,5.31,14.4,6.683,22.8,0.544,1.15,4.246,5.0,3.17,3.94,188.467,201.0,1010.176,1012.1,22.711,23.6,22.99,23.4
2019-08-19,193.86,359.0,3.006,5.7,3.76,7.4,0.266,0.59,3.468,4.35,2.877,3.37,215.091,333.0,1014.811,1017.5,22.923,24.7,23.235,24.1
2019-08-20,129.476,359.0,3.113,6.5,3.856,8.1,0.172,0.32,2.632,2.94,2.804,3.17,114.25,191.0,1015.508,1017.0,23.135,23.8,23.428,24.0
2019-08-21,226.819,357.0,3.708,7.2,4.579,8.7,0.207,0.42,2.84,3.03,2.631,2.9,231.143,276.0,1013.697,1015.0,22.819,23.8,23.283,23.7
2019-08-22,54.556,359.0,5.371,9.0,6.676,10.9,0.568,1.19,3.755,4.76,3.266,3.82,34.182,226.0,1016.123,1018.1,21.031,22.3,23.156,23.4
2019-08-23,38.979,359.0,7.231,9.0,8.96,11.0,0.838,1.21,4.565,5.26,3.613,3.97,30.333,358.0,1021.609,1024.3,19.561,20.7,22.794,23.1
2019-08-24,72.873,130.0,6.238,8.4,7.743,10.7,0.758,1.09,4.369,5.56,3.668,4.27,66.174,118.0,1024.894,1026.9,19.824,20.9,22.43,22.8
2019-08-25,102.78,145.0,6.59,9.3,8.109,11.5,0.721,1.26,3.92,4.76,3.406,4.01,106.208,144.0,1021.376,1023.4,20.156,22.0,22.182,22.4
2019-08-26,123.674,137.0,9.684,11.9,11.918,14.7,1.215,1.61,4.735,5.26,3.949,4.45,129.833,148.0,1011.714,1016.8,20.556,22.4,21.883,22.2
2019-08-27,232.868,268.0,7.085,9.7,8.653,12.1,0.793,1.2,4.108,5.26,3.475,4.08,210.375,257.0,1007.379,1009.4,21.321,22.5,21.717,22.0
2019-08-28,262.25,280.0,8.767,11.8,10.817,14.6,1.065,1.52,4.569,5.26,3.837,4.2,254.417,281.0,1011.458,1012.8,20.474,23.1,21.623,21.9
2019-08-29,236.965,291.0,7.092,10.6,8.669,13.1,0.752,1.24,4.015,5.0,3.405,4.02,243.042,286.0,1012.431,1014.8,21.138,23.5,21.44,21.6
2019-08-30,297.056,360.0,5.459,9.5,6.889,11.5,0.78,1.09,4.748,5.26,3.735,4.2,262.25,353.0,1016.96,1022.0,19.877,23.4,21.399,21.5
2019-08-31,74.816,111.0,6.369,8.5,7.812,10.8,0.605,1.02,3.78,4.76,3.314,3.97,75.583,199.0,1025.044,1027.0,19.144,20.4,21.207,21.4
2019-09-01,118.549,315.0,5.058,7.9,6.308,10.1,0.509,0.75,3.628,4.35,3.16,3.55,114.789,139.0,1021.908,1024.1,18.57,20.7,21.017,21.2
2019-09-02,228.056,352.0,3.726,5.8,4.605,7.5,0.276,0.51,3.235,3.57,2.849,3.15,272.455,284.0,1018.672,1019.5,19.744,20.7,20.994,21.3
2019-09-03,178.38,239.0,7.62,14.7,9.511,19.7,0.882,1.88,4.639,6.67,3.642,5.11,190.833,322.0,1012.727,1018.2,21.047,22.3,21.012,21.2
2019-09-04,319.958,360.0,7.163,10.1,9.019,12.7,0.999,1.38,5.212,6.25,3.988,4.62,174.826,356.0,1016.155,1021.4,18.876,22.8,20.84,21.0
2019-09-05,148.241,360.0,2.609,5.6,4.013,7.4,0.366,0.79,4.957,5.88,3.422,4.28,29.133,352.0,1021.407,1022.9,17.056,17.8,20.897,21.8
2019-09-06,247.729,347.0,8.236,12.9,10.185,15.9,0.904,1.9,4.214,5.88,3.535,4.97,246.783,356.0,1013.693,1018.6,19.163,20.3,20.619,21.1
2019-09-07,258.958,360.0,6.159,11.4,7.724,14.8,1.001,1.99,5.473,7.14,4.127,5.27,86.375,357.0,1016.859,1017.9,18.384,20.1,19.947,20.1
2019-09-08,51.938,91.0,5.007,7.3,6.366,9.0,0.579,0.77,4.61,6.25,3.385,3.9,11.458,29.0,1019.626,1021.8,17.181,18.9,19.914,20.0
2019-09-09,98.601,124.0,5.583,8.0,6.874,9.8,0.562,0.73,3.933,5.26,3.292,3.54,151.762,359.0,1022.308,1023.9,17.415,20.1,19.878,20.0
2019-09-10,166.618,282.0,6.204,10.0,7.717,12.2,0.67,1.18,3.982,5.0,3.37,4.14,165.292,312.0,1018.108,1020.3,20.877,22.7,19.974,20.3
2019-09-11,201.729,358.0,3.707,8.8,4.492,13.3,0.241,0.5,3.289,3.7,2.816,3.23,185.7,195.0,1018.297,1019.8,21.482,22.7,20.276,20.6
2019-09-12,180.803,359.0,5.37,11.3,6.989,20.6,0.818,1.16,5.668,7.14,4.219,5.29,270.167,359.0,1019.106,1021.0,19.532,21.8,20.234,20.6
2019-09-13,176.049,268.0,8.445,11.9,10.628,15.5,1.063,1.51,4.715,5.26,3.918,4.58,150.167,244.0,1015.833,1018.5,20.519,21.9,20.247,20.3
2019-09-14,239.986,292.0,6.616,11.0,8.255,14.6,0.691,1.57,3.751,5.26,3.338,4.21,246.826,280.0,1021.041,1023.6,18.272,19.9,19.884,20.2
2019-09-15,179.417,213.0,6.736,11.0,8.326,13.4,0.833,1.66,4.43,6.25,3.627,4.82,189.25,201.0,1018.275,1020.1,20.052,21.5,19.706,19.9
2019-09-16,198.139,360.0,3.115,5.5,3.881,6.5,0.218,0.43,3.572,4.0,2.847,3.2,291.5,343.0,1018.728,1021.2,19.342,20.6,19.635,19.8
2019-09-17,117.111,358.0,2.174,4.7,2.976,5.9,0.24,0.33,3.422,3.85,2.935,3.36,87.462,355.0,1021.619,1023.3,17.981,19.7,19.813,20.5
2019-09-18,133.757,179.0,5.151,8.3,6.218,10.3,0.457,0.86,3.838,4.55,3.17,3.86,146.263,182.0,1020.467,1021.9,19.917,21.3,19.96,20.2
2019-09-19,156.72,206.0,5.042,7.8,6.139,9.7,0.539,0.88,3.862,4.55,3.25,3.8,178.619,317.0,1018.927,1020.2,20.586,22.0,20.113,20.6
2019-09-20,154.28,326.0,2.064,4.9,2.528,5.8,0.09,0.19,,,2.59,2.87,,,1019.395,1021.1,20.874,21.7,20.418,21.1
2019-09-21,167.455,196.0,5.966,11.8,7.153,14.3,0.466,1.19,3.908,4.55,3.035,3.77,185.286,194.0,1018.462,1019.9,21.439,21.8,20.611,21.4
2019-09-22,197.625,213.0,8.61,11.4,10.583,14.8,1.073,1.47,4.925,5.56,3.939,4.37,193.708,202.0,1012.906,1016.1,21.159,22.0,20.297,20.4
2019-09-23,281.243,312.0,6.652,10.3,8.188,12.7,0.755,1.29,4.154,5.0,3.499,3.99,276.208,340.0,1012.872,1016.0,18.558,20.3,20.21,20.4
2019-09-24,234.118,287.0,6.079,8.3,7.409,10.3,0.532,0.83,3.463,4.17,3.078,3.36,246.042,314.0,1014.022,1016.0,19.863,21.4,20.105,20.2
2019-09-25,215.465,279.0,9.137,12.2,11.337,15.6,1.207,1.73,5.265,6.25,4.1,4.69,189.333,199.0,1006.342,1008.9,20.19,21.6,20.026,20.2
2019-09-26,275.25,306.0,7.328,11.1,9.095,14.2,0.798,1.33,4.039,4.76,3.485,3.88,297.125,322.0,1011.755,1015.0,18.051,21.1,19.703,19.9
2019-09-27,183.931,222.0,9.345,17.6,11.649,22.4,1.208,1.88,4.967,6.25,4.042,4.9,189.458,298.0,1009.697,1013.6,18.788,19.5,19.511,19.7
2019-09-28,80.319,360.0,6.61,9.2,8.292,14.3,1.062,1.55,5.573,7.14,4.224,5.41,188.083,359.0,1015.118,1023.0,17.298,19.0,19.213,19.3
2019-09-29,83.5,113.0,9.803,12.0,11.981,14.9,1.412,1.67,5.549,6.67,4.42,4.75,104.833,359.0,1023.117,1024.9,16.185,18.1,18.926,19.2
2019-09-30,140.299,188.0,6.811,8.3,8.192,10.4,0.738,1.2,4.051,5.56,3.467,4.33,121.609,170.0,1017.651,1020.8,18.839,20.9,18.24,18.7
2019-10-01,188.713,343.0,4.824,6.6,5.685,7.9,0.378,0.53,3.41,3.85,3.009,3.28,185.947,199.0,1013.334,1015.5,19.691,20.8,18.361,18.9
2019-10-02,85.812,360.0,7.377,11.4,9.158,13.7,1.154,1.94,5.615,7.69,4.144,5.34,241.545,359.0,1011.315,1013.1,18.67,20.9,18.59,19.0
2019-10-03,191.778,322.0,9.201,12.3,11.418,15.6,1.388,2.22,5.415,7.14,4.244,5.13,205.667,358.0,,,,,17.98,18.5
2019-10-04,143.909,359.0,8.274,11.9,10.756,15.4,1.465,1.85,6.486,7.69,4.72,5.07,202.292,359.0,,,,,18.063,18.3
2019-10-05,124.924,191.0,7.702,12.0,9.828,14.8,1.067,1.36,5.036,6.67,3.992,4.45,102.167,170.0,,,,,17.517,17.8
2019-10-06,229.292,296.0,9.239,12.7,11.431,16.5,1.084,1.62,4.428,5.56,3.776,4.38,224.125,291.0,,,,,17.217,17.4
2019-10-07,233.576,342.0,6.608,10.2,8.073,12.8,0.685,0.89,3.984,4.76,3.373,3.79,240.682,269.0,,,,,17.044,17.2
2019-10-08,149.403,166.0,5.061,7.4,6.035,8.8,0.413,0.77,3.801,4.76,3.035,3.77,170.765,355.0,,,,,16.99,17.2
2019-10-09,131.549,154.0,5.347,7.5,6.437,8.9,0.52,0.79,3.704,4.55,3.161,3.96,173.273,320.0,,,,,16.86,17.3
2019-10-10,123.625,152.0,6.569,9.9,7.96,12.3,0.715,1.22,4.261,5.0,3.398,4.08,141.19,157.0,,,,,16.327,16.9
2019-10-11,170.389,272.0,8.582,12.1,10.699,15.2,1.001,1.9,4.538,6.25,3.735,4.77,160.417,259.0,,,,,15.893,16.5
2019-10-12,236.007,273.0,11.956,13.8,15.57,17.9,1.947,2.33,5.976,6.67,4.81,5.23,233.125,268.0,,,,,15.432,15.7
2019-10-13,253.361,326.0,9.045,14.8,11.788,19.3,1.433,2.33,5.544,7.14,4.387,5.43,212.042,275.0,,,,,15.214,15.5
2019-10-14,265.84,298.0,7.349,11.2,9.633,14.8,0.931,1.53,4.491,5.26,3.708,4.37,290.792,311.0,,,,,14.459,14.7
2019-10-15,174.257,219.0,7.381,11.3,9.117,14.3,0.835,1.6,4.085,5.56,3.485,4.32,179.333,233.0,,,,,14.406,14.7
2019-10-16,305.785,329.0,12.574,15.4,15.975,20.4,2.389,3.53,6.93,9.09,5.315,6.41,218.5,358.0,,,,,13.526,14.4
2019-10-17,331.34,360.0,7.778,11.2,9.928,15.1,1.592,2.61,7.031,9.09,4.902,6.24,8.0,19.0,,,,,12.9,13.1
2019-10-18,166.368,359.0,3.881,6.8,5.25,8.9,0.501,0.87,4.4,5.88,3.53,4.13,127.043,359.0,,,,,13.16,13.4
2019-10-19,153.472,170.0,7.59,9.5,9.208,11.7,0.85,1.2,4.334,5.26,3.589,4.17,162.417,178.0,,,,,13.16,13.3
2019-10-20,221.896,359.0,3.896,6.7,5.103,8.2,0.328,0.38,3.154,3.85,2.872,3.25,227.182,355.0,,,,,13.094,13.2
2019-10-21,113.417,211.0,8.836,19.0,11.076,24.0,1.171,2.75,4.79,7.14,3.836,5.6,134.095,242.0,,,,,12.845,13.1
2019-10-22,214.035,243.0,12.767,15.0,16.274,19.6,1.959,2.48,6.131,7.14,4.813,5.21,202.667,224.0,,,,,12.16,12.6
2019-10-23,225.406,258.0,10.085,14.1,12.591,18.4,1.361,1.99,5.2,6.25,4.166,5.03,217.25,237.0,,,,,10.965,11.3
2019-10-24,264.135,359.0,4.784,10.1,6.15,12.5,0.614,0.94,4.292,5.0,3.425,3.94,312.35,354.0,,,,,10.746,11.1
2019-10-25,251.688,359.0,2.376,5.4,3.574,6.7,0.288,0.39,3.898,4.76,3.161,3.8,159.75,359.0,,,,,10.956,11.2
2019-10-26,136.971,225.0,5.856,12.1,7.43,15.4,0.566,1.46,3.974,5.26,3.115,4.34,136.333,254.0,,,,,10.996,11.1
2019-10-27,206.264,343.0,9.727,14.7,12.229,19.1,1.601,2.31,6.07,6.67,4.62,5.06,99.478,353.0,,,,,10.806,11.0
2019-10-28,267.688,354.0,4.462,7.3,5.606,10.1,0.425,0.65,3.89,6.25,3.156,4.04,213.125,350.0,,,,,10.687,10.8
2019-10-29,276.104,359.0,5.795,12.6,7.572,15.4,0.733,1.37,4.977,5.88,3.599,4.48,316.059,357.0,,,,,10.543,10.7
2019-10-30,124.701,359.0,5.897,10.2,7.884,12.7,0.624,1.19,4.115,5.0,3.368,3.91,49.0,354.0,,,,,10.469,10.5
2019-10-31,86.076,358.0,13.069,17.3,16.34,22.4,2.691,4.05,7.264,9.09,5.593,6.83,123.125,359.0,,,,,10.45,10.6
2019-11-01,247.882,310.0,9.619,13.7,12.479,17.2,1.776,3.39,6.603,9.09,4.835,6.27,102.958,324.0,,,,,9.976,10.1
2019-11-02,260.66,304.0,9.222,11.8,11.534,15.0,1.254,1.75,5.005,5.88,4.05,4.72,233.625,267.0,,,,,9.903,10.0
2019-11-03,237.972,304.0,7.583,11.6,9.747,14.8,1.048,1.78,4.704,5.56,3.851,4.65,280.583,350.0,,,,,9.545,9.8
2019-11-04,231.347,267.0,6.772,10.9,8.412,14.8,0.852,1.36,4.513,5.26,3.635,4.13,193.333,244.0,,,,,9.126,9.3
2019-11-05,281.097,296.0,8.472,11.4,10.767,13.8,1.112,1.44,4.628,5.26,3.878,4.23,287.208,310.0,,,,,9.084,9.2
2019-11-06,257.667,359.0,6.169,11.0,8.172,13.3,0.777,1.23,4.081,5.26,3.563,4.48,252.542,355.0,,,,,8.994,9.2
2019-11-07,328.51,357.0,8.961,10.9,11.621,14.4,1.465,1.8,5.905,6.67,4.477,4.9,260.391,356.0,,,,,8.79,8.9
2019-11-08,286.701,329.0,6.524,10.2,9.137,14.0,1.224,1.64,6.246,7.14,4.488,5.19,173.667,359.0,,,,,8.817,8.9
2019-11-09,203.069,219.0,9.476,11.3,11.887,14.8,1.395,1.93,5.357,6.25,4.278,4.78,199.958,230.0,,,,,8.701,8.9
2019-11-10,274.069,358.0,6.972,9.2,8.622,11.3,0.796,1.05,4.383,5.26,3.533,3.95,278.391,356.0,,,,,8.324,8.6
2019-11-11,130.451,359.0,9.782,14.7,12.361,18.6,1.842,3.09,6.65,8.33,4.928,6.03,234.625,358.0,,,,,7.969,8.2
2019-11-12,316.174,338.0,10.422,13.3,13.96,18.5,2.407,3.0,7.514,8.33,5.565,6.04,78.083,359.0,,,,,8.016,8.1
2019-11-13,198.5,253.0,9.458,13.5,12.668,18.2,1.624,2.82,6.083,7.14,4.67,5.69,154.458,233.0,,,,,7.667,8.0
2019-11-14,257.944,297.0,6.347,10.0,8.631,13.9,0.888,1.89,4.531,6.67,3.655,5.03,243.75,333.0,,,,,7.27,7.6
2019-11-15,264.007,352.0,7.29,10.3,9.249,13.5,0.907,1.32,4.336,5.0,3.634,4.12,268.417,323.0,,,,,6.89,7.1
2019-11-16,108.111,149.0,6.928,8.9,8.763,11.8,0.83,1.19,4.213,4.76,3.572,3.89,100.417,356.0,,,,,6.978,7.0
2019-11-17,159.028,189.0,6.715,9.6,8.436,12.5,0.715,1.27,3.888,4.76,3.362,3.93,155.958,189.0,,,,,6.956,7.1
2019-11-18,257.986,344.0,4.214,8.1,5.369,9.9,0.44,0.83,3.66,4.55,3.054,3.6,207.55,295.0,,,,,6.821,7.0
2019-11-19,268.181,333.0,2.721,4.3,3.749,5.5,0.185,0.28,2.825,3.13,2.589,2.74,283.167,334.0,,,,,6.692,6.9
2019-11-20,245.715,312.0,3.297,5.9,4.185,7.0,0.134,0.35,2.882,3.03,2.5,2.75,215.0,221.0,,,,,6.775,7.0
2019-11-21,183.111,300.0,10.271,13.2,12.865,17.4,1.383,2.28,5.289,6.67,4.136,5.19,181.739,248.0,,,,,6.592,7.0
2019-11-22,309.278,351.0,7.483,12.1,9.947,15.2,1.555,2.09,6.505,7.14,4.872,5.32,124.25,359.0,,,,,6.085,6.3
2019-11-23,224.424,249.0,5.835,8.7,7.358,10.8,0.595,0.76,4.075,6.25,3.457,4.66,180.0,241.0,,,,,6.06,6.2
2019-11-24,242.847,278.0,7.638,9.5,9.25,12.1,0.86,1.01,4.368,4.76,3.637,3.82,230.75,269.0,,,,,5.997,6.2
2019-11-25,193.688,239.0,4.275,7.8,5.203,9.5,0.438,0.76,3.8,4.55,3.152,3.69,184.583,193.0,,,,,5.9,5.9
2019-11-26,183.375,358.0,4.922,8.4,6.033,10.6,0.367,0.63,3.102,4.0,2.815,3.18,217.875,320.0,,,,,5.887,6.2
2019-11-27,185.811,298.0,11.821,17.4,15.076,22.7,1.845,3.53,5.594,7.69,4.507,6.08,159.875,313.0,,,,,6.044,6.2
2019-11-28,262.59,359.0,9.811,15.6,12.563,19.5,2.288,3.27,7.966,9.09,5.528,6.15,87.583,359.0,,,,,5.249,5.5
2019-11-29,91.624,169.0,3.624,7.5,4.759,9.5,0.578,1.16,5.419,7.14,3.741,4.53,199.043,359.0,,,,,5.287,5.3
2019-11-30,101.38,121.0,8.68,12.6,10.699,15.5,1.037,1.92,4.378,5.88,3.696,4.68,96.042,118.0,,,,,5.195,5.3
2019-12-01,121.909,359.0,8.307,14.8,10.314,18.8,1.353,2.56,5.081,6.67,4.239,5.45,101.292,139.0,,,,,5.175,5.2
2019-12-02,215.562,359.0,9.326,12.7,11.701,16.2,1.875,2.62,6.841,9.09,5.036,5.67,208.25,359.0,,,,,5.072,5.2
2019-12-03,233.917,337.0,7.573,11.2,9.644,13.8,1.088,1.72,5.425,6.25,4.12,4.65,143.0,357.0,,,,,5.285,5.4
2019-12-04,294.965,333.0,10.101,13.0,12.563,16.1,1.599,2.18,5.484,6.25,4.447,5.07,283.25,342.0,,,,,5.151,5.2
2019-12-05,307.747,329.0,8.966,13.2,11.272,17.2,1.553,2.29,5.917,6.67,4.584,5.23,317.417,353.0,,,,,5.1,5.1
2020-07-21,96.167,136.0,3.127,4.9,3.817,5.9,0.304,0.34,3.522,4.17,3.034,3.1,23.5,58.0,1014.48,1016.1,22.91,23.1,22.497,22.6
2020-07-22,180.486,252.0,3.619,6.4,4.423,7.8,0.288,0.47,4.434,19.05,2.952,3.61,186.938,198.0,1012.54,1013.8,23.208,25.1,22.628,23.3
2020-07-23,154.972,360.0,4.579,7.4,5.547,9.0,0.39,0.9,3.645,5.26,3.061,3.77,215.9,355.0,1016.706,1018.9,22.387,24.7,22.927,23.3
2020-07-24,102.587,360.0,3.437,7.5,4.286,9.0,0.503,0.9,4.436,5.26,3.494,3.91,80.762,359.0,1019.846,1021.9,22.388,24.0,23.067,23.7
2020-07-25,163.688,222.0,3.447,5.7,4.124,6.6,0.165,0.34,2.9,3.03,2.825,3.57,191.833,200.0,1018.485,1019.7,23.984,25.5,23.59,24.1
2020-07-26,193.479,214.0,5.807,7.9,6.883,9.4,0.457,0.59,3.44,4.0,3.0,3.47,192.727,207.0,1014.746,1017.1,25.256,26.6,23.76,24.1
2020-07-27,285.236,342.0,5.41,9.7,6.693,12.6,0.508,0.79,3.424,4.17,3.094,3.65,277.25,342.0,1011.447,1012.7,24.243,26.2,23.752,24.0
2020-07-28,255.774,288.0,5.016,7.0,6.032,8.4,0.425,0.62,3.401,4.0,3.021,3.37,291.667,343.0,1011.767,1013.3,24.07,25.3,23.671,23.9
2020-07-29,226.597,349.0,5.225,9.3,6.394,11.7,0.617,0.93,4.162,4.76,3.432,3.91,212.545,240.0,1011.031,1012.5,24.511,26.0,23.643,24.3
2020-07-30,54.361,105.0,5.398,9.9,6.464,12.0,0.464,1.13,3.654,5.0,2.996,3.88,53.4,87.0,1012.509,1013.3,23.219,24.1,23.569,24.0
2020-07-31,73.448,360.0,5.858,9.2,7.185,11.1,0.815,1.22,4.838,6.25,3.857,4.65,29.875,356.0,1013.529,1014.9,22.344,23.0,22.75,23.4
2020-08-01,92.597,359.0,4.607,7.0,5.554,8.3,0.49,0.87,3.85,4.76,3.249,3.83,43.5,355.0,1012.015,1013.6,22.394,22.9,22.658,22.8
2020-08-02,222.825,360.0,3.349,9.2,4.336,12.3,0.333,0.56,3.483,4.0,3.05,3.33,179.318,356.0,1009.289,1011.8,22.049,24.6,22.623,23.0
2020-08-03,110.91,360.0,8.171,11.7,10.108,14.3,1.482,2.44,6.337,7.69,4.671,5.63,118.833,359.0,1014.033,1015.8,20.119,22.1,22.269,22.6
2020-08-04,141.972,360.0,7.833,12.0,9.924,14.7,1.397,2.36,6.227,7.69,4.589,5.62,214.652,356.0,1016.566,1017.4,18.367,19.5,21.593,21.9
2020-08-05,241.125,360.0,4.319,7.9,5.65,9.8,0.65,1.01,4.606,6.25,3.696,4.55,299.833,359.0,1018.133,1019.5,19.938,21.5,21.423,21.7
2020-08-06,119.783,169.0,3.577,5.6,4.404,6.8,0.331,0.48,3.5,4.35,2.962,3.18,215.25,357.0,1019.076,1020.1,21.3,22.1,21.568,22.2
2020-08-07,123.592,227.0,2.399,4.3,2.957,5.0,0.115,0.2,,,2.63,2.99,,,1020.032,1021.4,22.018,23.4,21.873,22.8
2020-08-08,167.528,199.0,6.001,10.7,7.288,12.9,0.526,0.92,3.732,4.55,3.125,3.59,180.5,198.0,1018.91,1020.2,22.951,24.5,21.943,22.7
2020-08-09,178.986,208.0,4.935,7.3,5.89,8.5,0.486,0.73,3.838,4.35,3.208,3.57,197.25,341.0,1016.322,1018.1,23.459,25.0,22.003,22.6
2020-08-10,185.417,336.0,5.742,10.8,7.089,16.9,0.49,0.77,3.406,4.17,3.05,3.47,183.5,270.0,1012.179,1015.5,23.411,24.7,22.429,22.8
2020-08-11,289.597,351.0,4.693,10.0,5.837,12.6,0.557,0.85,4.008,5.26,3.342,3.75,302.917,358.0,1012.54,1015.5,22.377,24.6,22.365,23.0
2020-08-12,198.417,355.0,1.413,3.2,1.892,3.8,0.1,0.23,,,3.023,3.4,,,1017.774,1019.9,23.238,25.0,22.593,23.1
2020-08-13,116.287,360.0,3.035,5.3,3.693,6.4,0.142,0.19,,,2.467,2.85,,,1018.473,1019.8,23.608,25.1,22.982,23.8
2020-08-14,90.194,360.0,4.216,6.0,5.028,7.0,0.247,0.32,2.866,3.23,2.606,2.97,49.818,73.0,1016.251,1018.1,23.449,24.1,23.129,23.8
2020-08-15,135.958,359.0,3.138,7.6,3.943,10.0,0.267,0.4,3.128,3.7,2.776,3.09,112.154,169.0,1012.993,1014.3,23.815,25.4,23.325,23.9
2020-08-16,266.306,360.0,5.563,9.4,6.911,11.5,0.755,1.3,4.636,5.56,3.72,4.29,282.783,359.0,1014.128,1016.5,22.671,24.6,23.339,24.7
2020-08-17,257.681,339.0,4.332,8.3,5.347,9.9,0.436,0.83,3.899,5.0,3.238,4.08,254.25,356.0,1014.341,1015.5,23.233,24.3,23.165,23.8
2020-08-18,82.396,359.0,5.456,8.6,6.931,10.5,0.614,1.13,4.484,5.56,3.434,4.1,33.15,357.0,1016.14,1018.0,21.739,23.9,23.217,23.7
2020-08-19,75.688,182.0,3.383,6.7,4.592,8.6,0.434,0.77,4.613,5.0,3.539,3.74,11.389,28.0,1017.912,1019.4,20.876,22.0,23.285,23.9
2020-08-20,200.993,252.0,5.669,7.2,6.785,8.6,0.423,0.62,3.298,3.7,2.938,3.33,204.7,222.0,1015.272,1016.9,22.947,24.2,23.145,23.6
2020-08-21,226.181,277.0,4.196,5.6,5.078,6.8,0.298,0.4,3.189,3.45,2.768,2.98,221.722,250.0,1012.969,1014.2,23.531,24.3,23.085,23.5
2020-08-22,203.59,268.0,3.989,7.7,4.838,9.0,0.241,0.42,2.85,3.13,2.558,2.85,207.556,235.0,1012.319,1013.5,23.84,24.8,23.205,23.4
2020-08-23,192.392,240.0,4.355,6.0,5.253,7.1,0.323,0.45,3.184,3.45,2.774,3.02,198.0,210.0,1013.313,1014.7,24.166,25.0,23.257,23.6
2020-08-24,199.979,243.0,3.653,5.1,4.39,6.9,0.236,0.37,3.223,3.85,2.668,3.27,213.0,234.0,1013.664,1015.0,24.433,25.7,23.542,24.1
2020-08-25,190.573,360.0,4.758,15.5,6.401,20.5,0.408,1.22,3.936,5.0,2.98,4.01,200.929,353.0,1015.29,1019.7,24.067,26.4,23.543,24.0
2020-08-26,178.583,218.0,5.183,7.7,6.22,9.4,0.404,0.63,3.449,4.0,3.0,3.36,175.947,193.0,1013.735,1016.3,24.483,25.9,23.38,23.7
2020-08-27,213.389,315.0,5.772,9.4,6.992,11.6,0.54,0.83,3.755,4.55,3.19,3.52,201.652,214.0,1009.473,1010.5,25.254,26.6,23.586,24.1
2020-08-28,194.667,335.0,4.025,6.8,4.994,8.0,0.322,0.4,3.224,4.17,2.864,3.16,154.136,357.0,1007.201,1009.7,24.886,26.0,23.97,24.6
2020-08-29,296.646,353.0,8.274,11.5,10.679,17.0,1.22,1.72,5.324,7.14,4.134,4.96,193.083,354.0,1005.122,1008.6,22.842,26.3,23.79,24.5
2020-08-30,153.154,360.0,4.576,10.1,6.298,12.3,1.039,1.47,6.061,6.67,4.629,5.19,20.375,335.0,1011.765,1013.7,20.537,23.9,23.47,23.9
2020-08-31,142.902,183.0,6.822,8.7,8.351,10.5,0.754,1.07,4.591,5.88,3.655,4.44,122.708,199.0,1009.526,1011.4,22.087,24.1,23.277,23.5
2020-09-01,133.312,360.0,5.033,8.6,6.342,10.2,0.615,1.06,4.245,5.26,3.475,4.1,186.917,359.0,1010.587,1012.7,21.889,24.4,23.125,23.3
2020-09-02,218.378,297.0,6.236,11.2,7.643,13.9,0.679,1.34,3.986,4.76,3.419,3.98,235.208,359.0,1007.136,1009.1,22.504,23.9,23.003,23.3
2020-09-03,227.618,324.0,7.041,10.8,8.71,14.1,0.759,1.37,4.041,5.26,3.372,4.23,224.476,310.0,1006.345,1009.1,23.66,25.2,22.968,23.2
2020-09-04,285.062,325.0,7.268,11.7,9.328,14.9,1.098,1.63,5.156,6.67,4.088,4.67,254.435,355.0,1015.482,1019.1,20.394,23.2,22.345,22.8
2020-09-05,271.84,360.0,4.871,9.4,6.153,11.5,0.629,1.03,4.258,5.56,3.571,4.24,252.458,336.0,1020.011,1021.3,21.697,23.4,22.136,22.3
2020-09-06,178.097,327.0,7.028,17.3,8.773,21.5,0.923,1.86,4.737,5.88,3.672,4.8,186.5,357.0,1016.97,1022.1,21.25,23.8,21.996,22.2
2020-09-07,230.486,359.0,8.543,13.1,10.685,17.0,1.244,2.05,5.268,6.67,4.228,5.13,242.042,356.0,1008.108,1012.6,21.073,24.1,21.513,21.9
2020-09-08,43.549,91.0,9.636,12.0,12.004,14.5,1.513,1.82,5.662,6.67,4.461,4.93,33.5,358.0,1016.156,1019.7,16.567,18.5,21.287,21.5
2020-09-09,52.111,89.0,8.122,11.6,10.358,14.4,1.475,1.87,6.085,6.67,4.553,4.95,108.667,358.0,1022.526,1024.7,15.018,16.1,20.806,21.1
2020-09-10,29.056,359.0,7.234,9.1,9.119,11.2,1.155,1.43,5.985,6.67,4.325,4.62,265.292,359.0,1026.306,1028.2,15.583,16.2,20.378,20.6
2020-09-11,77.275,108.0,7.157,9.7,8.894,12.9,0.824,1.15,4.163,5.0,3.599,4.06,71.667,358.0,1025.856,1027.1,16.39,19.4,20.173,20.4
2020-09-12,147.556,189.0,8.028,10.0,9.843,12.1,1.007,1.2,4.613,5.56,3.808,4.2,149.167,193.0,1015.903,1021.4,19.333,20.9,20.168,20.4
2020-09-13,277.319,318.0,6.344,9.2,7.89,11.5,0.691,0.92,4.084,4.55,3.42,3.67,268.75,332.0,1014.625,1020.3,18.697,21.0,19.866,20.2
2020-09-14,153.521,359.0,3.979,8.1,4.947,9.8,0.437,0.8,3.741,4.76,3.249,3.79,172.1,354.0,1025.34,1029.1,18.463,19.6,19.743,19.8
2020-09-15,166.785,196.0,7.792,10.3,9.436,12.4,0.84,1.31,4.357,5.56,3.559,4.19,146.13,191.0,1023.629,1026.7,19.215,21.1,19.799,19.8
2020-09-16,209.493,355.0,6.597,8.9,8.053,11.2,0.732,0.98,4.11,4.76,3.443,3.83,197.875,222.0,1015.519,1018.1,20.53,21.5,19.68,19.8
2020-09-17,41.993,74.0,7.179,9.8,8.904,12.0,0.811,1.31,4.054,5.0,3.545,4.23,66.375,342.0,1019.008,1021.8,17.601,20.7,19.639,19.8
2020-09-18,36.804,360.0,7.933,10.5,10.309,13.2,1.082,1.35,5.385,6.25,4.02,4.42,40.542,359.0,1025.561,1029.3,13.812,16.9,19.41,19.6
2020-09-19,138.542,359.0,4.153,7.0,6.006,9.6,0.604,0.72,4.401,5.88,3.545,3.93,90.958,181.0,1027.928,1029.5,13.953,14.9,19.189,19.3
2020-09-20,157.653,194.0,4.316,6.6,5.588,9.0,0.395,0.68,3.777,4.17,2.976,3.44,153.6,182.0,1028.412,1030.7,17.027,18.5,19.067,19.2
2020-09-21,159.604,190.0,6.942,10.5,8.406,12.6,0.865,1.4,4.603,5.26,3.678,4.2,168.136,195.0,1027.622,1029.1,17.976,19.7,18.812,19.1
2020-09-22,189.285,232.0,4.931,7.3,5.969,8.9,0.432,0.64,3.691,4.35,3.061,3.64,175.333,196.0,1021.593,1024.1,19.038,19.9,18.631,18.8
2020-09-23,221.361,268.0,4.176,5.3,5.016,6.8,0.251,0.32,2.974,3.13,2.632,2.81,231.333,241.0,1016.258,1017.7,19.24,20.2,18.627,18.9
2020-09-24,200.431,238.0,4.938,6.2,5.908,7.5,0.345,0.49,3.334,3.85,2.799,3.18,195.944,222.0,1013.211,1014.4,19.26,20.2,18.658,18.8
2020-09-25,176.222,222.0,4.41,6.8,5.262,8.1,0.319,0.4,3.14,3.45,2.801,3.02,181.667,202.0,1013.134,1015.0,19.726,20.6,18.685,19.0
2020-09-26,180.882,202.0,8.384,11.7,10.336,14.7,1.004,1.69,4.79,5.88,3.731,4.78,181.857,195.0,1008.262,1011.4,19.464,20.8,18.675,18.9
2020-09-27,220.021,354.0,8.035,13.0,10.016,16.7,1.268,2.04,5.42,6.25,4.268,4.87,198.792,318.0,1004.369,1008.3,19.781,21.4,18.54,18.7
2020-09-28,267.333,305.0,6.856,9.5,8.569,12.6,0.727,1.01,3.972,4.76,3.371,3.9,263.708,323.0,1006.685,1008.7,14.726,17.4,18.313,18.5
2020-09-29,269.264,296.0,6.992,10.0,8.869,12.1,0.878,1.3,4.226,5.0,3.672,4.2,290.083,317.0,1008.82,1010.7,13.632,15.7,17.973,18.1
2020-09-30,254.542,302.0,10.199,15.1,12.718,19.2,1.342,2.21,5.121,6.67,4.166,4.94,239.042,312.0,1002.21,1007.3,14.647,15.8,17.744,17.9
2020-10-01,302.625,355.0,9.185,11.4,11.533,14.4,1.417,1.78,5.36,6.67,4.305,4.69,257.667,350.0,1011.765,1017.1,13.136,15.0,17.349,17.6
2020-10-02,225.576,360.0,6.524,10.2,8.89,13.8,1.341,1.75,6.366,7.14,4.677,5.21,123.417,359.0,1020.035,1021.8,10.179,13.3,16.996,17.3
2020-10-03,179.792,359.0,3.889,8.0,5.664,11.3,0.591,0.88,4.529,5.56,3.593,4.42,116.083,352.0,1021.219,1022.2,11.517,13.2,16.669,16.8
2020-10-04,311.056,339.0,8.627,11.8,10.956,15.9,1.303,2.28,5.402,7.69,4.173,5.38,198.625,356.0,1020.31,1022.4,10.841,12.9,16.485,16.7
2020-10-05,246.778,350.0,6.417,12.8,8.515,16.0,1.009,1.74,5.596,7.14,4.232,5.2,144.0,359.0,1021.542,1023.7,12.357,15.9,16.061,16.2
2020-10-06,211.333,242.0,9.172,14.3,11.349,16.9,1.412,2.19,5.625,6.67,4.392,5.17,193.083,200.0,1011.437,1014.3,15.24,17.2,15.512,15.9
2020-10-07,226.861,356.0,6.138,10.6,7.468,13.3,0.649,1.19,3.932,4.76,3.349,3.93,242.208,356.0,1009.081,1015.2,16.676,17.8,15.273,15.5
2020-10-08,204.573,360.0,4.701,7.4,5.706,9.0,0.471,0.83,4.069,5.26,3.378,3.99,228.958,359.0,1019.133,1022.0,14.66,15.6,15.271,15.4
2020-10-09,141.611,195.0,7.406,10.1,8.91,12.6,0.783,1.16,4.348,5.26,3.529,3.99,114.75,193.0,1015.151,1020.8,15.728,19.3,15.243,15.3
2020-10-10,166.896,360.0,7.6,10.0,9.188,12.2,0.912,1.76,4.667,6.67,3.699,4.95,164.292,356.0,1009.89,1014.8,16.568,19.0,15.201,15.3
2020-10-11,73.375,106.0,7.79,10.5,9.474,13.8,1.255,1.87,5.338,7.14,4.317,5.2,63.708,358.0,1015.074,1016.4,14.213,17.1,15.07,15.2
2020-10-12,166.035,308.0,8.939,13.1,11.067,19.4,1.049,1.5,4.526,5.26,3.769,4.35,158.625,293.0,1007.49,1012.1,15.561,17.2,15.148,15.2
2020-10-13,241.333,308.0,7.668,10.7,9.46,13.2,0.95,1.37,4.722,5.88,3.798,4.36,266.833,342.0,1013.68,1016.7,15.105,17.4,14.916,15.0
2020-10-14,221.396,300.0,7.512,12.6,9.241,15.8,0.907,1.88,4.29,5.88,3.602,4.91,225.125,321.0,1010.39,1015.8,15.302,18.2,14.807,14.9
2020-10-15,277.5,314.0,9.034,13.8,11.579,18.5,1.428,2.37,5.654,6.25,4.408,5.18,281.417,354.0,1006.643,1016.0,12.882,18.2,14.38,14.6
2020-10-16,257.694,313.0,8.707,12.0,11.159,19.7,1.174,1.58,5.053,5.88,4.06,4.5,263.458,358.0,1018.826,1020.6,9.489,10.8,14.02,14.3
2020-10-17,215.958,313.0,9.699,14.1,12.377,18.2,1.413,2.57,5.137,7.14,4.194,5.59,222.958,293.0,1017.975,1021.2,11.114,15.3,13.487,13.9
2020-10-18,254.771,350.0,9.479,14.8,12.085,19.0,1.596,2.47,5.913,7.69,4.552,5.73,260.208,357.0,1015.969,1021.7,11.172,14.9,12.91,13.1
2020-10-19,226.561,360.0,3.579,8.8,5.205,10.9,0.553,1.06,4.335,4.76,3.503,3.94,227.25,358.0,1023.293,1024.2,7.82,9.0,12.64,12.9
2020-10-20,88.638,360.0,6.0,9.5,7.776,12.3,0.611,0.9,3.904,4.76,3.291,3.58,115.667,359.0,1023.303,1026.7,8.119,11.4,12.569,12.7
2020-10-21,221.493,295.0,7.23,11.2,9.081,13.6,0.937,1.3,4.392,5.26,3.666,4.1,223.174,322.0,1019.324,1025.0,10.152,12.0,12.421,12.6
2020-10-22,91.19,187.0,6.561,11.1,8.081,13.6,0.727,1.26,4.115,5.26,3.467,4.17,91.476,235.0,1019.79,1024.9,10.903,15.5,12.265,12.4
2020-10-23,258.111,355.0,8.538,13.0,10.558,16.5,1.36,2.68,5.347,8.33,4.217,6.03,194.417,359.0,1012.202,1019.7,12.211,16.2,12.068,12.2
2020-10-24,326.674,359.0,6.987,12.2,9.411,15.4,1.623,2.62,7.482,8.33,5.134,6.08,21.417,359.0,1024.89,1027.2,5.827,7.6,11.631,11.9
2020-10-25,59.924,360.0,5.078,7.7,6.871,9.8,0.537,0.68,4.325,5.88,3.376,3.98,141.667,358.0,1024.392,1025.4,6.514,7.7,11.667,11.9
2020-10-26,259.66,360.0,7.819,10.2,9.917,12.5,1.067,1.36,5.034,5.56,3.976,4.33,280.458,357.0,1023.85,1026.7,5.6,7.7,11.466,11.6
2020-10-27,293.604,344.0,3.722,5.8,5.5,7.7,0.506,0.75,5.253,5.88,3.666,4.12,65.0,359.0,1026.349,1028.0,4.293,5.2,11.25,11.4
2020-10-28,231.308,257.0,8.475,11.6,10.59,14.1,1.043,1.53,4.5,5.56,3.784,4.37,231.652,249.0,1018.123,1021.7,6.102,10.1,10.85,11.2
2020-10-29,174.632,359.0,9.706,13.7,11.944,17.3,1.498,2.81,5.585,8.33,4.36,6.14,248.5,359.0,1013.016,1016.2,8.501,10.1,10.519,10.6
2020-10-30,315.083,360.0,8.07,13.2,10.475,16.5,1.481,2.9,6.209,7.69,4.568,6.01,179.125,359.0,1022.711,1028.3,4.462,6.2,10.301,10.4
2020-10-31,184.615,356.0,6.761,12.3,8.782,15.4,1.097,2.02,5.096,6.25,4.127,4.86,166.042,359.0,1024.451,1029.0,6.795,11.9,10.16,10.3
2020-11-01,270.063,314.0,13.664,17.6,17.552,22.3,2.623,3.86,7.016,9.09,5.475,6.45,274.455,355.0,1015.246,1027.1,6.73,11.9,9.532,10.1
2020-11-02,274.528,329.0,9.615,13.3,12.147,17.2,1.842,2.81,6.756,8.33,4.985,5.92,132.458,359.0,1025.383,1028.9,4.758,9.7,8.78,8.9
2020-11-03,222.451,259.0,6.404,9.7,7.798,13.3,0.749,1.28,4.302,5.56,3.535,4.29,205.0,241.0,1017.911,1019.6,9.427,11.7,8.757,8.8
2020-11-04,189.504,197.0,7.971,9.0,9.537,11.2,0.92,1.26,4.52,5.26,3.68,4.15,185.652,198.0,1017.278,1018.7,10.971,12.3,8.599,8.8
2020-11-05,191.118,202.0,5.076,6.1,5.909,7.2,0.457,0.53,3.662,3.85,3.123,3.19,177.167,186.0,1019.65,1020.2,10.876,11.3,8.594,8.6
2020-11-06,198.667,217.0,5.238,6.5,6.096,7.5,0.376,0.49,3.486,3.85,2.895,3.18,180.842,188.0,1020.968,1022.4,10.788,12.1,8.536,8.6
2020-11-07,182.826,191.0,6.617,7.8,7.75,9.3,0.605,0.83,3.844,4.35,3.229,3.53,188.5,201.0,1020.866,1022.3,11.282,12.3,8.574,8.6
2020-11-08,162.472,179.0,5.053,6.2,5.901,7.3,0.339,0.41,3.207,3.45,2.837,3.0,181.455,202.0,1022.634,1024.6,11.394,12.7,8.619,8.7
2020-11-09,163.625,171.0,5.939,7.1,6.88,8.4,0.393,0.49,3.09,3.45,2.805,3.07,174.565,188.0,1019.587,1021.9,12.215,13.2,8.716,8.8
2020-11-10,174.35,187.0,7.52,10.4,8.901,12.8,0.725,1.13,3.928,4.76,3.365,3.93,186.304,200.0,1009.822,1015.4,12.564,14.2,8.824,8.9
2020-11-11,245.847,279.0,8.845,15.1,11.322,19.6,1.355,2.54,5.093,6.67,4.195,5.26,253.208,313.0,1013.065,1019.6,6.129,13.9,8.656,8.9
2020-11-12,211.958,257.0,5.917,7.2,7.131,8.5,0.488,0.57,3.429,3.85,3.016,3.2,224.792,262.0,1020.724,1022.5,7.263,8.6,8.54,8.6
2020-11-13,268.45,318.0,6.081,10.8,8.223,13.5,1.199,1.74,5.561,6.25,4.355,4.74,293.538,353.0,1022.094,1024.0,2.52,9.2,8.516,8.6
2020-11-14,179.34,254.0,7.926,14.0,10.098,18.1,1.1,1.93,5.101,6.67,4.051,4.88,129.792,217.0,1018.897,1023.6,4.653,7.6,8.369,8.5
2020-11-15,207.903,270.0,13.451,17.4,17.147,23.5,2.474,3.33,6.587,7.69,5.248,5.92,203.0,276.0,998.513,1008.8,7.75,10.3,8.022,8.2
2020-11-16,251.743,277.0,9.753,15.4,12.328,19.4,1.72,3.16,5.402,7.14,4.52,5.73,277.042,300.0,1015.828,1020.0,3.426,6.3,7.305,7.5
2020-11-17,299.535,358.0,9.088,13.8,11.678,17.2,1.585,2.57,5.94,7.14,4.585,5.51,208.125,358.0,1026.379,1033.0,3.025,6.6,7.23,7.4
2020-11-18,226.688,295.0,7.649,13.1,9.61,16.5,1.127,2.26,5.395,6.67,4.126,5.13,84.833,210.0,1031.281,1034.4,5.865,8.2,7.022,7.1
2020-11-19,190.354,201.0,10.253,13.3,12.767,17.7,1.842,2.35,6.337,7.14,4.891,5.33,190.542,196.0,1016.194,1022.0,8.972,11.1,7.045,7.3
2020-11-20,230.785,332.0,6.256,9.6,7.549,11.9,0.8,1.21,4.586,5.56,3.652,4.21,206.875,298.0,1020.127,1029.1,9.573,11.1,7.486,7.6
2020-11-21,249.958,360.0,3.88,9.7,5.192,12.1,0.628,1.21,4.669,5.56,3.722,4.23,119.625,359.0,1033.371,1035.8,5.765,8.9,7.405,7.6
2020-11-22,140.343,270.0,3.209,5.7,4.099,7.2,0.281,0.48,3.204,4.35,3.018,3.58,95.308,112.0,1026.847,1033.5,5.642,6.4,6.98,7.2
2020-11-23,273.167,359.0,6.703,10.6,8.456,13.2,0.93,1.59,4.644,5.56,3.822,4.48,295.292,359.0,1024.46,1028.3,5.305,7.0,6.893,7.0
2020-11-24,134.917,171.0,6.785,10.6,8.426,13.2,0.928,1.58,5.157,6.25,4.17,4.77,93.0,174.0,1024.35,1028.1,4.574,5.9,7.176,7.3
2020-11-25,138.812,215.0,5.678,10.4,6.967,12.8,0.732,1.7,4.322,5.88,3.58,4.64,164.583,199.0,1011.366,1015.7,6.905,7.4,7.225,7.3
2020-11-26,256.755,355.0,6.513,8.5,7.986,11.1,0.675,0.84,3.818,4.35,3.32,3.55,227.333,354.0,1013.153,1017.2,6.628,7.6,7.08,7.2
2020-11-27,268.84,337.0,4.735,8.6,5.995,10.7,0.568,0.94,4.018,4.76,3.312,3.71,222.917,319.0,1018.719,1019.8,6.01,6.8,7.138,7.3
2020-11-28,255.715,312.0,7.98,10.2,9.847,12.2,0.966,1.29,4.588,5.26,3.742,4.09,282.417,359.0,1020.101,1021.8,5.028,7.8,7.203,7.3
2020-11-29,235.535,327.0,8.247,10.3,10.116,12.5,1.097,1.3,5.008,5.56,3.956,4.28,196.542,318.0,1014.944,1016.8,7.081,7.9,7.184,7.2
2020-11-30,336.257,358.0,13.12,16.2,16.678,20.6,2.942,3.85,7.725,9.09,5.829,6.88,116.792,357.0,1014.55,1015.7,3.059,6.5,7.044,7.2
2020-12-01,330.014,353.0,11.318,13.9,14.696,19.3,2.706,3.72,8.21,9.09,5.818,6.68,7.042,14.0,1015.992,1019.8,1.803,3.1,6.507,6.8
2020-12-02,298.597,338.0,7.019,9.3,8.719,11.9,1.28,2.08,6.637,7.69,4.454,5.35,45.542,358.0,1024.308,1027.6,4.112,7.0,6.231,6.3
2020-12-03,251.089,271.0,8.524,10.0,10.513,12.6,1.057,1.21,4.482,5.0,3.808,4.03,240.923,260.0,1022.446,1024.0,5.243,6.9,6.254,6.3
2021-07-08,334.96,346.0,8.648,9.6,10.612,11.8,1.49,1.69,6.287,7.14,4.745,4.85,310.375,358.0,1013.634,1014.3,16.266,16.4,18.124,18.3
2021-07-09,269.438,360.0,4.648,8.7,5.716,10.8,0.722,1.51,5.048,6.67,3.797,4.8,134.875,359.0,1019.869,1021.9,16.778,18.8,17.894,19.0
2021-07-10,99.042,357.0,3.853,6.6,4.588,7.7,0.245,0.38,3.021,3.7,2.79,3.34,98.0,131.0,1019.883,1022.0,18.25,19.0,18.234,18.8
2021-07-11,49.806,359.0,5.66,7.0,6.765,8.4,0.499,0.63,3.547,4.17,3.092,3.36,33.208,68.0,1017.506,1018.6,18.668,19.5,18.243,18.4
2021-07-12,53.965,79.0,4.881,6.8,5.862,8.0,0.453,0.54,3.387,4.17,3.046,3.24,115.304,359.0,1019.94,1021.2,18.66,19.6,18.389,18.7
2021-07-13,180.174,342.0,2.981,6.3,3.706,7.9,0.173,0.29,2.603,2.74,2.685,2.89,70.5,80.0,1018.816,1019.7,19.188,20.4,18.81,19.3
2021-07-14,195.431,319.0,4.088,5.6,4.819,6.9,0.187,0.34,2.86,2.94,2.671,3.11,195.143,228.0,1021.452,1023.2,20.01,21.5,19.188,19.5
2021-07-15,171.035,353.0,6.044,11.9,7.44,15.4,0.72,1.21,4.341,5.0,3.531,4.06,192.238,229.0,1014.764,1018.7,20.231,22.0,19.033,19.4
2021-07-16,63.285,360.0,4.739,7.8,5.732,9.4,0.343,0.69,3.031,4.17,2.962,3.51,58.556,354.0,1018.852,1019.7,18.817,19.2,19.043,19.2
2021-07-17,91.34,360.0,5.503,6.7,6.603,8.3,0.489,0.63,3.58,4.0,3.074,3.34,59.792,359.0,1021.123,1023.6,19.074,20.0,19.223,19.6
2021-07-18,62.392,360.0,3.813,6.5,4.593,8.0,0.303,0.54,3.823,4.35,2.951,3.3,11.533,20.0,1025.562,1027.1,20.0,21.0,19.801,20.9
2021-07-19,155.771,359.0,2.085,4.8,2.53,5.7,0.12,0.26,2.47,2.47,2.856,3.64,14.0,14.0,1024.888,1025.9,20.667,23.3,20.225,21.6
2021-07-20,205.5,358.0,3.965,7.8,4.767,9.5,0.182,0.53,2.745,3.23,2.737,3.59,91.75,343.0,1021.166,1022.7,20.953,22.6,20.7,21.4
2021-07-21,58.875,360.0,5.29,9.0,6.624,10.7,0.913,1.34,5.867,7.14,4.273,5.02,7.0,17.0,1022.769,1024.8,18.97,19.8,20.457,20.9
2021-07-22,117.299,183.0,3.583,5.8,4.323,7.0,0.406,0.57,3.874,4.76,3.244,3.64,69.136,159.0,1024.615,1025.7,20.362,21.3,20.74,21.2
2021-07-23,168.854,332.0,3.955,9.0,4.855,15.1,0.242,0.46,3.251,3.57,2.769,3.02,182.429,196.0,1021.805,1023.1,22.007,23.5,21.156,22.0
2021-07-24,195.681,326.0,5.805,7.9,6.899,10.2,0.467,0.75,3.41,4.17,2.951,3.42,179.045,200.0,1015.315,1018.7,22.78,24.5,21.252,21.6
2021-07-25,223.521,338.0,2.654,4.4,3.213,5.1,0.193,0.44,3.621,4.0,2.82,3.32,199.714,212.0,1015.445,1017.2,22.364,24.0,21.651,22.7
2021-07-26,244.104,317.0,2.628,4.6,3.141,5.2,0.105,0.13,,,2.597,2.98,,,1018.228,1019.9,23.1,24.6,22.462,24.0
2021-07-27,199.215,359.0,4.108,8.6,5.047,10.3,0.309,0.56,3.355,5.26,2.844,3.42,229.0,349.0,1019.263,1021.4,22.906,24.2,22.522,24.0
2021-07-28,144.608,360.0,2.412,4.9,3.074,6.0,0.17,0.34,3.59,3.85,2.783,3.26,274.5,352.0,1019.134,1020.6,23.332,25.0,22.762,23.7
2021-07-29,223.424,360.0,6.331,14.2,7.865,19.0,0.571,1.45,4.342,5.0,3.255,4.21,249.0,352.0,1015.172,1017.8,23.057,24.9,22.508,23.6
2021-07-30,118.41,359.0,8.179,10.7,10.31,13.4,1.493,1.91,6.52,7.69,4.717,5.29,22.333,356.0,1022.229,1025.1,19.313,21.5,21.823,22.2
2021-07-31,161.743,360.0,4.214,7.4,5.299,9.3,0.53,1.05,4.257,5.88,3.505,4.16,139.957,358.0,1019.48,1023.2,19.92,21.7,21.643,22.0
2021-08-01,246.736,360.0,7.303,9.4,8.932,11.9,0.868,1.64,4.295,6.67,3.572,4.8,231.417,359.0,1015.177,1018.6,20.426,22.4,21.609,21.9
2021-08-02,135.618,360.0,3.426,9.6,4.542,11.5,0.744,1.7,5.297,6.67,3.943,4.79,53.0,359.0,1023.497,1025.2,20.208,21.5,21.427,21.9
2021-08-03,214.965,270.0,2.613,4.2,3.192,5.0,0.143,0.21,,,3.001,3.7,,,1022.196,1022.8,21.113,22.2,21.797,22.8
2021-08-04,211.562,246.0,2.668,3.9,3.156,4.5,0.052,0.07,,,2.862,3.78,,,1022.331,1023.8,21.983,23.3,22.27,23.3
2021-08-05,186.736,248.0,3.238,6.0,3.849,7.0,0.136,0.36,2.903,3.03,2.725,3.27,183.333,192.0,1021.673,1022.8,22.562,23.9,22.513,23.0
2021-08-06,182.625,240.0,5.966,8.4,7.331,10.7,0.617,0.96,3.927,5.26,3.275,4.19,190.458,212.0,1018.113,1019.4,22.771,24.0,22.326,22.7
2021-08-07,183.097,334.0,4.38,9.5,5.397,11.9,0.325,0.44,3.179,4.35,2.892,3.53,226.412,326.0,1017.655,1019.0,21.7,23.3,22.396,22.8
2021-08-08,155.257,356.0,6.201,9.0,7.578,14.7,0.526,0.93,3.606,4.55,3.082,3.8,220.55,356.0,1015.48,1017.4,23.238,25.0,22.566,22.7
2021-08-09,181.354,230.0,7.715,11.0,9.525,14.4,0.853,1.08,4.416,5.0,3.633,3.93,190.5,200.0,1010.901,1015.2,23.097,25.3,22.476,22.7
2021-08-10,202.729,287.0,4.774,10.4,5.878,13.9,0.532,1.21,4.048,5.56,3.345,4.33,180.545,328.0,1010.618,1012.7,22.879,25.3,22.511,23.1
2021-08-11,198.368,280.0,6.372,16.9,8.133,24.7,0.87,1.6,4.412,5.56,3.687,4.44,213.792,273.0,1009.075,1011.9,23.459,25.4,22.557,22.9
2021-08-12,221.243,303.0,5.236,9.7,6.494,14.8,0.531,0.82,4.003,4.76,3.248,3.71,193.81,271.0,1010.287,1013.1,23.442,25.0,22.591,23.0
2021-08-13,244.639,360.0,4.601,7.1,5.569,8.6,0.496,0.74,3.797,5.0,3.259,3.89,281.833,358.0,1015.859,1019.1,22.674,23.8,22.728,23.2
2021-08-14,142.549,360.0,3.563,8.0,4.499,9.4,0.383,0.6,3.802,5.0,3.316,3.89,154.263,357.0,1022.772,1025.4,21.978,23.1,22.774,23.4
2021-08-15,179.16,360.0,3.193,5.3,3.996,6.6,0.247,0.41,3.251,3.7,2.965,3.4,148.077,200.0,1023.412,1024.5,22.033,22.8,22.831,23.3
2021-08-16,121.007,360.0,2.156,3.9,2.911,5.0,0.154,0.2,,,2.66,3.21,,,1019.331,1020.4,22.041,23.5,22.997,24.1
2021-08-17,120.25,353.0,2.092,3.8,2.681,4.5,0.101,0.17,,,2.704,3.63,,,1016.831,1018.1,22.66,23.7,23.458,24.3
2021-08-18,76.944,129.0,2.662,4.4,3.201,5.0,0.087,0.12,,,2.606,3.16,,,1017.771,1019.3,23.755,24.9,23.836,24.8
2021-08-19,84.806,304.0,2.139,4.3,2.723,5.3,0.096,0.19,,,2.727,3.87,,,1018.06,1018.9,24.144,25.0,24.029,25.0
2021-08-20,99.958,333.0,2.3,4.6,2.821,5.4,0.073,0.11,,,2.785,4.24,,,1014.719,1016.3,24.296,26.2,24.281,24.9
2021-08-21,152.208,208.0,4.598,7.7,5.555,9.5,0.255,0.39,3.062,3.45,2.602,2.9,174.846,194.0,1010.603,1012.0,24.741,26.0,24.472,25.4
2021-08-22,182.931,360.0,7.012,10.3,8.513,12.2,1.027,1.58,5.05,6.67,3.959,4.86,151.652,359.0,1013.49,1015.6,22.952,25.0,24.135,24.5
2021-08-23,186.91,358.0,3.68,7.0,4.703,9.0,0.565,1.14,4.44,5.88,3.692,4.46,106.417,358.0,1014.431,1016.0,22.453,24.3,23.948,24.2
2021-08-24,170.076,229.0,3.933,10.7,4.848,16.7,0.224,0.68,3.428,4.55,2.61,3.38,150.6,359.0,1013.687,1015.6,24.43,25.5,24.244,24.9
2021-08-25,191.979,240.0,6.207,12.9,7.712,16.4,0.707,1.41,4.346,5.56,3.459,4.3,179.955,356.0,1015.62,1018.0,24.182,25.3,24.248,24.8
2021-08-26,202.667,356.0,3.623,10.9,4.612,13.3,0.36,0.93,3.756,5.26,3.009,4.15,198.0,219.0,1019.115,1020.6,24.425,25.3,24.466,25.1
2021-08-27,145.694,326.0,3.793,5.6,4.611,6.7,0.338,0.5,4.026,6.25,3.08,3.71,181.0,359.0,1017.142,1020.2,24.417,25.5,24.638,25.0
2021-08-28,173.361,208.0,5.863,8.4,7.049,10.0,0.491,0.75,3.757,5.88,3.094,3.57,158.958,187.0,1016.6,1017.9,25.432,26.7,24.808,25.0
2021-08-29,202.069,271.0,6.351,10.1,7.788,16.5,0.619,1.01,3.876,4.76,3.263,3.8,196.417,229.0,1014.666,1016.5,25.462,27.1,24.854,25.0
2021-08-30,272.615,355.0,3.722,6.5,4.703,8.4,0.397,0.58,3.84,4.35,3.21,3.5,312.364,359.0,1013.895,1015.1,23.81,25.5,24.868,25.6
2021-08-31,167.896,360.0,2.678,9.3,3.438,11.5,0.163,0.78,3.118,4.0,3.048,3.63,71.75,136.0,1010.893,1012.5,23.844,24.5,24.911,25.3
2021-09-01,98.208,360.0,7.429,9.7,9.263,12.4,0.967,1.17,4.896,5.56,3.82,4.02,71.667,359.0,1013.01,1015.4,21.76,23.3,24.547,24.8
2021-09-02,83.161,360.0,5.024,9.4,6.551,11.3,0.79,1.44,4.993,6.25,3.873,4.58,66.174,357.0,1018.71,1021.0,21.28,22.7,24.375,24.7
2021-09-03,132.517,176.0,5.713,7.9,7.196,9.7,0.552,0.82,3.86,4.55,3.203,3.51,107.042,182.0,1018.73,1019.9,22.093,23.1,24.199,24.5
2021-09-04,184.965,321.0,7.384,10.1,9.192,13.4,0.898,1.18,4.667,5.56,3.735,4.18,179.0,187.0,1012.506,1016.8,22.085,23.1,23.745,24.0
2021-09-05,280.306,328.0,6.447,10.2,7.94,12.7,0.81,1.31,4.456,5.0,3.623,4.18,322.652,344.0,1010.097,1013.5,21.551,23.7,23.444,23.6
2021-09-06,267.611,349.0,4.924,10.5,6.474,14.3,0.71,0.96,4.505,5.88,3.726,4.38,137.083,337.0,1012.131,1017.7,21.397,24.3,23.451,23.8
2021-09-07,193.75,315.0,7.651,11.8,9.458,14.6,0.92,1.7,4.576,5.88,3.72,4.84,152.0,191.0,1007.255,1011.9,22.52,24.3,23.222,23.5
2021-09-08,295.743,328.0,8.143,10.7,10.022,13.1,1.001,1.33,4.481,5.56,3.769,4.43,309.696,325.0,1006.812,1009.4,21.526,23.7,22.913,23.1
2021-09-09,304.91,360.0,5.552,9.5,7.368,16.0,0.91,1.25,5.333,6.25,4.042,4.39,118.583,359.0,1013.358,1015.9,19.958,21.4,22.748,22.9
2021-09-10,186.076,229.0,3.84,5.9,4.9,7.2,0.311,0.45,3.632,5.26,3.219,4.16,156.75,359.0,1016.897,1018.4,20.779,22.5,22.74,23.0
2021-09-11,192.465,214.0,7.265,9.0,8.808,11.0,0.792,1.04,4.289,5.26,3.497,4.14,187.125,203.0,1012.872,1015.1,22.279,23.7,22.621,22.9
2021-09-12,216.222,359.0,5.332,8.7,6.473,10.7,0.621,0.88,4.32,5.0,3.45,3.83,158.708,340.0,1012.717,1015.6,22.525,23.7,22.556,22.7
2021-09-13,64.308,126.0,5.432,9.1,6.723,11.5,0.588,1.14,3.873,5.26,3.284,4.08,74.458,358.0,1016.808,1019.2,20.857,21.8,22.512,22.6
2021-09-14,196.917,339.0,7.831,11.9,9.594,14.4,0.87,1.53,4.349,5.56,3.6,4.49,151.826,324.0,1009.179,1014.1,22.705,23.8,22.401,22.5
2021-09-15,288.875,360.0,6.044,10.7,7.622,13.7,0.814,1.53,4.8,5.56,3.768,4.4,265.667,355.0,1013.949,1016.9,20.026,21.0,22.362,22.6
2021-09-16,135.312,196.0,3.19,5.4,4.103,6.6,0.214,0.31,3.654,4.76,2.789,3.28,75.0,180.0,1018.374,1019.9,21.142,22.6,22.358,22.6
2021-09-17,170.217,221.0,6.206,9.0,7.48,10.8,0.547,0.95,3.716,4.55,3.096,3.6,162.318,187.0,1016.963,1018.9,22.454,24.6,22.328,22.4
2021-09-18,61.25,353.0,7.115,10.9,8.834,14.0,0.878,1.35,4.741,5.56,3.713,4.37,38.0,350.0,1020.964,1023.3,20.675,25.0,22.295,22.4
2021-09-19,112.317,144.0,5.149,7.0,6.144,8.4,0.5,0.71,3.735,4.17,3.159,3.36,101.2,172.0,1019.288,1020.8,21.431,22.8,22.216,22.5
2021-09-20,152.549,182.0,6.816,10.0,8.263,12.5,0.637,0.95,4.046,4.76,3.255,3.92,156.35,192.0,1013.656,1015.5,22.817,24.1,22.291,22.5
2021-09-21,243.056,360.0,9.685,13.0,12.136,17.3,1.376,1.96,5.276,6.25,4.29,4.97,251.0,354.0,1013.618,1018.9,20.185,23.1,22.049,22.3
2021-09-22,93.076,359.0,12.194,15.6,15.456,20.1,2.321,3.86,7.02,9.09,5.297,6.59,41.125,357.0,1018.653,1021.5,17.04,18.8,21.438,21.9
2021-09-23,236.576,360.0,12.885,15.3,16.656,20.2,3.245,3.66,8.362,9.09,6.342,6.74,23.167,358.0,1012.973,1016.8,15.803,16.9,19.825,20.8
2021-09-24,245.854,348.0,7.306,9.6,9.006,12.8,1.214,2.13,5.545,9.09,4.315,5.65,212.125,359.0,1011.978,1014.1,17.922,20.7,18.766,19.0
2021-09-25,267.264,327.0,8.532,12.5,10.732,17.7,1.207,1.75,5.062,5.88,4.098,4.76,257.0,353.0,1012.601,1015.2,16.436,21.0,18.839,19.2
2021-09-26,234.514,272.0,7.84,10.5,9.606,13.4,1.003,1.24,4.78,5.56,3.904,4.39,228.75,277.0,1012.058,1013.6,18.91,21.0,18.903,19.2
2021-09-27,203.104,360.0,6.984,10.5,8.518,13.1,0.87,1.26,4.5,5.56,3.72,4.51,210.875,353.0,1007.802,1010.1,19.468,21.1,18.976,19.4
2021-09-28,72.167,360.0,6.278,10.7,7.633,13.4,0.887,1.71,4.986,6.67,3.951,4.68,136.417,359.0,1014.394,1017.4,16.958,18.3,18.882,19.1
2021-09-29,102.748,156.0,4.172,6.5,4.951,7.7,0.318,0.4,3.25,4.35,2.93,3.36,117.714,349.0,1017.375,1019.1,18.142,19.0,18.831,19.4
2021-09-30,105.306,146.0,4.046,5.9,4.856,7.1,0.3,0.5,3.196,3.7,2.767,3.03,129.2,162.0,1020.691,1022.5,18.683,19.1,18.758,19.1
2021-10-01,129.832,174.0,3.944,6.3,4.701,7.5,0.3,0.55,3.784,4.35,3.047,3.52,160.214,190.0,1021.487,1022.4,18.855,20.1,18.748,19.0
2021-10-02,172.271,199.0,5.542,7.2,6.56,8.9,0.436,0.68,3.478,4.0,2.964,3.33,179.15,192.0,1015.898,1019.3,19.642,20.7,18.779,19.0
2021-10-03,215.486,359.0,3.308,5.7,4.069,6.8,0.277,0.43,3.421,3.7,2.972,3.26,190.5,203.0,1009.818,1011.8,19.052,19.7,18.794,19.1
2021-10-04,276.472,360.0,6.223,9.7,7.542,11.4,0.625,1.28,4.255,5.26,3.299,4.41,272.118,359.0,1011.928,1016.5,18.401,18.8,18.881,19.1
2021-10-05,39.965,360.0,6.574,9.8,7.972,12.1,0.886,1.5,5.016,6.25,3.849,4.6,225.208,358.0,1020.98,1023.7,18.087,19.1,18.792,18.9
2021-10-06,77.79,96.0,5.831,7.1,7.144,8.7,0.602,0.75,3.872,4.55,3.253,3.44,134.792,357.0,1024.22,1025.7,17.705,19.2,18.726,18.8
2021-10-07,94.256,113.0,5.577,7.3,6.741,8.8,0.466,0.58,3.362,3.7,2.967,3.23,97.957,116.0,1020.098,1022.6,18.813,19.5,18.965,19.3
2021-10-08,146.652,244.0,3.22,5.9,4.058,7.5,0.25,0.43,3.018,3.13,2.714,2.97,103.778,119.0,1015.878,1017.1,19.217,19.8,19.364,19.8
2021-10-09,175.354,264.0,3.409,5.5,4.099,6.3,0.164,0.27,2.74,2.74,2.502,2.73,190.0,190.0,1013.521,1014.6,19.06,19.8,19.506,19.7
2021-10-10,146.417,203.0,7.226,9.8,8.807,12.1,0.721,1.13,4.098,5.0,3.344,3.93,156.043,200.0,1007.724,1011.0,20.41,21.0,19.461,19.7
2021-10-11,164.819,356.0,6.878,13.8,8.351,13.5,0.759,1.21,4.267,5.0,3.467,4.0,184.583,201.0,1005.768,1007.1,20.456,21.8,19.231,19.3
2021-10-12,210.444,262.0,8.632,11.2,10.66,14.3,1.193,1.64,5.078,6.25,4.04,4.51,186.583,232.0,1007.291,1013.2,18.214,20.1,18.923,19.2
2021-10-13,202.451,278.0,5.068,11.5,6.186,13.8,0.414,1.01,3.234,4.17,2.913,3.57,219.579,315.0,1013.476,1015.1,17.628,19.2,18.716,18.8
2021-10-14,206.09,260.0,6.68,10.7,8.235,13.2,0.825,1.39,4.343,5.56,3.583,4.35,193.292,239.0,1010.283,1012.2,18.842,19.6,18.535,18.7
2021-10-15,209.319,360.0,4.894,9.9,6.035,11.8,0.481,1.06,3.915,5.0,3.086,4.05,292.647,357.0,1011.436,1012.2,16.957,18.7,18.443,18.5
2021-10-16,300.542,323.0,9.088,10.9,11.603,14.4,1.321,1.66,5.203,5.88,4.172,4.71,327.826,355.0,1012.753,1015.4,13.112,15.1,18.236,18.5
2021-10-17,293.826,331.0,8.394,11.0,10.506,14.2,1.242,1.66,5.133,5.88,4.103,4.58,298.042,350.0,1017.238,1019.2,15.181,17.4,17.772,18.0
2021-10-18,247.382,307.0,5.171,8.2,6.308,10.5,0.584,0.94,4.219,5.0,3.416,3.67,220.545,358.0,1018.595,1020.0,16.572,17.5,17.555,17.7
2021-10-19,195.264,242.0,5.456,7.1,6.533,8.5,0.494,0.85,3.663,5.0,3.078,3.76,187.333,207.0,1017.772,1019.0,17.331,18.4,17.383,17.5
2021-10-20,187.986,225.0,5.781,8.1,6.994,9.8,0.635,0.85,4.07,4.76,3.356,3.82,189.542,197.0,1016.331,1017.8,17.097,18.4,17.31,17.5
2021-10-21,238.215,357.0,9.499,14.1,11.854,17.8,1.434,3.45,4.984,8.33,4.145,6.38,202.0,356.0,1009.718,1015.1,14.918,18.6,16.982,17.3
2021-10-22,122.154,360.0,5.584,10.5,7.683,13.7,1.343,2.72,6.666,9.09,4.823,6.1,56.208,355.0,1016.427,1017.3,10.214,11.5,16.551,16.7
2021-10-23,319.469,360.0,5.424,7.8,7.618,10.8,0.686,0.91,4.364,5.56,3.566,4.11,304.25,359.0,1015.927,1017.1,9.728,10.3,16.561,16.7
2021-10-24,100.624,360.0,4.971,12.9,6.714,15.6,0.61,1.37,4.403,5.0,3.586,4.02,65.895,126.0,1015.337,1017.1,10.864,11.5,16.492,16.6
2021-10-25,50.264,80.0,13.418,16.8,16.878,21.5,2.438,3.07,6.592,7.69,5.296,5.87,50.208,89.0,1010.697,1015.5,10.287,11.9,15.756,16.4
2021-10-26,86.826,359.0,7.79,11.2,10.113,14.8,1.557,2.66,6.543,8.33,4.796,6.06,137.375,359.0,1018.135,1019.9,10.418,11.9,15.419,15.5
2021-10-27,91.336,145.0,5.633,8.2,7.428,9.7,0.763,1.21,4.424,6.25,3.659,4.31,72.625,164.0,1016.426,1018.5,10.194,11.8,15.403,15.5
2021-10-28,104.84,135.0,8.644,10.8,10.762,14.6,1.141,1.46,4.765,5.26,3.947,4.31,110.333,148.0,1006.023,1013.8,12.438,15.3,15.286,15.4
2021-10-29,45.944,88.0,10.008,11.9,12.271,15.3,1.467,2.3,5.453,7.69,4.353,5.34,149.043,359.0,1001.427,1002.7,12.755,14.7,15.067,15.2
2021-10-30,21.521,38.0,9.242,12.6,11.52,15.7,1.837,2.64,6.85,8.33,5.055,5.92,282.25,359.0,1003.765,1005.9,12.219,13.2,14.915,15.1
2021-10-31,295.368,359.0,8.467,12.0,10.535,15.1,1.211,1.9,5.109,6.25,4.146,4.85,271.957,358.0,1009.29,1016.7,11.733,12.9,14.903,15.0
2021-11-01,292.771,322.0,9.797,13.2,12.785,16.3,1.581,2.08,5.724,7.14,4.5,4.98,312.292,359.0,1021.907,1025.0,8.289,10.6,14.677,14.8
2021-11-02,298.604,314.0,9.125,11.1,12.084,15.0,1.387,1.83,5.331,5.88,4.218,4.64,321.304,330.0,1024.851,1026.6,6.529,8.4,14.387,14.6
2021-11-03,305.306,354.0,5.472,8.7,7.958,12.0,0.864,1.1,5.148,5.88,3.909,4.31,217.042,358.0,1027.656,1029.5,5.795,7.3,14.099,14.2
2021-11-04,280.896,352.0,4.214,6.7,6.353,9.1,0.451,0.62,3.857,4.76,3.192,3.49,186.208,358.0,1026.603,1027.6,6.276,8.2,13.963,14.0
2021-11-05,215.91,250.0,7.5,9.6,9.526,14.3,0.881,1.16,4.357,5.26,3.578,3.95,216.208,238.0,1025.996,1028.2,9.402,10.4,13.785,13.9
2021-11-06,195.285,216.0,9.941,11.2,12.351,14.9,1.396,1.65,5.352,5.56,4.23,4.42,195.125,205.0,1021.822,1024.1,10.794,13.5,13.415,13.7
2021-11-07,205.299,246.0,7.472,10.1,9.031,12.3,0.933,1.28,4.622,5.26,3.694,4.17,198.208,230.0,1018.963,1020.7,12.727,14.5,13.053,13.3
2021-11-08,195.958,222.0,7.599,10.8,9.327,13.8,1.014,1.36,4.96,5.56,3.857,4.23,189.833,202.0,1017.574,1019.0,13.131,14.5,12.992,13.1
2021-11-09,89.618,335.0,5.585,8.2,6.765,10.2,0.584,0.91,4.001,4.76,3.256,3.74,104.667,355.0,1020.635,1022.9,12.392,13.7,13.028,13.2
2021-11-10,69.157,124.0,6.006,9.3,7.3,11.2,0.601,0.94,3.824,4.55,3.242,3.71,64.478,359.0,1020.822,1022.5,11.185,13.0,13.11,13.2
2021-11-11,157.483,253.0,11.443,14.6,14.384,22.1,1.843,2.57,5.595,6.67,4.618,5.46,155.75,231.0,1005.213,1016.1,12.091,13.4,12.851,13.1
2021-11-12,226.764,267.0,11.741,14.8,15.015,21.2,1.881,2.13,6.0,6.67,4.775,5.2,215.958,240.0,1004.333,1006.3,7.125,10.3,12.364,12.7
2021-11-13,282.688,314.0,9.838,11.5,12.567,15.3,1.645,1.98,5.906,6.67,4.544,5.03,296.875,356.0,1009.641,1013.2,5.261,6.4,11.731,12.0
2021-11-14,258.972,337.0,11.276,16.0,14.363,20.7,1.877,3.13,5.837,8.33,4.713,6.04,242.833,349.0,1006.694,1013.2,4.653,5.5,11.509,11.7
2021-11-15,288.535,339.0,7.338,15.3,10.048,19.8,1.7,3.6,6.975,8.33,4.969,6.35,151.583,359.0,1016.202,1019.4,2.98,5.5,11.217,11.6
2021-11-16,169.139,358.0,4.555,12.5,6.258,15.5,0.527,1.41,4.701,6.25,3.527,4.32,91.5,353.0,1017.849,1019.6,4.916,8.7,11.086,11.2
2021-11-17,219.424,347.0,7.864,13.4,9.769,17.2,1.213,2.27,5.142,6.67,4.118,5.19,199.125,320.0,1007.889,1012.0,10.922,12.4,10.837,11.1
2021-11-18,273.514,285.0,10.946,13.1,14.061,18.6,1.741,2.39,5.473,5.88,4.535,5.11,282.0,311.0,1017.331,1023.0,4.33,10.9,10.452,10.6
2021-11-19,266.465,318.0,7.783,13.4,10.602,17.4,1.437,2.41,5.603,6.67,4.472,5.08,280.261,351.0,1028.969,1033.0,2.488,4.9,10.071,10.2
2021-11-20,200.799,238.0,9.709,12.0,12.169,15.7,1.584,2.02,5.772,6.67,4.563,4.99,190.542,200.0,1022.279,1027.8,6.135,8.9,10.014,10.2
2021-11-21,246.285,351.0,5.586,15.5,6.977,20.1,0.613,2.17,3.905,5.26,3.198,4.61,203.45,267.0,1016.609,1020.9,8.963,10.6,10.094,10.2
2021-11-22,299.806,321.0,10.653,15.8,13.878,20.8,2.234,3.35,6.885,7.69,5.28,6.14,280.917,358.0,1019.64,1022.0,1.094,6.0,9.552,9.8
2021-11-23,259.951,331.0,6.824,11.7,9.108,14.6,1.0,1.51,5.03,5.56,4.015,4.47,270.318,359.0,1021.577,1023.5,2.782,6.1,9.032,9.4
2021-11-24,194.319,204.0,12.294,14.3,15.486,18.6,2.314,2.86,6.829,7.69,5.255,5.9,194.25,204.0,1014.292,1018.2,7.358,9.7,8.956,9.0
2021-11-25,289.007,355.0,8.674,12.6,10.687,15.9,1.407,2.36,5.578,7.14,4.336,5.3,214.125,359.0,1015.301,1019.9,6.794,9.6,8.803,8.9
2021-11-26,307.993,344.0,7.519,12.5,10.364,17.1,1.846,2.53,7.227,7.69,5.233,5.56,22.958,346.0,1021.601,1023.5,-1.365,1.6,8.56,8.7
2021-11-27,185.917,289.0,6.824,9.2,8.828,11.6,0.874,1.24,4.949,6.67,3.842,4.76,153.5,212.0,1012.883,1019.1,2.685,5.2,8.354,8.5
2021-11-28,311.903,326.0,10.756,12.9,13.646,17.3,1.812,2.56,5.921,7.14,4.688,5.45,325.652,351.0,1012.899,1017.9,3.103,4.8,7.991,8.4
2021-11-29,254.222,328.0,6.748,11.5,8.884,15.0,1.169,1.88,6.033,7.14,4.423,5.13,121.792,358.0,1016.7,1019.0,3.397,5.0,7.739,7.9
2021-11-30,275.91,326.0,9.053,11.6,11.158,16.7,1.348,1.87,5.4,6.25,4.256,4.87,282.708,349.0,1012.231,1017.8,5.291,7.2,7.696,7.8
2021-12-01,219.146,343.0,6.458,9.9,8.076,12.6,0.951,1.4,4.981,5.88,3.981,4.32,197.292,358.0,1014.503,1018.4,6.558,7.7,7.616,7.8
2021-12-02,267.118,344.0,7.623,11.6,9.449,14.1,1.115,1.67,5.067,5.88,4.017,4.58,241.292,345.0,1006.068,1014.6,8.399,9.8,7.672,7.8
2021-12-03,151.472,360.0,2.919,6.5,3.942,7.7,0.655,0.81,5.434,6.67,4.078,5.09,78.125,358.0,1017.134,1018.7,5.767,7.6,7.665,7.7
2021-12-04,312.722,348.0,7.443,10.2,9.349,13.1,0.986,1.51,4.703,5.88,3.833,4.43,325.905,357.0,1022.344,1025.5,4.2,6.1,7.68,7.7
2021-12-05,153.538,358.0,8.594,13.6,10.844,16.9,1.287,2.02,5.102,6.25,4.125,4.83,215.25,359.0,1017.486,1025.6,3.665,4.9,7.705,7.8
2021-12-06,268.528,296.0,11.888,17.1,15.035,21.7,2.042,3.28,5.845,7.14,4.737,5.71,268.542,319.0,1006.991,1018.6,2.424,6.0,7.369,7.5
2021-12-07,304.792,327.0,8.811,11.6,12.019,17.0,1.883,2.62,6.718,7.14,5.015,5.52,337.333,353.0,1023.325,1025.4,-6.204,-1.7,7.119,7.2
2022-05-11,134.76,353.0,4.014,6.3,4.612,7.6,0.1,0.18,,,2.652,3.72,,,1020.463,1022.3,9.728,13.5,4.768,5.5
2022-05-12,137.163,172.0,4.911,7.5,5.574,8.7,0.241,0.42,2.76,2.94,2.602,2.96,139.083,166.0,1019.425,1021.1,10.308,12.4,5.034,5.5
2022-05-13,139.879,202.0,4.454,6.4,5.095,7.3,0.191,0.32,2.535,2.6,2.439,2.64,158.75,167.0,1016.065,1017.5,10.325,13.9,5.285,5.9
2022-05-14,213.064,339.0,2.826,6.2,3.429,9.3,0.06,0.09,,,2.795,3.6,,,1013.227,1014.6,10.205,14.8,5.831,7.2
2022-05-15,243.455,355.0,2.719,5.2,3.209,6.3,0.074,0.16,,,2.661,3.88,,,1012.887,1014.6,9.446,12.3,6.358,7.5
2022-05-16,228.021,348.0,4.115,8.4,4.867,11.0,0.196,0.39,2.913,3.23,2.616,2.85,208.857,230.0,1010.597,1012.4,9.075,11.8,6.27,7.0
2022-05-17,123.847,360.0,3.224,6.5,3.861,7.7,0.223,0.44,3.058,3.33,2.886,3.03,214.2,359.0,1016.32,1020.5,7.752,10.4,6.419,6.8
2022-05-18,88.986,359.0,3.759,8.8,4.627,10.6,0.257,0.48,3.107,3.33,2.821,3.1,76.0,94.0,1013.906,1019.0,7.892,9.7,6.444,6.6
2022-05-19,209.91,356.0,3.817,6.8,4.565,8.6,0.226,0.39,3.016,3.23,2.737,2.95,190.778,200.0,1005.642,1008.6,7.849,10.9,6.322,6.6
2022-05-20,180.938,357.0,5.754,8.9,6.889,10.9,0.516,0.68,3.65,4.76,3.17,4.06,181.917,199.0,997.974,1002.9,10.592,12.5,6.339,6.6
2022-05-21,228.118,357.0,2.143,4.6,2.903,6.0,0.157,0.48,4.436,4.76,3.098,3.55,194.0,197.0,1012.358,1019.1,8.66,11.4,6.536,6.7
2022-05-22,267.924,359.0,2.812,6.6,3.454,8.1,0.201,0.42,3.138,3.57,2.853,3.3,347.125,357.0,1022.613,1027.8,7.291,9.2,6.831,8.1
2022-05-23,188.34,360.0,2.69,6.7,3.21,8.0,0.177,0.41,2.475,2.6,2.867,3.4,180.5,356.0,1028.658,1030.1,7.928,9.0,7.555,8.1
2022-05-24,55.678,359.0,4.604,8.4,5.46,10.6,0.334,0.62,3.467,3.85,2.947,3.2,29.25,43.0,1025.05,1026.4,8.237,8.9,7.047,7.5
2022-05-25,74.893,114.0,6.678,8.8,7.853,10.2,0.595,0.82,3.707,4.35,3.217,3.63,65.043,131.0,1017.149,1022.7,9.479,10.8,7.065,7.3
2022-05-26,153.014,188.0,4.519,8.0,5.437,15.2,0.327,0.49,3.188,3.57,2.932,3.14,156.211,193.0,1008.985,1010.1,11.126,14.4,7.333,7.9
2022-05-27,234.424,360.0,6.801,10.2,8.274,12.6,0.756,1.46,4.644,5.56,3.529,4.31,171.353,357.0,1008.494,1011.4,8.822,12.0,7.498,8.0
2022-05-28,226.611,340.0,3.74,6.8,4.434,9.0,0.325,0.91,4.555,5.26,3.371,4.11,16.1,24.0,1013.41,1015.2,8.78,10.9,7.566,8.2
2022-05-29,137.326,167.0,5.045,7.6,5.798,8.8,0.306,0.58,3.274,3.57,2.695,3.11,174.286,194.0,1011.006,1012.2,11.126,13.8,7.982,8.4
2022-05-30,157.035,174.0,6.978,9.7,8.072,11.3,0.585,0.82,3.657,4.35,3.168,3.59,186.0,209.0,1010.561,1012.2,12.84,14.7,8.059,8.3
2022-05-31,175.0,239.0,5.995,7.4,6.934,8.7,0.5,0.65,3.581,4.0,3.056,3.26,193.542,202.0,1011.518,1013.0,12.857,14.5,8.25,8.5
2022-06-01,235.197,360.0,3.301,7.0,3.933,8.9,0.164,0.26,3.03,3.03,2.64,2.95,194.0,194.0,1014.054,1016.3,11.548,17.3,8.616,9.3
2022-06-02,178.917,353.0,2.001,3.9,2.417,4.6,0.07,0.11,,,2.86,3.88,,,1013.658,1015.3,11.098,13.0,9.726,11.6
2022-06-03,218.194,332.0,3.87,6.8,4.52,7.9,0.245,0.44,3.116,3.7,2.835,3.4,219.273,272.0,1012.557,1013.7,12.862,17.5,10.156,11.7
2022-06-04,169.866,357.0,1.772,4.2,2.212,5.1,0.133,0.29,3.45,3.45,3.03,3.81,286.0,286.0,1015.972,1018.3,11.97,14.6,10.616,11.3
2022-06-05,98.245,349.0,3.539,6.0,4.247,7.1,0.148,0.32,2.79,2.94,2.667,3.39,69.2,77.0,1013.119,1015.4,11.829,13.4,10.533,10.8
2022-06-06,156.361,357.0,3.379,5.4,4.192,7.7,0.219,0.27,2.833,3.13,2.616,2.75,116.0,173.0,1007.108,1009.4,12.608,14.3,10.801,11.2
2022-06-07,262.361,360.0,5.357,8.9,6.626,11.0,0.542,0.92,3.903,4.76,3.201,3.71,218.762,359.0,1010.717,1014.8,9.868,11.7,10.369,11.1
2022-06-08,160.132,360.0,3.84,12.1,4.924,14.9,0.28,0.7,3.357,3.85,2.912,3.51,31.7,48.0,1013.212,1015.7,10.793,12.5,10.347,10.7
2022-06-09,229.389,359.0,4.058,8.1,4.942,11.0,0.345,0.62,3.291,3.85,2.893,3.27,116.882,251.0,1013.535,1014.9,11.078,14.4,10.438,11.3
2022-06-10,212.931,297.0,3.847,7.9,4.48,9.7,0.171,0.54,3.392,3.7,2.541,3.05,253.2,258.0,1012.929,1014.2,13.281,15.2,11.095,12.0
2022-06-11,200.792,234.0,3.943,6.5,4.622,7.5,0.206,0.36,3.074,3.23,2.55,2.74,238.4,248.0,1010.992,1012.5,12.713,14.5,10.989,11.3
2022-06-12,173.222,360.0,4.183,7.8,5.165,9.4,0.344,0.66,3.698,4.17,2.891,3.39,274.0,359.0,1010.303,1012.9,11.622,14.0,11.266,11.5
2022-06-13,144.243,360.0,3.538,7.9,4.445,16.9,0.35,0.67,4.022,4.35,3.27,3.56,75.429,358.0,1012.451,1013.7,13.324,18.7,11.67,12.4
2022-06-14,131.361,200.0,4.868,7.6,5.772,11.0,0.331,0.49,3.247,4.55,2.852,3.23,145.368,301.0,1009.842,1011.3,15.949,18.7,12.141,12.8
2022-06-15,176.472,200.0,5.552,8.6,6.318,10.0,0.345,0.57,3.132,3.45,2.779,2.92,185.591,196.0,1010.831,1013.0,17.134,20.1,13.008,13.7
2022-06-16,204.743,360.0,4.982,9.4,6.189,20.9,0.397,0.78,3.621,4.35,3.022,3.84,194.737,234.0,1011.648,1014.2,16.915,19.9,13.61,14.3
2022-06-17,262.965,357.0,3.435,6.2,4.103,8.2,0.274,0.65,3.984,4.35,2.994,3.84,259.556,295.0,1014.896,1017.4,16.769,19.9,14.083,15.4
2022-06-18,179.674,360.0,5.743,8.1,6.897,9.6,0.552,0.95,3.964,5.0,3.215,3.92,167.864,359.0,1022.947,1026.3,14.073,16.6,14.334,15.0
2022-06-19,150.826,360.0,2.823,6.6,3.41,8.0,0.38,0.85,4.479,4.76,3.542,3.76,9.643,16.0,1024.153,1026.0,14.751,17.7,14.451,15.5
2022-06-20,179.931,206.0,5.34,7.5,6.209,8.9,0.355,0.58,3.314,3.85,2.885,3.28,186.632,198.0,1019.358,1020.6,17.612,20.6,15.001,15.5
2022-06-21,195.896,221.0,4.99,7.5,5.795,9.0,0.303,0.54,3.126,3.57,2.712,3.06,190.267,199.0,1016.126,1018.3,18.538,20.9,15.408,15.9
2022-06-22,255.435,302.0,3.348,5.2,3.978,8.4,0.232,0.43,3.158,3.57,2.829,3.06,238.667,301.0,1016.145,1018.0,18.932,22.6,15.963,17.0
2022-06-23,187.556,355.0,2.116,4.7,2.587,5.6,0.111,0.21,,,2.645,3.39,,,1017.811,1019.4,18.806,22.4,16.793,17.4
2022-06-24,178.194,222.0,2.637,3.7,3.031,4.4,0.06,0.13,,,2.842,3.48,,,1016.806,1018.2,19.377,21.8,18.208,19.3
2022-06-25,141.585,229.0,3.975,6.8,4.713,8.5,0.219,0.55,3.353,4.76,2.713,3.64,173.4,201.0,1015.957,1017.5,19.975,22.2,18.314,19.4
2022-06-26,245.09,313.0,3.416,7.3,4.195,8.9,0.293,0.48,3.602,4.35,2.955,3.52,269.5,315.0,1015.515,1017.3,19.024,20.4,18.085,19.0
2022-06-27,248.528,352.0,4.647,8.0,5.827,9.7,0.535,0.85,3.996,4.55,3.348,3.78,279.208,347.0,1021.844,1024.4,17.545,20.0,17.946,18.8
2022-06-28,172.069,208.0,5.321,7.3,6.381,9.0,0.476,0.71,3.971,5.0,3.32,4.06,146.391,359.0,1022.706,1024.0,18.2,20.6,17.871,18.1
2022-06-29,149.181,354.0,4.051,9.5,4.948,12.0,0.337,0.67,3.557,4.17,2.951,3.23,81.312,201.0,1020.778,1022.7,19.015,20.2,18.216,19.3
2022-06-30,160.875,202.0,5.804,7.5,6.794,10.1,0.448,0.77,3.612,4.35,2.985,3.57,177.556,197.0,1017.607,1020.4,20.44,22.1,18.523,19.0
2022-07-01,233.007,360.0,5.275,8.6,6.418,10.8,0.458,0.79,3.598,4.35,3.075,3.64,139.458,351.0,1013.51,1015.5,19.913,22.3,18.528,18.7
2022-07-02,248.931,335.0,3.245,5.8,3.937,7.1,0.237,0.36,3.113,4.17,2.905,3.5,201.727,294.0,1016.499,1018.5,19.232,20.5,18.713,20.1
2022-07-03,156.972,354.0,1.528,4.6,1.983,5.9,0.074,0.11,,,2.792,3.39,,,1019.695,1021.6,20.424,22.7,19.376,20.9
2022-07-04,147.646,179.0,4.019,6.4,4.728,7.9,0.193,0.41,3.174,3.57,2.785,3.57,168.333,187.0,1018.102,1020.2,21.451,22.6,19.987,20.9
2022-07-05,144.194,357.0,4.324,10.8,5.613,20.4,0.502,1.03,3.951,5.0,3.335,4.27,188.952,213.0,1011.578,1014.7,21.127,26.6,19.698,20.3
2022-07-06,131.138,360.0,4.574,10.2,5.722,13.1,0.415,0.76,3.491,4.76,3.021,3.62,115.1,351.0,1013.567,1016.2,19.938,20.4,19.961,20.4
2022-07-07,123.958,360.0,3.265,6.4,4.04,7.7,0.463,0.83,4.799,5.26,3.562,4.11,233.0,359.0,1016.754,1017.6,20.392,22.3,20.111,21.5
2022-07-08,53.224,360.0,3.886,8.1,4.694,9.7,0.208,0.78,3.69,5.0,2.937,3.64,231.0,357.0,1016.569,1018.2,21.09,21.6,20.81,21.5
2022-07-09,114.299,360.0,6.721,9.2,8.21,11.5,0.929,1.23,4.666,6.25,3.855,4.87,104.708,351.0,1021.449,1023.8,19.674,21.3,19.946,20.6
2022-07-10,110.915,360.0,3.584,8.0,4.374,9.8,0.365,0.71,3.976,4.76,3.228,3.78,27.714,80.0,1019.883,1021.5,19.709,21.1,19.706,20.7
2022-07-11,190.424,271.0,6.31,11.2,7.827,14.2,0.588,0.9,3.914,4.55,3.256,3.69,179.182,203.0,1009.54,1015.9,21.188,22.3,19.766,20.7
2022-07-12,251.493,358.0,4.922,10.3,6.256,22.1,0.603,1.2,4.203,5.0,3.443,3.98,298.958,353.0,1009.249,1012.2,20.388,22.4,19.948,20.8
2022-07-13,258.486,360.0,5.134,9.3,6.225,11.3,0.441,1.17,4.329,5.26,3.231,4.19,334.4,352.0,1014.066,1016.8,19.862,20.8,20.187,20.7
2022-07-14,76.153,360.0,5.113,7.4,6.101,8.9,0.652,1.27,4.56,5.56,3.594,4.39,5.708,11.0,1019.836,1022.3,19.28,19.8,19.957,20.4
2022-07-15,124.0,355.0,3.563,9.4,4.406,11.8,0.41,0.99,3.91,4.55,3.325,4.04,120.429,359.0,1019.938,1021.5,19.603,20.2,20.098,20.3
2022-07-16,182.076,360.0,3.686,6.5,4.652,8.0,0.345,0.61,3.457,4.55,3.055,3.64,221.167,359.0,1016.679,1018.3,19.335,20.2,20.219,20.9
2022-07-17,37.215,359.0,4.865,6.0,5.833,7.4,0.367,0.47,3.318,3.85,2.91,3.29,28.833,358.0,1012.454,1014.3,20.69,21.1,20.395,20.6
2022-07-18,209.34,359.0,3.683,6.1,4.469,7.1,0.267,0.42,3.325,3.85,2.859,3.33,125.0,357.0,1011.708,1013.0,21.26,22.7,20.807,22.1
2022-07-19,201.431,241.0,4.787,7.0,5.658,8.6,0.258,0.45,3.048,3.45,2.624,3.16,196.0,218.0,1010.508,1012.1,22.422,24.0,21.267,22.0
2022-07-20,209.868,266.0,7.196,9.9,8.596,11.8,0.796,1.08,4.368,5.0,3.592,3.89,199.167,245.0,1003.051,1007.0,23.003,23.8,21.212,21.5
2022-07-21,251.021,360.0,5.168,12.3,6.372,18.8,0.51,0.68,3.592,4.17,3.123,3.46,279.818,338.0,1005.885,1008.4,22.649,25.5,21.53,22.1
2022-07-22,244.674,337.0,4.456,6.8,5.465,8.3,0.342,0.5,3.305,4.35,2.917,3.61,259.136,327.0,1011.602,1014.3,22.748,24.4,21.827,22.2
2022-07-23,202.562,266.0,6.615,13.5,8.49,18.6,0.828,1.32,4.441,5.56,3.613,4.55,201.417,242.0,1012.94,1014.7,22.744,24.4,21.834,22.1
2022-07-24,194.722,350.0,5.814,13.8,7.529,18.6,0.83,1.55,4.736,5.88,3.791,4.74,181.375,350.0,1010.474,1015.5,22.422,24.1,21.862,22.3
2022-07-25,225.5,359.0,4.5,9.0,5.721,11.5,0.568,0.75,4.478,5.88,3.583,4.48,173.5,357.0,1015.81,1018.9,20.765,23.8,21.807,22.3
2022-07-26,177.611,213.0,3.32,4.6,4.112,5.5,0.229,0.45,5.175,5.56,3.088,4.53,7.667,15.0,1016.492,1017.8,21.208,22.6,22.11,22.6
2022-07-27,196.014,248.0,4.819,7.7,5.834,9.5,0.267,0.57,2.856,3.57,2.554,3.11,205.0,220.0,1011.556,1013.9,22.103,22.6,22.283,22.6
2022-07-28,248.444,359.0,5.619,11.7,6.892,14.4,0.498,0.89,3.397,4.35,3.021,3.54,243.957,298.0,1011.008,1012.7,21.941,23.1,22.144,22.3
2022-07-29,267.194,318.0,3.85,6.6,4.828,7.8,0.406,0.6,3.767,4.17,3.123,3.39,328.8,346.0,1015.375,1017.6,21.344,22.7,22.18,22.9
2022-07-30,224.972,305.0,2.782,4.7,3.38,5.5,0.144,0.27,2.47,2.47,2.638,3.2,220.0,220.0,1020.82,1022.9,22.174,23.2,22.451,23.1
2022-07-31,176.028,235.0,4.074,6.4,4.922,8.1,0.198,0.36,2.578,2.86,2.523,3.01,169.2,180.0,1018.745,1020.9,22.886,24.1,22.664,23.2
2022-08-01,217.167,269.0,6.132,10.4,7.473,12.8,0.648,1.28,4.04,5.26,3.343,4.14,189.292,216.0,1010.372,1014.1,23.294,24.2,22.803,23.2
2022-08-02,145.222,351.0,4.615,6.5,5.66,8.3,0.37,0.55,3.693,5.88,3.02,3.32,133.048,344.0,1013.551,1016.6,22.312,24.0,22.931,23.3
2022-08-03,193.406,269.0,7.545,11.2,9.272,14.1,0.927,1.42,4.627,5.88,3.74,4.38,182.478,198.0,1008.885,1011.4,23.726,25.0,22.905,23.2
2022-08-04,205.826,360.0,5.142,8.0,6.244,9.5,0.548,0.79,4.231,5.0,3.381,3.9,226.458,356.0,1013.428,1016.5,22.883,24.7,22.883,23.1
2022-08-05,159.41,360.0,2.78,7.3,3.512,8.7,0.467,0.93,4.74,5.88,3.623,4.14,24.636,357.0,1018.16,1019.8,22.926,25.3,23.149,24.2
2022-08-06,163.375,359.0,3.628,6.1,4.358,7.2,0.165,0.35,2.896,3.03,2.876,3.38,169.0,192.0,1017.758,1019.1,24.352,26.0,23.942,24.4
2022-08-07,210.646,306.0,5.424,9.9,6.631,12.4,0.438,0.58,3.386,3.7,2.956,3.31,200.958,237.0,1016.485,1018.3,24.273,26.2,23.754,24.3
2022-08-08,251.264,357.0,6.951,11.2,8.513,14.0,0.483,1.25,3.874,5.56,3.073,3.63,237.0,357.0,1013.509,1016.2,22.755,24.6,23.283,23.6
2022-08-09,103.236,360.0,6.003,10.5,7.638,13.5,1.04,1.81,6.103,7.14,4.42,5.3,68.529,359.0,1018.647,1021.0,19.906,20.8,22.115,22.4
2022-08-10,227.098,357.0,2.967,4.4,3.667,5.1,0.241,0.4,4.348,5.56,2.961,3.63,14.333,23.0,1020.343,1022.1,21.202,23.1,22.396,23.3
2022-08-11,140.465,360.0,6.792,10.8,8.347,13.1,0.708,1.32,4.348,5.26,3.387,4.23,45.4,238.0,1020.609,1022.9,21.818,23.1,22.285,22.9
2022-08-12,115.375,360.0,4.349,9.3,5.588,11.4,0.784,1.46,4.993,6.25,3.906,4.69,30.389,359.0,1023.372,1025.8,20.134,21.1,21.863,22.1
2022-08-13,152.923,182.0,6.982,12.6,8.573,15.7,0.749,1.71,4.442,5.56,3.61,4.51,175.133,198.0,1019.38,1022.0,21.175,21.7,21.891,22.4
2022-08-14,100.424,150.0,8.306,11.8,10.123,14.7,1.157,1.62,4.766,5.56,3.942,4.34,124.722,149.0,1013.976,1015.3,19.449,21.2,21.274,21.7
2022-08-15,127.427,360.0,5.169,7.5,6.252,9.3,0.483,0.58,3.914,4.76,3.136,3.44,119.85,358.0,1017.249,1018.7,20.644,21.2,21.326,21.7
2022-08-16,131.831,360.0,5.946,8.2,7.175,10.1,0.59,0.87,3.763,4.76,3.258,3.72,49.762,359.0,1019.394,1020.8,21.026,21.9,21.685,21.9
2022-08-17,180.573,359.0,4.255,7.3,5.178,8.8,0.461,0.62,4.115,4.55,3.216,3.51,14.615,64.0,1019.926,1021.5,21.041,22.2,21.858,22.5
2022-08-18,263.528,360.0,3.277,5.1,3.941,6.2,0.177,0.25,2.425,2.6,2.551,2.79,100.0,185.0,1017.076,1018.7,21.352,22.4,22.025,22.6
2022-08-19,176.625,205.0,5.195,7.2,6.252,9.2,0.432,0.69,3.599,4.35,2.986,3.41,181.25,193.0,1014.024,1015.3,22.444,23.4,22.09,22.3
2022-08-20,178.201,264.0,6.415,9.5,7.823,12.2,0.635,1.03,3.81,5.0,3.244,3.89,198.083,213.0,1014.482,1015.8,21.926,23.4,22.099,22.3
2022-08-21,176.528,359.0,4.769,9.2,5.974,12.5,0.466,1.28,3.531,5.56,3.07,4.26,175.826,358.0,1014.537,1016.0,21.244,21.8,22.024,22.4
2022-08-22,305.354,360.0,5.33,8.9,6.505,11.1,0.645,1.34,4.403,5.88,3.497,4.37,10.167,16.0,1016.658,1017.9,21.371,22.0,22.066,22.6
2022-08-23,290.264,354.0,2.987,5.0,3.638,6.3,0.251,0.39,3.347,5.0,2.908,3.42,237.167,289.0,1015.844,1016.5,21.931,23.4,22.24,23.4
2022-08-24,240.566,320.0,2.476,3.8,3.006,4.7,0.092,0.14,,,2.574,3.96,,,1017.085,1018.7,22.821,24.1,22.767,23.8
2022-08-25,195.451,313.0,4.705,9.4,5.802,11.9,0.392,0.96,3.549,4.55,2.955,3.72,188.0,220.0,1015.609,1017.0,22.456,23.8,22.64,23.5
2022-08-26,251.569,360.0,6.401,8.9,7.933,10.9,0.88,1.21,5.052,6.25,3.872,4.45,180.208,359.0,1016.983,1019.1,20.86,22.3,22.234,22.7
2022-08-27,110.556,347.0,3.237,5.1,4.126,6.5,0.366,0.67,3.961,5.26,3.194,3.86,90.316,359.0,1018.101,1019.0,21.249,22.2,22.756,23.3
2022-08-28,148.903,220.0,7.016,9.3,8.562,16.9,0.689,1.01,4.144,5.0,3.328,3.89,163.364,181.0,1012.678,1015.5,22.978,24.8,22.784,23.2
2022-08-29,202.542,271.0,7.49,14.1,9.507,22.3,0.828,1.28,4.29,5.56,3.536,4.25,202.167,245.0,1009.144,1010.4,23.049,24.4,22.778,22.9
2022-08-30,266.797,306.0,7.246,9.7,8.873,11.9,0.798,1.34,4.192,4.76,3.52,4.02,263.958,329.0,1011.646,1013.4,22.152,23.9,22.64,22.8
2022-08-31,275.924,312.0,6.321,8.4,7.711,11.0,0.731,0.96,4.276,4.76,3.548,3.92,319.25,350.0,1014.949,1016.2,22.156,23.8,22.477,22.9
2022-09-01,207.273,357.0,4.085,6.5,4.943,8.7,0.283,0.5,3.018,3.33,2.79,3.07,242.667,275.0,1015.922,1018.1,23.06,24.1,22.668,23.2
2022-09-02,187.306,207.0,5.074,6.8,6.085,8.4,0.327,0.48,3.107,3.57,2.698,3.01,190.353,200.0,1016.684,1018.0,23.543,24.3,22.906,23.1
2022-09-03,211.208,360.0,5.374,8.2,6.481,9.8,0.412,1.11,3.216,5.56,2.877,4.08,234.842,348.0,1018.133,1020.0,22.972,24.4,23.114,23.4
2022-09-04,65.882,359.0,7.472,9.5,9.143,11.8,1.32,1.92,6.097,7.69,4.533,5.27,94.409,359.0,1019.802,1020.9,20.627,22.3,22.996,23.1
2022-09-05,45.014,86.0,5.506,8.0,7.001,9.4,0.674,0.92,4.446,5.88,3.572,4.07,99.174,359.0,1019.248,1020.1,19.036,20.5,22.778,22.9
2022-09-06,86.368,360.0,4.05,6.4,5.04,7.7,0.414,0.68,3.505,4.17,3.171,3.47,66.059,356.0,1019.961,1021.5,20.792,21.6,22.835,23.3
2022-09-07,208.34,360.0,4.287,5.9,5.281,7.3,0.328,0.43,3.19,3.85,2.873,3.08,35.85,355.0,1020.539,1022.0,21.359,22.1,22.891,23.2
2022-09-08,245.993,358.0,2.376,5.5,3.056,6.6,0.14,0.28,2.446,2.47,2.748,3.46,224.4,231.0,1016.534,1018.5,21.828,23.5,22.954,23.2
2022-09-09,176.792,201.0,5.453,8.2,6.569,9.8,0.494,0.76,3.845,4.35,3.1,3.56,173.3,192.0,1013.266,1014.8,22.674,23.5,22.865,23.0
2022-09-10,178.175,273.0,2.827,4.5,3.395,5.4,0.096,0.26,3.45,3.45,2.675,3.4,189.0,189.0,1016.01,1017.9,22.911,23.8,23.039,23.9
2022-09-11,41.889,165.0,8.403,17.3,10.355,21.9,1.078,2.22,5.197,7.14,3.946,5.19,170.19,358.0,1013.699,1017.2,20.601,23.9,22.946,23.7
2022-09-12,187.757,354.0,7.672,20.1,10.197,26.3,1.756,2.95,7.532,8.33,5.255,5.84,231.739,358.0,1006.694,1008.7,16.91,21.0,21.157,22.6
2022-09-13,296.056,359.0,4.723,9.4,6.092,11.5,0.915,1.36,6.107,7.14,4.597,5.94,190.625,358.0,1010.156,1013.9,18.29,20.5,20.273,20.7
2022-09-14,242.368,360.0,4.542,6.5,5.633,8.1,0.538,0.86,5.077,5.88,3.71,4.46,260.875,358.0,1018.323,1021.4,19.524,20.3,20.519,21.0
2022-09-15,123.181,360.0,5.176,7.1,6.215,8.6,0.596,1.06,4.253,5.56,3.515,4.18,74.333,353.0,1022.619,1024.3,19.684,20.9,20.446,20.8
2022-09-16,175.762,213.0,4.529,5.8,5.387,7.1,0.28,0.42,2.901,3.33,2.731,2.96,183.143,194.0,1020.051,1021.2,21.056,22.0,20.677,21.0
2022-09-17,177.875,193.0,6.155,8.4,7.395,9.8,0.493,0.78,3.659,4.0,3.042,3.3,178.1,185.0,1017.035,1018.4,21.492,22.6,20.713,20.9
2022-09-18,198.514,270.0,5.076,7.9,6.281,11.2,0.505,0.73,4.082,4.55,3.3,3.57,186.958,196.0,1013.626,1014.5,21.489,22.5,20.749,21.1
2022-09-19,279.736,360.0,5.142,9.0,6.306,11.8,0.497,0.89,4.209,5.56,3.203,4.2,248.0,353.0,1013.901,1016.3,20.67,22.3,20.934,21.2
2022-09-20,166.257,314.0,6.278,12.4,7.828,16.2,0.629,1.31,4.072,5.0,3.475,4.15,118.053,178.0,1014.731,1018.9,20.51,23.5,20.999,21.2
2022-09-21,232.354,356.0,5.718,11.2,7.074,14.0,0.614,1.04,3.827,5.0,3.263,3.93,224.667,322.0,1009.736,1012.8,21.938,22.9,20.869,21.0
2022-09-22,335.819,356.0,11.176,13.3,14.193,16.9,2.214,2.65,6.928,8.33,5.36,5.94,201.792,359.0,1018.342,1022.7,15.862,20.4,19.915,20.6
2022-09-23,141.874,360.0,5.36,8.3,7.272,11.1,0.901,1.76,5.652,7.69,4.105,5.1,106.25,359.0,1023.606,1025.8,13.972,16.0,19.143,19.4
2022-09-24,183.243,275.0,6.221,9.9,8.022,12.2,0.755,1.14,4.327,5.26,3.563,4.09,190.75,202.0,1014.465,1019.6,15.608,17.0,18.789,19.0
2022-09-25,293.819,325.0,6.829,11.8,8.521,15.5,0.763,1.55,4.095,5.88,3.413,4.36,303.208,358.0,1006.512,1009.1,15.997,17.3,18.149,18.7
2022-09-26,302.132,331.0,11.313,17.7,14.249,25.3,2.065,2.5,6.625,8.33,5.022,5.63,242.909,354.0,1008.558,1012.5,14.632,17.4,17.455,17.7
2022-09-27,315.167,333.0,10.459,12.0,13.17,15.4,1.853,2.32,6.688,7.69,4.935,5.42,94.696,359.0,1016.03,1022.2,12.672,14.8,16.647,17.1
2022-09-28,150.476,360.0,9.187,11.3,11.672,14.9,1.74,2.46,6.503,7.69,4.888,5.58,112.391,359.0,1028.5,1032.7,11.757,12.9,16.251,16.6
2022-09-29,75.225,175.0,2.564,7.8,4.024,10.9,0.438,1.25,5.024,5.88,3.526,4.18,201.625,359.0,1032.901,1034.6,11.81,12.9,16.124,16.7
2022-09-30,170.0,360.0,3.202,5.3,4.082,6.3,0.238,0.39,3.106,3.45,2.811,3.15,131.615,186.0,1027.077,1028.8,14.358,15.4,16.112,16.6
2022-10-01,110.035,359.0,5.447,8.4,6.508,10.1,0.383,0.77,3.055,4.0,2.761,3.27,36.696,75.0,1023.298,1024.9,15.048,15.8,16.026,16.2
2022-10-02,119.25,360.0,7.363,9.2,8.922,11.3,0.859,1.11,4.409,5.26,3.632,4.07,48.542,356.0,1026.874,1029.8,14.601,16.6,15.945,16.0
2022-10-03,89.014,360.0,3.771,8.2,4.887,9.7,0.549,0.93,4.021,4.76,3.413,3.8,76.4,126.0,1028.793,1030.4,13.283,15.7,15.926,16.6
2022-10-04,175.59,269.0,2.1,3.3,2.563,4.3,0.07,0.13,,,3.027,3.69,,,1024.537,1026.4,14.987,16.0,16.124,16.7
2022-10-05,192.528,251.0,3.01,4.9,3.59,5.9,0.122,0.26,2.733,2.86,2.454,2.67,204.333,209.0,1019.901,1021.6,16.214,17.0,16.269,16.5
2022-10-06,208.236,360.0,4.906,11.7,6.037,15.2,0.345,1.33,3.47,5.0,2.742,4.12,213.364,359.0,1016.285,1019.3,16.263,17.4,16.249,16.4
2022-10-07,98.882,360.0,10.599,13.7,13.621,17.5,2.354,3.34,7.674,9.09,5.545,6.27,93.333,359.0,1026.124,1029.3,10.14,14.1,15.62,16.1
2022-10-08,285.354,358.0,7.639,10.2,10.224,13.1,1.112,1.62,5.447,7.14,4.112,4.83,182.417,358.0,1027.378,1030.0,9.818,13.7,15.176,15.3
2022-10-09,240.792,266.0,8.001,11.0,9.795,13.7,1.152,1.62,4.918,5.56,4.01,4.52,232.167,255.0,1019.652,1021.4,13.549,15.3,14.858,15.0
2022-10-10,79.312,360.0,5.369,7.6,6.453,9.1,0.537,0.86,3.727,4.55,3.243,3.74,92.542,359.0,1021.107,1023.1,13.76,15.3,14.753,15.1
2022-10-11,142.188,189.0,5.926,12.4,7.367,15.3,0.706,1.69,4.591,5.56,3.504,4.48,216.882,359.0,1018.651,1020.7,14.882,16.6,14.919,15.1
2022-10-12,206.629,337.0,10.541,14.6,13.38,19.0,1.752,2.2,6.102,6.67,4.723,5.03,202.833,311.0,1007.583,1014.4,15.019,16.6,14.785,14.9
2022-10-13,255.646,284.0,9.339,15.0,11.864,21.6,1.31,1.93,4.931,5.88,4.144,4.75,256.375,315.0,1004.094,1006.6,10.416,14.5,14.246,14.6
2022-10-14,237.056,279.0,9.368,13.5,12.147,19.0,1.272,1.78,5.009,5.56,4.062,4.49,228.125,280.0,1004.596,1006.9,9.126,14.5,13.757,14.0
2022-10-15,261.924,302.0,9.122,13.2,11.622,17.7,1.26,1.62,5.049,5.88,4.109,4.52,268.458,322.0,1009.29,1013.2,8.078,12.3,13.522,13.8
2022-10-16,280.538,336.0,8.103,12.8,10.145,15.7,1.125,1.75,4.881,5.88,3.965,4.73,276.625,355.0,1012.865,1014.4,10.634,12.7,12.869,13.1
2022-10-17,306.41,337.0,13.628,15.7,17.24,20.5,2.784,3.73,7.224,9.09,5.598,6.65,252.391,342.0,1009.206,1012.3,6.981,9.6,12.179,12.8
2022-10-18,325.188,334.0,14.277,15.6,18.34,21.0,3.828,4.55,9.595,10.0,6.79,7.26,22.208,358.0,1013.002,1014.3,5.463,7.1,9.98,10.6
2022-10-19,312.444,335.0,10.418,15.4,13.422,21.1,2.527,4.08,8.421,10.0,5.74,6.85,49.958,359.0,1013.829,1014.9,5.378,6.9,9.352,10.1
2022-10-20,248.771,295.0,7.649,9.5,9.319,11.6,1.068,1.34,4.537,5.0,3.941,4.24,258.708,324.0,1008.687,1012.2,7.557,10.2,10.024,10.4
2022-10-21,179.674,204.0,6.55,9.8,7.81,11.8,0.679,1.22,4.12,5.0,3.389,4.08,174.957,199.0,1006.846,1008.4,10.966,14.1,9.272,9.7
2022-10-22,175.444,196.0,7.598,9.4,8.933,11.5,0.919,1.16,4.672,5.26,3.712,3.92,186.25,197.0,1008.594,1010.7,12.411,14.1,9.229,10.2
2022-10-23,148.694,171.0,6.491,8.3,7.563,9.5,0.604,0.75,3.812,4.35,3.202,3.4,172.542,182.0,1013.465,1015.4,13.193,15.0,10.116,10.4
2022-10-24,149.194,173.0,7.818,10.1,9.341,14.4,0.829,1.06,4.335,5.0,3.55,3.76,175.0,192.0,1012.747,1014.5,13.976,15.4,10.31,11.3
2022-10-25,160.042,357.0,6.282,9.8,7.576,12.3,0.717,1.01,4.207,5.0,3.478,3.93,184.875,346.0,1006.96,1009.5,12.983,15.4,11.427,12.1
2022-10-26,329.396,354.0,10.098,14.0,12.664,17.9,1.945,2.91,6.62,7.69,5.04,5.97,161.125,356.0,1010.076,1019.7,8.37,10.6,10.586,11.8
2022-10-27,145.938,340.0,2.962,5.5,3.923,6.7,0.607,1.22,5.334,6.67,4.057,5.14,57.174,162.0,1025.956,1029.7,8.737,9.5,10.487,10.8
2022-10-28,123.465,357.0,5.256,8.6,6.41,10.4,0.537,0.93,3.71,4.55,3.141,3.58,121.048,160.0,1030.067,1031.7,9.647,10.8,10.763,10.9
2022-10-29,119.028,177.0,2.292,3.5,2.712,4.1,0.132,0.32,3.595,3.85,2.77,3.26,146.25,154.0,1028.073,1029.9,10.594,11.1,10.467,10.9
2022-10-30,101.43,147.0,2.693,4.1,3.153,4.7,0.126,0.24,,,2.665,2.93,,,1019.165,1024.4,11.189,11.7,10.778,11.1
2022-10-31,143.806,360.0,2.371,6.1,3.035,8.3,0.117,0.22,,,2.452,2.62,,,1011.138,1013.7,11.285,12.9,10.981,11.5
2022-11-01,219.806,326.0,3.021,4.7,3.597,5.8,0.163,0.27,2.77,2.94,2.576,2.81,225.5,239.0,1017.389,1022.2,11.412,12.5,11.042,11.3
2022-11-02,166.167,199.0,3.906,5.1,4.508,6.1,0.235,0.39,2.994,3.23,2.592,2.97,181.625,194.0,1024.259,1026.3,12.037,13.1,10.363,10.7
2022-11-03,169.146,185.0,6.658,8.0,7.863,9.7,0.686,1.01,3.969,4.76,3.355,3.83,179.087,194.0,1020.8,1022.6,12.733,14.3,10.638,10.9
2022-11-04,175.671,228.0,7.794,9.8,9.356,11.7,1.02,1.46,4.663,5.26,3.863,4.42,187.652,204.0,1012.897,1016.6,13.34,15.1,10.887,11.0
2022-11-05,180.319,222.0,11.017,18.5,13.897,23.9,1.86,3.8,5.947,7.69,4.711,6.5,186.542,203.0,1001.833,1008.3,13.385,15.2,10.937,11.0
2022-11-06,211.007,245.0,9.998,15.8,12.53,21.0,1.752,3.31,6.23,7.69,4.734,6.03,198.125,211.0,1010.288,1016.9,10.608,12.2,10.426,10.7
2022-11-07,257.694,360.0,7.398,10.8,9.251,13.9,0.887,1.41,4.497,5.26,3.66,4.0,278.25,345.0,1028.257,1036.7,8.721,12.1,10.334,10.5
2022-11-08,79.743,114.0,7.458,9.8,9.179,12.3,0.925,1.33,4.329,5.0,3.716,4.09,95.625,353.0,1037.683,1039.9,7.849,10.9,10.379,10.5
2022-11-09,158.833,192.0,7.988,10.7,9.75,12.8,1.022,1.47,4.755,5.26,3.829,4.31,164.125,202.0,1026.795,1033.1,10.611,12.5,10.326,10.4
2022-11-10,173.66,189.0,7.326,9.7,8.658,11.7,0.76,0.99,4.066,4.55,3.42,3.73,185.833,196.0,1016.211,1020.4,13.072,14.4,10.396,10.5
2022-11-11,263.264,348.0,7.065,10.1,8.69,12.9,0.782,1.3,4.25,5.26,3.506,4.14,260.0,331.0,1010.408,1012.2,9.31,14.5,10.524,10.6
2022-11-12,316.354,336.0,8.414,10.6,11.301,14.0,1.434,1.8,5.927,6.67,4.511,4.89,252.826,354.0,1014.305,1017.8,2.921,3.9,10.292,10.5
2022-11-13,317.208,343.0,8.199,11.2,10.926,15.7,1.619,2.2,6.718,7.69,4.851,5.33,23.625,353.0,1022.982,1026.9,2.083,3.4,9.933,10.1
2022-11-14,254.299,360.0,1.835,4.2,3.398,6.9,0.442,0.89,4.971,6.67,3.832,4.54,35.565,160.0,1028.036,1029.4,2.629,4.0,9.856,9.9
2022-11-15,98.401,143.0,7.28,10.1,9.398,12.3,0.853,1.36,4.227,5.0,3.603,4.26,109.435,168.0,1025.027,1028.0,3.041,4.4,9.801,9.9
2022-11-16,139.301,360.0,4.987,10.2,6.826,13.2,0.771,1.49,4.992,6.67,3.785,4.48,120.167,357.0,1018.535,1020.2,3.206,4.0,9.683,9.8
2022-11-17,272.292,330.0,10.768,13.7,13.766,17.5,1.672,2.2,5.69,6.67,4.529,5.0,183.25,352.0,1018.433,1019.5,2.271,3.3,9.421,9.6
2022-11-18,275.59,298.0,12.035,14.0,15.505,17.5,2.062,2.35,5.827,6.67,4.863,5.18,280.333,309.0,1018.237,1020.4,-0.39,2.1,9.033,9.2
2022-11-19,252.729,305.0,12.472,14.6,16.229,18.9,2.214,2.73,6.276,7.14,4.97,5.54,236.375,296.0,1016.682,1020.5,-2.397,-0.9,8.517,8.9
2022-11-20,265.299,308.0,10.115,14.8,13.401,19.4,1.803,2.8,5.81,7.14,4.642,5.54,296.042,353.0,1024.951,1028.8,-3.788,2.4,8.149,8.4
2022-11-21,240.715,342.0,11.872,15.2,14.922,19.5,2.083,2.61,6.334,7.14,4.967,5.44,208.042,259.0,1019.666,1023.7,4.162,5.5,7.761,8.1
2022-11-22,171.521,355.0,5.358,8.3,6.833,10.3,0.583,0.82,3.816,5.0,3.268,3.58,205.5,348.0,1023.788,1026.1,4.374,6.9,7.219,7.6
2022-11-23,205.056,262.0,4.279,6.4,5.146,7.6,0.354,0.51,3.527,4.0,2.929,3.22,205.167,266.0,1020.967,1022.0,7.433,9.2,7.092,7.6
2022-11-24,185.368,216.0,5.42,7.5,6.512,9.2,0.45,0.72,3.431,4.17,2.995,3.44,190.583,203.0,1020.44,1022.1,8.391,9.7,7.6,7.9
2022-11-25,276.458,327.0,6.915,10.6,8.479,13.2,0.895,1.37,4.783,5.88,3.76,4.39,308.792,358.0,1020.286,1023.1,6.331,8.8,7.254,7.9
2022-11-26,220.694,253.0,7.166,9.5,8.844,12.1,0.811,1.1,4.466,5.26,3.599,4.1,193.708,244.0,1017.579,1021.4,7.535,8.6,7.18,7.4
2022-11-27,187.16,359.0,6.555,13.2,8.112,17.0,0.85,2.99,4.31,7.69,3.58,5.9,201.304,348.0,1003.652,1011.6,7.079,8.8,7.439,7.5
2022-11-28,252.826,360.0,5.141,12.7,6.91,15.9,1.246,2.73,6.737,8.33,4.803,5.82,66.708,358.0,1012.306,1015.4,5.245,6.4,7.351,7.4
2022-11-29,167.833,194.0,9.544,12.6,11.781,15.8,1.36,1.9,5.252,5.88,4.212,4.75,188.083,207.0,1009.145,1014.1,7.667,10.5,7.28,7.3
2022-11-30,254.16,289.0,12.017,14.6,15.265,18.8,1.978,2.62,5.932,6.67,4.751,5.24,256.333,316.0,1008.348,1020.2,1.934,10.5,7.147,7.4
2022-12-01,250.465,292.0,9.194,14.4,11.815,19.0,1.61,2.83,5.365,6.67,4.447,5.46,279.583,335.0,1028.061,1033.0,-1.378,3.2,6.802,7.0
2022-12-02,185.597,198.0,11.794,14.0,14.769,17.5,2.081,2.65,6.37,7.14,4.988,5.37,190.792,197.0,1016.54,1026.0,5.255,8.4,6.557,6.7
2022-12-03,255.59,300.0,10.549,15.8,13.348,20.3,1.893,3.06,6.129,7.69,4.814,5.64,259.958,332.0,1016.843,1030.2,3.147,8.9,6.271,6.4
2022-12-04,246.021,283.0,8.79,11.7,11.104,15.1,1.257,1.64,5.107,5.88,4.121,4.3,246.792,346.0,1024.39,1030.3,0.116,4.4,6.11,6.2
2022-12-05,213.965,233.0,9.577,12.5,11.724,15.5,1.413,1.84,5.561,6.25,4.325,4.77,193.792,211.0,1013.124,1016.9,4.194,5.7,5.997,6.1
2022-12-06,115.079,358.0,4.864,6.8,6.08,9.5,0.559,0.8,4.074,4.76,3.326,3.69,223.2,358.0,1014.799,1017.9,4.842,5.9,6.066,6.1
2023-05-10,137.317,353.0,1.285,3.7,1.693,4.3,0.052,0.08,,,3.281,4.55,,,1022.182,1023.5,8.593,11.0,6.219,8.1
2023-05-11,127.427,242.0,2.581,4.1,2.919,4.5,0.043,0.07,,,3.226,5.12,,,1019.214,1020.3,10.625,14.2,7.216,8.2
2023-05-12,93.014,149.0,3.062,5.3,3.533,6.4,0.043,0.09,,,3.117,4.33,,,1016.905,1017.7,11.326,13.5,7.874,9.0
2023-05-13,49.874,360.0,4.0,7.5,4.822,9.0,0.215,0.36,3.359,3.85,2.682,3.01,345.778,357.0,1019.471,1022.5,10.2,12.7,7.699,8.1
2023-05-14,47.569,98.0,4.979,7.4,5.844,8.7,0.448,0.67,3.994,5.88,3.188,3.85,239.556,359.0,1026.335,1029.5,9.617,11.4,7.002,7.4
2023-05-15,129.59,360.0,3.204,5.7,3.776,6.6,0.317,0.42,3.949,4.35,3.169,3.45,227.306,357.0,1027.531,1029.8,8.181,9.6,6.822,7.7
2023-05-16,209.743,354.0,3.955,8.3,4.722,9.7,0.159,0.77,3.14,3.85,2.68,3.4,11.25,17.0,1013.646,1021.3,9.472,12.1,7.322,7.8
2023-05-17,88.882,360.0,6.281,10.5,7.646,13.1,0.991,1.85,5.633,6.67,4.134,4.91,58.043,358.0,1015.262,1018.7,7.138,9.0,6.79,7.2
2023-05-18,113.16,158.0,3.952,6.2,4.66,7.3,0.418,0.54,3.984,4.76,3.326,3.8,104.933,359.0,1018.097,1019.9,8.095,10.1,6.936,7.7
2023-05-19,193.653,360.0,4.131,8.3,4.852,9.8,0.332,0.69,3.442,3.85,2.972,3.39,175.393,186.0,1013.51,1016.0,9.632,10.9,6.965,7.6
2023-05-20,308.965,356.0,4.2,7.1,5.081,8.6,0.307,0.56,3.553,4.76,2.979,3.77,241.581,358.0,1019.207,1021.1,8.148,9.3,7.008,7.6
2023-05-21,216.889,270.0,3.84,6.8,4.517,8.0,0.267,0.41,4.073,5.26,2.92,3.92,100.957,229.0,1019.862,1020.9,9.595,11.6,7.343,8.7
2023-05-22,120.909,283.0,1.833,3.5,2.273,5.1,0.052,0.11,,,3.156,4.91,,,1020.326,1021.6,11.456,15.5,8.487,10.2
2023-05-23,118.746,187.0,2.842,4.9,3.332,6.2,0.085,0.18,,,2.64,3.61,,,1019.885,1021.3,12.308,15.9,9.801,11.2
2023-05-24,183.104,360.0,5.277,9.5,6.458,11.8,0.53,1.6,5.275,7.14,3.366,4.95,310.85,356.0,1020.958,1023.7,11.23,16.2,9.572,11.2
2023-05-25,114.194,360.0,7.038,12.1,8.703,15.5,1.083,1.8,5.002,6.67,4.103,5.34,48.792,358.0,1025.891,1028.0,8.415,10.4,8.081,8.2
2023-05-26,98.889,360.0,3.784,7.7,4.529,10.2,0.385,0.88,4.335,5.26,3.301,3.78,22.229,195.0,1027.119,1029.4,8.781,9.9,8.032,8.8
2023-05-27,111.139,360.0,3.149,5.4,3.631,6.4,0.143,0.34,2.94,3.13,2.837,3.75,40.0,45.0,1025.681,1027.7,10.381,12.2,8.452,9.8
2023-05-28,121.125,360.0,2.815,4.7,3.276,5.4,0.085,0.15,,,2.823,4.06,,,1021.397,1023.3,11.685,16.4,9.094,10.9
2023-05-29,168.868,360.0,2.287,3.9,2.652,4.3,0.058,0.08,,,2.896,4.3,,,1016.995,1018.0,11.931,14.5,9.569,11.8
2023-05-30,89.127,360.0,2.431,5.2,2.895,5.7,0.053,0.09,,,3.158,4.86,,,1015.256,1016.7,14.11,17.2,10.541,11.7
2023-05-31,107.587,155.0,3.416,5.0,3.87,5.9,0.067,0.16,,,2.711,4.41,,,1015.12,1017.1,16.091,21.4,11.7,13.4
2023-06-01,116.38,358.0,2.422,4.0,3.021,5.6,0.044,0.1,,,3.139,4.39,,,1016.914,1018.8,16.98,22.9,13.0,16.0
2023-06-02,122.469,360.0,2.349,4.4,2.919,6.0,0.051,0.11,,,3.372,4.58,,,1017.789,1019.1,18.176,20.6,14.747,15.9
2023-06-03,113.312,360.0,3.631,6.3,4.273,7.5,0.15,0.45,2.667,3.03,2.525,2.93,254.429,359.0,1016.612,1017.8,16.261,18.5,14.22,15.7
2023-06-04,125.819,359.0,4.546,6.3,5.346,7.5,0.344,0.49,3.435,4.0,2.953,3.26,62.886,358.0,1017.609,1019.7,14.868,17.2,13.163,14.0
2023-06-05,162.493,337.0,2.639,6.6,3.217,7.9,0.239,0.51,3.417,3.57,3.056,3.41,21.176,29.0,1017.518,1018.6,15.59,18.8,13.303,14.5
2023-06-06,324.812,359.0,4.439,8.0,5.448,9.7,0.3,0.85,3.576,4.35,2.898,3.73,245.731,359.0,1014.51,1015.9,14.675,17.7,13.894,15.0
2023-06-07,133.174,359.0,4.883,9.0,6.009,11.1,0.697,1.21,4.736,5.56,3.741,4.32,178.583,359.0,1012.249,1013.3,13.412,14.0,13.336,13.8
2023-06-08,169.84,360.0,4.852,8.3,5.922,10.2,0.651,1.13,4.592,5.88,3.612,4.25,94.062,359.0,1012.289,1013.7,12.739,13.7,12.349,12.7
2023-06-09,263.056,359.0,2.655,5.0,3.212,6.1,0.257,0.4,3.791,4.55,3.171,3.74,24.333,359.0,1012.851,1014.4,13.748,16.4,12.833,14.9
2023-06-10,198.818,235.0,3.971,5.4,4.571,6.4,0.186,0.31,2.741,2.94,2.687,3.62,209.455,225.0,1008.879,1010.8,15.468,16.5,13.379,14.0
2023-06-11,38.507,360.0,8.633,12.8,10.685,16.3,1.327,2.58,6.046,7.69,4.253,5.54,132.692,359.0,1008.64,1009.7,12.742,18.1,12.788,13.4
2023-06-12,220.424,360.0,7.835,13.3,9.669,16.7,1.328,2.62,5.897,7.69,4.384,5.63,47.25,359.0,1009.889,1011.1,10.874,12.4,11.222,11.8
2023-06-13,255.271,308.0,4.997,6.4,6.042,8.5,0.412,0.57,3.333,3.85,2.993,3.28,236.933,284.0,1002.883,1007.0,12.287,13.5,11.33,11.8
2023-06-14,278.611,359.0,2.811,5.6,3.474,7.2,0.221,0.56,3.744,4.17,2.918,3.39,265.0,286.0,1003.647,1006.2,11.884,13.0,11.739,12.6
2023-06-15,169.66,355.0,4.469,10.6,5.513,12.6,0.379,1.47,4.57,5.88,3.115,4.63,255.062,358.0,1005.767,1008.3,12.506,13.9,12.228,12.7
2023-06-16,133.888,360.0,7.445,11.1,9.115,13.7,1.038,1.67,5.141,5.88,3.998,4.78,31.553,359.0,1012.665,1015.1,11.144,12.1,11.564,11.8
2023-06-17,259.368,359.0,2.122,5.1,2.622,6.1,0.261,0.58,4.254,4.76,3.268,3.5,43.833,357.0,1015.053,1016.7,13.525,17.3,11.774,12.4
2023-06-18,119.315,207.0,1.967,3.7,2.301,4.3,0.063,0.11,,,3.113,4.41,,,1011.442,1013.1,15.783,18.4,12.879,14.4
2023-06-19,108.111,359.0,3.121,5.4,3.688,7.0,0.107,0.17,,,2.581,3.0,,,1011.451,1013.6,16.021,18.1,14.076,15.1
2023-06-20,85.625,359.0,4.869,7.4,5.726,9.1,0.285,0.63,2.857,3.57,2.664,3.16,55.714,358.0,1016.487,1018.1,15.671,16.9,13.933,14.9
2023-06-21,113.424,359.0,3.648,7.0,4.278,8.7,0.355,0.69,4.056,4.55,3.402,3.72,209.968,359.0,1018.972,1020.8,16.209,17.9,14.352,15.5
2023-06-22,100.694,360.0,3.83,6.6,4.537,8.0,0.276,0.58,3.435,4.0,2.916,3.3,32.5,359.0,1017.146,1018.8,16.535,18.0,14.926,15.8
2023-06-23,148.175,358.0,2.335,5.0,2.904,6.3,0.17,0.37,3.079,3.33,2.901,3.24,18.889,25.0,1013.633,1014.4,16.831,18.1,15.743,17.0
2023-06-24,180.531,357.0,1.408,4.4,1.964,5.3,0.056,0.09,,,2.903,3.84,,,1012.504,1014.0,18.942,21.2,17.077,18.9
2023-06-25,168.438,342.0,5.697,13.0,7.001,17.8,0.467,0.92,3.953,4.76,3.027,3.75,189.125,262.0,1004.658,1010.0,19.256,20.6,17.107,18.1
2023-06-26,272.604,337.0,5.904,8.8,7.238,12.6,0.6,0.9,3.818,5.0,3.268,3.88,261.833,358.0,1000.717,1005.2,16.878,18.1,15.68,16.0
2023-06-27,315.979,359.0,7.047,10.7,8.767,13.7,1.068,1.46,5.466,6.25,4.215,4.8,38.149,359.0,1009.239,1013.3,15.72,16.7,14.855,15.4
2023-06-28,171.629,360.0,1.997,4.2,2.479,5.2,0.438,0.95,5.303,6.25,4.053,4.62,45.6,359.0,1014.908,1016.8,15.615,17.0,14.516,15.3
2023-06-29,139.493,218.0,4.506,7.2,5.267,8.5,0.315,0.53,3.512,4.76,3.071,3.85,161.121,202.0,1011.496,1013.8,17.459,19.7,15.068,15.7
2023-06-30,198.361,309.0,2.492,4.7,3.244,6.3,0.178,0.4,3.254,3.57,2.758,3.08,157.429,174.0,1011.624,1013.4,17.699,19.8,15.786,16.9
2023-07-01,201.559,357.0,2.092,3.2,2.625,4.8,0.061,0.11,,,2.985,3.97,,,1010.782,1012.1,18.645,19.6,16.733,17.3
2023-07-02,85.175,360.0,2.56,7.1,3.178,8.2,0.115,0.64,3.684,4.55,2.861,3.85,338.714,349.0,1007.568,1009.3,18.278,19.7,17.219,17.8
2023-07-03,226.715,360.0,3.437,6.3,4.18,8.2,0.417,0.75,4.14,5.0,3.291,3.9,179.132,359.0,1010.77,1013.5,17.373,20.4,16.243,17.1
2023-07-04,191.361,248.0,2.874,4.5,3.418,5.7,0.125,0.2,,,2.691,3.21,,,1013.935,1015.2,19.083,20.9,17.338,18.2
2023-07-05,183.986,356.0,3.277,8.0,3.922,12.7,0.108,0.36,2.86,2.86,2.494,2.78,343.0,343.0,1013.45,1014.8,20.084,21.9,18.122,19.1
2023-07-06,223.472,359.0,4.089,7.4,5.114,9.0,0.424,0.91,4.026,5.26,3.097,3.97,226.276,359.0,1013.191,1014.4,18.535,20.2,18.167,18.6
2023-07-07,145.104,359.0,2.205,4.6,2.814,5.5,0.306,0.72,4.324,4.76,3.267,3.96,13.714,24.0,1014.567,1016.0,18.728,21.0,17.7,18.6
2023-07-08,163.483,360.0,3.662,8.4,4.622,10.0,0.36,0.83,3.878,4.55,3.191,3.67,115.792,359.0,1011.387,1012.7,18.141,19.7,18.256,18.8
2023-07-09,169.768,351.0,2.112,4.3,2.71,4.9,0.125,0.17,,,2.713,3.34,,,1011.508,1012.6,18.953,21.0,18.348,19.1
2023-07-10,202.201,249.0,4.415,6.7,5.203,7.7,0.244,0.5,3.099,3.45,2.776,3.34,210.765,231.0,1011.359,1012.3,20.14,21.7,18.915,19.5
2023-07-11,176.076,360.0,5.748,7.6,6.933,9.1,0.574,0.94,3.904,5.56,3.28,4.22,218.125,359.0,1011.063,1013.4,19.936,21.9,18.894,19.2
2023-07-12,85.58,166.0,5.106,7.8,6.311,10.3,0.492,0.71,3.916,5.56,3.27,4.22,59.958,150.0,1012.275,1014.3,18.915,19.5,18.923,19.0
2023-07-13,216.188,360.0,4.807,11.5,5.99,13.9,0.626,1.6,4.246,5.26,3.473,4.38,71.707,359.0,1009.26,1011.0,18.016,19.2,18.843,19.4
2023-07-14,183.326,241.0,4.178,6.7,5.051,8.3,0.336,0.5,3.346,4.0,2.903,3.48,198.914,215.0,1008.954,1010.2,20.249,22.1,19.252,20.3
2023-07-15,187.776,326.0,4.147,13.2,5.296,17.7,0.432,0.76,3.668,5.0,3.101,3.81,204.523,271.0,1008.128,1009.2,20.84,22.4,19.753,20.5
2023-07-16,234.66,270.0,4.41,8.3,5.386,10.4,0.37,0.83,3.55,4.17,2.953,3.45,273.667,312.0,1009.277,1010.9,20.574,21.7,19.861,20.3
2023-07-17,234.556,319.0,5.42,12.9,6.601,17.5,0.507,0.79,3.787,5.26,3.303,3.99,278.646,352.0,1010.844,1013.2,19.787,21.9,19.55,20.2
2023-07-18,247.493,360.0,2.444,4.4,3.072,5.3,0.176,0.26,3.033,3.13,2.694,3.35,340.667,344.0,1014.206,1015.8,19.698,21.1,19.489,20.1
2023-07-19,176.451,359.0,1.535,3.6,1.953,4.3,0.056,0.14,,,3.061,5.14,,,1016.401,1018.0,20.703,24.3,20.276,21.2
2023-07-20,223.389,355.0,3.94,7.0,4.774,8.7,0.215,0.49,3.229,3.7,2.791,4.03,204.81,244.0,1011.899,1015.2,21.583,22.5,20.637,21.3
2023-07-21,221.132,360.0,6.026,9.6,7.422,11.7,0.871,1.34,5.057,6.67,3.937,4.76,135.062,359.0,1014.287,1016.5,19.913,21.5,20.212,20.9
2023-07-22,220.215,273.0,3.028,5.9,3.694,7.1,0.204,0.36,4.401,5.26,3.226,4.14,82.6,359.0,1012.814,1014.1,20.821,22.0,20.453,21.0
2023-07-23,239.854,298.0,4.008,7.3,4.947,9.7,0.346,0.73,3.598,4.76,2.953,3.96,238.657,312.0,1011.72,1013.2,20.515,22.0,20.715,21.4
2023-07-24,209.028,355.0,2.995,4.7,3.576,5.6,0.119,0.17,,,2.507,3.04,,,1015.074,1017.2,21.517,22.0,21.183,22.1
2023-07-25,189.832,235.0,2.913,4.9,3.423,5.5,0.131,0.18,,,2.787,3.6,,,1017.204,1018.4,22.043,23.4,21.554,22.3
2023-07-26,176.125,314.0,5.067,16.0,6.325,21.0,0.441,0.94,3.663,4.35,2.938,3.6,185.333,268.0,1010.856,1015.3,22.67,24.1,21.715,22.3
2023-07-27,172.493,358.0,2.609,4.0,3.342,5.1,0.145,0.29,3.75,3.85,2.716,3.31,183.0,186.0,1012.21,1015.7,21.522,23.1,21.473,22.3
2023-07-28,132.725,356.0,4.033,11.2,5.02,14.4,0.355,0.71,3.623,4.17,3.129,4.39,145.344,355.0,1013.331,1014.5,22.754,23.9,21.964,22.6
2023-07-29,240.25,360.0,6.797,15.1,8.741,25.5,0.906,1.25,5.138,6.25,3.888,4.55,190.098,359.0,1014.34,1017.9,21.46,23.0,21.731,22.4
2023-07-30,93.944,359.0,3.699,6.3,4.549,7.5,0.467,0.75,4.766,5.56,3.565,4.25,65.875,359.0,1017.876,1019.4,21.281,21.9,21.76,22.0
2023-07-31,254.681,352.0,1.85,4.7,2.373,5.8,0.165,0.28,4.172,4.35,2.817,3.47,13.0,16.0,1019.297,1021.2,21.931,24.4,21.976,22.7
2023-08-01,152.861,188.0,3.265,5.5,3.905,6.4,0.168,0.37,2.966,3.23,2.726,3.09,175.167,186.0,1020.857,1022.2,22.564,23.2,22.496,23.5
2023-08-02,184.243,218.0,5.025,7.1,6.151,12.3,0.419,0.53,3.545,4.0,3.012,3.27,185.938,202.0,1018.453,1020.0,23.113,24.1,22.408,22.7
2023-08-03,225.938,294.0,3.823,5.2,4.617,6.1,0.208,0.29,3.1,3.45,2.595,2.82,197.364,206.0,1014.614,1016.3,23.092,23.8,22.767,23.3
2023-08-04,184.201,360.0,4.24,6.8,5.241,8.5,0.293,0.57,2.953,3.7,2.698,3.11,150.481,359.0,1014.358,1016.8,23.053,24.6,23.06,23.4
2023-08-05,64.718,117.0,5.575,7.5,6.706,9.1,0.687,0.9,4.411,5.26,3.627,4.06,49.638,127.0,1015.294,1016.3,22.577,23.7,22.82,23.2
2023-08-06,72.105,101.0,8.497,11.7,10.457,14.3,1.059,1.27,4.655,5.26,3.85,4.16,68.771,90.0,1011.276,1013.6,20.637,23.8,22.543,22.9
2023-08-07,127.285,360.0,6.585,8.9,8.064,11.0,0.738,1.08,4.355,5.26,3.552,4.29,50.771,359.0,1008.807,1010.5,20.366,22.3,22.228,22.3
2023-08-08,260.229,359.0,4.017,6.7,4.931,8.1,0.44,0.74,3.626,5.0,3.171,3.84,169.0,282.0,1011.076,1012.5,22.152,22.9,22.242,22.6
2023-08-09,224.479,279.0,3.71,6.3,4.548,7.5,0.316,0.59,3.27,4.17,2.851,3.36,252.188,275.0,1009.127,1010.2,22.404,23.1,22.291,22.4
2023-08-10,254.222,331.0,4.62,8.1,5.658,10.0,0.447,0.85,3.724,4.35,3.073,3.62,285.75,352.0,1006.155,1007.4,22.152,23.1,22.365,23.1
2023-08-11,148.382,193.0,5.393,7.5,6.47,9.2,0.482,0.88,3.636,4.35,3.142,3.73,165.105,353.0,1007.006,1008.9,22.71,23.9,22.561,23.0
2023-08-12,234.535,359.0,5.931,14.2,7.441,19.6,0.682,1.05,4.191,4.76,3.479,3.93,286.75,351.0,1007.735,1010.1,22.267,24.4,22.561,23.0
2023-08-13,103.517,354.0,4.377,8.1,5.423,9.7,0.473,0.81,4.331,6.25,3.408,3.94,151.383,359.0,1013.497,1016.9,21.303,22.7,22.575,22.8
2023-08-14,63.329,116.0,6.351,12.4,7.776,15.1,0.66,1.53,4.155,5.56,3.397,4.27,38.562,110.0,1012.614,1016.6,21.015,21.9,22.448,22.6
2023-08-15,90.403,360.0,9.964,13.5,12.28,16.8,1.638,2.49,6.085,7.14,4.707,5.38,109.792,359.0,1011.49,1014.6,19.591,21.1,21.417,22.2
2023-08-16,207.014,359.0,5.04,8.6,6.105,10.3,0.626,1.17,4.126,6.25,3.475,4.54,189.958,359.0,1014.617,1015.9,21.234,22.8,21.138,21.5
2023-08-17,232.986,354.0,9.615,13.3,12.029,17.3,1.334,2.01,5.489,6.67,4.316,4.75,205.771,315.0,1005.526,1010.2,21.487,22.8,21.069,21.3
2023-08-18,298.042,352.0,5.771,9.9,7.196,12.3,0.979,1.55,5.662,6.25,4.216,4.92,147.562,358.0,1014.156,1017.1,20.049,21.1,20.838,21.2
2023-08-19,176.0,197.0,6.777,8.9,8.186,11.1,0.683,1.03,4.192,5.26,3.481,4.08,166.404,215.0,1015.653,1017.2,20.983,22.1,20.813,21.1
2023-08-20,188.243,359.0,4.479,8.0,5.397,9.7,0.421,0.82,3.859,4.76,3.117,3.71,188.629,354.0,1015.438,1018.7,21.949,23.0,21.092,22.2
2023-08-21,25.069,47.0,5.805,7.6,6.934,9.3,0.556,0.65,4.059,5.0,3.277,3.58,37.208,358.0,1021.842,1023.6,21.114,23.1,21.118,21.4
2023-08-22,95.481,360.0,5.491,7.5,6.612,9.0,0.575,0.78,3.874,4.55,3.328,3.62,75.455,357.0,1022.069,1023.7,21.097,22.3,21.236,21.6
2023-08-23,175.667,228.0,6.756,8.3,8.035,10.3,0.606,0.84,3.798,4.76,3.222,3.8,163.553,222.0,1014.121,1017.9,23.033,25.8,21.526,21.9
2023-08-24,251.889,351.0,3.878,7.5,4.719,8.7,0.467,0.61,3.839,5.0,3.249,3.78,242.771,359.0,1008.573,1010.2,23.189,25.7,21.91,22.4
2023-08-25,167.264,360.0,6.133,11.4,7.71,15.0,0.84,1.38,4.89,5.56,3.838,4.43,49.979,357.0,1012.344,1015.6,20.983,23.2,21.798,22.3
2023-08-26,52.069,360.0,5.876,10.8,7.179,13.1,0.691,1.62,4.595,6.25,3.652,4.75,93.946,359.0,1015.067,1017.2,20.546,21.1,21.761,21.8
2023-08-27,87.688,360.0,6.56,10.4,8.262,12.8,1.188,2.21,6.107,7.14,4.37,5.49,125.958,359.0,1018.011,1019.5,18.881,21.3,21.668,21.9
2023-08-28,145.201,295.0,3.046,6.7,3.983,8.0,0.324,0.61,3.808,4.35,3.163,3.53,15.48,24.0,1016.613,1017.6,20.281,21.2,21.765,22.6
2023-08-29,182.618,360.0,6.845,10.7,8.369,13.1,0.645,1.29,4.077,5.26,3.326,4.01,231.179,354.0,1012.136,1015.2,21.442,22.4,21.715,22.4
2023-08-30,115.468,360.0,9.413,11.9,11.902,15.3,1.757,2.18,6.878,8.33,4.967,5.87,31.239,359.0,1016.243,1018.8,17.348,20.1,21.249,21.6
2023-08-31,94.636,352.0,4.485,9.3,5.744,11.3,0.76,1.63,4.577,6.67,3.768,4.82,44.419,139.0,1019.142,1021.5,18.156,20.0,21.188,21.9
2023-09-01,144.049,190.0,5.603,8.4,6.805,10.2,0.509,1.03,4.0,5.0,3.202,3.8,157.051,185.0,1021.348,1022.9,20.076,22.0,21.176,21.8
2023-09-02,194.938,231.0,6.022,9.1,7.319,11.5,0.495,0.78,3.452,3.85,3.039,3.25,189.479,204.0,1017.708,1019.2,21.877,23.3,21.144,21.3
2023-09-03,200.556,221.0,6.1,8.6,7.295,10.5,0.562,0.9,3.786,4.35,3.197,3.47,195.271,213.0,1013.122,1014.8,22.801,24.1,21.315,21.6
2023-09-04,191.222,227.0,4.694,5.9,5.522,6.8,0.345,0.53,3.678,19.05,2.911,3.31,196.25,325.0,1012.147,1013.5,22.833,23.9,21.619,22.1
2023-09-05,171.431,189.0,6.006,8.8,7.112,10.6,0.461,0.68,3.397,3.85,2.937,3.27,186.953,197.0,1011.258,1012.5,23.569,24.9,22.039,22.3
2023-09-06,191.486,252.0,6.102,8.8,7.495,11.5,0.721,1.1,4.372,5.56,3.54,4.2,190.292,202.0,1007.347,1009.6,23.022,24.2,22.012,22.1
2023-09-07,332.847,359.0,9.331,11.1,11.564,13.9,1.537,2.35,5.936,7.69,4.567,5.49,115.875,359.0,1009.935,1013.9,19.233,22.5,21.765,22.1
2023-09-08,97.91,360.0,7.242,9.8,9.235,11.8,1.138,1.63,5.737,6.67,4.24,4.82,64.604,359.0,1016.67,1018.8,17.413,17.9,21.316,21.5
2023-09-09,38.153,360.0,5.552,7.3,6.963,9.2,0.65,0.97,4.405,5.26,3.462,3.84,15.938,359.0,1020.697,1022.6,17.781,19.1,21.136,21.2
2023-09-10,156.049,314.0,2.144,5.1,2.979,6.3,0.234,0.54,3.848,4.35,3.034,3.41,23.0,33.0,1020.086,1020.9,19.84,20.5,21.199,21.9
2023-09-11,170.469,360.0,3.993,8.2,5.222,10.0,0.401,0.87,3.421,4.76,2.97,3.56,106.909,359.0,1017.761,1019.7,19.026,20.6,21.137,21.5
2023-09-12,270.854,360.0,7.656,10.1,9.517,12.3,1.21,1.58,5.672,6.67,4.291,4.77,140.812,359.0,1017.048,1018.3,17.618,18.6,20.905,21.0
2023-09-13,73.875,360.0,3.716,7.9,5.326,12.2,0.638,1.17,5.293,6.67,3.798,4.49,121.354,359.0,1018.681,1019.8,15.955,16.9,20.769,20.9
2023-09-14,80.694,360.0,1.792,4.7,2.842,6.3,0.295,0.48,4.453,5.26,3.235,3.68,190.867,359.0,1021.005,1022.7,17.204,18.4,20.56,21.5
2023-09-15,172.097,217.0,3.781,5.6,4.862,7.5,0.255,0.51,3.543,4.17,2.938,3.55,158.37,182.0,1020.338,1021.4,19.205,20.2,20.45,21.2
2023-09-16,196.368,268.0,5.539,7.8,6.691,9.8,0.532,0.85,3.703,4.55,3.173,3.64,181.646,207.0,1016.504,1017.8,20.261,20.8,20.362,20.6
2023-09-17,114.361,359.0,6.076,10.0,7.457,12.8,0.628,1.61,4.203,6.25,3.219,4.62,153.636,359.0,1013.943,1015.0,18.519,20.2,19.982,20.1
2023-09-18,116.806,358.0,5.505,8.8,7.127,10.7,0.906,1.46,5.222,6.25,3.98,4.52,30.271,358.0,1016.406,1017.9,16.98,18.0,19.693,19.8
2023-09-19,150.563,240.0,4.275,7.6,5.496,9.5,0.5,0.83,4.295,5.0,3.463,3.8,136.851,359.0,1016.473,1017.4,17.654,19.0,19.579,19.9
2023-09-20,165.222,199.0,7.12,9.0,8.669,10.9,0.89,1.24,4.497,5.0,3.684,4.01,175.271,205.0,1016.419,1017.8,19.893,20.9,19.694,19.9
2023-09-21,114.517,169.0,2.584,4.0,3.186,5.6,0.145,0.33,3.382,3.57,2.676,3.12,189.2,201.0,1020.783,1022.8,20.361,21.3,20.001,20.5
2023-09-22,106.357,163.0,3.993,7.1,4.831,8.3,0.325,0.54,3.329,4.0,2.846,3.4,127.781,166.0,1021.176,1022.2,20.848,21.7,20.332,20.9
2023-09-23,104.597,145.0,5.119,8.1,6.217,9.7,0.471,0.83,3.749,4.55,3.109,3.73,137.333,153.0,1018.877,1020.1,20.198,21.9,20.396,20.8
2023-09-24,111.837,141.0,6.136,9.2,7.517,11.2,0.671,1.1,3.941,4.76,3.391,3.97,119.75,162.0,1016.797,1017.5,19.04,20.8,20.236,20.5
2023-09-25,99.972,140.0,5.738,9.2,6.974,11.2,0.514,0.98,3.366,4.35,3.064,3.66,107.696,173.0,1018.042,1019.8,19.706,21.0,20.173,20.4
2023-09-26,110.725,131.0,7.524,9.3,9.095,11.1,0.78,1.09,4.016,4.76,3.449,3.85,109.591,134.0,1019.222,1020.8,19.198,20.1,20.047,20.2
2023-09-27,103.261,119.0,8.424,11.0,10.243,13.1,1.032,1.46,4.57,5.26,3.819,4.3,106.667,129.0,1018.812,1019.9,18.71,19.8,19.876,19.9
2023-09-28,66.111,94.0,5.131,8.7,6.436,10.2,0.578,0.99,3.858,4.55,3.374,3.78,70.021,351.0,1018.182,1019.0,17.642,18.8,19.794,19.9
2023-09-29,122.156,158.0,3.703,5.8,4.6,6.9,0.274,0.44,3.152,4.55,2.868,3.23,144.933,357.0,1019.392,1020.7,18.34,19.1,19.801,20.2
2023-09-30,153.646,184.0,4.931,7.8,6.006,9.4,0.418,0.65,3.3,3.85,2.936,3.21,161.738,184.0,1021.805,1024.6,19.601,20.7,19.885,20.2
2023-10-01,145.771,173.0,3.844,5.8,4.636,7.3,0.276,0.47,3.175,3.7,2.756,3.19,150.769,166.0,1024.176,1026.2,20.317,21.0,20.106,20.5
2023-10-02,152.597,198.0,3.474,5.0,4.16,6.0,0.166,0.3,2.981,3.23,2.579,2.86,137.571,147.0,1022.59,1023.4,20.721,21.3,20.33,20.6
2023-10-03,157.507,185.0,3.683,5.2,4.378,6.4,0.182,0.34,2.897,3.03,2.607,3.14,168.615,178.0,1019.272,1020.5,21.134,22.3,20.447,20.7
2023-10-04,170.507,191.0,6.502,9.0,7.834,11.1,0.632,1.09,4.013,5.0,3.262,3.94,175.683,195.0,1014.166,1016.3,21.676,22.5,20.375,20.6
2023-10-05,245.757,360.0,5.144,13.0,6.435,17.0,0.525,1.03,3.842,4.76,3.237,3.79,225.13,357.0,1011.791,1013.3,20.024,22.6,20.154,20.3
2023-10-06,266.042,306.0,9.033,12.8,11.44,17.3,1.122,1.59,4.391,5.26,3.802,4.38,268.812,323.0,1011.524,1013.2,15.524,20.7,19.71,20.1
2023-10-07,308.562,325.0,11.419,14.4,14.705,18.7,2.188,2.76,6.889,7.69,5.244,5.92,151.75,352.0,1015.799,1017.9,12.002,13.9,18.479,19.3
2023-10-08,319.601,340.0,8.208,11.1,10.852,14.8,1.394,1.84,5.985,7.69,4.498,4.99,100.277,356.0,1013.451,1016.5,12.19,13.8,17.662,18.1
2023-10-09,304.889,342.0,8.411,10.2,11.217,14.8,1.282,1.57,5.855,6.67,4.305,4.67,63.292,359.0,1008.27,1010.5,11.532,13.4,17.112,17.3
2023-10-10,290.917,327.0,6.719,9.5,8.992,12.7,1.084,1.34,5.441,6.67,4.121,4.61,149.042,359.0,1006.81,1007.5,12.238,13.8,16.82,17.0
2023-10-11,200.542,360.0,1.946,5.5,3.064,7.2,0.437,0.75,4.159,5.26,3.402,4.04,111.604,359.0,1008.478,1009.7,13.76,14.6,16.922,17.3
2023-10-12,76.514,91.0,7.142,9.6,8.799,11.8,0.729,1.09,3.931,4.76,3.362,3.88,45.354,71.0,1011.542,1014.1,13.596,14.8,16.804,16.9
2023-10-13,91.783,100.0,11.784,15.0,14.571,18.5,1.658,2.22,5.486,6.25,4.444,4.95,68.729,83.0,1013.703,1015.6,12.897,14.8,16.377,16.8
2023-10-14,63.839,101.0,12.967,16.2,16.324,20.8,2.339,3.01,6.598,7.69,5.288,5.89,116.312,359.0,1009.349,1015.6,12.097,13.3,15.784,16.0
2023-10-15,143.083,358.0,9.878,13.1,12.52,16.7,2.112,3.29,7.293,9.09,5.36,6.38,230.083,359.0,1016.356,1017.1,11.972,13.0,15.503,15.7
2023-10-16,55.056,358.0,9.916,13.2,12.581,17.5,2.019,3.01,7.0,8.33,5.214,6.05,79.583,359.0,1016.208,1018.0,11.412,13.3,14.812,15.3
2023-10-17,235.153,360.0,4.027,7.9,5.508,9.8,0.608,1.48,4.614,6.25,3.628,4.72,148.521,359.0,1016.54,1017.6,11.981,13.6,14.341,14.5
2023-10-18,180.514,219.0,6.413,10.0,7.835,12.7,0.713,1.52,4.05,5.88,3.417,4.65,186.674,213.0,1013.269,1015.0,14.372,16.1,14.18,14.5
2023-10-19,197.806,273.0,7.181,10.3,8.823,13.4,1.016,1.48,5.023,5.88,3.917,4.52,186.271,198.0,1006.073,1009.7,14.546,16.0,14.278,14.4
2023-10-20,317.562,358.0,9.521,11.5,11.753,14.8,1.566,2.09,5.766,7.69,4.51,5.19,248.521,358.0,1001.961,1005.7,13.051,14.0,14.121,14.4
2023-10-21,150.706,360.0,5.263,9.5,6.659,11.6,0.914,1.64,5.719,7.69,4.308,5.19,41.521,152.0,1004.266,1007.5,12.244,14.1,13.888,14.0
2023-10-22,189.986,360.0,7.071,11.6,9.19,14.8,1.35,1.96,6.014,7.14,4.522,5.12,86.521,359.0,1015.9,1019.8,10.065,10.7,13.708,13.8
2023-10-23,145.951,173.0,5.893,12.5,7.449,15.1,0.689,1.23,4.675,5.88,3.716,4.24,228.417,359.0,1019.352,1021.6,11.961,15.5,13.659,13.8
2023-10-24,180.09,274.0,7.917,12.3,9.719,15.7,1.079,1.51,4.967,5.56,3.978,4.33,180.292,192.0,1014.635,1017.9,15.64,17.5,13.706,13.9
2023-10-25,185.625,199.0,6.783,9.7,8.227,11.9,0.792,1.08,4.395,5.0,3.63,4.08,190.708,199.0,1016.358,1017.4,15.51,17.6,14.048,14.1
2023-10-26,177.66,205.0,5.901,8.6,7.129,10.6,0.608,1.06,4.137,5.26,3.337,4.0,183.738,196.0,1014.888,1017.6,15.412,16.2,14.059,14.1
2023-10-27,196.736,313.0,6.772,11.0,8.17,15.4,0.702,0.96,4.213,5.0,3.449,3.88,188.125,201.0,1012.551,1014.5,15.654,16.7,14.122,14.2
2023-10-28,207.778,360.0,8.017,11.9,10.454,14.7,1.431,2.01,6.117,7.14,4.55,5.18,242.021,359.0,1022.328,1026.2,9.095,14.6,14.074,14.4
2023-10-29,58.194,354.0,6.519,10.3,8.46,13.6,0.885,1.6,4.85,6.25,3.797,4.73,128.542,353.0,1020.867,1023.4,9.081,9.9,13.79,14.0
2023-10-30,311.882,359.0,8.79,10.4,11.631,13.9,1.373,1.64,5.56,6.25,4.347,4.68,311.574,359.0,1020.193,1021.9,5.266,8.4,13.444,13.8
2023-10-31,255.285,323.0,7.394,11.5,10.279,16.1,1.044,1.63,4.688,5.88,3.885,4.52,267.667,353.0,1018.048,1021.6,3.444,4.3,13.007,13.2
2023-11-01,202.743,360.0,6.539,13.2,9.16,16.7,1.091,1.59,5.81,7.69,4.271,5.14,231.583,358.0,1025.141,1028.1,4.203,5.6,12.991,13.3
2023-11-02,214.028,232.0,9.527,11.4,12.104,14.9,1.343,1.66,5.306,5.88,4.196,4.62,201.479,230.0,1022.219,1024.1,7.956,12.1,12.757,12.9
2023-11-03,209.806,253.0,9.905,12.1,12.31,15.9,1.637,2.03,6.114,6.67,4.682,5.13,188.646,200.0,1016.915,1019.5,11.235,12.3,12.085,12.7
2023-11-04,159.924,360.0,4.308,6.9,5.362,9.1,0.584,0.92,4.377,5.88,3.497,4.27,229.87,359.0,1019.362,1021.2,10.608,12.2,11.955,12.1
2023-11-05,217.215,360.0,4.526,7.6,5.688,9.4,0.454,0.75,3.828,5.0,3.211,4.04,119.419,266.0,1020.269,1021.5,10.325,12.4,11.939,12.1
2023-11-06,190.264,228.0,9.237,14.9,11.398,19.8,1.36,2.52,5.351,7.14,4.279,5.57,186.271,198.0,1007.469,1016.6,13.053,15.0,11.869,12.1
2023-11-07,203.743,357.0,7.618,10.8,9.774,13.3,1.107,1.4,5.235,6.67,4.105,4.97,223.417,359.0,1012.188,1018.6,9.944,14.6,11.955,12.1
2023-11-08,108.0,351.0,9.266,13.4,11.585,16.7,1.496,2.23,5.368,6.25,4.441,5.15,88.383,128.0,1011.335,1018.8,8.862,10.7,11.644,12.0
2023-11-09,259.5,360.0,9.199,12.1,11.522,14.8,1.32,1.89,5.143,6.25,4.194,4.78,256.354,339.0,1012.389,1017.0,9.533,11.5,11.292,11.5
2023-11-10,283.104,320.0,7.71,10.2,9.712,12.6,1.025,1.51,4.632,5.56,3.833,4.42,293.896,334.0,1019.459,1024.4,8.591,11.5,11.133,11.2
2023-11-11,265.583,349.0,4.142,8.2,5.626,10.6,0.564,1.03,4.549,5.0,3.499,3.84,210.978,359.0,1028.73,1031.1,7.433,8.6,11.092,11.3
2023-11-12,170.201,186.0,8.899,11.5,10.949,14.5,1.159,1.96,4.858,6.25,3.859,5.03,183.256,199.0,1027.666,1029.5,9.613,11.7,11.078,11.2
2023-11-13,255.312,303.0,7.369,10.2,9.081,13.2,1.061,1.42,4.79,5.56,3.927,4.37,253.333,328.0,1024.01,1026.1,11.24,11.9,10.813,11.1
2023-11-14,217.479,338.0,4.296,8.3,5.213,10.2,0.477,0.88,3.864,4.55,3.283,3.75,275.413,358.0,1027.293,1029.1,10.731,11.9,10.779,10.9
2023-11-15,192.694,233.0,6.564,9.8,7.997,11.8,0.803,1.19,4.391,5.26,3.6,4.16,192.792,208.0,1020.614,1023.0,11.247,12.1,10.74,10.8
2023-11-16,172.556,190.0,6.03,10.5,7.263,12.9,0.541,1.18,3.969,5.0,3.096,3.89,186.125,198.0,1017.219,1021.5,11.641,13.2,10.781,10.8
2023-11-17,245.66,360.0,8.778,12.3,10.921,15.2,1.452,2.53,5.764,7.14,4.462,5.55,160.25,357.0,1010.613,1016.7,9.576,13.2,10.624,10.8
2023-11-18,270.194,354.0,6.166,9.6,7.886,11.9,0.815,1.23,4.976,6.67,3.784,4.67,121.75,277.0,1016.255,1017.8,7.742,10.9,10.5,10.5
2023-11-19,148.944,360.0,5.166,7.2,6.442,8.8,0.641,0.84,4.365,5.0,3.514,3.79,183.854,355.0,1015.856,1019.0,9.203,10.9,10.36,10.5
2023-11-20,98.227,129.0,9.251,11.1,11.362,14.0,1.174,1.63,4.719,5.56,3.926,4.44,78.979,121.0,1021.524,1024.4,7.431,9.2,10.149,10.3
2023-11-21,157.45,354.0,8.663,12.1,10.815,16.2,1.283,1.92,5.118,5.88,4.137,4.7,106.917,350.0,1012.75,1021.2,5.933,6.9,10.176,10.2
2023-11-22,309.472,357.0,7.49,12.1,9.517,16.2,1.311,2.21,5.793,7.14,4.399,5.4,131.125,358.0,1013.944,1016.4,6.836,7.6,10.021,10.1
2023-11-23,277.938,360.0,9.141,12.2,11.419,15.3,1.381,1.92,5.306,6.25,4.303,4.74,240.729,358.0,1013.631,1021.4,6.458,7.6,9.828,10.0
2023-11-24,146.764,360.0,7.544,9.4,10.178,13.2,1.354,1.69,6.128,6.67,4.505,4.94,64.542,359.0,1028.426,1032.5,1.944,5.0,9.567,9.7
2023-11-25,236.826,359.0,3.459,9.7,5.231,12.3,0.605,1.32,4.673,6.67,3.658,4.68,86.292,222.0,1028.467,1032.4,1.795,3.2,9.482,9.5
2023-11-26,220.243,282.0,5.636,10.8,7.506,13.3,0.481,1.0,3.448,4.17,3.017,3.54,192.375,265.0,1012.661,1021.5,2.637,3.9,9.31,9.4
2023-11-27,276.104,299.0,10.574,12.9,13.885,16.7,1.757,2.31,5.79,7.14,4.596,5.12,306.833,332.0,1011.762,1014.9,-0.547,2.6,8.987,9.2
2023-11-28,290.75,323.0,9.267,12.6,12.599,17.2,1.753,2.5,6.154,7.14,4.741,5.56,311.174,359.0,1020.133,1024.0,-3.638,-1.6,8.663,8.8
2023-11-29,233.271,264.0,9.642,12.6,12.103,16.3,1.459,2.24,5.406,6.67,4.318,5.23,211.938,265.0,1013.159,1021.0,1.264,6.1,8.488,8.6
2023-11-30,219.49,265.0,8.445,12.1,10.384,15.0,1.186,1.69,5.04,5.88,4.03,4.55,205.458,236.0,1008.766,1011.6,7.134,8.8,8.322,8.5
2023-12-01,104.035,356.0,6.367,11.1,7.873,13.5,0.878,1.26,4.51,5.56,3.708,4.35,97.833,330.0,1010.85,1012.7,6.224,8.6,8.138,8.3
2023-12-02,74.455,116.0,5.62,7.6,7.139,9.1,0.89,1.2,4.902,5.56,3.898,4.3,83.104,359.0,1014.041,1017.3,4.576,5.0,7.883,8.0
2023-12-03,177.771,312.0,6.774,9.9,8.41,12.9,0.809,1.1,4.25,4.76,3.521,3.85,114.812,278.0,1007.827,1014.9,5.092,5.8,7.938,8.1
2023-12-04,303.938,360.0,6.451,9.3,8.226,11.7,0.908,1.15,5.352,6.67,3.92,4.43,207.75,359.0,1012.287,1016.4,3.877,5.3,7.908,8.0
2023-12-05,144.576,294.0,3.606,6.9,5.031,8.9,0.406,0.54,3.719,4.76,3.135,3.46,136.521,359.0,1016.422,1020.3,3.797,4.9,7.906,8.0
2023-12-06,308.571,360.0,7.272,10.2,9.33,12.9,0.99,1.3,4.787,5.56,3.833,4.22,292.206,355.0,1022.901,1024.8,4.139,5.1,7.848,7.9
2024-05-01,196.229,358.0,1.477,3.3,3.125,6.5,0.003,0.01,,,9.059,23.53,,,1009.708,1013.4,10.57,16.7,13.038,18.2
2024-05-02,213.972,355.0,1.197,2.3,2.539,5.4,0.003,0.01,,,12.295,23.53,,,1016.674,1019.5,8.692,12.7,10.572,13.4
2024-05-03,169.125,357.0,0.805,2.9,1.854,5.1,0.003,0.01,,,9.19,19.05,,,1014.531,1017.8,9.79,12.7,10.781,15.1
2024-05-04,117.014,360.0,0.565,1.9,1.281,4.5,0.006,0.02,,,11.921,23.53,,,1017.662,1020.6,9.388,13.9,11.397,15.6
2024-05-05,273.639,329.0,1.553,3.1,3.463,5.6,0.004,0.01,,,13.981,23.53,,,1014.347,1018.2,11.825,17.3,12.79,17.1
2024-05-06,157.105,359.0,0.671,2.7,1.588,4.7,0.005,0.02,,,8.449,22.58,,,1018.757,1020.7,10.35,16.5,11.666,16.7
2024-05-07,135.378,359.0,0.594,2.7,1.589,5.3,0.002,0.01,,,7.346,15.24,,,1009.858,1014.6,12.198,16.7,12.918,17.0
2024-05-08,225.215,360.0,0.867,2.6,2.172,6.6,0.001,0.01,,,5.674,19.84,,,1003.165,1009.4,10.19,14.3,11.652,14.8
2024-05-09,172.389,355.0,1.008,2.1,2.372,4.9,0.003,0.01,,,9.257,19.05,,,1012.218,1014.1,10.59,14.7,11.06,14.7
2024-05-10,218.811,359.0,0.758,2.3,1.687,4.4,0.004,0.02,,,10.782,23.53,,,1011.638,1013.8,11.677,14.5,12.25,15.0
2024-05-11,235.333,351.0,0.799,2.3,1.81,4.3,0.001,0.01,,,7.072,18.31,,,1005.46,1008.2,10.731,13.7,10.149,11.5
2024-05-12,217.493,356.0,0.133,1.3,0.572,2.9,0.003,0.01,,,9.57,21.05,,,1008.847,1011.2,12.072,20.9,12.659,20.4
2024-05-13,221.292,360.0,0.951,5.9,1.928,8.3,0.025,0.11,,,7.731,19.97,,,1006.258,1009.8,10.935,19.6,11.785,20.8
2024-05-14,249.958,360.0,1.381,4.2,2.774,7.5,0.011,0.1,,,5.029,15.06,,,1012.613,1014.7,9.674,14.8,12.529,20.0
2024-05-15,263.771,358.0,1.99,6.3,3.349,8.0,0.024,0.11,,,6.692,15.68,,,1013.367,1014.7,9.876,15.2,10.427,16.6
2024-05-16,130.775,355.0,3.045,5.9,3.906,6.7,0.161,0.33,4.176,5.0,7.34,18.02,52.5,196.0,1010.875,1012.8,10.172,12.6,9.201,11.2
2024-05-17,178.986,353.0,3.347,8.2,4.06,9.4,0.264,0.51,3.34,3.85,2.741,3.17,196.773,210.0,1008.757,1010.3,10.447,12.5,9.221,9.3
2024-05-18,135.531,351.0,2.732,4.4,3.181,5.1,0.048,0.12,,,2.814,3.8,,,1010.977,1012.5,11.928,15.4,,
2024-05-19,225.507,360.0,4.659,6.6,5.272,7.6,0.253,0.42,2.969,3.57,2.653,3.36,257.154,359.0,1014.107,1017.3,13.308,15.4,,
2024-05-20,130.811,360.0,3.802,9.9,4.778,14.6,0.226,0.45,2.839,3.23,2.745,3.04,93.0,346.0,1013.04,1015.8,12.515,18.2,,
2024-05-21,140.887,359.0,3.592,7.8,4.285,8.7,0.219,0.37,3.252,4.17,2.713,3.09,166.471,311.0,1010.143,1013.0,12.644,16.9,10.851,11.4
2024-05-22,202.062,253.0,6.476,10.5,7.565,13.0,0.876,1.33,4.515,5.88,3.694,4.46,207.489,258.0,1004.817,1009.4,14.101,17.6,10.677,11.2
2024-05-23,203.653,251.0,3.711,5.6,4.183,6.4,0.232,0.52,3.484,3.85,2.714,3.37,258.562,269.0,1013.117,1014.8,13.127,15.2,11.262,12.5
2024-05-24,124.09,271.0,3.69,5.9,4.267,10.8,0.09,0.25,,,2.648,3.99,,,1010.891,1012.9,14.308,15.3,12.016,12.3
2024-05-25,222.161,346.0,4.435,12.9,5.376,16.8,0.428,0.88,3.638,4.76,3.112,3.64,233.784,327.0,1009.771,1013.1,13.127,16.7,11.823,12.8
2024-05-26,121.312,251.0,3.935,7.2,4.634,9.5,0.224,0.49,3.178,4.0,2.948,3.46,114.053,125.0,1008.396,1013.3,13.08,13.9,11.92,12.7
2024-05-27,238.902,356.0,5.545,8.4,6.679,10.7,0.616,0.98,3.965,6.67,3.264,4.8,190.889,359.0,1001.94,1008.9,12.726,14.7,11.454,11.7
2024-05-28,239.049,345.0,2.592,4.7,3.189,5.7,0.456,0.83,5.616,6.67,4.163,4.88,26.706,359.0,1012.927,1015.5,12.291,13.4,11.811,13.0
2024-05-29,337.771,360.0,7.457,10.5,9.051,12.7,0.767,1.22,4.147,5.0,3.44,3.89,240.6,359.0,1019.848,1023.1,11.353,13.0,11.178,12.9
2024-05-30,183.076,360.0,4.451,7.4,5.265,9.1,0.551,1.05,4.551,5.88,3.427,4.26,9.237,19.0,1023.991,1025.7,11.256,11.9,11.11,11.6
2024-05-31,120.09,354.0,2.559,5.2,3.081,6.1,0.182,0.25,3.33,3.33,2.655,2.97,166.0,166.0,1023.554,1025.8,12.916,16.5,11.936,13.3
2024-06-01,119.396,324.0,3.918,6.3,4.603,9.5,0.185,0.34,3.398,4.0,2.684,3.32,138.294,157.0,1018.258,1021.1,13.929,16.0,12.265,13.3
2024-06-02,271.392,354.0,3.203,5.5,3.954,6.9,0.315,0.45,3.329,4.17,2.905,3.27,58.0,352.0,1014.844,1016.9,12.87,15.1,12.526,13.8
2024-06-03,151.542,232.0,3.386,6.4,3.882,7.3,0.14,0.33,2.25,2.35,2.773,3.42,158.0,167.0,1012.928,1015.2,14.56,16.7,13.363,14.1
2024-06-04,135.441,174.0,4.437,6.0,4.96,6.7,0.234,0.32,2.596,3.03,2.56,2.83,161.13,180.0,1008.893,1010.5,16.285,17.5,13.524,14.5
2024-06-05,186.458,258.0,4.806,7.8,5.696,14.6,0.393,0.67,3.556,4.35,2.932,3.74,182.514,198.0,1003.067,1005.8,16.234,18.5,13.85,14.4
2024-06-06,239.562,358.0,4.473,7.2,5.394,9.6,0.389,0.72,3.565,4.55,2.96,3.74,255.97,278.0,1002.646,1004.1,15.654,16.9,14.12,14.5
2024-06-07,249.271,349.0,4.969,8.2,5.95,10.1,0.586,0.79,3.963,4.76,3.378,3.92,294.25,323.0,1007.281,1011.0,15.302,16.3,14.127,15.0
2024-06-08,157.361,252.0,4.118,9.0,4.96,11.0,0.275,0.8,3.578,4.55,2.897,3.65,161.238,348.0,1010.554,1012.0,14.81,15.4,14.294,14.8
2024-06-09,233.389,355.0,4.879,8.3,5.826,10.1,0.438,0.66,3.406,4.35,3.044,3.75,187.062,303.0,1010.437,1011.7,14.734,17.3,14.401,14.9
2024-06-10,225.951,360.0,8.602,11.8,10.378,14.3,1.404,1.89,5.831,7.69,4.406,5.32,60.064,359.0,1014.483,1016.3,12.263,14.7,13.603,14.4
2024-06-11,166.472,360.0,3.449,6.8,4.155,8.3,0.48,1.2,4.811,6.25,3.711,4.46,37.314,356.0,1016.102,1018.0,13.386,15.1,13.743,14.5
2024-06-12,165.174,205.0,4.581,7.3,5.315,10.7,0.364,0.48,3.329,4.35,2.965,3.36,171.0,195.0,1012.758,1013.5,15.888,17.5,14.099,15.0
2024-06-13,191.462,282.0,4.352,7.0,5.161,11.3,0.3,0.49,3.335,4.17,2.775,3.38,174.107,192.0,1009.906,1011.5,17.645,22.0,14.776,15.5
2024-06-14,201.736,360.0,4.211,8.3,5.013,9.5,0.263,0.86,3.485,4.0,2.721,3.42,310.25,357.0,1014.062,1017.6,16.551,18.3,15.424,15.7
2024-06-15,78.021,359.0,4.572,7.7,5.301,9.1,0.428,0.81,3.563,4.35,3.084,3.38,98.386,358.0,1019.329,1021.5,16.399,18.4,15.091,15.9
2024-06-16,139.729,204.0,6.894,8.6,7.97,10.5,0.671,1.03,4.057,5.0,3.266,3.95,156.585,183.0,1014.042,1016.6,18.158,20.2,15.222,15.6
2024-06-17,175.229,299.0,4.617,6.6,5.276,7.6,0.348,0.51,3.398,4.0,2.875,3.31,191.184,223.0,1012.639,1014.5,18.711,20.4,15.841,16.8
2024-06-18,165.819,185.0,6.74,8.4,7.722,9.8,0.584,0.76,3.654,4.35,3.098,3.51,192.957,212.0,1014.718,1016.7,19.766,21.4,16.406,16.7
2024-06-19,171.611,208.0,5.552,8.5,6.378,10.0,0.516,0.88,4.013,4.76,3.106,3.6,194.842,201.0,1020.162,1023.0,19.647,21.6,16.865,17.9
2024-06-20,251.076,360.0,4.328,8.4,5.384,13.7,0.343,0.87,4.006,5.56,2.949,4.02,328.0,358.0,1024.782,1026.3,18.227,25.9,17.576,18.0
2024-06-21,232.326,359.0,2.968,6.0,3.712,7.8,0.415,0.87,4.554,5.0,3.422,3.89,255.375,359.0,1023.003,1024.8,17.541,20.2,17.841,19.6
2024-06-22,146.639,359.0,3.854,6.4,4.694,9.1,0.292,0.48,3.274,3.85,2.927,3.21,225.028,357.0,1014.144,1018.8,19.402,21.5,18.607,19.4
2024-06-23,277.347,350.0,5.513,12.3,6.714,16.7,0.611,1.61,4.055,5.88,3.341,4.5,201.085,359.0,1006.567,1010.3,18.88,22.5,18.009,18.5
2024-06-24,181.389,358.0,3.102,5.0,3.699,6.4,0.245,0.34,4.46,5.26,3.204,3.62,57.741,359.0,1013.369,1016.2,18.691,20.3,18.43,19.7
2024-06-25,169.854,329.0,6.629,14.4,8.187,18.4,0.861,1.37,4.865,5.88,3.654,4.32,188.949,216.0,1007.583,1012.4,20.504,24.0,18.647,19.5
2024-06-26,226.882,360.0,2.956,7.5,3.715,8.8,0.255,0.61,3.822,4.55,2.806,3.58,198.75,268.0,1009.061,1010.8,20.216,23.3,18.861,19.7
2024-06-27,107.757,360.0,6.46,10.5,7.902,13.0,0.909,1.47,5.303,6.25,3.959,4.37,58.458,359.0,1015.731,1018.1,16.651,19.2,18.515,19.1
2024-06-28,115.51,168.0,6.013,8.8,7.22,10.9,0.676,1.06,4.174,5.0,3.415,3.98,100.375,187.0,1012.994,1016.1,18.625,20.5,18.456,18.7
2024-06-29,177.368,337.0,3.476,7.6,4.198,9.1,0.356,0.93,4.249,5.0,3.067,3.79,177.409,191.0,1009.348,1012.5,19.903,21.9,18.664,19.9
2024-06-30,328.667,360.0,8.739,11.8,10.68,14.6,1.358,2.05,5.737,7.14,4.235,5.15,132.605,359.0,1021.85,1027.1,16.795,22.3,18.567,19.9
2024-07-01,75.528,359.0,4.45,8.2,5.54,9.8,0.649,1.26,4.337,5.88,3.559,4.42,54.69,358.0,1026.096,1028.1,16.261,18.2,18.123,18.8
2024-07-02,126.175,354.0,6.263,9.4,7.574,11.3,0.648,1.21,4.121,5.26,3.36,4.24,157.892,183.0,1018.456,1022.3,18.403,19.6,18.19,19.2
2024-07-03,197.056,272.0,4.984,9.5,5.874,12.1,0.574,1.2,4.253,5.0,3.325,4.11,177.237,193.0,1011.34,1014.0,20.103,21.4,18.217,19.6
2024-07-04,217.632,357.0,2.276,4.1,2.705,4.7,0.083,0.16,,,2.739,4.32,,,1013.117,1014.4,20.108,21.0,18.875,19.4
2024-07-05,167.099,353.0,3.3,7.0,4.045,10.0,0.227,0.57,3.486,4.0,2.889,3.75,172.733,181.0,1009.295,1011.7,19.853,21.0,19.314,20.0
2024-07-06,278.632,360.0,3.822,7.3,4.698,8.3,0.515,0.72,4.205,5.0,3.394,3.8,176.133,359.0,1012.612,1015.7,18.727,20.4,19.369,20.7
2024-07-07,152.604,263.0,3.342,7.7,4.054,9.4,0.254,0.46,3.659,4.55,2.962,3.77,89.208,214.0,1016.116,1017.4,20.125,21.1,19.928,20.6
2024-07-08,178.875,234.0,4.047,7.9,4.865,9.4,0.398,0.59,3.35,4.0,2.954,3.38,171.0,203.0,1014.489,1015.5,20.997,22.0,20.037,21.1
2024-07-09,179.238,360.0,2.308,4.3,2.79,6.1,0.084,0.21,,,2.672,4.17,,,1013.442,1014.2,21.455,22.1,21.009,21.7
2024-07-10,234.854,360.0,5.465,8.8,6.556,10.1,0.424,0.82,3.506,5.26,3.012,4.11,263.206,358.0,1010.749,1014.2,20.185,21.3,20.729,21.5
2024-07-11,129.615,360.0,3.631,6.2,4.381,7.1,0.449,0.75,4.294,5.26,3.44,3.99,77.062,359.0,1017.326,1019.6,19.889,20.4,20.69,21.1
2024-07-12,123.0,360.0,2.144,4.2,2.669,4.9,0.18,0.37,3.856,4.17,3.167,3.48,7.8,11.0,1019.62,1020.9,21.277,23.5,21.022,21.5
2024-07-13,139.056,273.0,2.278,5.8,2.722,6.7,0.086,0.24,,,2.831,3.93,,,1020.426,1021.9,22.485,24.1,22.224,23.0
2024-07-14,193.818,322.0,5.596,11.0,6.906,15.4,0.644,0.99,3.903,5.0,3.299,4.05,201.864,321.0,1014.622,1018.1,21.993,24.2,21.632,22.6
2024-07-15,187.762,349.0,4.583,12.6,5.694,17.5,0.403,0.78,3.393,5.0,2.911,3.74,216.372,333.0,1010.1,1012.0,22.111,23.3,21.736,22.2
2024-07-16,178.465,360.0,5.215,11.6,6.446,15.6,0.511,1.1,3.635,4.35,3.101,3.75,219.091,265.0,1007.758,1010.4,21.834,24.2,22.025,22.2
2024-07-17,241.84,360.0,5.36,9.2,6.414,10.7,0.55,1.14,4.086,5.0,3.345,3.91,186.604,359.0,1013.073,1017.0,21.361,22.1,22.001,22.1
2024-07-18,126.75,360.0,6.737,10.8,8.443,13.4,1.174,1.64,5.923,7.14,4.338,4.93,28.787,359.0,1021.04,1023.3,19.104,20.7,21.595,22.0
2024-07-19,182.097,333.0,2.603,5.8,3.347,7.4,0.321,0.53,4.09,5.56,3.327,4.1,179.091,357.0,1022.017,1023.3,20.329,21.9,21.773,22.6
2024-07-20,232.688,299.0,3.628,5.3,4.255,6.0,0.209,0.27,2.77,2.86,2.526,2.72,251.75,275.0,1019.897,1020.8,21.83,22.5,21.841,22.5
2024-07-21,259.639,355.0,2.697,4.4,3.312,5.2,0.215,0.43,4.247,5.26,2.707,3.95,333.125,352.0,1019.289,1020.2,21.887,22.5,22.232,23.1
2024-07-22,169.083,360.0,2.599,4.6,3.188,5.4,0.36,0.51,4.452,5.0,3.442,3.95,160.167,359.0,1017.562,1019.1,21.27,22.1,22.516,23.5
2024-07-23,196.497,261.0,4.017,10.1,4.889,19.4,0.245,0.4,2.803,3.03,2.742,3.24,219.522,238.0,1015.506,1016.5,22.505,23.4,22.737,23.2
2024-07-24,273.09,360.0,6.398,8.3,7.665,9.9,0.803,1.07,4.753,5.88,3.64,4.24,217.196,359.0,1018.919,1021.4,20.724,23.0,22.469,22.9
2024-07-25,86.847,360.0,4.557,7.4,5.742,8.7,0.532,0.79,4.257,5.56,3.375,4.19,15.66,359.0,1023.603,1025.4,19.937,20.4,22.381,22.7
2024-07-26,96.493,360.0,3.079,5.3,3.858,6.6,0.337,0.55,3.805,4.17,3.048,3.42,37.903,359.0,1023.009,1024.0,21.095,22.7,22.596,23.4
2024-07-27,142.833,185.0,4.502,7.3,5.306,8.7,0.329,0.65,3.645,4.17,2.983,3.67,168.44,192.0,1020.129,1021.5,22.397,23.4,22.894,23.8
2024-07-28,147.688,181.0,4.964,7.4,5.862,9.0,0.337,0.57,3.32,4.0,2.752,3.22,164.269,190.0,1016.591,1017.9,22.966,23.6,22.924,23.1
2024-07-29,178.104,348.0,5.554,7.8,6.721,10.1,0.522,0.72,3.646,4.17,3.084,3.43,186.174,335.0,1011.165,1013.1,22.837,23.7,22.922,23.0
2024-07-30,269.049,359.0,3.089,5.0,3.727,5.8,0.23,0.38,3.192,4.0,2.75,3.25,131.5,352.0,1009.937,1011.7,22.781,24.2,23.188,24.2
2024-07-31,203.042,256.0,3.467,5.4,4.167,6.3,0.173,0.37,3.148,3.85,2.544,3.38,207.231,225.0,1011.692,1013.6,23.849,24.9,23.661,24.2
2024-08-01,157.972,251.0,2.276,6.1,2.867,7.2,0.168,0.28,3.45,3.57,2.606,2.95,175.5,176.0,1013.556,1014.8,24.035,24.5,24.05,24.3
2024-08-02,264.34,360.0,5.618,10.5,6.874,13.3,0.527,0.77,3.957,4.76,3.107,3.52,336.027,356.0,1012.459,1014.2,23.356,24.7,23.883,24.3
2024-08-03,233.75,360.0,3.401,6.2,4.098,7.3,0.307,0.62,3.847,4.55,3.054,3.54,51.292,358.0,1013.669,1014.7,24.169,24.8,24.009,24.6
2024-08-04,149.127,360.0,2.307,4.7,2.917,5.3,0.169,0.32,3.062,3.45,2.833,3.36,11.875,21.0,1015.026,1016.4,24.237,25.2,24.359,25.6
2024-08-05,189.743,360.0,4.635,9.1,5.592,11.1,0.408,1.23,3.915,5.56,2.974,4.12,239.609,359.0,1015.075,1016.1,24.144,25.1,24.496,24.9
2024-08-06,46.485,115.0,10.753,14.5,13.228,23.1,1.618,2.29,5.8,6.67,4.564,5.2,146.911,359.0,1013.96,1016.3,20.702,23.4,23.544,24.2
2024-08-07,58.472,359.0,7.091,9.9,8.617,11.9,1.029,1.69,4.779,7.14,3.923,4.92,160.068,359.0,1016.447,1018.0,21.251,22.6,22.932,23.1
2024-08-08,145.236,272.0,3.662,6.2,4.467,7.4,0.326,0.52,3.374,4.17,2.948,3.38,50.281,102.0,1013.417,1014.4,21.999,22.9,23.049,23.8
2024-08-09,295.28,341.0,6.958,10.7,8.622,12.7,0.819,1.36,5.106,5.88,3.584,4.35,325.167,357.0,1013.941,1015.7,20.368,23.4,23.004,23.6
2024-08-10,283.278,304.0,8.963,10.4,11.074,13.3,1.262,1.56,4.968,5.56,4.032,4.45,306.521,328.0,1017.181,1018.5,19.508,21.8,22.599,22.8
2024-08-11,281.833,303.0,6.475,9.3,7.881,10.8,0.88,1.24,4.365,5.0,3.689,4.14,297.333,354.0,1018.098,1019.2,20.977,22.8,22.187,22.4
2024-08-12,266.646,303.0,3.969,6.2,4.792,7.9,0.409,0.58,3.412,4.0,3.018,3.37,302.727,342.0,1018.851,1020.4,21.874,23.0,22.33,23.3
2024-08-13,202.804,338.0,2.242,3.9,2.81,4.6,0.14,0.21,,,2.507,2.9,,,1019.692,1021.2,22.517,24.4,22.606,23.3
2024-08-14,91.972,248.0,1.565,3.5,2.042,4.0,0.047,0.08,,,3.067,4.59,,,1020.787,1022.5,22.715,24.2,23.089,24.1
2024-08-15,130.944,188.0,7.403,11.0,8.865,13.4,0.724,1.38,4.138,5.26,3.402,4.27,144.487,186.0,1016.396,1019.2,22.478,24.0,22.854,23.8
2024-08-16,180.201,270.0,6.826,9.8,8.25,11.9,0.823,1.33,4.264,5.0,3.507,4.01,176.532,200.0,1009.699,1012.5,22.291,23.6,22.497,22.7
2024-08-17,285.083,343.0,5.493,10.5,6.695,13.5,0.613,0.82,3.904,4.76,3.279,3.65,239.167,352.0,1007.348,1008.9,21.762,23.6,22.622,22.8
2024-08-18,338.236,360.0,8.311,13.1,10.132,15.8,1.235,2.48,5.256,7.14,4.099,5.48,76.312,357.0,1011.515,1014.9,21.426,22.1,22.615,22.8
2024-08-19,112.147,360.0,9.073,12.1,10.997,15.0,1.583,2.44,6.282,7.69,4.673,5.63,36.426,359.0,1018.52,1020.8,20.211,21.4,22.233,22.5
2024-08-20,72.438,360.0,5.981,10.7,7.691,13.0,1.028,1.52,5.875,6.67,4.241,4.84,115.75,359.0,1023.739,1026.3,18.004,20.3,22.053,22.2
2024-08-21,47.938,360.0,3.007,6.0,4.033,7.2,0.437,0.67,4.417,5.56,3.385,3.7,66.083,359.0,1025.453,1027.3,18.793,19.6,22.029,22.3
2024-08-22,155.938,359.0,2.258,4.6,3.239,6.0,0.128,0.19,,,2.646,3.23,,,1024.969,1026.5,19.697,20.8,22.141,22.7
2024-08-23,175.778,228.0,4.622,6.8,5.506,8.2,0.319,0.59,3.248,3.7,2.794,3.28,176.091,205.0,1023.702,1025.1,21.383,22.3,22.159,22.6
2024-08-24,149.776,204.0,3.576,5.5,4.247,6.5,0.212,0.34,2.8,3.23,2.529,2.86,184.4,200.0,1021.922,1023.2,22.254,23.2,22.35,22.9
2024-08-25,134.979,185.0,3.505,5.1,4.105,6.2,0.176,0.31,2.858,3.03,2.501,2.85,184.308,194.0,1020.751,1022.4,23.337,25.2,22.831,23.4
2024-08-26,172.347,195.0,5.251,6.8,6.124,8.1,0.409,0.6,3.313,4.0,2.859,3.21,194.5,216.0,1018.858,1020.3,24.35,25.6,23.177,23.5
2024-08-27,168.168,336.0,4.561,7.4,5.578,8.7,0.419,0.67,3.436,4.35,2.979,3.29,191.979,342.0,1015.643,1017.5,24.466,25.7,23.475,24.0
2024-08-28,144.035,326.0,5.544,13.0,7.07,35.5,0.63,1.37,4.177,5.26,3.398,4.23,276.571,359.0,1017.559,1019.9,23.004,25.0,23.281,23.8
2024-08-29,47.417,151.0,4.355,8.0,5.333,9.3,0.618,1.06,5.165,5.88,3.823,4.26,172.667,359.0,1021.228,1022.7,21.316,22.8,23.046,23.5
2024-08-30,188.257,309.0,4.515,8.5,5.483,10.9,0.416,0.75,3.813,4.76,2.997,3.43,190.8,359.0,1016.774,1018.8,23.142,23.9,23.061,23.3
2024-08-31,273.799,323.0,4.722,7.7,5.599,9.0,0.4,0.65,3.417,4.17,2.959,3.45,306.78,354.0,1017.081,1018.4,22.567,23.9,23.089,23.5
2024-09-01,264.181,360.0,8.716,10.7,10.534,12.6,1.117,1.83,4.655,6.67,3.842,4.87,226.917,357.0,1015.881,1020.8,21.587,23.7,22.897,23.2
2024-09-02,78.701,360.0,3.49,8.4,4.847,10.1,0.59,1.42,4.814,6.67,3.669,4.49,169.208,359.0,1025.099,1028.0,19.788,20.4,22.809,23.5
2024-09-03,151.549,357.0,3.645,6.6,4.797,8.2,0.372,0.67,3.753,4.55,3.185,3.48,166.581,345.0,1026.935,1028.7,20.093,20.6,22.738,23.1
2024-09-04,140.789,174.0,4.078,7.9,4.978,9.4,0.36,0.7,3.634,4.35,2.95,3.55,155.29,190.0,1025.54,1026.8,20.985,22.7,22.74,23.1
2024-09-05,162.182,214.0,4.288,6.3,5.053,7.3,0.289,0.45,3.379,3.85,2.759,3.09,151.0,182.0,1020.792,1023.4,22.649,23.5,22.855,23.2
2024-09-06,334.542,356.0,8.492,10.4,10.528,13.4,1.264,1.9,5.558,7.14,4.107,4.97,204.476,359.0,1019.005,1020.8,19.022,23.9,22.706,23.1
2024-09-07,273.389,360.0,9.405,11.8,12.117,17.2,1.852,2.25,6.841,7.69,4.965,5.37,129.729,359.0,1021.682,1023.3,15.282,17.2,22.249,22.5
2024-09-08,284.465,355.0,6.432,8.7,8.382,10.4,0.905,1.35,4.769,6.67,3.827,4.77,221.146,358.0,1020.782,1021.9,17.522,21.2,,
2024-09-09,234.958,359.0,8.156,12.0,9.826,14.7,1.192,1.86,4.774,5.56,4.004,4.64,248.667,291.0,1018.694,1019.5,20.332,21.3,,
2024-09-10,186.556,275.0,3.742,5.7,4.393,6.8,0.253,0.36,3.161,4.35,2.822,3.48,244.556,348.0,1019.694,1021.1,20.975,22.1,,
2024-09-11,181.965,222.0,4.441,6.0,5.253,7.2,0.337,0.43,3.052,3.45,2.761,3.05,193.956,210.0,1018.292,1019.8,21.834,23.0,,
2024-09-12,104.139,158.0,3.283,4.6,3.838,5.4,0.136,0.27,2.6,2.6,2.473,2.8,119.0,122.0,1018.63,1020.5,21.944,22.9,,
2024-09-13,77.05,126.0,5.317,7.2,6.271,8.7,0.47,0.79,3.465,4.35,2.965,3.62,96.595,126.0,1019.225,1020.9,21.938,23.4,21.848,22.0
2024-09-14,91.181,128.0,4.722,7.9,5.623,9.9,0.47,0.81,3.737,4.35,3.113,3.69,119.694,141.0,1020.272,1021.9,21.978,23.4,21.885,22.4
2024-09-15,98.722,153.0,4.338,7.6,5.15,9.2,0.366,0.55,3.464,3.85,2.903,3.22,131.176,152.0,1021.135,1022.8,22.185,23.4,21.989,22.6
2024-09-16,106.778,355.0,3.709,6.7,4.433,8.1,0.301,0.54,3.368,3.7,2.875,3.39,140.733,171.0,1021.569,1022.9,22.199,23.3,22.104,22.8
2024-09-17,130.833,359.0,3.261,6.2,4.009,7.8,0.249,0.42,3.146,3.7,2.774,3.11,124.821,140.0,1019.751,1021.1,21.802,23.3,22.261,22.9
2024-09-18,112.399,358.0,4.047,6.6,4.799,7.8,0.264,0.43,3.054,3.57,2.618,3.04,121.808,167.0,1016.448,1017.5,21.69,22.8,22.153,22.6
2024-09-19,126.817,179.0,3.26,5.0,3.847,6.0,0.14,0.28,2.605,2.74,2.555,2.92,142.0,143.0,1014.171,1015.2,22.149,23.0,22.3,22.3
2024-09-20,160.076,208.0,5.172,8.6,6.194,10.4,0.526,0.9,3.748,5.0,3.113,4.01,154.721,183.0,1010.003,1011.2,22.624,23.4,22.374,22.5
2024-09-21,200.154,339.0,2.325,4.4,2.828,5.3,0.115,0.31,3.75,3.85,2.625,3.17,188.0,191.0,1012.336,1013.9,22.556,23.6,22.494,23.1
2024-09-22,161.278,360.0,3.87,8.1,4.858,9.6,0.308,0.54,3.045,3.85,2.827,4.11,113.576,355.0,1010.926,1012.4,21.853,24.0,22.541,22.9
2024-09-23,57.417,360.0,8.286,13.0,10.308,15.5,1.503,2.57,6.401,7.69,4.624,5.5,77.312,359.0,1014.906,1017.0,17.4,20.1,21.868,22.4
2024-09-24,103.028,359.0,6.09,8.5,7.465,13.0,0.777,1.0,4.287,6.25,3.538,3.8,96.489,356.0,1009.481,1013.5,18.567,19.6,21.573,21.7
2024-09-25,273.881,360.0,5.31,9.0,6.524,11.0,0.793,1.17,4.744,5.56,3.742,4.06,186.604,358.0,1011.255,1014.5,19.178,19.9,21.506,21.8
2024-09-26,190.601,360.0,2.285,4.8,2.972,5.7,0.218,0.47,4.766,5.0,3.151,3.94,6.3,11.0,1016.666,1018.9,20.248,20.9,21.575,22.1
2024-09-27,44.444,85.0,7.86,10.5,9.371,12.6,0.777,1.33,3.988,5.0,3.304,4.02,58.698,81.0,1013.794,1016.9,20.204,21.7,21.434,21.7
2024-09-28,91.59,360.0,10.087,12.5,12.194,15.5,1.434,1.69,5.306,5.88,4.213,4.42,64.468,358.0,1010.588,1012.2,20.059,22.2,21.052,21.4
2024-09-29,114.188,360.0,7.617,9.1,9.066,11.3,1.108,1.54,5.435,6.67,4.078,4.82,251.562,359.0,1015.061,1017.4,20.146,21.5,20.776,20.9
2024-09-30,99.49,345.0,4.344,8.2,5.31,10.0,0.681,1.26,4.715,5.88,3.615,4.32,243.34,359.0,1016.058,1017.3,20.009,22.0,20.883,21.4
2024-10-01,266.285,342.0,7.175,12.9,8.806,15.3,0.953,2.25,5.231,7.14,3.846,5.22,255.645,359.0,1016.111,1019.3,18.985,21.0,20.873,21.3
2024-10-02,265.958,360.0,5.022,8.6,6.751,11.3,0.758,1.4,4.635,7.14,3.693,4.72,197.771,359.0,1018.004,1019.7,17.103,19.4,20.451,20.6
2024-10-03,221.236,360.0,5.848,9.1,7.165,11.1,0.778,1.12,4.241,5.0,3.566,3.93,223.021,330.0,1015.96,1019.1,19.044,20.8,20.387,20.7
2024-10-04,43.611,360.0,6.833,8.4,8.164,10.2,0.709,1.15,4.123,5.56,3.393,4.08,187.854,358.0,1023.217,1026.2,18.249,19.9,20.197,20.4
2024-10-05,107.536,144.0,8.953,11.2,10.716,13.4,1.179,1.7,4.995,5.88,3.984,4.65,104.596,358.0,1022.334,1026.0,18.171,21.6,20.043,20.2
2024-10-06,246.326,322.0,9.512,11.6,11.529,14.3,1.346,1.8,5.089,6.25,4.137,4.76,234.792,323.0,1012.05,1016.1,19.94,21.9,,
2024-10-07,315.361,352.0,7.249,12.0,9.319,15.1,1.382,1.91,6.215,7.14,4.632,5.06,203.833,359.0,1018.999,1021.2,14.843,17.3,19.256,19.5
2024-10-08,265.354,359.0,6.122,8.7,7.477,10.9,0.651,1.01,4.092,5.26,3.351,3.82,299.917,356.0,1016.963,1018.0,16.498,17.3,18.897,19.1
2024-10-09,121.867,356.0,3.952,7.1,5.217,8.5,0.415,0.6,3.549,4.35,3.142,3.59,164.111,359.0,1018.622,1020.6,15.499,16.8,18.867,18.9
2024-10-10,101.535,175.0,5.05,8.1,6.337,10.0,0.665,0.97,4.014,4.76,3.422,3.72,77.396,359.0,1022.647,1024.6,15.216,16.7,18.612,18.9
2024-10-11,195.84,228.0,6.108,8.0,7.238,9.5,0.589,0.85,3.844,4.76,3.196,3.76,189.846,204.0,1019.353,1022.4,18.674,20.7,18.391,18.5
2024-10-12,77.819,360.0,8.088,11.8,9.887,14.4,1.052,1.68,4.677,6.67,3.861,4.54,91.625,359.0,1017.438,1019.6,15.955,20.7,18.255,18.4
2024-10-13,179.736,358.0,6.634,15.7,8.438,19.6,0.894,2.29,4.336,6.25,3.66,5.24,104.652,308.0,1010.085,1015.0,13.937,15.2,18.091,18.3
2024-10-14,128.382,360.0,8.939,15.2,11.458,18.5,1.682,2.95,6.244,7.14,4.742,5.84,317.522,359.0,1015.998,1020.6,10.944,12.4,17.58,17.6
2024-10-15,96.424,360.0,8.999,13.1,11.855,16.8,1.465,2.59,5.44,7.69,4.333,5.61,164.167,359.0,1021.578,1025.6,9.734,11.0,,
2024-10-16,308.25,360.0,7.942,13.2,10.474,18.3,1.788,2.92,7.142,8.33,5.025,5.97,84.583,359.0,1028.017,1030.4,10.4,11.4,17.119,17.2
2024-10-17,224.792,283.0,5.449,8.6,6.935,10.9,0.568,1.04,4.122,5.56,3.322,4.05,219.239,359.0,1026.651,1028.4,13.267,15.6,16.94,17.1
2024-10-18,192.201,221.0,8.033,9.7,9.604,11.8,1.039,1.41,4.786,5.26,3.811,4.21,193.542,204.0,1028.899,1031.9,15.706,16.6,16.517,16.8
2024-10-19,187.271,231.0,5.275,6.5,6.237,7.7,0.465,0.58,3.455,4.0,2.99,3.36,192.34,211.0,1031.324,1033.1,16.166,16.8,16.105,16.3
2024-10-20,205.792,235.0,6.512,7.8,7.697,9.5,0.654,0.91,3.836,4.55,3.232,3.62,207.688,224.0,1026.308,1028.5,16.812,18.4,15.892,16.0
2024-10-21,207.514,232.0,6.367,8.4,7.396,9.9,0.687,0.83,4.099,4.55,3.368,3.62,204.146,226.0,1022.358,1023.8,17.294,18.9,15.785,15.9
2024-10-22,177.438,197.0,6.672,8.9,7.877,11.2,0.689,1.15,3.967,5.26,3.3,4.02,192.0,211.0,1018.013,1020.9,17.285,18.5,15.709,15.8
2024-10-23,272.771,356.0,7.813,12.3,9.482,14.8,1.124,1.68,5.051,6.67,3.995,4.71,251.875,356.0,1015.06,1021.9,15.542,18.4,15.621,15.7
2024-10-24,249.951,360.0,4.207,7.1,5.45,8.7,0.605,1.13,4.907,6.67,3.708,4.62,77.936,245.0,1021.437,1022.6,13.787,15.1,15.545,15.7
2024-10-25,236.59,326.0,7.601,9.9,9.199,12.2,0.891,1.24,4.314,5.26,3.574,4.14,229.426,338.0,1017.773,1023.0,13.897,15.7,15.379,15.5
2024-10-26,329.451,359.0,7.687,9.8,9.647,12.7,1.284,1.53,5.738,6.67,4.328,4.61,225.089,359.0,1029.093,1032.8,12.058,14.7,15.21,15.4
2024-10-27,131.931,341.0,2.964,6.1,4.247,7.6,0.418,0.89,4.564,6.25,3.381,4.41,83.571,241.0,1029.297,1031.7,11.022,12.9,15.069,15.2
2024-10-28,175.035,204.0,7.36,9.4,8.817,11.2,0.856,1.3,4.295,5.26,3.547,4.23,195.532,224.0,1021.74,1024.4,14.369,16.2,14.931,15.0
2024-10-29,174.389,193.0,9.228,10.7,10.947,14.2,1.356,1.81,5.309,6.25,4.208,4.79,182.521,205.0,1012.447,1016.2,17.233,18.9,,
2024-10-30,187.076,197.0,9.288,11.3,11.026,13.7,1.389,1.94,5.53,6.25,4.291,4.79,194.375,205.0,1014.585,1016.4,17.948,19.5,,
2024-10-31,197.312,254.0,10.874,14.6,13.253,18.7,1.622,2.58,5.587,7.14,4.404,5.3,195.979,231.0,1008.81,1013.3,16.665,18.9,15.2,15.2
2024-11-01,298.611,355.0,8.772,15.0,11.323,19.6,1.803,2.82,6.32,7.14,4.92,5.42,211.404,359.0,1021.527,1027.9,7.948,10.6,14.7,14.7
2024-11-02,110.424,347.0,3.225,6.9,4.557,9.0,0.457,0.78,4.74,6.25,3.74,4.55,81.729,359.0,1029.231,1030.7,9.26,11.0,14.604,14.7
2024-11-03,124.431,137.0,9.099,12.5,11.008,15.4,1.157,1.92,4.565,5.88,3.812,4.66,144.022,195.0,1023.008,1028.1,12.803,15.2,,
2024-11-04,165.75,195.0,8.008,12.6,9.613,15.6,1.201,2.17,5.184,6.25,4.078,5.04,167.458,191.0,1012.193,1014.6,15.833,16.3,14.574,14.6
2024-11-05,175.469,193.0,9.029,13.5,10.887,17.1,1.242,2.18,5.068,6.25,4.012,5.06,190.745,202.0,1007.342,1011.1,16.066,16.6,14.582,14.6
2024-11-06,278.194,356.0,6.874,10.8,8.369,14.2,0.869,1.64,4.595,6.25,3.639,4.52,257.333,352.0,1013.574,1022.0,12.779,16.2,14.4,14.4
2024-11-07,300.51,353.0,5.171,8.2,6.766,10.0,0.838,1.23,5.082,5.88,3.849,4.29,38.394,359.0,1025.561,1028.2,10.296,13.3,14.338,14.4
2024-11-08,283.215,358.0,7.721,10.5,9.427,12.9,1.027,1.32,4.578,5.0,3.797,4.12,290.057,357.0,1023.976,1026.5,11.356,13.4,,
2024-11-09,95.278,148.0,8.516,10.8,10.261,12.9,1.111,1.34,4.785,5.26,3.9,4.21,79.717,165.0,1025.827,1027.7,10.905,12.5,14.0,14.0
2024-11-10,178.688,267.0,8.66,12.3,10.612,15.3,1.138,1.54,4.852,5.56,3.88,4.22,167.745,213.0,1012.074,1020.5,12.349,14.4,13.379,13.5
2024-11-11,278.069,343.0,10.413,13.0,12.799,16.2,1.471,2.52,5.07,6.67,4.142,5.34,263.17,346.0,1011.185,1018.5,11.231,12.8,,
2024-11-12,105.852,359.0,8.153,12.2,10.529,15.3,1.839,3.05,7.354,9.09,5.094,6.38,58.812,357.0,1025.663,1030.1,7.144,9.9,13.08,13.3
2024-11-13,126.743,138.0,9.746,11.8,11.859,14.2,1.392,1.89,5.023,5.88,4.179,4.87,136.354,156.0,1023.494,1027.7,9.245,11.6,12.89,12.9
2024-11-14,153.278,358.0,7.147,11.1,8.61,13.3,1.08,1.69,4.677,6.25,3.894,4.78,162.34,351.0,1010.149,1015.0,10.631,11.5,13.186,13.5
2024-11-15,315.854,359.0,6.317,9.4,7.756,11.5,0.755,1.08,4.542,5.0,3.52,3.82,225.191,359.0,1018.017,1021.3,10.222,10.6,13.342,13.5
2024-11-16,148.965,350.0,4.361,9.8,5.841,12.9,0.483,1.24,3.976,5.26,3.302,4.06,85.974,193.0,1020.917,1022.6,10.735,11.3,12.867,13.3
2024-11-17,188.056,226.0,9.126,11.3,11.008,14.0,1.412,1.87,5.553,6.25,4.312,4.84,184.5,194.0,1013.835,1017.2,11.416,13.4,13.284,13.3
2024-11-18,177.718,360.0,5.587,11.2,6.651,13.3,0.471,1.13,3.306,4.55,2.88,3.72,179.512,308.0,1013.956,1015.7,11.74,13.5,13.247,13.3
2024-11-19,160.257,251.0,10.167,12.9,12.403,16.1,1.569,1.99,5.586,5.88,4.428,4.76,152.917,201.0,1003.107,1010.0,13.554,14.8,13.119,13.2
2024-11-20,264.91,310.0,8.861,14.0,11.115,17.9,1.037,2.19,4.464,6.25,3.73,4.84,258.562,300.0,1007.601,1009.4,8.878,13.0,13.014,13.1
2024-11-21,246.743,321.0,11.072,14.1,13.742,17.9,1.931,2.5,5.877,7.14,4.72,5.53,293.979,342.0,1003.657,1008.2,3.42,7.3,12.4,12.4
2024-11-22,286.417,359.0,10.395,12.3,12.748,16.3,1.882,2.57,6.55,7.69,4.885,5.6,208.542,359.0,1012.359,1014.6,7.737,8.5,12.127,12.3
2024-11-23,293.208,335.0,7.027,10.8,9.145,13.9,1.332,2.2,6.608,7.69,4.556,5.47,23.468,357.0,1016.126,1018.3,6.762,8.5,11.7,11.8
2024-11-24,194.007,260.0,5.002,9.6,6.548,11.4,0.574,0.88,3.821,5.56,3.332,3.6,188.812,270.0,1014.815,1016.4,6.742,8.6,11.613,11.7
2024-11-25,168.881,337.0,7.418,12.3,8.85,14.7,0.957,1.32,4.387,5.0,3.72,4.13,152.104,351.0,1010.592,1013.9,9.384,10.6,11.65,11.8
2024-11-26,275.125,300.0,10.054,13.2,12.769,16.8,1.64,2.28,5.5,6.67,4.464,5.02,311.106,342.0,1018.299,1021.2,2.914,6.5,,
2024-11-27,175.585,338.0,4.318,8.4,6.035,11.8,0.54,1.11,3.834,4.76,3.282,3.93,229.105,359.0,1015.785,1019.3,4.534,6.5,11.294,11.3
2024-11-28,252.069,359.0,8.298,10.4,10.711,13.1,1.111,1.39,5.04,5.88,3.922,4.36,257.553,359.0,1013.61,1017.6,2.647,5.8,10.963,11.2
2024-11-29,283.882,296.0,10.686,13.9,13.817,17.5,1.776,2.46,5.781,6.67,4.558,5.21,317.25,359.0,1017.858,1019.8,-1.615,-0.1,,
2024-11-30,279.792,303.0,8.95,10.7,11.977,14.3,1.488,1.91,5.41,6.25,4.336,4.85,309.66,330.0,1020.075,1021.1,-3.824,-1.8,9.963,10.2
2024-12-01,296.125,315.0,7.39,10.1,10.115,13.8,1.285,1.77,5.549,6.25,4.216,4.65,325.674,358.0,1021.778,1025.4,-3.849,-1.7,9.474,9.7
2024-12-02,305.427,339.0,5.873,10.2,8.22,12.5,0.84,1.29,4.653,5.56,3.687,3.94,305.362,359.0,1027.034,1029.9,-1.924,0.4,9.242,9.4
2024-12-03,275.639,323.0,7.755,11.7,10.023,14.1,1.166,1.81,5.282,6.67,4.053,4.77,192.75,358.0,1029.834,1031.9,1.201,2.1,9.1,9.1
2024-12-04,225.438,298.0,12.48,17.1,15.514,21.8,2.19,2.97,6.389,7.69,4.994,5.75,206.792,260.0,1010.726,1024.8,1.259,5.1,8.797,9.0
2024-12-05,312.66,330.0,14.067,18.1,17.845,22.9,3.535,4.42,8.197,9.09,6.244,6.91,284.542,357.0,1017.544,1027.9,-2.998,1.5,,
2024-12-06,265.521,318.0,8.917,11.5,11.374,14.4,1.627,2.74,6.579,9.09,4.688,6.1,123.872,359.0,1026.558,1029.0,-1.094,1.6,7.6,7.6
2024-12-07,235.972,283.0,9.48,12.9,11.617,15.8,1.386,1.99,5.041,6.25,4.132,4.76,221.064,265.0,1016.869,1022.5,3.562,8.3,7.205,7.5
2024-12-08,229.549,308.0,6.858,12.1,8.317,15.0,1.073,2.0,4.863,6.25,3.906,4.95,234.213,359.0,1007.542,1010.8,7.342,8.7,7.161,7.3
2024-12-09,202.549,270.0,6.703,9.4,7.981,11.6,0.683,1.09,3.85,5.0,3.316,3.84,203.25,265.0,1004.865,1009.0,7.674,8.6,6.95,7.0
2024-12-10,223.435,233.0,7.817,8.5,9.383,10.3,0.727,0.82,3.683,4.0,3.229,3.38,224.429,234.0,1010.065,1010.7,8.07,8.2,,
