#YY  MM DD hh mm WDIR WSPD GST  WVHT   DPD   APD MWD   PRES  ATMP  WTMP  DEWP  VIS  TIDE
#yr  mo dy hr mn degT m/s  m/s     m   sec   sec degT   hPa  degC  degC  degC   mi    ft
2015 05 12 02 50 238  8.4  9.3  0.59  3.33  3.07 242 1011.6   7.3   3.2   4.4 99.0 99.00
2015 05 12 03 50 228  5.9  7.0  0.69  4.17  3.46 255 1012.0   6.1   3.1   3.9 99.0 99.00
2015 05 12 04 50 211  5.1  5.8  0.83  4.35  3.86 259 1012.0   5.7   3.0   3.7 99.0 99.00
2015 05 12 05 50 215  6.2  6.9  0.70  4.55  3.76 244 1012.0   6.4   3.0   3.3 99.0 99.00
2015 05 12 06 50 211  4.6  5.6  0.74  4.55  3.84 242 1012.2   5.5   3.0   3.2 99.0 99.00
2015 05 12 07 50 214  7.7  8.9  0.66  4.35  3.69 255 1011.9   6.5   3.0   3.8 99.0 99.00
2015 05 12 08 50 224  7.3  8.5  0.63  4.17  3.44 244 1012.2   5.9   3.0   3.3 99.0 99.00
2015 05 12 09 50 228  7.1  8.4  0.67  4.35  3.51 241 1012.4   5.9   2.9   3.1 99.0 99.00
2015 05 12 10 50 214  7.2  8.4  0.72  4.35  3.62 231 1012.9   5.8   2.9   3.6 99.0 99.00
2015 05 12 11 50 220  6.7  7.5  0.64  4.35  3.53 229 1013.2   5.4   2.9   3.3 99.0 99.00
2015 05 12 12 50 216  6.2  7.3  0.71  4.35  3.60 221 1013.8   5.1   2.9   3.5 99.0 99.00
2015 05 12 13 50 225  6.5  7.5  0.68  4.35  3.61 223 1014.4   5.0   2.9   3.8 99.0 99.00
2015 05 12 14 50 234  7.3  8.1  0.72  4.35  3.63 219 1015.4   5.3   2.9   3.3 99.0 99.00
2015 05 12 15 50 223  4.6  5.4  0.79  4.55  3.76 230 1016.4   5.1   3.0   3.3 99.0 99.00
2015 05 12 16 50 221  5.3  6.0  0.78  4.55  3.85 234 1017.3   5.1   3.0   3.5 99.0 99.00
2015 05 12 17 50 233  5.7  6.9  0.88  4.76  3.90 233 1018.2   5.3   3.0   3.6 99.0 99.00
2015 05 12 18 50 236  5.4  6.1  0.83  4.76  3.77 242 1019.2   5.3   2.9   3.7 99.0 99.00
2015 05 12 19 50 258  5.6  6.7  0.74  4.55  3.89 246 1019.9   5.4   2.9   3.7 99.0 99.00
2015 05 12 20 50 269  3.6  4.0  0.68  4.35  3.83 263 1020.5   5.4   3.0   3.7 99.0 99.00
2015 05 12 21 50 275  3.0  3.6  0.68  4.35  3.84 264 1021.0   6.0   3.0   3.7 99.0 99.00
2015 05 12 22 50 253  3.0  3.2  0.69  4.35  3.88 264 1022.1   5.3   2.9   3.6 99.0 99.00
2015 05 12 23 50 271  4.1  4.6  0.54  4.17  3.65 270 1022.7   5.2   2.9   3.4 99.0 99.00
2015 05 13 00 50 271  5.5  6.4  0.49  3.85  3.54 270 1023.3   5.9   2.9   2.7 99.0 99.00
2015 05 13 01 50 264  4.5  5.0  0.46  3.85  3.42 275 1024.5   5.4   2.9   2.7 99.0 99.00
2015 05 13 02 50 247  3.6  4.1  0.39  3.70  3.39 282 1025.3   4.7   2.9   2.7 99.0 99.00
2015 05 13 03 50 265  4.4  5.2  0.41  4.00  3.43 306 1025.4   5.4   2.9   2.5 99.0 99.00
2015 05 13 04 50 311  4.8  7.4  0.40  4.17  3.48 314 1025.8   4.9   2.9   2.7 99.0 99.00
2015 05 13 05 50 317  3.6  3.8  0.42  4.17  3.54 317 1026.9   4.4   2.9   3.0 99.0 99.00
2015 05 13 06 50 325  3.8  4.3  0.39  4.00  3.42 316 1027.7   4.1   2.9   3.0 99.0 99.00
2015 05 13 07 50 338  4.0  4.4  0.34  4.00  3.42 322 1028.5   3.9   2.9   2.5 99.0 99.00
2015 05 13 08 50 334  3.3  3.8  0.32  4.17  3.39 332 1029.3   3.9   2.9   2.3 99.0 99.00
2015 05 13 09 50 311  3.7  4.1  0.29  4.17  3.33 329 1030.4   3.6   2.9   2.3 99.0 99.00
2015 05 13 10 50 309  3.6  4.1  0.27  4.00  3.29 337 1030.8   3.4   2.9   2.1 99.0 99.00
2015 05 13 11 50 311  4.4  5.0  0.23 99.00  3.14 999 1031.7   3.5   2.9   2.0 99.0 99.00
2015 05 13 12 50 310  4.1  4.7  0.23 99.00  3.11 999 1032.6   3.5   2.9   2.2 99.0 99.00
2015 05 13 13 50 352  5.3  5.9  0.24 99.00  3.00 999 1032.5   3.5   2.9   2.1 99.0 99.00
2015 05 13 14 50 350  5.2  6.2  0.27  3.23  2.84 356 1032.6   3.8   2.9   1.9 99.0 99.00
2015 05 13 15 50 335  4.5  5.0  0.33  3.33  2.89 354 1033.4   3.6   2.9   2.2 99.0 99.00
2015 05 13 16 50 336  3.8  4.2  0.29  3.13  3.05 355 1033.6   3.6   3.0   2.2 99.0 99.00
2015 05 13 17 50 299  3.1  3.6  0.32  3.33  3.05 360 1033.5   3.5   3.0   2.5 99.0 99.00
2015 05 13 18 50 303  3.4  3.9  0.34  3.45  3.16  10 1032.8   3.4   3.0   2.7 99.0 99.00
2015 05 13 19 50 335  3.7  4.4  0.34  3.57  3.43   3 1032.3   3.4   3.0   2.4 99.0 99.00
2015 05 13 20 50 349  2.4  2.9  0.38  3.33  3.43 353 1031.6   3.5   3.0   2.5 99.0 99.00
2015 05 13 21 50 357  3.7  4.3  0.43  4.76  3.64 354 1030.9   3.4   3.0   2.4 99.0 99.00
2015 05 13 22 50 327  3.6  4.2  0.37  4.35  3.68 360 1031.0   3.6   3.0   2.6 99.0 99.00
2015 05 13 23 50 326  3.9  4.6  0.34  4.55  3.57   4 1030.8   3.7   3.0   2.4 99.0 99.00
2015 05 14 00 50 315  3.8  4.4  0.34  5.26  3.60 356 1031.1   3.6   3.0   2.2 99.0 99.00
2015 05 14 01 50 327  4.0  4.5  0.32  4.76  3.59 359 1031.2   3.6   2.9   2.3 99.0 99.00
2015 05 14 02 50 343  2.7  3.1  0.29  5.00  3.47 349 1031.5   3.7   2.9   2.0 99.0 99.00
2015 05 14 03 50 356  2.0  2.3  0.28  4.55  3.40 360 1031.5   3.5   2.9   2.0 99.0 99.00
2015 05 14 04 50  39  2.5  2.8  0.27  3.70  3.38 358 1031.0   3.4   2.9   2.2 99.0 99.00
2015 05 14 05 50  65  2.9  3.4  0.25  4.55  3.47 351 1030.2   3.5   2.9   2.1 99.0 99.00
2015 05 14 06 50  58  3.3  3.8  0.24 99.00  3.41 999 1029.6   3.9   2.9   2.3 99.0 99.00
2015 05 14 07 50  81  3.2  3.4  0.20 99.00  3.24 999 1029.4   4.1   2.9   3.0 99.0 99.00
2015 05 14 08 50  94  3.7  4.0  0.19 99.00  3.36 999 1029.7   4.6   2.9   3.6 99.0 99.00
2015 05 14 09 50  96  4.3  4.7  0.19 99.00  3.35 999 1029.2   4.9   2.9   4.1 99.0 99.00
2015 05 14 10 50  95  3.7  4.1  0.17 99.00  3.34 999 1029.5   4.9   2.9   4.2 99.0 99.00
2015 05 14 11 50  90  3.5  3.8  0.15 99.00  3.14 999 1030.1   4.7   2.9   3.8 99.0 99.00
2015 05 14 12 50 101  3.5  3.9  0.15 99.00  3.32 999 1030.5   4.9   2.9   3.8 99.0 99.00
2015 05 14 13 50 100  3.7  4.1  0.12 99.00  3.26 999 1030.4   4.9   3.0   3.8 99.0 99.00
2015 05 14 14 50  98  3.8  4.4  0.17 99.00  3.29 999 1029.8   5.0   3.0   3.7 99.0 99.00
2015 05 14 15 50  92  3.8  4.1  0.24 99.00  3.22 999 1029.3   5.0   3.0   3.7 99.0 99.00
2015 05 14 16 50  86  2.5  2.8  0.25  3.57  3.25 137 1028.6   4.8   3.0   3.4 99.0 99.00
2015 05 14 17 50  91  2.3  2.8  0.33  3.70  3.39 135 1027.6   5.1   3.0   3.2 99.0 99.00
2015 05 14 18 50  93  2.8  3.2  0.31  3.85  3.33 140 1026.5   5.6   3.0   3.3 99.0 99.00
2015 05 14 19 50  70  3.0  3.4  0.27  3.33  3.19 145 1024.9   5.5   3.0   3.1 99.0 99.00
2015 05 14 20 50  65  2.5  2.9  0.24 99.00  3.12 999 1023.7   5.9   3.0   3.1 99.0 99.00
2015 05 14 21 50  94  3.0  3.3  0.23 99.00  3.12 999 1023.5   6.5   3.1   3.1 99.0 99.00
2015 05 14 22 50  96  2.4  2.8  0.19 99.00  3.00 999 1022.5   5.4   3.0   3.4 99.0 99.00
2015 05 14 23 50  98  4.7  5.1  0.16 99.00  2.99 999 1021.5   6.3   3.0   3.7 99.0 99.00
2015 05 15 00 50 125  3.1  3.4  0.14 99.00  2.97 999 1021.6   6.6   3.0   3.6 99.0 99.00
2015 05 15 01 50 114  4.5  4.9  0.13 99.00  2.86 999 1021.2   6.8   3.0   4.1 99.0 99.00
2015 05 15 02 50  93  5.8  6.4  0.12 99.00  2.78 999 1020.4   6.6   3.0   4.7 99.0 99.00
2015 05 15 03 50  89  7.1  7.7  0.16 99.00  2.48 999 1019.1   6.8   3.0   4.8 99.0 99.00
2015 05 15 04 50  96  7.3  8.2  0.30  2.74  2.60 118 1018.3   6.9   2.9   4.6 99.0 99.00
2015 05 15 05 50  97  4.6  5.4  0.35  3.03  2.79 118 1018.5   5.9   2.9   5.1 99.0 99.00
2015 05 15 06 50 123  7.1  7.8  0.34  2.94  2.83 121 1017.2   6.4   2.9   5.8 99.0 99.00
2015 05 15 07 50 120  7.3  8.4  0.46  3.03  2.90 129 1015.9   6.8   2.9   6.4 99.0 99.00
2015 05 15 08 50 128  6.1  6.9  0.38  2.94  2.92 129 1015.4   6.5   2.9   5.8 99.0 99.00
2015 05 15 09 50 142  6.6  7.4  0.37  3.13  2.85 143 1015.0   6.4   2.9   6.3 99.0 99.00
2015 05 15 10 50 153  5.7  6.4  0.40  3.23  2.98 149 1015.0   6.2   2.9   6.2 99.0 99.00
2015 05 15 11 50 165  6.0  6.5  0.39  3.57  3.08 132 1015.1   6.2   2.9   6.2 99.0 99.00
2015 05 15 12 50 170  5.0  5.6  0.37  3.70  3.14 144 1015.4   6.0   3.0   6.0 99.0 99.00
2015 05 15 13 50 181  5.6  6.2  0.40  3.70  3.12 148 1015.6   6.2   3.0   6.2 99.0 99.00
2015 05 15 14 50 174  4.8  5.2  0.36  3.23  2.99 156 1015.6   6.3   3.0   6.3 99.0 99.00
2015 05 15 15 50 195  5.4  6.2  0.32  3.33  2.91 157 1016.2   7.0   3.0   7.0 99.0 99.00
2015 05 15 16 50 186  4.6  5.2  0.36  3.33  3.15 167 1016.6   7.2   3.0   7.2 99.0 99.00
2015 05 15 17 50 184  3.7  4.1  0.37  3.85  3.31 173 1016.4   7.1   3.0   7.1 99.0 99.00
2015 05 15 18 50 186  4.2  4.6  0.31  3.70  3.21 181 1016.0   7.1   3.0   7.1 99.0 99.00
2015 05 15 19 50 168  3.9  4.4  0.26  3.57  3.11 183 1015.6   6.9   3.0   6.9 99.0 99.00
2015 05 15 20 50 144  3.4  4.0  0.22 99.00  2.97 999 1015.0   7.3   3.1   7.3 99.0 99.00
2015 05 15 21 50 152  4.1  4.4  0.19 99.00  2.92 999 1014.9   7.4   3.0   7.4 99.0 99.00
2015 05 15 22 50 142  3.4  3.6  0.14 99.00  2.79 999 1015.3   6.8   3.0   6.8 99.0 99.00
2015 05 15 23 50 136  3.7  4.4  0.13 99.00  2.81 999 1015.0  11.7   3.0  11.7 99.0 99.00
2015 05 16 00 50  88  2.2  2.9  0.11 99.00  2.86 999 1015.5   8.3   3.0   8.3 99.0 99.00
2015 05 16 01 50 147  2.0  2.4  0.10 99.00  2.85 999 1016.2   7.4   3.0   7.4 99.0 99.00
2015 05 16 02 50 150  2.6  2.8  0.10 99.00  2.94 999 1016.4   8.1   3.0   8.1 99.0 99.00
2015 05 16 03 50 158  3.0  3.4  0.08 99.00  2.87 999 1016.5   7.1   3.0   7.1 99.0 99.00
2015 05 16 04 50  93  1.3  1.8  0.08 99.00  2.99 999 1016.5   6.4   3.0   6.4 99.0 99.00
2015 05 16 05 50 140  2.5  2.6  0.06 99.00  3.07 999 1016.4   6.7   3.0   6.7 99.0 99.00
2015 05 16 06 50 149  2.2  2.4  0.06 99.00  3.06 999 1016.5   7.4   3.0   7.4 99.0 99.00
2015 05 16 07 50 130  2.9  3.4  0.09 99.00  3.05 999 1016.3   7.1   3.0   7.1 99.0 99.00
2015 05 16 08 50  83  1.5  2.1  0.05 99.00  3.14 999 1016.7   6.9   3.0   6.9 99.0 99.00
2015 05 16 09 50  86  3.0  3.1  0.05 99.00  3.22 999 1016.4   6.9   3.0   6.9 99.0 99.00
2015 05 16 10 50  82  2.1  2.4  0.05 99.00  3.50 999 1016.9   6.5   3.1   6.5 99.0 99.00
2015 05 16 11 50 111  3.2  3.6  0.05 99.00  3.32 999 1017.7   8.5   3.0   8.5 99.0 99.00
2015 05 16 12 50  87  2.4  2.5  0.04 99.00  3.50 999 1017.6  10.2   3.1  10.2 99.0 99.00
2015 05 16 13 50 111  1.8  2.5  0.04 99.00  3.75 999 1017.9   6.6   3.1   6.6 99.0 99.00
2015 05 16 14 50 143  4.2  4.8  0.05 99.00  4.80 999 1017.8   7.0   3.1   7.0 99.0 99.00
2015 05 16 15 50 159  2.6  2.9  0.05 99.00  3.89 999 1018.2   5.8   3.1   5.8 99.0 99.00
2015 05 16 16 50 132  2.4  2.7  0.04 99.00  3.93 999 1017.7   7.4   3.1   7.4 99.0 99.00
2015 05 16 17 50  73  1.1  1.3  0.04 99.00  4.10 999 1017.5   7.1   3.2   7.1 99.0 99.00
2015 05 16 18 50  80  2.4  2.7  0.05 99.00  4.62 999 1017.7   6.6   3.3   6.6 99.0 99.00
2015 05 16 20 50  91  3.6  3.7  0.05 99.00  3.62 999 1016.7   7.9   3.3   7.9 99.0 99.00
2015 05 16 21 50 100  3.5  3.8  0.06 99.00  3.80 999 1016.6   8.7   3.3   8.7 99.0 99.00
2015 05 16 23 50  81  3.9  4.2  0.05 99.00  2.82 999 1016.6   6.7   3.2   6.7 99.0 99.00
2015 05 17 00 50  87  4.3  4.6  0.05 99.00  3.32 999 1016.8   6.0   3.1   6.0 99.0 99.00
2015 05 17 01 50  98  4.4  4.8  0.06 99.00  3.57 999 1016.7   7.1   3.1   7.1 99.0 99.00
2015 05 17 02 50 110  5.3  5.7  0.05 99.00  3.07 999 1016.7   8.2   3.1   8.2 99.0 99.00
2015 05 17 03 50 116  4.4  4.7  0.07 99.00  2.57 999 1016.8   8.7   3.0   8.7 99.0 99.00
2015 05 17 04 50 126  3.3  3.6  0.06 99.00  2.58 999 1016.9   8.4   3.0   8.4 99.0 99.00
2015 05 17 05 50 154  4.8  5.1  0.07 99.00  2.67 999 1016.9   8.3   3.0   8.3 99.0 99.00
2015 05 17 06 50 138  3.8  4.1  0.05 99.00  2.70 999 1016.6   7.5   3.0   7.5 99.0 99.00
2015 05 17 07 50 139  3.6  4.3  0.05 99.00  2.85 999 1016.7   7.2   3.0   7.2 99.0 99.00
2015 05 17 08 50 137  4.6  5.3  0.06 99.00  2.86 999 1017.2   7.6   3.0   7.6 99.0 99.00
2015 05 17 09 50 135  5.5  5.9  0.08 99.00  2.76 999 1017.2   8.3   3.0   8.3 99.0 99.00
2015 05 17 10 50 138  5.2  5.8  0.11 99.00  2.31 999 1017.2   8.3   3.0   8.3 99.0 99.00
2015 05 17 11 50 127  4.7  5.1  0.13 99.00  2.34 999 1017.2   7.7   3.0   7.7 99.0 99.00
2015 05 17 12 50 136  6.3  6.9  0.17 99.00  2.42 999 1016.7   9.1   3.0   9.1 99.0 99.00
2015 05 17 13 50 140  4.9  6.1  0.23 99.00  2.47 999 1016.5   8.4   3.1   8.4 99.0 99.00
2015 05 17 14 50 133  5.6  6.1  0.19 99.00  2.53 999 1015.8   8.9   3.1   8.9 99.0 99.00
2015 05 17 15 50 125  6.1  6.9  0.21 99.00  2.53 999 1015.1   9.3   3.1   9.3 99.0 99.00
2015 05 17 16 50 130  7.4  8.0  0.24 99.00  2.54 999 1014.5   8.9   3.1   8.9 99.0 99.00
2015 05 17 17 50 139  7.3  8.1  0.36  2.86  2.68 159 1014.4   9.4   3.1   9.4 99.0 99.00
2015 05 17 18 50 131  7.4  8.3  0.42  3.23  2.93 152 1013.5   9.3   3.1   9.3 99.0 99.00
2015 05 17 19 50 141  6.8  7.3  0.46  3.13  3.04 143 1013.3   9.0   3.1   9.0 99.0 99.00
2015 05 17 20 50 143  6.5  6.9  0.43  3.23  3.06 152 1012.3   9.2   3.1   9.2 99.0 99.00
2015 05 17 21 50 154  7.2  8.0  0.49  3.45  3.13 158 1011.9   9.7   3.1   9.7 99.0 99.00
2015 05 17 22 50 152  8.0  8.6  0.48  3.45  3.10 159 1011.7  10.6   3.1  10.6 99.0 99.00
2015 05 17 23 50 149  8.1  9.2  0.52  3.45  3.13 162 1011.4  10.4   3.1  10.4 99.0 99.00
2015 05 18 00 50 160  8.7 10.3  0.59  3.45  3.22 159 1011.6  10.1   3.1  10.1 99.0 99.00
2015 05 18 01 50 169  6.8  7.6  0.65  3.70  3.33 168 1012.4   9.0   3.1   9.0 99.0 99.00
2015 05 18 02 50 174  7.3  8.2  0.70  4.00  3.46 180 1013.0   9.4   3.1   9.4 99.0 99.00
2015 05 18 03 50 174  6.3  6.9  0.68  4.00  3.45 188 1013.4   8.6   3.1   8.6 99.0 99.00
2015 05 18 04 50 182  6.3  7.1  0.59  4.00  3.53 186 1013.4   8.6   3.1   8.6 99.0 99.00
2015 05 18 05 50 178  6.3  6.7  0.56  4.35  3.59 182 1013.8   7.8   3.1   7.8 99.0 99.00
2015 05 18 06 50 181  6.4  6.9  0.54  4.17  3.43 192 1013.9   8.3   3.1   8.3 99.0 99.00
2015 05 18 07 50 187  6.0  6.5  0.43  4.00  3.22 189 1013.8   8.4   3.1   8.4 99.0 99.00
2015 05 18 08 50 188  5.9  6.4  0.40  3.57  3.15 189 1013.9   7.9   3.1   7.9 99.0 99.00
2015 05 18 09 50 187  5.6  6.2  0.35  3.85  3.01 195 1014.1 999.0   3.1   8.7 99.0 99.00
2015 05 18 10 50 192  6.0  6.5  0.35  3.33  2.94 186 1014.3   8.5   3.1   8.5 99.0 99.00
2015 05 18 11 50 192  5.2  5.6  0.34  3.23  2.90 182 1014.8   7.8   3.1   7.8 99.0 99.00
2015 05 18 12 50 181  5.6  6.0  0.30  3.13  2.88 186 1014.7   7.3   3.1   7.3 99.0 99.00
2015 05 18 13 50 177  5.3  6.4  0.29  3.13  2.94 173 1014.9   7.3   3.1   7.3 99.0 99.00
2015 05 18 14 50 173  5.6  6.4  0.28  3.13  2.88 188 1015.2   7.0   3.1   7.0 99.0 99.00
2015 05 18 15 50 171  5.8  6.3  0.30  3.03  2.81 197 1015.3   7.2   3.1   7.2 99.0 99.00
2015 05 18 16 50 168  5.4  6.3  0.26  3.23  2.81 191 1015.6   6.9   3.2   6.9 99.0 99.00
2015 05 18 17 50 173  5.2  5.6  0.27  3.13  2.71 180 1015.5   7.5   3.2   7.5 99.0 99.00
2015 05 18 18 50 179  5.2  5.7  0.26  2.94  2.71 189 1015.3   7.8   3.2   7.8 99.0 99.00
2015 05 18 19 50 202  6.2  6.9  0.24 99.00  2.73 999 1015.2   9.2   3.2   9.2 99.0 99.00
2015 05 18 20 50 226  6.9  7.7  0.20 99.00  2.59 999 1015.2  10.2   3.2   6.9 99.0 99.00
2015 05 18 21 50 242  6.3  7.0  0.19 99.00  2.62 999 1015.7   9.4   3.3   5.6 99.0 99.00
2015 05 18 23 50 270  6.1  7.4  0.42  3.57  3.01 260 1016.8   8.2   3.2   4.5 99.0 99.00
2015 05 19 00 50 248  4.7  5.2  0.50  3.57  3.31 250 1017.7   6.9   3.1   4.6 99.0 99.00
2015 05 19 01 50 274  5.8  6.4  0.55  4.00  3.39 249 1018.4   6.9   3.1   4.3 99.0 99.00
2015 05 19 02 50 288  4.9  5.4  0.50  4.00  3.39 253 1019.6   6.3   3.1   4.0 99.0 99.00
2015 05 19 03 50 271  3.8  4.3  0.48  4.00  3.42 233 1019.8   5.0   3.1   3.7 99.0 99.00
2015 05 19 04 50 276  3.7  4.3  0.51  4.00  3.46 249 1020.2   5.2   3.1   3.7 99.0 99.00
2015 05 19 05 50 263  6.7  7.9  0.46  4.00  3.37 257 1020.2   6.3   3.1   3.5 99.0 99.00
2015 05 19 06 50 284  4.4  5.2  0.68  4.00  3.56 294 1020.7   5.4   3.1   3.3 99.0 99.00
2015 05 19 07 50 259  4.6  5.4  0.51  4.00  3.50 285 1020.6   5.2   3.1   3.5 99.0 99.00
2015 05 19 08 50 272  5.9  6.8  0.47  4.17  3.53 304 1020.4   5.5   3.1   3.3 99.0 99.00
2015 05 19 09 50 272  5.4  6.1  0.42  4.00  3.29 317 1020.4   5.4   3.1   3.7 99.0 99.00
2015 05 19 10 50 267  5.6  7.2  0.40  3.70  3.19 309 1020.9   5.5   3.1   3.8 99.0 99.00
2015 05 19 11 50 253  4.6  5.1  0.41  3.70  3.25 315 1021.5   5.1   3.1   3.8 99.0 99.00
2015 05 19 12 50 266  4.4  4.9  0.35  3.57  3.19 314 1021.9   4.9   3.1   3.6 99.0 99.00
2015 05 19 13 50 304  4.8  5.5  0.36  3.45  3.14 309 1022.7   4.9   3.1   3.7 99.0 99.00
2015 05 19 14 50 327  4.4  5.5  0.36  3.45  3.08 305 1023.7   4.4   3.1   4.3 99.0 99.00
2015 05 19 15 50 330  4.3  4.8  0.33  3.33  3.03 300 1023.6   4.1   3.1   3.5 99.0 99.00
2015 05 19 16 50 326  4.7  5.3  0.36  3.45  3.17 319 1024.0   4.2   3.1   2.6 99.0 99.00
2015 05 19 17 50 341  3.1  3.9  0.34  3.57  3.12 318 1024.7   4.0   3.1   2.2 99.0 99.00
2015 05 19 18 50 356  3.8  4.4  0.33  3.70  3.20 323 1024.9   3.7   3.1   1.6 99.0 99.00
2015 05 19 19 50 356  2.1  2.5  0.32  3.45  3.27 321 1025.0   3.6   3.2   1.6 99.0 99.00
2015 05 19 20 50  34  1.9  2.2  0.29  3.33  3.31 321 1024.2   3.6   3.2   1.4 99.0 99.00
2015 05 19 21 50  37  1.7  2.0  0.35  4.17  3.49 350 1024.5   3.6   3.2   1.2 99.0 99.00
2015 05 19 22 50  42  1.5  1.8  0.39  3.85  3.60 348 1024.6   3.6   3.2   1.1 99.0 99.00
2015 05 19 23 50  54  0.2  0.5  0.45  4.17  3.74 349 1025.1   3.6   3.2   1.4 99.0 99.00
2015 05 20 00 50  34  1.3  1.7  0.42  4.17  3.75 352 1025.4   3.4   3.1   0.7 99.0 99.00
2015 05 20 01 50 352  3.5  4.0  0.39  4.35  3.71 352 1024.9   3.4   3.1   0.6 99.0 99.00
2015 05 20 02 50 341  2.7  3.3  0.37  4.55  3.80 354 1025.1   3.4   3.1   0.6 99.0 99.00
2015 05 20 03 50 333  3.4  4.2  0.47  5.26  4.14 356 1024.4   3.5   3.1   0.7 99.0 99.00
2015 05 20 04 50 332  4.7  5.5  0.43  5.26  4.06 359 1025.5   3.8   3.1   0.6 99.0 99.00
2015 05 20 05 50 346  4.9  5.6  0.42  4.76  3.69 355 1025.1   3.6   3.1   1.1 99.0 99.00
2015 05 20 06 50   5  4.9  5.6  0.43  4.76  3.55 354 1024.3   3.4   3.1   1.8 99.0 99.00
2015 05 20 07 50  14  2.5  3.1  0.45  3.85  3.56   2 1024.6   3.4   3.1   1.8 99.0 99.00
2015 05 20 08 50 303  1.7  2.1  0.46  5.26  3.68 358 1024.9   3.1   3.1   2.4 99.0 99.00
2015 05 20 09 50 307  1.8  2.2  0.45  3.85  3.63   5 1024.9   3.2   3.1   2.4 99.0 99.00
2015 05 20 10 50 338  1.8  2.1  0.45  5.00  3.75  11 1024.9   3.1   3.1   2.5 99.0 99.00
2015 05 20 11 50 352  2.6  3.3  0.42  4.35  3.69  18 1025.0   3.1   3.1   2.3 99.0 99.00
2015 05 20 12 50 348  3.4  4.1  0.35  4.76  3.70   4 1025.3   3.3   3.1   2.2 99.0 99.00
2015 05 20 13 50 344  1.9  2.6  0.35  4.55  3.64   1 1025.4   3.3   3.1   2.0 99.0 99.00
2015 05 20 14 50 317  2.0  2.3  0.28  4.35  3.60 359 1025.4   3.3   3.1   2.1 99.0 99.00
2015 05 20 15 50 299  3.5  4.0  0.27  4.35  3.62 357 1025.6   3.4   3.2   2.7 99.0 99.00
2015 05 20 16 50 308  4.1  4.7  0.25  5.00  3.64 356 1025.2   3.4   3.2   2.6 99.0 99.00
2015 05 20 17 50 313  3.9  4.5  0.26  5.00  3.86   2 1025.0   3.4   3.2   2.2 99.0 99.00
2015 05 20 18 50 302  4.1  4.5  0.32  5.26  4.16 357 1024.6   3.4   3.2   2.0 99.0 99.00
2015 05 20 19 50 297  2.6  3.1  0.31  5.00  4.25 360 1024.2   3.5   3.2   1.4 99.0 99.00
2015 05 20 20 50 301  2.9  3.7  0.30  5.00  4.25 356 1023.9   3.6   3.2   1.6 99.0 99.00
2015 05 20 21 50 302  2.9  3.3  0.26  5.00  4.20 354 1023.3   3.8   3.2   1.0 99.0 99.00
2015 05 20 22 50 282  1.8  2.7  0.21 99.00  3.99 999 1022.2   4.0   3.2   0.5 99.0 99.00
2015 05 20 23 50 301  3.7  4.4  0.19 99.00  3.91 999 1021.1   4.0   3.2   0.7 99.0 99.00
2015 05 21 00 50 256  1.9  2.2  0.21 99.00  3.81 999 1020.6   4.3   3.2   1.2 99.0 99.00
2015 05 21 01 50 277  1.1  1.8  0.18 99.00  3.94 999 1020.5   4.5   3.2   0.6 99.0 99.00
2015 05 21 02 50 243  1.2  1.7  0.16 99.00  3.75 999 1020.7   4.8   3.2   0.0 99.0 99.00
2015 05 21 03 50 262  2.2  2.7  0.12 99.00  3.59 999 1020.4   4.6   3.2   1.7 99.0 99.00
2015 05 21 04 50 264  4.2  4.6  0.11 99.00  3.60 999 1020.3   5.1   3.1   3.2 99.0 99.00
2015 05 21 05 50 265  5.1  5.6  0.11 99.00  3.17 999 1019.8   5.5   3.1   3.5 99.0 99.00
2015 05 21 06 50 256  4.4  5.0  0.15 99.00  2.78 999 1019.5   5.1   3.1   3.7 99.0 99.00
2015 05 21 07 50 246  3.4  3.7  0.16 99.00  2.91 999 1019.2   4.7   3.1   3.7 99.0 99.00
2015 05 21 08 50 241  4.7  5.4  0.17 99.00  3.05 999 1019.1   4.9   3.1   4.0 99.0 99.00
2015 05 21 09 50 246  4.4  4.9  0.16 99.00  2.95 999 1018.8   4.7   3.1   4.0 99.0 99.00
2015 05 21 10 50 229  4.6  5.4  0.18 99.00  2.89 999 1018.9   4.9   3.1   4.2 99.0 99.00
2015 05 21 11 50 232  4.5  5.2  0.18 99.00  2.82 999 1019.1   4.6   3.1   4.0 99.0 99.00
2015 05 21 12 50 236  4.1  4.5  0.19 99.00  2.77 999 1019.2   4.5   3.1   4.0 99.0 99.00
2015 05 21 13 50 236  3.7  4.3  0.19 99.00  2.83 999 1019.3   4.5   3.1   3.9 99.0 99.00
2015 05 21 14 50 213  4.0  4.4  0.19 99.00  2.90 999 1018.9   4.6   3.2   4.0 99.0 99.00
2015 05 21 15 50 210  4.4  4.8  0.20 99.00  2.89 999 1018.6   4.7   3.2   4.0 99.0 99.00
2015 05 21 16 50 204  4.6  5.3  0.27  3.57  3.14 273 1018.3   4.9   3.2   4.1 99.0 99.00
2015 05 21 17 50 197  5.4  6.0  0.28  3.45  3.10 267 1017.5   5.5   3.2   4.2 99.0 99.00
2015 05 21 18 50 196  5.5  6.2  0.31  3.33  2.97 274 1017.2   6.0   3.2   4.1 99.0 99.00
2015 05 21 19 50 187  5.5  6.9  0.25 99.00  2.86 999 1017.1   5.9   3.2   3.9 99.0 99.00
2015 05 21 20 50 184  5.9  6.6  0.25  2.94  2.72 261 1016.7   6.1   3.2   3.6 99.0 99.00
2015 05 21 21 50 185  6.9  7.8  0.33  2.60  2.72 206 1016.4   6.4   3.2   3.1 99.0 99.00
2015 05 21 22 50 187  6.9  7.5  0.38  3.03  2.81 198 1015.8   6.6   3.2   2.9 99.0 99.00
2015 05 21 23 50 190  6.8  7.4 99.00 99.00 99.00 999 1015.3   7.0   3.2   2.7 99.0 99.00
2015 05 22 00 50 194  6.8  7.4 99.00 99.00 99.00 999 1015.3   7.0   3.2   2.8 99.0 99.00
2015 05 22 01 50 201  6.9  7.5  0.50  3.57  3.11 209 1015.4   7.1   3.1   3.3 99.0 99.00
2015 05 22 02 50 209  5.6  6.3  0.43  3.57  3.10 197 1015.8   7.1   3.1   3.7 99.0 99.00
2015 05 22 03 50 267  4.6  5.5  0.34  3.57  3.06 190 1016.9   8.6   3.1   4.4 99.0 99.00
2015 05 22 04 50 268  2.1  3.8  0.30  3.23  3.02 183 1017.1   6.8   3.1   3.8 99.0 99.00
2015 05 22 05 50 280  2.4  3.8  0.25 99.00  2.83 999 1018.0   5.5   3.1   3.5 99.0 99.00
2015 05 22 06 50  18  3.9  4.6  0.22 99.00  2.74 999 1018.2   5.9   3.1   3.6 99.0 99.00
2015 05 22 07 50  12  3.4  3.7  0.17 99.00  2.66 999 1018.9   5.1   3.1   3.3 99.0 99.00
2015 05 22 08 50  12  4.1  4.5  0.14 99.00  2.60 999 1019.6   5.3   3.1   3.3 99.0 99.00
2015 05 22 09 50  34  3.5  3.8 99.00 99.00 99.00 999 1020.0   5.2   3.1   2.9 99.0 99.00
2015 05 22 10 50 353  2.6  3.0 99.00 99.00 99.00 999 1021.3   4.8   3.1   2.5 99.0 99.00
2015 05 22 11 50 343  3.5  3.9 99.00 99.00 99.00 999 1022.3   4.7   3.1   2.2 99.0 99.00
2015 05 22 12 50 355  4.5  5.1  0.26  4.17  3.42 325 1022.9   4.8   3.1   1.7 99.0 99.00
2015 05 22 13 50 347  3.7  4.2  0.24 99.00  3.25 999 1023.7   4.7   3.2   2.2 99.0 99.00
2015 05 22 14 50 333  3.4  3.9  0.20 99.00  3.22 999 9999.0   5.0   3.2   2.7 99.0 99.00
2015 05 22 15 50 349  3.1  3.4  0.19 99.00  3.11 999 1024.8   4.6   3.3   2.3 99.0 99.00
2015 05 22 16 50 341  2.7  3.0  0.19 99.00  3.23 999 1025.5   4.6   3.3   2.4 99.0 99.00
2015 05 22 17 50 335  2.9  3.2  0.16 99.00  3.08 999 1026.0   4.8   3.3   2.3 99.0 99.00
2015 05 22 18 50 351  4.1  4.6 99.00 99.00 99.00 999 1025.9   4.9   3.3   1.8 99.0 99.00
2015 05 22 19 50 360  3.8  4.2 99.00 99.00 99.00 999 1026.1   4.9   3.3   1.7 99.0 99.00
2015 05 22 20 50 358  2.8  3.2  0.13 99.00  2.91 999 1026.6   5.0   3.3   1.7 99.0 99.00
2015 05 22 21 50  35  3.4  3.9  0.12 99.00  3.11 999 1026.3   5.2   3.4   1.4 99.0 99.00
2015 05 22 22 50  48  5.1  5.4  0.10 99.00  2.92 999 1025.5   5.6   3.3   0.7 99.0 99.00
2015 05 22 23 50  73  2.8  3.3  0.10 99.00  2.77 999 1025.9   5.8   3.3   0.2 99.0 99.00
2015 05 23 00 50 138  2.5  2.8  0.11 99.00  2.70 999 1026.7   5.5   3.2   0.8 99.0 99.00
2015 05 23 01 50  78  3.9  4.2  0.09 99.00  3.02 999 1026.3   6.4   3.2  -0.2 99.0 99.00
2015 05 23 02 50  91  4.0  4.3  0.10 99.00  3.25 999 1026.4   7.7   3.2  -2.0 99.0 99.00
2015 05 23 03 50 130  3.7  4.0  0.08 99.00  3.29 999 1026.5   6.1   3.2   0.8 99.0 99.00
2015 05 23 04 50 157  3.5  3.7  0.08 99.00  3.23 999 1026.3   6.1   3.2   0.9 99.0 99.00
2015 05 23 05 50 133  3.0  3.2  0.08 99.00  3.17 999 1026.2   6.7   3.2   0.7 99.0 99.00
2015 05 23 06 50 189  4.6  5.7  0.08 99.00  3.30 999 1026.3   8.4   3.2   0.4 99.0 99.00
2015 05 23 07 50 193  2.5  2.7  0.08 99.00  3.26 999 1026.7   6.6   3.2   2.2 99.0 99.00
2015 05 23 08 50 173  3.6  3.9  0.07 99.00  3.35 999 1026.9   7.2   3.2   1.7 99.0 99.00
2015 05 23 09 50 217  2.3  2.6  0.06 99.00  3.31 999 1027.5   5.4   3.1   2.7 99.0 99.00
2015 05 23 10 50 192  2.0  2.1  0.06 99.00  3.37 999 1027.8   6.4   3.1   2.6 99.0 99.00
2015 05 23 11 50 158  2.9  3.3  0.05 99.00  3.38 999 1028.2   6.2   3.2   2.9 99.0 99.00
2015 05 23 12 50 201  2.9  3.6  0.05 99.00  3.33 999 1028.6   5.1   3.3   3.5 99.0 99.00
2015 05 23 13 50 199  2.2  2.5  0.05 99.00  3.30 999 1028.9   5.5   3.4   3.4 99.0 99.00
2015 05 23 14 50 165  1.6 99.0  0.06 99.00  3.68 999 1029.0   6.1   3.4   3.5 99.0 99.00
2015 05 23 15 50 120  2.7  2.9  0.07 99.00  3.48 999 1028.5   6.0   3.6   3.7 99.0 99.00
2015 05 23 16 50 138  2.9  3.2  0.08 99.00  3.10 999 1028.1   6.1   3.6   3.7 99.0 99.00
2015 05 23 17 50 133  2.7  2.8 99.00 99.00 99.00 999 1027.9   6.7   3.5   3.8 99.0 99.00
2015 05 23 18 50 114  2.2  2.4  0.12 99.00  3.05 999 1027.2   8.4   3.5   3.9 99.0 99.00
2015 05 23 19 50  92  3.3  3.4  0.10 99.00  2.82 999 1026.4   8.6   3.6   4.7 99.0 99.00
2015 05 23 20 50  95  3.4  3.7  0.09 99.00  2.76 999 1025.6  11.4   3.6   2.9 99.0 99.00
2015 05 23 21 50  94  4.1  4.4  0.10 99.00  2.90 999 1024.9  10.5   3.5   2.1 99.0 99.00
2015 05 23 22 50  93  4.0  4.1  0.09 99.00  2.90 999 1024.4   9.6   3.5   2.3 99.0 99.00
2015 05 23 23 50  85  4.2  4.4  0.07 99.00  2.85 999 1023.7   7.5   3.4   3.1 99.0 99.00
2015 05 24 00 50  97  4.9  5.2  0.07 99.00  3.16 999 1023.4   8.3   3.4   2.8 99.0 99.00
2015 05 24 01 50 117  5.1  5.3  0.07 99.00  3.47 999 1023.1   8.6   3.4   2.3 99.0 99.00
2015 05 24 02 50 121  4.8  5.2  0.09 99.00  3.20 999 1023.4   8.7   3.3   2.7 99.0 99.00
2015 05 24 03 50 127  4.6  4.9  0.05 99.00  3.15 999 1023.5   8.8   3.3   3.3 99.0 99.00
2015 05 24 04 50 139  4.4  4.8  0.05 99.00  3.18 999 1023.4   8.9   3.3   3.7 99.0 99.00
2015 05 24 05 50 158  4.4  4.8  0.04 99.00  3.05 999 1023.0   9.1   3.3   4.3 99.0 99.00
2015 05 24 06 50 160  4.1  4.4 99.00 99.00 99.00 999 1022.9   8.4   3.3   4.7 99.0 99.00
2015 05 24 07 50 170  4.7  5.0  0.04 99.00  3.31 999 1022.9   8.2   3.3   5.5 99.0 99.00
2015 05 24 08 50 182  4.7  5.0  0.04 99.00  3.39 999 1023.6   8.2   3.3   5.2 99.0 99.00
2015 05 24 09 50 180  4.2  5.0 99.00 99.00 99.00 999 1023.5   7.8   3.3   5.0 99.0 99.00
2015 05 24 10 50 171  4.1  4.7  0.04 99.00  3.28 999 1023.4   7.1   3.3   4.7 99.0 99.00
2015 05 24 11 50 167  4.4  4.8 99.00 99.00 99.00 999 1023.3   7.5   3.3   5.1 99.0 99.00
2015 05 24 12 50 158  4.0  4.3  0.03 99.00  3.31 999 1023.0   7.3   3.3   5.3 99.0 99.00
2015 05 24 13 50 155  3.9  4.4 99.00 99.00 99.00 999 1022.8   8.1 999.0   6.0 99.0 99.00
2015 05 24 14 50 177  4.5  4.8  0.04 99.00  3.89 999 1023.2   6.8   3.3   5.1 99.0 99.00
2015 05 24 15 50 146  1.7  3.4  0.07 99.00  2.59 999 1022.7   8.3   3.4   6.1 99.0 99.00
2015 05 24 16 50 122  2.1  2.4  0.04 99.00  3.29 999 1022.7   8.1   3.4   6.1 99.0 99.00
2015 05 24 17 50  56  1.8  2.1  0.03 99.00  3.19 999 1022.0   5.8   3.5   4.9 99.0 99.00
2015 05 24 18 50  55  4.4  4.7  0.05 99.00  4.86 999 1020.9   6.6   3.4   5.6 99.0 99.00
2015 05 24 19 50  70  5.9  6.3  0.04 99.00  4.18 999 1019.4   8.7   3.4   6.6 99.0 99.00
2015 05 24 20 50  74  6.4  7.0  0.09 99.00  2.39 999 1018.0   7.8   3.3   6.3 99.0 99.00
2015 05 24 21 50  76  5.7  6.2  0.18 99.00  2.49 999 1017.0   8.2   3.3   6.6 99.0 99.00
2015 05 24 22 50  95  5.7  6.1  0.23 99.00  2.61 999 1016.6   8.7   3.3   6.9 99.0 99.00
2015 05 24 23 50  91  4.9  5.7  0.24 99.00  2.64 999 1015.9   8.4   3.3   7.5 99.0 99.00
2015 05 25 00 50  38  3.3  4.4  0.23 99.00  2.70 999 1015.7   9.1   3.3   8.2 99.0 99.00
2015 05 25 01 50  64  5.8  6.3  0.22 99.00  2.70 999 1014.4   7.9   3.3   7.2 99.0 99.00
2015 05 25 02 50  92  5.5  6.2  0.21 99.00  2.65 999 1014.2   8.8   3.3   8.4 99.0 99.00
2015 05 25 03 50 114  5.4  6.0  0.21 99.00  2.60 999 1014.0   9.3   3.3   8.5 99.0 99.00
2015 05 25 04 50 168  7.1  7.7  0.18 99.00  2.66 999 1013.7   9.4   3.3   8.1 99.0 99.00
2015 05 25 05 50 169  5.4  6.0  0.18 99.00  2.69 999 1013.3   8.4   3.3   7.6 99.0 99.00
2015 05 25 06 50 171  7.3  8.0  0.23 99.00  2.59 999 1012.3   9.1   3.3   8.3 99.0 99.00
2015 05 25 07 50 164  6.3  6.9  0.34  2.60  2.66 142 1011.6   8.7   3.3   8.1 99.0 99.00
2015 05 25 08 50 172  7.2  7.8  0.36  3.03  2.85 170 1011.3   8.7   3.3   8.2 99.0 99.00
2015 05 25 09 50 172  7.2  8.0  0.40  3.03  2.84 162 1011.3   9.4   3.3   8.8 99.0 99.00
2015 05 25 10 50 174  7.3  8.3  0.42  3.33  2.93 166 1011.3   9.2   3.3   8.9 99.0 99.00
2015 05 25 11 50 173  6.7  7.3  0.47  3.13  2.97 168 1011.5   9.1   3.3   9.1 99.0 99.00
2015 05 25 12 50 170  7.8  9.7  0.43  3.45  3.10 161 1011.1   9.3   3.3   9.3 99.0 99.00
2015 05 25 13 50 175  6.7  7.3  0.50  3.70  3.22 177 1011.3   8.5   3.3   8.5 99.0 99.00
2015 05 25 14 50 181  7.2  8.1  0.51  3.70  3.19 169 1010.8   9.3   3.3   9.3 99.0 99.00
2015 05 25 15 50 190  9.0 10.2  0.63  3.70  3.34 174 1011.1   9.6   3.3   9.6 99.0 99.00
2015 05 25 16 50 214  5.2  6.6  0.66  4.00  3.51 182 1011.9   8.1   3.3   8.1 99.0 99.00
2015 05 25 17 50 198  6.7  7.6  0.55  4.00  3.34 183 1012.0   8.7   3.3   8.7 99.0 99.00
2015 05 25 18 50 197  7.7  8.8  0.56  4.17  3.34 198 1011.6   9.3   3.4   9.3 99.0 99.00
2015 05 25 19 50 194  6.9  7.5  0.55  3.85  3.34 190 1011.9   8.6   3.4   8.6 99.0 99.00
2015 05 25 20 50 197  5.9  6.6  0.64  4.17  3.57 182 1012.4   8.5   3.4   8.5 99.0 99.00
2015 05 25 21 50 196  5.3  5.8  0.61  4.55  3.77 187 1013.1   8.0   3.3   8.0 99.0 99.00
2015 05 25 22 50 195  5.6  6.3  0.51  4.76  3.61 199 1013.0   8.0   3.4   7.8 99.0 99.00
2015 05 25 23 50 197  5.4  5.9  0.41  4.35  3.35 198 1013.0   8.9   3.3   8.2 99.0 99.00
2015 05 26 00 50 200  4.8  5.2  0.36  4.35  3.19 200 1013.0   8.2   3.3   7.4 99.0 99.00
2015 05 26 01 50 189  4.8  5.5  0.32  3.85  3.15 190 1013.1   8.3   3.3   7.5 99.0 99.00
2015 05 26 02 50 203  6.0  6.4  0.29  3.13  2.96 194 1013.9   9.7   3.3   8.4 99.0 99.00
2015 05 26 03 50 188  5.3  5.8  0.25  3.70  2.93 192 1014.4   8.7   3.3   7.7 99.0 99.00
2015 05 26 04 50 173  5.3  6.5  0.24 99.00  2.98 999 1014.5   7.5   3.3   7.0 99.0 99.00
2015 05 26 05 50 187  5.3  6.0  0.22 99.00  2.93 999 1014.0   9.0   3.3   8.0 99.0 99.00
2015 05 26 06 50 188  5.8  6.3  0.25 99.00  2.68 999 1014.3   7.9   3.3   7.9 99.0 99.00
2015 05 26 07 50 185  5.3  5.7  0.26  3.13  2.81 204 1014.2   7.8   3.3   7.8 99.0 99.00
2015 05 26 08 50 177  6.1  6.7  0.25 99.00  2.72 999 1014.2   7.9   3.3   7.9 99.0 99.00
2015 05 26 09 50 175  5.9  6.6  0.25  3.03  2.67 199 1014.1   7.8   3.3   7.8 99.0 99.00
2015 05 26 10 50 175  6.0  6.5  0.22 99.00  2.61 999 1014.7   7.9   3.3   7.9 99.0 99.00
2015 05 26 11 50 171  6.5  7.4  0.31  2.86  2.70 187 1014.6   8.7   3.3   8.7 99.0 99.00
2015 05 26 12 50 173  7.1  7.6  0.34  2.86  2.75 172 1014.9   9.4   3.3   9.4 99.0 99.00
2015 05 26 13 50 168  6.8  7.6  0.37  3.13  2.84 170 1014.8   9.6   3.3   9.6 99.0 99.00
2015 05 26 14 50 145  5.9  6.5  0.36  3.03  2.85 174 1014.0   8.6   3.3   8.6 99.0 99.00
2015 05 26 15 50 133  6.2  6.8  0.33  2.94  2.86 178 1013.2   9.5   3.4   9.5 99.0 99.00
2015 05 26 16 50 127  6.4  6.9  0.28  3.23  2.76 193 1011.9   9.4   3.4   9.4 99.0 99.00
2015 05 26 17 50 132  5.8  6.4  0.26  3.03  2.64 179 1010.9   9.4   3.4   9.4 99.0 99.00
2015 05 26 18 50 119  5.3  5.7  0.24 99.00  2.63 999 1009.3   9.6   3.4   9.6 99.0 99.00
2015 05 26 19 50 183  8.0  9.4 99.00 99.00 99.00 999 1008.3  10.2   3.4  10.2 99.0 99.00
2015 05 26 20 50 188  8.2  9.2 99.00 99.00 99.00 999 1008.4   9.0   3.4 999.0 99.0 99.00
2015 05 26 21 50 178  7.3  8.3  0.57  3.45  3.18 179 1008.2   8.6   3.4   8.6 99.0 99.00
2015 05 26 22 50 175  6.7  7.2  0.56  3.85  3.33 183 1008.0   8.8   3.4   8.8 99.0 99.00
2015 05 26 23 50 186  7.0  8.2  0.60  3.70  3.39 184 1008.1   9.9   3.4   9.9 99.0 99.00
2015 05 27 00 50 200  5.8  6.4  0.57  3.85  3.33 191 1008.7   7.9   3.3   7.9 99.0 99.00
2015 05 27 01 50 199  6.4  7.3  0.48  4.17  3.34 189 1009.0   8.5   3.3   8.5 99.0 99.00
2015 05 27 02 50 201  6.7  7.3  0.49  4.00  3.34 185 1010.1   8.1   3.4   8.1 99.0 99.00
2015 05 27 03 50 196  7.0  7.7  0.48  3.70  3.26 192 1010.4   8.4   3.3   8.4 99.0 99.00
2015 05 27 04 50 193  7.4  8.2  0.51  3.85  3.14 181 1010.3   8.2   3.3   8.2 99.0 99.00
2015 05 27 05 50 188  6.8  7.5  0.49  3.70  3.11 177 1010.0   8.2   3.3   8.2 99.0 99.00
2015 05 27 06 50 192  7.3  8.1  0.54  3.70  3.18 195 1010.0   8.4   3.3   8.4 99.0 99.00
2015 05 27 07 50 189  4.6  5.0 99.00 99.00 99.00 999 1010.2   7.0   3.3   7.0 99.0 99.00
2015 05 27 08 50 197  4.6  5.6  0.46  3.85  3.30 195 1010.8   6.5   3.3   6.5 99.0 99.00
2015 05 27 09 50 204  6.3  7.0  0.38  3.85  3.21 186 1011.2   8.0   3.3   8.0 99.0 99.00
2015 05 27 10 50 198  5.8  6.3  0.38  3.70  3.12 190 1012.0   7.2   3.3   7.2 99.0 99.00
2015 05 27 11 50 211  7.0  8.1  0.38  3.57  2.98 182 1012.5   8.7   3.3   8.7 99.0 99.00
2015 05 27 12 50 203  7.1  7.9 99.00 99.00 99.00 999 1012.7   8.3   3.4   8.3 99.0 99.00
2015 05 27 13 50 212  7.1  8.0  0.44  3.45  3.18 188 1013.6   8.2   3.4   8.2 99.0 99.00
2015 05 27 14 50 202  4.6  5.2  0.46  3.45  3.24 182 1013.9   7.4   3.4   7.4 99.0 99.00
2015 05 27 15 50 204  3.5  4.0  0.36  4.00  3.28 179 1014.3   7.0   3.4   7.0 99.0 99.00
2015 05 27 16 50 241  4.4  5.0  0.34  3.70  3.16 176 1015.1   8.0   3.4   8.0 99.0 99.00
2015 05 27 17 50 218  2.2  3.0  0.31  3.70  3.10 181 1015.1   8.2   3.4   8.2 99.0 99.00
2015 05 27 18 50 280  4.1  4.7  0.27  3.45  3.02 178 1015.7   8.1   3.4   8.1 99.0 99.00
2015 05 27 19 50 200  3.7  4.6  0.22 99.00  2.95 999 1016.3   7.1   3.4   7.1 99.0 99.00
2015 05 27 20 50 253  3.3  4.1  0.22 99.00  2.97 999 1016.5   9.7   3.5   9.7 99.0 99.00
2015 05 27 21 50 280  3.6  4.2  0.20 99.00  3.00 999 1017.1   8.4   3.4   8.4 99.0 99.00
2015 05 27 22 50 283  2.4  3.0  0.17 99.00  2.91 999 1017.2   7.9   3.5   7.9 99.0 99.00
2015 05 27 23 50 269  2.4  2.6  0.19 99.00  3.00 999 1017.8   8.1   3.5   8.1 99.0 99.00
2015 05 28 00 50 162  1.0  1.5  0.19 99.00  3.04 999 1018.3   9.9   3.5   9.9 99.0 99.00
2015 05 28 01 50 228  2.7  3.1  0.17 99.00  2.90 999 1019.3   7.0   3.4   7.0 99.0 99.00
2015 05 28 02 50 181  2.6  2.8  0.14 99.00  2.74 999 1020.1   6.5   3.4   6.5 99.0 99.00
2015 05 28 03 50 179  3.4  3.7  0.11 99.00  2.74 999 1020.2   7.5   3.4   7.5 99.0 99.00
2015 05 28 04 50 181  3.5  3.7  0.09 99.00  2.76 999 1020.7   5.6   3.4   5.6 99.0 99.00
2015 05 28 05 50 189  2.9  3.3  0.07 99.00  2.69 999 1020.7   6.4   3.4   6.4 99.0 99.00
2015 05 28 06 50 207  4.3  4.8  0.06 99.00  2.82 999 1021.3   6.2   3.4   6.2 99.0 99.00
2015 05 28 07 50 206  3.6  4.3  0.07 99.00  3.10 999 1021.6   6.2   3.4   6.2 99.0 99.00
2015 05 28 08 50 201  4.8  5.3  0.06 99.00  2.61 999 1021.9   6.6   3.4   6.6 99.0 99.00
2015 05 28 09 50 202  3.6  3.7  0.06 99.00  2.69 999 1021.9   6.5   3.4   6.5 99.0 99.00
2015 05 28 10 50 206  3.1  3.5  0.05 99.00  2.68 999 1022.5   7.8   3.4   7.8 99.0 99.00
2015 05 28 11 50 177  3.6  4.2  0.04 99.00  2.73 999 1022.7   6.9   3.4   6.9 99.0 99.00
2015 05 28 12 50 179  3.8  4.1  0.04 99.00  2.78 999 1023.0   6.9   3.4   6.7 99.0 99.00
2015 05 28 13 50 196  4.9  5.6  0.04 99.00  3.10 999 1023.7   7.3   3.5   6.8 99.0 99.00
2015 05 28 14 50 196  3.4  3.9  0.07 99.00  3.61 999 1024.1   7.0   3.5   6.9 99.0 99.00
2015 05 28 15 50 181  4.0  4.4  0.05 99.00  2.91 999 1024.1   7.3   3.6   6.9 99.0 99.00
2015 05 28 16 50 162  4.0  4.3  0.03 99.00  2.79 999 1024.0   7.6   3.6   6.9 99.0 99.00
2015 05 28 17 50 162  3.8  4.1  0.06 99.00  2.97 999 1023.5   7.5   3.7   7.1 99.0 99.00
2015 05 28 18 50 151  4.0  4.2  0.07 99.00  3.65 999 1022.9   9.7   3.7   8.3 99.0 99.00
2015 05 28 19 50 185  2.5  2.6  0.04 99.00  4.08 999 1022.7  13.9   3.8  11.3 99.0 99.00
2015 05 28 20 50 151  0.9  1.0  0.04 99.00  3.28 999 1022.4  12.4   3.7  10.8 99.0 99.00
2015 05 28 21 50  98  1.4  1.6  0.06 99.00  5.14 999 1021.7  14.3   3.8  12.0 99.0 99.00
2015 05 28 22 50  65  2.5  2.7  0.03 99.00  4.02 999 1021.0  15.2   3.7  12.2 99.0 99.00
2015 05 28 23 50  59  2.8  3.0 99.00 99.00 99.00 999 1020.6  15.3   3.7  11.8 99.0 99.00
2015 05 29 01 50  94  4.0  4.5  0.05 99.00  4.48 999 1020.0   7.7   3.6   7.0 99.0 99.00
2015 05 29 02 50  96  4.4  4.8  0.03 99.00  3.81 999 1019.9   8.6   3.5   7.6 99.0 99.00
2015 05 29 03 50  99  4.5  4.7  0.04 99.00  3.86 999 1019.5   8.2   3.5   7.4 99.0 99.00
2015 05 29 04 50 110  4.3  4.6  0.05 99.00  3.60 999 1019.2   8.8   3.5   7.6 99.0 99.00
2015 05 29 05 50 117  4.4  4.7  0.04 99.00  3.70 999 1019.0   9.1   3.5   8.0 99.0 99.00
2015 05 29 06 50 125  4.8  5.3  0.04 99.00  3.61 999 1018.8   8.6   3.5   7.7 99.0 99.00
2015 05 29 07 50 135  5.3  6.0 99.00 99.00 99.00 999 1018.4   9.5   3.5   8.5 99.0 99.00
2015 05 29 08 50 147  6.2  6.9  0.07 99.00  2.30 999 1018.0   9.0   3.4   8.4 99.0 99.00
2015 05 29 09 50 152  6.5  7.3  0.20 99.00  2.36 999 1017.4   8.5   3.4   8.2 99.0 99.00
2015 05 29 10 50 155  5.4  5.9  0.21 99.00  2.55 999 1017.7   8.3   3.4   8.2 99.0 99.00
2015 05 29 11 50 151  4.9  5.5  0.22 99.00  2.52 999 1017.5   8.4   3.4   8.4 99.0 99.00
2015 05 29 12 50 151  5.5  5.9  0.23 99.00  2.60 999 1017.7   8.3   3.4   8.3 99.0 99.00
2015 05 29 13 50 160  5.1  5.4  0.23 99.00  2.71 999 1018.0   8.4   3.5   8.4 99.0 99.00
2015 05 29 14 50 172  5.5  6.0  0.24 99.00  2.86 999 1018.1   8.5   3.5   8.5 99.0 99.00
2015 05 29 15 50 170  5.0  5.4  0.24 99.00  2.70 999 1017.8   8.4   3.5   8.4 99.0 99.00
2015 05 29 16 50 168  4.7  5.1  0.18 99.00  2.64 999 1017.3   8.6   3.6   8.6 99.0 99.00
2015 05 29 17 50 153  4.9  5.5  0.17 99.00  2.56 999 1016.5   9.3   3.5   9.3 99.0 99.00
2015 05 29 18 50 212  4.2  5.0  0.15 99.00  2.59 999 1016.2   8.7   3.5   8.7 99.0 99.00
2015 05 29 19 50 169  4.2  4.5  0.14 99.00  2.52 999 1015.2   9.7   3.6   9.7 99.0 99.00
2015 05 29 20 50 140  4.6  5.1  0.12 99.00  2.56 999 1013.9   8.8   3.6   8.8 99.0 99.00
2015 05 29 21 50 129  5.2  5.5  0.12 99.00  2.61 999 1013.3   8.8   3.5   8.8 99.0 99.00
2015 05 29 22 50 127  4.9  5.3  0.10 99.00  2.48 999 1012.7   8.5   3.6   8.5 99.0 99.00
2015 05 29 23 50 156  5.1  5.7  0.11 99.00  2.40 999 1012.7   9.8   3.6   9.8 99.0 99.00
2015 05 30 00 50 177  4.2  4.9  0.12 99.00  2.43 999 1012.7   9.0   3.5   9.0 99.0 99.00
2015 05 30 01 50 211  2.7  3.2  0.13 99.00  2.45 999 1013.3   8.0   3.5   8.0 99.0 99.00
2015 05 30 02 50 196  3.6  3.9  0.10 99.00  2.48 999 1013.5   8.2   3.5   8.2 99.0 99.00
2015 05 30 03 50 210  4.0  4.6  0.08 99.00  2.47 999 1013.4   9.0   3.5   9.0 99.0 99.00
2015 05 30 04 50 200  4.5  5.2  0.10 99.00  2.60 999 1013.5   8.7   3.5   8.7 99.0 99.00
2015 05 30 05 50 198  5.1  6.5  0.11 99.00  2.65 999 1013.3   9.5   3.5   9.5 99.0 99.00
2015 05 30 06 50 197  4.5  4.9  0.11 99.00  2.63 999 1013.3   7.7   3.5   7.7 99.0 99.00
2015 05 30 07 50 211  3.6  4.0  0.14 99.00  2.64 999 1013.5   7.4   3.5   7.4 99.0 99.00
2015 05 30 08 50 290  1.8  2.0  0.17 99.00  2.72 999 1013.8   9.0   3.5   9.0 99.0 99.00
2015 05 30 09 50 184  1.8  2.4  0.16 99.00  2.71 999 1014.2   7.6   3.5   7.6 99.0 99.00
2015 05 30 10 50 229  2.0  2.8  0.18 99.00  2.87 999 1014.7   8.5   3.5   8.5 99.0 99.00
2015 05 30 11 50 225  1.0  1.8  0.17 99.00  2.86 999 1015.2   9.5   3.5   9.5 99.0 99.00
2015 05 30 12 50 305  2.2  2.7  0.17 99.00  2.83 999 1015.9   7.6   3.5   7.6 99.0 99.00
2015 05 30 13 50 355  5.4  6.4  0.13 99.00  2.82 999 1016.0   5.5   3.5   5.5 99.0 99.00
2015 05 30 14 50 354  4.1  4.7  0.13 99.00  2.43 999 1016.4   5.0   3.5   5.0 99.0 99.00
2015 05 30 15 50 358  3.4  4.0  0.20 99.00  2.57 999 1017.0   4.9   3.5   4.9 99.0 99.00
2015 05 30 16 50 329  4.5  5.9  0.25  2.74  2.76 359 1017.7   5.1   3.5   5.1 99.0 99.00
2015 05 30 17 50 345  9.1 11.0  0.45  3.70  3.16 341 1017.6   5.0   3.5   5.0 99.0 99.00
2015 05 30 18 50 349 11.1 13.3  0.95  4.35  3.89 342 1017.5   5.2   3.5   5.2 99.0 99.00
2015 05 30 19 50 355 11.9 14.1  1.72  6.25  4.84 351 1017.4   5.3   3.5   5.3 99.0 99.00
2015 05 30 20 50 357 11.4 13.6  2.18  6.67  5.33 354 1018.0   5.2   3.5   5.2 99.0 99.00
2015 05 30 21 50   2 11.7 13.5  2.27  7.14  5.44 352 1018.0   5.3   3.5   5.3 99.0 99.00
2015 05 30 22 50 354 11.9 14.1  2.35  6.67  5.52 353 1018.5   5.3   3.5   5.1 99.0 99.00
2015 05 30 23 50 360 10.7 12.7  2.14  7.14  5.25 357 1019.2   5.4   3.5   4.5 99.0 99.00
2015 05 31 00 50   1 11.7 14.6  2.08  7.14  5.32 353 1019.5   5.3   3.5   4.1 99.0 99.00
2015 05 31 01 50 354 11.8 13.6  2.13  7.14  5.32 359 1019.8   5.1   3.5   3.9 99.0 99.00
2015 05 31 02 50 360 10.8 12.6  2.34  7.14  5.54 358 1020.5   5.0   3.5   4.0 99.0 99.00
2015 05 31 03 50 357 10.7 12.4  2.15  6.67  5.44 357 1021.1   5.0   3.5   4.0 99.0 99.00
2015 05 31 04 50 360 10.6 12.3  2.05  6.25  5.30 358 1021.0   4.8   3.5   3.9 99.0 99.00
2015 05 31 05 50 359  9.6 11.3  1.81  6.67  5.17 352 1020.9   4.8   3.5   3.9 99.0 99.00
2015 05 31 06 50   1  9.6 10.8  1.72  6.67  5.03 357 1020.8   4.9   3.5   3.9 99.0 99.00
2015 05 31 07 50 359  9.3 11.1  1.63  6.67  5.01 355 1020.8   4.8   3.5   3.6 99.0 99.00
2015 05 31 08 50 360  9.6 10.7  1.55  6.67  4.89 346 1020.5   4.8   3.5   3.6 99.0 99.00
2015 05 31 09 50   4  9.2 10.8  1.56  6.25  4.72 347 1020.3   4.8   3.5   3.8 99.0 99.00
2015 05 31 10 50   5  9.1 10.9  1.53  6.67  4.78 345 1020.8   5.0   3.5   4.0 99.0 99.00
2015 05 31 11 50   3  9.0 10.8  1.54  6.25  4.81 351 1021.1   4.9   3.5   4.0 99.0 99.00
2015 05 31 12 50   2  8.6 10.0  1.31  5.56  4.50 353 1021.8   4.9   3.5   3.9 99.0 99.00
2015 05 31 13 50 358  8.3  9.4  1.27  5.56  4.51 349 1022.6   5.0   3.5   3.9 99.0 99.00
2015 05 31 14 50 352  8.1  9.4  1.33  5.88  4.48 350 1023.0   5.1   3.6   4.0 99.0 99.00
2015 05 31 15 50 351  7.1  8.4 99.00 99.00 99.00 999 1023.3   5.1   3.6   3.9 99.0 99.00
2015 05 31 17 50 342  6.4  7.3  1.02  5.88  4.29 348 1023.5   5.0   3.6   3.8 99.0 99.00
2015 05 31 18 50 340  7.2  8.2  0.98  5.88  4.22 338 1023.6   5.0   3.6   3.9 99.0 99.00
2015 05 31 19 50 346  6.4  7.2  1.05  5.88  4.18 342 1023.5   4.9   3.6   3.7 99.0 99.00
2015 05 31 20 50 345  6.8  7.8  0.94  5.56  4.06 344 1023.3   4.9   3.6   3.7 99.0 99.00
2015 05 31 21 50 341  8.2 10.1  0.98  5.56  4.15 345 1023.1   5.1   3.7   3.8 99.0 99.00
2015 05 31 22 50 347  6.5  8.1  0.97  5.56  4.04 346 1023.1   5.1   3.6   3.6 99.0 99.00
2015 05 31 23 50 346  5.9  6.8  0.92  5.26  4.14 343 1023.2   5.0   3.6   3.5 99.0 99.00
2015 06 01 00 50 345  5.0  5.8  0.93  5.56  4.23 342 1023.3   5.0   3.6   3.5 99.0 99.00
2015 06 01 01 50 357  4.4  5.5  0.99  5.56  4.60 348 1023.6   4.8   3.6   3.4 99.0 99.00
2015 06 01 02 50  23  3.0  3.4  0.92  6.25  4.55 347 1024.1   4.7   3.6   3.7 99.0 99.00
2015 06 01 03 50  38  1.7  2.5  0.98  6.25  4.87 350 1024.5   4.7   3.5   3.9 99.0 99.00
2015 06 01 04 50 100  4.0  4.5  0.99  5.88  4.95 353 1024.5   6.0   3.5   4.7 99.0 99.00
2015 06 01 05 50  82  3.7  4.3  0.88  6.25  4.71   3 1024.9   5.5   3.5   4.3 99.0 99.00
2015 06 01 06 50  73  5.0  5.7  0.82  5.88  4.73 354 1024.6   5.3   3.5   3.6 99.0 99.00
2015 06 01 07 50  46  5.4  6.0  0.68  5.88  4.40   1 1024.3   5.5   3.5   3.2 99.0 99.00
2015 06 01 08 50  38  4.6  5.1  0.69  5.88  4.10 357 1024.4   5.0   3.5   3.2 99.0 99.00
2015 06 01 09 50  37  5.6  6.2  0.64  5.56  4.02 350 1024.5   5.1   3.5   3.2 99.0 99.00
2015 06 01 10 50  38  5.9  6.6  0.61  5.56  3.92 355 1025.2   5.1   3.5   3.6 99.0 99.00
2015 06 01 11 50  39  5.6  6.4  0.54  5.26  3.62 352 1025.5   5.0   3.5   3.5 99.0 99.00
2015 06 01 12 50  26  4.5  5.1  0.48  5.26  3.66 356 1026.0   4.9   3.6   3.5 99.0 99.00
2015 06 01 13 50  21  5.2  5.9  0.44  5.00  3.57 356 1026.2   4.7   3.6   3.5 99.0 99.00
2015 06 01 14 50  15  4.4  4.9  0.35  4.55  3.39 356 1025.9   4.7   3.6   3.6 99.0 99.00
2015 06 01 15 50   8  4.1  4.5  0.34  4.76  3.35 347 1026.0   4.8   3.6   3.8 99.0 99.00
2015 06 01 16 50 358  4.7  5.3  0.32  4.55  3.25 358 1025.9   4.9   3.7   3.8 99.0 99.00
2015 06 01 17 50   1  4.8  5.3  0.29  4.35  3.25 356 1025.4   5.1   3.7   3.9 99.0 99.00
2015 06 01 18 50 341  5.3  5.9  0.29  2.94  3.13   3 1025.1   5.1   3.6   3.8 99.0 99.00
2015 06 01 19 50 339  5.1  5.7  0.28  2.94  2.99 348 1024.5   5.2   3.7   3.7 99.0 99.00
2015 06 01 20 50 341  5.2  5.9  0.32  2.60  2.94 350 1024.1   5.4   3.7   3.6 99.0 99.00
2015 06 01 21 50 340  5.8  6.6  0.33  2.86  2.90 356 1023.9   5.5   3.6   3.5 99.0 99.00
2015 06 01 22 50 347  6.3  7.2  0.32  2.86  2.93 348 1023.3   5.8   3.6   3.2 99.0 99.00
2015 06 01 23 50 345  6.1  6.7  0.38  3.03  2.98 350 1023.3   5.7   3.6   3.1 99.0 99.00
2015 06 02 00 50 347  4.7  5.6  0.37  3.45  3.07 356 1023.4   5.3   3.5   3.1 99.0 99.00
2015 06 02 01 50 352  4.0  4.7  0.39  3.33  3.23   3 1023.5   5.2   3.5   3.3 99.0 99.00
2015 06 02 02 50  12  4.1  4.7  0.39  3.70  3.39   5 1023.6   5.3   3.5   3.4 99.0 99.00
2015 06 02 03 50  16  3.4  3.8  0.40  3.85  3.37  10 1023.7   5.3   3.5   3.5 99.0 99.00
2015 06 02 04 50  19  2.6  2.9  0.34  4.00  3.33  10 1023.4   4.8   3.5   3.6 99.0 99.00
2015 06 02 05 50  37  3.6  4.0  0.34  4.00  3.41  12 1023.0   5.3   3.5   4.0 99.0 99.00
2015 06 02 06 50  53  3.8  4.1  0.32  4.17  3.41  10 1022.7   6.3   3.5   4.2 99.0 99.00
2015 06 02 07 50  58  3.5  3.6  0.32  4.17  3.44   5 1022.8   6.4   3.5   3.8 99.0 99.00
2015 06 02 08 50  53  3.2  3.4  0.25  4.17  3.43   6 1022.9   6.1   3.5   3.7 99.0 99.00
2015 06 02 09 50  56  3.5  3.8  0.24 99.00  3.39 999 1022.9   5.6   3.5   4.0 99.0 99.00
2015 06 02 10 50  65  2.5  2.7  0.23 99.00  3.47 999 1023.1   5.6   3.5   4.4 99.0 99.00
2015 06 02 11 50  64  2.5  2.8  0.19 99.00  3.38 999 1023.9   5.7   3.5   4.4 99.0 99.00
2015 06 02 12 50  93  2.6  2.7  0.18 99.00  3.42 999 1024.0   5.8   3.6   4.8 99.0 99.00
2015 06 02 13 50 104  2.7  3.0  0.19 99.00  3.51 999 1024.0   6.0   3.6   5.3 99.0 99.00
2015 06 02 14 50 132  3.2  4.0  0.17 99.00  3.46 999 1023.9   6.6   3.7   6.3 99.0 99.00
2015 06 02 15 50 123  3.3  3.6  0.16 99.00  3.35 999 1023.5   5.8   3.7   5.8 99.0 99.00
2015 06 02 16 50 120  3.4  3.8  0.17 99.00  2.99 999 1023.0   5.8   3.7   5.8 99.0 99.00
2015 06 02 17 50 137  2.7  3.1 99.00 99.00 99.00 999 1022.7   6.0   3.7   6.0 99.0 99.00
2015 06 02 18 50 180  0.0  0.2  0.14 99.00  3.04 999 1022.2   7.6   4.0   7.4 99.0 99.00
2015 06 02 19 50 278  1.3  1.5  0.16 99.00  2.99 999 1021.4   8.5   4.3   8.5 99.0 99.00
2015 06 02 20 50 314  1.6  1.9  0.13 99.00  3.27 999 1020.8   9.0   4.1   8.0 99.0 99.00
2015 06 02 21 50 337  3.4  3.6 99.00 99.00 99.00 999 1020.7   7.7   4.0   6.9 99.0 99.00
2015 06 02 22 50 354  2.9  3.1 99.00 99.00 99.00 999 1020.2   7.5   3.8   6.5 99.0 99.00
2015 06 02 23 50 353  2.9  3.2  0.07 99.00  3.40 999 1020.1   7.0   3.7   6.4 99.0 99.00
2015 06 03 00 50   2  3.0  3.2 99.00 99.00 99.00 999 1020.0   6.9   3.6   6.2 99.0 99.00
2015 06 03 01 50  37  3.2  3.6  0.08 99.00  3.20 999 1019.9   7.4   3.6   6.3 99.0 99.00
2015 06 03 02 50  79  3.4  3.8  0.06 99.00  3.40 999 1020.1   5.8   3.6   5.3 99.0 99.00
2015 06 03 03 50  90  3.3  3.6  0.04 99.00  3.50 999 1020.0   6.0   3.6   5.5 99.0 99.00
2015 06 03 04 50 117  4.4  4.8  0.04 99.00  3.50 999 1019.8   6.2   3.6   5.6 99.0 99.00
2015 06 03 05 50 126  4.3  4.9 99.00 99.00 99.00 999 1019.7   6.9   3.6   6.2 99.0 99.00
2015 06 03 06 50 123  4.4  4.7 99.00 99.00 99.00 999 1019.7   7.7   3.6   5.4 99.0 99.00
2015 06 03 07 50 140  4.1  4.5  0.04 99.00  3.74 999 1019.6   8.1   3.6   6.6 99.0 99.00
2015 06 03 08 50 146  4.5  5.0 99.00 99.00 99.00 999 1019.2   7.8   3.6   7.2 99.0 99.00
2015 06 03 09 50 153  3.2  3.4 99.00 99.00 99.00 999 1019.4   7.3   3.6   6.6 99.0 99.00
2015 06 03 10 50 140  2.9  3.2  0.04 99.00  4.14 999 1019.7   7.2   3.6   6.6 99.0 99.00
2015 06 03 11 50 210  1.0  1.9  0.03 99.00  3.62 999 1020.3   6.2   3.6   5.6 99.0 99.00
2015 06 03 12 50 155  2.0  2.1  0.03 99.00  3.56 999 1020.0   6.4   3.7   5.9 99.0 99.00
2015 06 03 13 50 131  2.0  2.1  0.02 99.00  3.72 999 1020.0   7.0   3.8   7.0 99.0 99.00
2015 06 03 14 50 103  2.0  2.2  0.03 99.00  4.81 999 1019.8   6.9   3.9   6.2 99.0 99.00
2015 06 03 15 50 111  3.4  3.5 99.00 99.00 99.00 999 1019.4   6.6   3.9   6.3 99.0 99.00
2015 06 03 16 50 115  3.6  3.8 99.00 99.00 99.00 999 1019.2   7.0   4.0   6.8 99.0 99.00
2015 06 03 17 50 129  3.6  3.8  0.03 99.00  3.53 999 1018.8   7.4   4.0   7.2 99.0 99.00
2015 06 03 18 50 140  2.3  2.7  0.04 99.00  4.27 999 1018.3  10.0   3.9   8.9 99.0 99.00
2015 06 03 19 50 174  1.8  1.9  0.03 99.00  3.68 999 1017.9  11.9   4.1   9.0 99.0 99.00
2015 06 03 20 50 101  4.0  4.3  0.03 99.00  3.55 999 1017.2  10.7   4.1   8.8 99.0 99.00
2015 06 03 21 50 109  3.8  4.1  0.07 99.00  4.17 999 1016.8  12.2   4.0   9.6 99.0 99.00
2015 06 03 22 50 101  4.3  4.5  0.04 99.00  4.13 999 1016.4  10.2   4.0   8.7 99.0 99.00
2015 06 03 23 50 104  5.1  5.5  0.04 99.00  3.38 999 1016.1   9.1   3.9   6.9 99.0 99.00
2015 06 04 00 50 107  4.6  5.0  0.05 99.00  5.21 999 1015.9   8.8   3.8   6.7 99.0 99.00
2015 06 04 01 50 113  4.9  5.3  0.05 99.00  4.36 999 1016.1   8.4   3.8   6.6 99.0 99.00
2015 06 04 02 50 114  4.8  5.2  0.04 99.00  4.69 999 1016.6   8.7   3.7   7.7 99.0 99.00
2015 06 04 03 50 116  3.1  3.4 99.00 99.00 99.00 999 1016.7   8.5   3.7   7.9 99.0 99.00
2015 06 04 04 50 127  3.5  3.7 99.00 99.00 99.00 999 1016.7   8.6   3.7   7.7 99.0 99.00
2015 06 04 05 50 144  4.4  4.7  0.02 99.00  3.97 999 1016.4   8.7   3.7   8.3 99.0 99.00
2015 06 04 06 50 161  4.9  5.2 99.00 99.00 99.00 999 1016.1   8.8   3.7   8.6 99.0 99.00
2015 06 04 07 50 162  4.3  4.6 99.00 99.00 99.00 999 1016.2   7.9   3.7   7.9 99.0 99.00
2015 06 04 08 50 169  4.4  4.8  0.04 99.00  5.28 999 1016.4   7.7   3.6   7.7 99.0 99.00
2015 06 04 09 50 174  4.5  4.8 99.00 99.00 99.00 999 1016.6   7.5   3.6   7.5 99.0 99.00
2015 06 04 10 50 177  5.1  5.5  0.05 99.00  4.20 999 1016.7   7.7   3.7   7.7 99.0 99.00
2015 06 04 11 50 183  5.6  6.0  0.06 99.00  2.81 999 1017.0   8.1   3.7   8.1 99.0 99.00
2015 06 04 12 50 185  5.6  6.0  0.12 99.00  2.38 999 1016.9   7.8   3.7   7.8 99.0 99.00
2015 06 04 13 50 170  4.7  5.4  0.13 99.00  2.46 999 1016.5   6.8   3.7   6.8 99.0 99.00
2015 06 04 14 50 171  5.2  5.7  0.14 99.00  2.67 999 1016.7   7.1   3.7   7.1 99.0 99.00
2015 06 04 15 50 176  4.9  5.3  0.17 99.00  2.58 999 1017.0   7.5   3.8   7.5 99.0 99.00
2015 06 04 16 50 172  5.1  5.4  0.16 99.00  2.58 999 1017.1   7.6   3.8   7.6 99.0 99.00
2015 06 04 17 50 171  5.3  6.0  0.17 99.00  2.53 999 1016.7   8.5   3.8   8.3 99.0 99.00
2015 06 04 18 50 176  4.7  5.0  0.14 99.00  2.63 999 1016.3   8.3   3.8   8.0 99.0 99.00
2015 06 04 19 50 170  4.8  5.1  0.12 99.00  2.56 999 1016.2   8.9   3.9   8.5 99.0 99.00
2015 06 04 20 50 165  4.7  5.2  0.11 99.00  2.62 999 1015.9   8.8   3.9   8.4 99.0 99.00
2015 06 04 21 50 163  4.5  4.8  0.11 99.00  2.73 999 1015.6   9.1   3.8   8.5 99.0 99.00
2015 06 04 22 50 157  4.2  4.4  0.08 99.00  2.54 999 1015.1   9.0   3.8   8.3 99.0 99.00
2015 06 04 23 50 170  4.9  5.2  0.07 99.00  2.70 999 1014.7  10.0   3.8   9.4 99.0 99.00
2015 06 05 00 50 168  4.6  4.9  0.08 99.00  2.95 999 1014.7  10.0   3.8   9.6 99.0 99.00
2015 06 05 01 50 173  4.5  4.8 99.00 99.00 99.00 999 1014.9   9.4   3.8   9.3 99.0 99.00
2015 06 05 02 50 169  4.4  4.6  0.05 99.00  3.39 999 1015.4   9.5   3.8   9.2 99.0 99.00
2015 06 05 03 50 309  4.4  4.8  0.04 99.00  3.01 999 1016.7   8.1   3.8   8.0 99.0 99.00
2015 06 05 04 50 330  3.9  5.1 99.00 99.00 99.00 999 1016.8   8.3   3.8   8.3 99.0 99.00
2015 06 05 05 50 355  3.8  4.1  0.04 99.00  3.21 999 1015.9   8.6   3.7   8.6 99.0 99.00
2015 06 05 06 50 343  1.6  2.2  0.04 99.00  3.24 999 1016.4   8.4   3.7   8.4 99.0 99.00
2015 06 05 07 50 335  3.9  4.2  0.03 99.00  3.32 999 1016.5   6.8   3.7   6.8 99.0 99.00
2015 06 05 08 50 348  5.6  6.5  0.04 99.00  4.06 999 1016.8   5.8   3.7   5.8 99.0 99.00
2015 06 05 09 50   2  4.4  4.9  0.11 99.00  2.44 999 1017.5   6.0   3.7   6.0 99.0 99.00
2015 06 05 10 50 338  4.1  4.5  0.12 99.00  2.46 999 1018.3   5.7   3.7   5.7 99.0 99.00
2015 06 05 11 50 321  3.4  3.9  0.16 99.00  2.54 999 1018.7   5.5   3.7   5.5 99.0 99.00
2015 06 05 12 50 341  6.4  7.0  0.22 99.00  2.81 999 1018.8   6.2   3.7   6.2 99.0 99.00
2015 06 05 13 50 325  6.1  7.3  0.29  2.94  2.80 346 1019.8   5.9   3.7   5.9 99.0 99.00
2015 06 05 14 50 332  6.3  7.5  0.41  3.45  3.12 355 1020.2   6.2   3.7   6.2 99.0 99.00
2015 06 05 15 50 340  6.8  7.6  0.52  3.70  3.23 357 1020.1   6.2   3.7   6.2 99.0 99.00
2015 06 05 16 50 336  8.3  9.3  0.55  3.57  3.25 352 1020.5   6.3   3.7   6.3 99.0 99.00
2015 06 05 17 50 343  8.4 10.1  0.70  4.00  3.39 355 1020.1   6.8   3.7   6.8 99.0 99.00
2015 06 05 18 50 335  8.9 10.2  0.91  4.55  3.69 360 1020.0   6.5   3.7   6.5 99.0 99.00
2015 06 05 19 50 336  8.6  9.8  1.09  4.76  4.07   1 1020.2   6.6   3.7   6.6 99.0 99.00
2015 06 05 20 50 341  8.8 10.4  1.02  4.76  3.98  11 1020.5   6.7   3.7   6.7 99.0 99.00
2015 06 05 21 50 338  9.2 10.3  1.14  4.76  4.08   7 1020.3   6.9   3.7   6.9 99.0 99.00
2015 06 05 22 50 339  9.3 11.1  1.19  5.00  4.18  12 1019.8   6.8   3.7   6.8 99.0 99.00
2015 06 05 23 50 340  7.6  8.8  1.19  5.56  4.27  15 1020.0   6.9   3.7   6.6 99.0 99.00
2015 06 06 00 50 351  7.1  8.0  1.08  5.56  4.23   8 1019.8   6.6   3.7   6.4 99.0 99.00
2015 06 06 01 50 351  7.4  8.3  1.01  5.00  4.20  13 1019.9   6.4   3.7   6.3 99.0 99.00
2015 06 06 02 50 355  7.0  7.7  1.03  5.26  4.13   6 1020.4   6.4   3.7   6.3 99.0 99.00
2015 06 06 03 50 360  6.4  7.6  1.06  5.56  4.28  10 1020.9   6.4   3.7   6.4 99.0 99.00
2015 06 06 04 50 358  6.4  7.1  1.00  5.56  4.36 359 1021.5   6.1   3.7   6.0 99.0 99.00
2015 06 06 05 50   6  6.8  7.7  0.93  5.26  4.14   1 1021.4   6.2   3.7   5.9 99.0 99.00
2015 06 06 06 50   2  5.9  6.5  0.81  5.26  4.04   2 1021.6   6.0   3.7   5.8 99.0 99.00
2015 06 06 07 50  10  5.8  6.7  0.68  5.00  3.85 355 1021.4   6.1   3.7   6.0 99.0 99.00
2015 06 06 08 50  28  4.2  4.6  0.63  4.76  3.82 357 1022.1   6.3   3.7   6.2 99.0 99.00
2015 06 06 09 50  38  5.0  5.8  0.61  4.76  3.78 347 1022.0   7.1   3.7   7.0 99.0 99.00
2015 06 06 10 50  16  4.7  5.5  0.62  4.76  3.93 350 1022.7   6.9   3.7   6.8 99.0 99.00
2015 06 06 11 50  24  4.9  5.4  0.64  5.26  3.92 338 1022.9   6.4   3.7   6.4 99.0 99.00
2015 06 06 12 50  40  4.0  4.3  0.58  5.00  3.87 347 1022.8   6.4   3.7   6.3 99.0 99.00
2015 06 06 13 50  17  2.5  2.7  0.56  4.76  3.86 352 1023.0   6.4   3.8   6.4 99.0 99.00
2015 06 06 14 50  46  3.1  3.3  0.52  4.55  3.86 350 1023.0   6.6   3.8   6.5 99.0 99.00
2015 06 06 15 50  46  3.9  4.3  0.51  4.76  3.60 351 1022.6   6.9   3.8   6.6 99.0 99.00
2015 06 06 16 50  13  3.2  3.6  0.43  4.35  3.44 349 1022.5   7.1   3.8   6.2 99.0 99.00
2015 06 06 17 50 329  3.2  3.8  0.42  4.35  3.53 355 1022.4   6.5   3.9   5.9 99.0 99.00
2015 06 06 18 50 326  3.8  4.1  0.36  3.85  3.58 347 1021.9   6.4   3.9   5.7 99.0 99.00
2015 06 06 19 50 360  4.8  5.2  0.33  4.17  3.53 352 1021.0   6.4   3.9   5.7 99.0 99.00
2015 06 06 20 50  27  5.1  5.5  0.28  4.35  3.44 351 1020.1   6.8   4.0   5.6 99.0 99.00
2015 06 06 21 50  22  4.9  5.5  0.29  4.35  3.28 360 1019.3   6.3   3.9   5.2 99.0 99.00
2015 06 06 22 50  30  4.2  4.6  0.30  3.85  3.23   1 1018.5   6.3   4.0   5.0 99.0 99.00
2015 06 06 23 50  39  3.5  3.8  0.29  4.17  3.13 353 1017.9   6.4   4.0   5.0 99.0 99.00
2015 06 07 00 50  48  3.1  3.4  0.26  3.85  3.14   2 1017.2   6.6   3.9   5.2 99.0 99.00
2015 06 07 01 50  16  1.1  1.4  0.26  4.35  3.17   1 1016.6   6.4   3.8   5.2 99.0 99.00
2015 06 07 02 50 353  1.6  1.8  0.22 99.00  3.09 999 1016.6   7.2   3.8   5.4 99.0 99.00
2015 06 07 03 50  55  1.8  1.9  0.23 99.00  3.11 999 1015.9   7.9   3.8   6.0 99.0 99.00
2015 06 07 04 50 226  1.7  2.8  0.19 99.00  3.12 999 1015.6   7.6   3.8   6.3 99.0 99.00
2015 06 07 05 50 202  2.2  2.4  0.19 99.00  3.11 999 1015.3   6.7   3.8   5.4 99.0 99.00
2015 06 07 06 50 160  3.8  4.4  0.18 99.00  3.16 999 1014.4   5.7   3.8   4.8 99.0 99.00
2015 06 07 07 50 167  5.1  5.6  0.16 99.00  3.26 999 1013.3   7.4   3.8   7.3 99.0 99.00
2015 06 07 08 50 165  5.3  5.7  0.15 99.00  3.08 999 1012.5   8.6   3.8   8.4 99.0 99.00
2015 06 07 09 50 158  5.8  6.2  0.17 99.00  2.80 999 1012.2   8.1   3.8   8.1 99.0 99.00
2015 06 07 10 50 161  6.4  6.9  0.24 99.00  2.73 999 1011.4   8.1   3.8   7.9 99.0 99.00
2015 06 07 11 50 159  7.7  8.6  0.36  3.13  2.83 123 1010.0   8.8   3.8   8.5 99.0 99.00
2015 06 07 12 50 171  7.9  8.8  0.48  3.23  3.06 144 1009.2   8.9   3.8   8.8 99.0 99.00
2015 06 07 13 50 181  8.1  8.9  0.54  3.45  3.19 142 1009.0   8.2   3.8   8.2 99.0 99.00
2015 06 07 14 50 187  9.2 11.0  0.71  3.45  3.39 168 1007.4   9.3   3.8   9.3 99.0 99.00
2015 06 07 15 50 187  9.7 11.0  0.88  4.17  3.62 160 1006.7   9.8   3.8   9.8 99.0 99.00
2015 06 07 16 50 195 10.1 12.1  0.91  4.00  3.69 174 1007.0   9.2   3.8   9.2 99.0 99.00
2015 06 07 17 50 186  8.0  8.8  0.89  4.17  3.74 179 1006.6   9.1   3.8   9.1 99.0 99.00
2015 06 07 18 50 206  8.0  9.1  0.95  4.76  3.95 184 1006.2   9.2   3.8   9.2 99.0 99.00
2015 06 07 19 50 205  6.4  7.1  0.91  4.55  3.94 182 1006.4   9.1   3.8   9.1 99.0 99.00
2015 06 07 20 50 194  5.7  6.6  0.72  4.55  3.84 184 1006.0   9.4   3.8   9.4 99.0 99.00
2015 06 07 21 50 183  5.3  5.7  0.64  4.35  3.84 181 1005.4  10.6   3.8  10.6 99.0 99.00
2015 06 07 22 50 182  5.5  6.2  0.51  4.35  3.64 183 1004.7  10.2   3.8  10.2 99.0 99.00
2015 06 07 23 50 176  5.7  6.3  0.43  4.35  3.50 181 1004.3   9.4   3.7   9.4 99.0 99.00
2015 06 08 00 50 194  7.9  9.4  0.47  4.17  3.40 181 1004.4  10.4   3.7  10.4 99.0 99.00
2015 06 08 01 50 268  4.9  9.1  0.62  4.00  3.39 184 1005.7  17.3   3.8  17.3 99.0 99.00
2015 06 08 02 50 220  0.5  2.2  0.62  4.17  3.59 184 1006.1  15.9   3.8  15.9 99.0 99.00
2015 06 08 03 50 184  4.8  5.9  0.67  4.55  3.78 191 1005.1  11.0   3.8  11.0 99.0 99.00
2015 06 08 04 50 207  6.5  7.3  0.71  4.55  3.71 177 1004.7  10.4   3.7  10.4 99.0 99.00
2015 06 08 05 50 199  5.6  6.3  0.73  4.76  3.74 195 1004.2   9.4   3.8   9.4 99.0 99.00
2015 06 08 06 50 198  4.8  6.4  0.53  4.17  3.60 192 1004.4   8.3   3.7   8.3 99.0 99.00
2015 06 08 07 50 225  6.1  6.5  0.50  4.35  3.51 180 1004.5   9.3   3.7   9.3 99.0 99.00
2015 06 08 08 50 219  4.3  5.0  0.46  4.17  3.50 178 1004.7   7.5   3.7   7.5 99.0 99.00
2015 06 08 09 50 232  4.4  4.7  0.39  4.00  3.36 182 1005.2   7.4   3.7   7.4 99.0 99.00
2015 06 08 10 50 247  5.0  5.4  0.48  4.17  3.62 171 1005.6   8.0   3.8   8.0 99.0 99.00
2015 06 08 11 50 223  6.2  6.6  0.44  4.17  3.45 171 1005.8   6.9   3.7  -5.0 99.0 99.00
2015 06 08 12 50 234  5.4  5.9  0.33  4.00  3.20 171 1006.0   8.4   3.8   3.1 99.0 99.00
2015 06 08 13 50 232  5.6  6.1  0.29  3.70  3.10 172 1005.8   8.8   3.8   8.8 99.0 99.00
2015 06 08 14 50 229  5.4  5.9  0.32  3.57  3.01 183 1005.6   8.9   3.8   6.4 99.0 99.00
2015 06 08 15 50 213  5.6  6.0  0.36  3.70  3.10 189 1005.3   8.6   3.9   7.5 99.0 99.00
2015 06 08 16 50 209  2.6  3.1  0.28  3.70  3.04 189 1005.4   7.4   3.9   7.4 99.0 99.00
2015 06 08 17 50 172  1.3  1.8  0.25 99.00  3.10 999 1005.2   7.7   4.1   7.7 99.0 99.00
2015 06 08 18 50 180  2.2  2.5  0.22 99.00  3.13 999 1005.1   9.4   4.3   7.3 99.0 99.00
2015 06 08 19 50 158  3.0  3.4  0.19 99.00  3.04 999 1004.9   8.1   4.3   7.8 99.0 99.00
2015 06 08 20 50 224  4.1  4.5  0.18 99.00  2.95 999 1004.5   8.9   4.2   5.5 99.0 99.00
2015 06 08 21 50 307  6.1  6.9  0.14 99.00  2.92 999 1005.7  12.6   4.2   9.8 99.0 99.00
2015 06 08 22 50 222  3.4  4.2  0.13 99.00  2.79 999 1004.0  15.4   4.1  11.0 99.0 99.00
2015 06 08 23 50 305  8.5 10.4  0.12 99.00  2.74 999 1006.0  12.0   4.0   9.3 99.0 99.00
2015 06 09 00 50 289  4.6  4.9  0.10 99.00  2.84 999 1006.2   9.2   4.0   8.4 99.0 99.00
2015 06 09 01 50 275  3.2  3.4  0.14 99.00  2.84 999 1006.3   6.6   4.0   6.4 99.0 99.00
2015 06 09 02 50 292  4.4  4.6  0.13 99.00  2.66 999 1007.6   7.3   3.9   6.9 99.0 99.00
2015 06 09 03 50 298  2.9  3.1  0.14 99.00  2.72 999 1008.0   7.1   3.9   7.0 99.0 99.00
2015 06 09 04 50 298  3.3  3.5  0.13 99.00  2.57 999 1007.9   8.0   3.8   8.0 99.0 99.00
2015 06 09 05 50 279  3.6  3.9  0.13 99.00  2.64 999 1008.0   8.0   3.9   8.0 99.0 99.00
2015 06 09 06 50 260  3.9  4.4  0.18 99.00  2.82 999 1008.0   8.3   3.8   7.6 99.0 99.00
2015 06 09 07 50 184  2.7  2.8  0.18 99.00  3.04 999 1008.1   6.1   3.8   5.1 99.0 99.00
2015 06 09 08 50 211  2.5  2.7  0.16 99.00  3.11 999 1008.2   6.4   3.8   6.4 99.0 99.00
2015 06 09 09 50 222  3.4  3.8  0.15 99.00  3.20 999 1008.4   7.0   3.8  -0.3 99.0 99.00
2015 06 09 10 50 241  3.9  4.3  0.16 99.00  3.39 999 1008.9   6.6   3.8   6.0 99.0 99.00
2015 06 09 11 50 245  3.6  3.9  0.15 99.00  3.24 999 1009.5   6.9   3.8   3.5 99.0 99.00
2015 06 09 12 50 244  3.4  3.7  0.12 99.00  3.08 999 1009.8   6.8   3.9   6.8 99.0 99.00
2015 06 09 13 50 254  3.0  3.3  0.10 99.00  3.02 999 1010.0   7.2   3.9   7.2 99.0 99.00
2015 06 09 14 50 243  2.9  3.1  0.09 99.00  3.09 999 1010.0   8.0   4.0   8.0 99.0 99.00
2015 06 09 15 50 245  3.2  3.4  0.08 99.00  3.11 999 1010.3   8.6   4.0   8.2 99.0 99.00
2015 06 09 16 50 232  2.8  3.1  0.07 99.00  2.93 999 1010.2  10.4   4.4   9.9 99.0 99.00
2015 06 09 17 50 170  3.0  3.4  0.06 99.00  3.13 999 1010.1   8.9   4.8   8.0 99.0 99.00
2015 06 09 18 50 171  4.2  4.6  0.07 99.00  3.55 999 1009.9   7.3   4.4   7.0 99.0 99.00
2015 06 09 19 50 171  4.5  4.8  0.06 99.00  3.25 999 1009.3   8.3   4.3   8.1 99.0 99.00
2015 06 09 20 50 168  4.6  4.9  0.05 99.00  3.50 999 1008.9   8.0   4.3   7.8 99.0 99.00
2015 06 09 21 50 159  5.0  5.4  0.08 99.00  3.65 999 1008.1   8.8   4.3   8.3 99.0 99.00
2015 06 09 22 50 161  5.1  5.4  0.06 99.00  2.72 999 1007.5   9.2   4.2   8.2 99.0 99.00
2015 06 09 23 50 158  5.2  5.6  0.13 99.00  3.21 999 1007.1   9.5   4.3   7.9 99.0 99.00
2015 06 10 00 50 155  5.8  6.2  0.09 99.00  2.40 999 1006.6  10.3   4.2   7.6 99.0 99.00
2015 06 10 01 50 163  5.9  6.4  0.15 99.00  2.39 999 1006.2  10.1   4.1   8.0 99.0 99.00
2015 06 10 02 50 165  5.8  6.2  0.20 99.00  2.44 999 1006.4   9.5   4.1   8.2 99.0 99.00
2015 06 10 03 50 176  6.8  7.5  0.24 99.00  2.53 999 1005.8   9.9   4.1   8.9 99.0 99.00
2015 06 10 04 50 181  7.4  7.9  0.35  2.86  2.70 168 1005.6   9.8   4.1   9.0 99.0 99.00
2015 06 10 05 50 190  7.5  8.8  0.46  2.94  2.93 177 1005.1   9.9   4.0   9.3 99.0 99.00
2015 06 10 06 50 196  7.4  8.3  0.53  3.45  3.10 178 1004.4   9.8   4.1   9.1 99.0 99.00
2015 06 10 07 50 198  7.6  8.4  0.57  3.70  3.22 176 1003.9  10.0   4.1   9.2 99.0 99.00
2015 06 10 08 50 201  8.0  8.9  0.58  3.85  3.28 174 1003.3  10.3   4.2   9.5 99.0 99.00
2015 06 10 09 50 207  7.8  8.7  0.59  3.70  3.29 173 1003.6   9.6   4.1   9.0 99.0 99.00
2015 06 10 10 50 216  7.9  9.2  0.63  3.85  3.31 184 1003.6   9.9   4.0   9.1 99.0 99.00
2015 06 10 11 50 223  6.8  7.7  0.65  3.85  3.43 187 1004.0   9.6   4.0   8.9 99.0 99.00
2015 06 10 12 50 229  6.5  8.1  0.58  4.00  3.39 174 1004.4  10.2   4.1   9.2 99.0 99.00
2015 06 10 13 50 232  5.7  6.5  0.55  4.17  3.38 167 1005.1   9.8   4.1   8.9 99.0 99.00
2015 06 10 14 50 228  4.2  5.3  0.53  3.57  3.41 194 1006.1   8.9   4.1   8.2 99.0 99.00
2015 06 10 15 50 212  4.3  5.0  0.48  4.17  3.42 168 1007.3   9.2   4.2   8.6 99.0 99.00
2015 06 10 16 50 222  1.7  2.3  0.45  3.70  3.51 184 1007.5  11.4   4.2  10.4 99.0 99.00
2015 06 10 17 50 107  0.9  1.1  0.44  4.00  3.49 191 1007.1  13.1   4.7  12.6 99.0 99.00
2015 06 10 18 50  46  2.8  3.0  0.37  3.85  3.48 190 1007.1  13.7   5.5  13.2 99.0 99.00
2015 06 10 19 50  47  2.7  3.0  0.39  4.00  3.45 181 1007.4  13.6   7.2  12.3 99.0 99.00
2015 06 10 20 50  79  3.1  3.6  0.34  4.00  3.35 178 1007.1  12.0   7.1  11.2 99.0 99.00
2015 06 10 21 50  66  3.1  3.4  0.30  4.17  3.37 184 1007.4  11.2   6.7  10.5 99.0 99.00
2015 06 10 22 50  70  3.5  3.7  0.25 99.00  3.17 999 1007.1  12.1   6.1  10.9 99.0 99.00
2015 06 10 23 50  64  3.1  3.6  0.24 99.00  3.17 999 1007.5  11.2   6.1   9.9 99.0 99.00
2015 06 11 00 50 104  2.9  3.3  0.19 99.00  3.15 999 1007.9  11.9   5.9  10.2 99.0 99.00
2015 06 11 01 50 174  3.0  3.2  0.17 99.00  3.05 999 1009.0  12.0   5.6  12.0 99.0 99.00
2015 06 11 02 50 315  3.9  4.4  0.14 99.00  2.85 999 1009.2   8.1   5.6   8.1 99.0 99.00
2015 06 11 03 50 284  4.0  4.7  0.12 99.00  2.83 999 1009.9   8.4   5.3   8.4 99.0 99.00
2015 06 11 04 50 301  2.9  3.7  0.12 99.00  2.90 999 1011.4   8.2   5.1   7.8 99.0 99.00
2015 06 11 05 50 343  4.9  6.0  0.09 99.00  2.98 999 1011.5   8.8   5.0   8.8 99.0 99.00
2015 06 11 06 50 331  3.0  3.2  0.08 99.00  2.88 999 1011.5  10.1   4.8   9.5 99.0 99.00
2015 06 11 07 50 342  3.5  3.6  0.07 99.00  2.99 999 1011.5   8.4   4.7   8.4 99.0 99.00
2015 06 11 08 50 347  1.4  2.4  0.06 99.00  2.94 999 1011.7   8.0   4.6   7.5 99.0 99.00
2015 06 11 09 50  16  3.6  4.0  0.06 99.00  2.96 999 1011.7   7.3   4.6   7.0 99.0 99.00
2015 06 11 10 50  38  4.7  5.2  0.06 99.00  3.08 999 1011.8   7.4   4.6   7.3 99.0 99.00
2015 06 11 11 50  61  5.7  6.5  0.06 99.00  3.21 999 1011.3   8.4   4.5   8.1 99.0 99.00
2015 06 11 12 50  54  5.3  5.7  0.15 99.00  2.33 999 1011.7   8.2   4.4   7.8 99.0 99.00
2015 06 11 13 50  47  3.5  3.8  0.16 99.00  2.42 999 1013.0   7.7   4.4   7.6 99.0 99.00
2015 06 11 14 50  38  4.4  5.4  0.18 99.00  2.56 999 1013.4   8.0   4.3   7.8 99.0 99.00
2015 06 11 15 50  48  5.5  6.6  0.20 99.00  2.76 999 1013.0   8.3   4.3   7.8 99.0 99.00
2015 06 11 16 50  50  4.1  5.0  0.18 99.00  2.57 999 1013.0   8.0   4.3   7.4 99.0 99.00
2015 06 11 17 50  47  6.2  6.7  0.15 99.00  2.56 999 1012.3   9.6   4.4   8.7 99.0 99.00
2015 06 11 18 50  38  6.3  6.9  0.24 99.00  2.69 999 1012.3   9.5   4.3   8.6 99.0 99.00
2015 06 11 19 50   9  6.2  6.9  0.29  2.86  2.62  57 1012.9   8.3   4.4   7.6 99.0 99.00
2015 06 11 20 50  25  6.6  7.3  0.35  2.74  2.74  32 1012.2   7.9   4.3   7.3 99.0 99.00
2015 06 11 21 50  18  6.9  7.7  0.46  3.13  2.88  27 1011.4   8.4   4.4   8.1 99.0 99.00
2015 06 11 22 50  51  7.0  7.8  0.44  3.13  2.95  29 1010.5   9.1   4.4   8.8 99.0 99.00
2015 06 11 23 50  63  6.2  6.8  0.45  3.33  3.12  11 1010.2   9.5   4.4   8.9 99.0 99.00
2015 06 12 00 50  85  5.2  5.7  0.41  3.45  3.11  15 1009.7   9.0   4.3   8.7 99.0 99.00
2015 06 12 01 50  26  7.3  9.1  0.39  3.57  3.08 350 1010.1  11.1   4.4  10.4 99.0 99.00
2015 06 12 02 50  44  6.6  7.4  0.46  3.70  3.03 340 1010.3   7.9   4.3   7.9 99.0 99.00
2015 06 12 03 50  63  5.5  6.2  0.52  3.45  3.15 351 1009.8   8.2   4.3   8.2 99.0 99.00
2015 06 12 04 50 267  1.9  4.3  0.56  3.85  3.43 343 1010.8   9.6   4.3   9.0 99.0 99.00
2015 06 12 05 50 115  5.9  7.4  0.62  3.85  3.50  30 1009.8  11.7   4.3   4.0 99.0 99.00
2015 06 12 06 50  96  5.9  8.0  0.68  4.35  3.45 345 1008.3  10.4   4.3   9.1 99.0 99.00
2015 06 12 07 50  58  7.5  8.7  0.54  4.17  3.46 348 1007.4  11.1   4.3   7.6 99.0 99.00
2015 06 12 08 50  81  4.9  9.9  0.51  3.45  3.41  65 1007.5  11.8   4.3  11.5 99.0 99.00
2015 06 12 09 50  81  6.4  7.1  0.51  3.45  3.42  80 1006.2   9.8   4.3   9.7 99.0 99.00
2015 06 12 10 50 100  6.2  6.9  0.55  3.85  3.40  94 1006.0   9.1   4.3   9.0 99.0 99.00
2015 06 12 11 50 197  6.5  7.4  0.52  3.70  3.36 108 1006.8  10.0   4.3  10.0 99.0 99.00
2015 06 12 12 50 264  5.7  6.4  0.52  3.57  3.44 101 1008.6   6.8   4.3   6.0 99.0 99.00
2015 06 12 13 50 317  6.9  8.0  0.41  3.57  3.28  72 1009.5   6.8   4.3   3.4 99.0 99.00
2015 06 12 14 50 335  5.3  6.3  0.40  3.85  3.10 358 1010.2   7.5   4.3   1.8 99.0 99.00
2015 06 12 15 50 340  3.7  4.4  0.33  3.70  3.16  17 1011.0   7.0   4.3   7.0 99.0 99.00
2015 06 12 16 50 324  2.6  3.1  0.35  3.45  3.15  17 1011.6   6.7   4.3   4.8 99.0 99.00
2015 06 12 17 50 306  4.6  5.6  0.33  3.70  3.27 344 1012.4   6.4   4.3   6.1 99.0 99.00
2015 06 12 18 50 327  4.8  5.4  0.37  3.70  3.36 344 1011.9   6.2   4.4   6.2 99.0 99.00
2015 06 12 19 50 341  5.3  6.0  0.42  4.76  3.58 331 1011.7   6.5   4.4   4.2 99.0 99.00
2015 06 12 20 50 350  4.3  4.9  0.50  4.35  3.64 338 1012.0   6.4   4.3   6.4 99.0 99.00
2015 06 12 21 50 345  5.4  6.0 99.00 99.00 99.00 999 1012.7   6.3   4.4   4.3 99.0 99.00
2015 06 12 22 50 341  4.2  4.8  0.44  4.76  3.58 338 1013.1   6.4   4.3   6.1 99.0 99.00
2015 06 12 23 50 349  5.5  6.1  0.48  4.35  3.53 336 1013.2   6.9   4.3   3.6 99.0 99.00
2015 06 13 00 50 353  4.4  4.9  0.44  4.55  3.55 343 1013.8   6.5   4.3  -0.1 99.0 99.00
2015 06 13 01 50   2  4.6  5.1  0.46  4.35  3.51 342 1013.4   6.7   4.3   3.4 99.0 99.00
2015 06 13 02 50  16  3.3  4.2  0.43  4.76  3.59 340 1014.1   7.2   4.3   7.2 99.0 99.00
2015 06 13 03 50   6  3.8  4.2  0.40  4.76  3.66 337 1014.7   7.4   4.3   6.4 99.0 99.00
2015 06 13 04 50  41  3.6  4.0  0.43  4.35  3.75 342 1014.9   8.2   4.3   6.3 99.0 99.00
2015 06 13 05 50  45  4.1  4.4  0.39  4.17  3.69 344 1014.7   8.8   4.3   7.0 99.0 99.00
2015 06 13 06 50  46  3.6  3.9  0.37  4.35  3.61 345 1014.4   8.4   4.3   5.9 99.0 99.00
2015 06 13 07 50  60  4.0  4.4  0.36  4.35  3.69 350 1014.0   8.3   4.2   8.3 99.0 99.00
2015 06 13 08 50  52  3.8  4.3  0.37  4.55  3.88 347 1013.8   7.8   4.3   6.8 99.0 99.00
2015 06 13 09 50  53  4.1  4.4  0.38  4.55  3.76 353 1014.1   7.8   4.2   7.3 99.0 99.00
2015 06 13 10 50  52  3.8  4.4  0.32  4.35  3.49 356 1014.8   8.1   4.2   8.1 99.0 99.00
2015 06 13 11 50  64  4.6  5.0  0.27  3.85  3.48 355 1015.0   8.8   4.3   8.8 99.0 99.00
2015 06 13 12 50  81  4.0  4.4  0.28  3.85  3.45 350 1015.1   8.6   4.3   6.9 99.0 99.00
2015 06 13 13 50  77  1.5  1.9  0.25  3.70  3.31 346 1015.7   8.0   4.3   7.4 99.0 99.00
2015 06 13 14 50 234  1.2  2.0  0.25 99.00  3.21 999 1015.8   8.0   4.3   8.0 99.0 99.00
2015 06 13 15 50  90  0.4  0.7  0.22 99.00  3.18 999 1015.4   9.6   4.5   7.5 99.0 99.00
2015 06 13 16 50  87  1.9  2.0  0.21 99.00  3.10 999 1015.3  10.7   4.7  10.4 99.0 99.00
2015 06 13 17 50  88  1.6  2.0  0.21 99.00  2.99 999 1015.4  11.4   4.9  10.1 99.0 99.00
2015 06 13 18 50  74  1.7  1.9  0.22 99.00  3.04 999 1014.9  11.3   5.5  10.9 99.0 99.00
2015 06 13 19 50 357  2.4  2.6  0.18 99.00  2.88 999 1014.4  11.4   6.5   9.6 99.0 99.00
2015 06 13 20 50  21  3.6  3.8  0.15 99.00  2.85 999 1013.9  10.7   6.0   5.5 99.0 99.00
2015 06 13 21 50  42  3.5  4.0  0.15 99.00  2.89 999 1013.4  12.0   5.8  11.4 99.0 99.00
2015 06 13 22 50  36  3.5  3.8  0.12 99.00  2.83 999 1013.1  10.7   5.7  10.4 99.0 99.00
2015 06 13 23 50  57  3.3  3.6  0.09 99.00  2.89 999 1013.0  13.0   5.4  12.5 99.0 99.00
2015 06 14 00 50  91  3.5  3.9  0.08 99.00  3.07 999 1013.2  13.0   5.6  12.2 99.0 99.00
2015 06 14 01 50 146  3.0  3.2  0.08 99.00  3.40 999 1013.5  12.9   5.6  12.9 99.0 99.00
2015 06 14 02 50 171  4.9  5.4  0.09 99.00  2.98 999 1013.2  12.7   5.3  12.7 99.0 99.00
2015 06 14 03 50 194  4.2  4.6  0.12 99.00  3.51 999 1013.7  10.0   5.0   9.7 99.0 99.00
2015 06 14 04 50 209  2.6  3.8 99.00 99.00 99.00 999 1014.3  10.3   5.0  10.2 99.0 99.00
2015 06 14 05 50 138  0.6  1.6  0.07 99.00  3.26 999 1014.1  10.2   5.0  10.2 99.0 99.00
2015 06 14 06 50  71  1.8  2.4  0.10 99.00  3.14 999 1013.8   8.8   5.0   8.8 99.0 99.00
2015 06 14 07 50   2  1.7  2.3  0.07 99.00  3.25 999 1013.2  10.6   5.0  10.6 99.0 99.00
2015 06 14 08 50  95  3.2  4.8  0.06 99.00  3.12 999 1013.0  10.9   5.1  10.9 99.0 99.00
2015 06 14 09 50 129  1.1  1.9  0.07 99.00  3.04 999 1013.1  11.0   5.1  11.0 99.0 99.00
2015 06 14 10 50 146  3.6  4.1  0.09 99.00  2.92 999 1012.9  12.4   5.1  12.4 99.0 99.00
2015 06 14 11 50 152  4.8  5.3  0.09 99.00  2.75 999 1013.3  10.9   5.1  10.9 99.0 99.00
2015 06 14 12 50 141  3.9  4.4  0.07 99.00  2.62 999 1013.2  10.6   5.0  10.6 99.0 99.00
2015 06 14 13 50 154  4.7  5.0  0.05 99.00  2.67 999 1013.2  11.6   5.0   7.6 99.0 99.00
2015 06 14 14 50 149  3.9  4.3  0.06 99.00  2.87 999 1012.8  10.1   5.0  10.1 99.0 99.00
2015 06 14 15 50 182  5.1  5.4 99.00 99.00 99.00 999 1012.8  10.5   5.0  10.5 99.0 99.00
2015 06 14 16 50 193  3.9  4.2  0.06 99.00  2.43 999 1013.2  10.1   5.1  10.1 99.0 99.00
2015 06 14 17 50 191  4.1  4.3  0.05 99.00  2.60 999 1013.2  10.3   5.2  10.3 99.0 99.00
2015 06 14 18 50 188  4.1  4.5  0.06 99.00  3.49 999 1012.9  11.3   5.3 999.0 99.0 99.00
2015 06 14 19 50 188  2.5  3.5  0.05 99.00  2.66 999 1012.8  12.3   5.5  11.9 99.0 99.00
2015 06 14 20 50 289  1.9  2.4  0.05 99.00  3.06 999 1012.9  10.4   6.2  10.4 99.0 99.00
2015 06 14 21 50 222  2.7  3.3  0.07 99.00  3.43 999 1013.0  11.9   7.3  11.9 99.0 99.00
2015 06 14 22 50 271  0.8  1.0  0.04 99.00  3.02 999 1012.9  12.4   7.2  12.4 99.0 99.00
2015 06 14 23 50 117  1.3  2.5  0.04 99.00  3.15 999 1012.8  13.1   7.1  12.7 99.0 99.00
2015 06 15 00 50  28  2.3  2.6  0.05 99.00  3.18 999 1012.7  12.3   7.4  12.0 99.0 99.00
2015 06 15 01 50 163  2.7  3.3  0.07 99.00  3.09 999 1013.0  10.0   6.6  10.0 99.0 99.00
2015 06 15 02 50 173  1.9  2.3  0.07 99.00  2.79 999 1013.7  10.6   6.6  10.6 99.0 99.00
2015 06 15 03 50 145  1.3  2.3  0.07 99.00  2.74 999 1014.1   9.6   6.3   9.6 99.0 99.00
2015 06 15 04 50 199  1.7  2.0  0.07 99.00  2.74 999 1014.4  11.0   6.3  11.0 99.0 99.00
2015 06 15 05 50 267  0.7  1.4  0.08 99.00  2.76 999 1014.7  11.3   6.5  11.3 99.0 99.00
2015 06 15 06 50 200  1.4  1.7  0.10 99.00  3.26 999 1014.1  12.6   6.5  12.6 99.0 99.00
2015 06 15 07 50 202  1.9  2.1  0.07 99.00  2.96 999 1013.7  12.3   6.6  12.3 99.0 99.00
2015 06 15 08 50 165  2.6  3.3  0.05 99.00  2.81 999 1013.5  12.1   6.7  12.1 99.0 99.00
2015 06 15 09 50 185  3.4  3.7  0.04 99.00  2.69 999 1013.6  12.0   6.6  12.0 99.0 99.00
2015 06 15 10 50 194  4.2  4.5  0.03 99.00  3.01 999 1013.9  11.9   6.4  11.9 99.0 99.00
2015 06 15 11 50 190  4.6  5.1 99.00 99.00 99.00 999 1014.0  11.6   6.0  11.6 99.0 99.00
2015 06 15 12 50 195  4.1  4.6 99.00 99.00 99.00 999 1014.4  10.7   5.6  10.7 99.0 99.00
2015 06 15 13 50 222  2.0  2.6 99.00 99.00 99.00 999 1014.6  12.4   5.4  12.4 99.0 99.00
2015 06 15 14 50 222  1.4  1.8  0.04 99.00  4.09 999 1014.7  14.2   5.6  14.2 99.0 99.00
2015 06 15 15 50 154  3.9  5.3  0.05 99.00  3.56 999 1013.5  13.4   5.8  11.6 99.0 99.00
2015 06 15 16 50 199  4.2  4.7 99.00 99.00 99.00 999 1013.8  11.8   5.7  11.6 99.0 99.00
2015 06 15 17 50 249  2.5  3.1  0.03 99.00  3.32 999 1014.5  10.6   5.8   7.2 99.0 99.00
2015 06 15 18 50 191  1.3  1.6  0.07 99.00  4.40 999 1013.1  13.5   6.0   1.2 99.0 99.00
2015 06 15 19 50 169  1.5  1.7  0.04 99.00  3.43 999 1012.2  12.9   6.5  12.8 99.0 99.00
2015 06 15 20 50 184  1.5  2.0  0.03 99.00  3.70 999 1011.7  11.8   6.7  11.8 99.0 99.00
2015 06 15 21 50 156  1.2  1.6  0.08 99.00  5.25 999 1012.0  12.7   7.0  12.0 99.0 99.00
2015 06 15 22 50  87  2.2  2.6  0.03 99.00  3.64 999 1012.0  12.5   7.2  12.5 99.0 99.00
2015 06 15 23 50  94  1.6  1.8 99.00 99.00 99.00 999 1012.1  11.8   7.0  11.8 99.0 99.00
2015 06 16 00 50 219  1.1  2.1  0.04 99.00  3.69 999 1012.5  14.2   6.9  14.2 99.0 99.00
2015 06 16 01 50  15  3.5  4.0  0.06 99.00  4.74 999 1012.8  13.4   6.5  13.4 99.0 99.00
2015 06 16 02 50 223  0.6  1.6  0.03 99.00  3.89 999 1012.5  12.0   6.9  12.0 99.0 99.00
2015 06 16 03 50 301  3.0  3.2  0.06 99.00  3.61 999 1014.0   9.1   6.8   9.1 99.0 99.00
2015 06 16 04 50 316  6.4  7.7  0.06 99.00  3.48 999 1015.3   8.6   5.9   8.6 99.0 99.00
2015 06 16 05 50 333  5.4  6.1  0.20 99.00  2.41 999 1015.5   8.8   5.5   8.8 99.0 99.00
2015 06 16 06 50 326  6.2  7.0  0.25 99.00  2.65 999 1015.9   8.4   5.4   8.4 99.0 99.00
2015 06 16 07 50 334  5.1  5.7  0.33  3.03  2.81 319 1016.0   8.4   5.3   8.4 99.0 99.00
2015 06 16 08 50 336  5.4  6.0  0.28  3.03  2.86 328 1016.1   8.3   5.2   8.3 99.0 99.00
2015 06 16 09 50 334  5.3  5.8  0.27  3.03  2.65 327 1017.1   8.3   5.0   8.3 99.0 99.00
2015 06 16 10 50 321  4.8  5.5  0.25  2.86  2.75 342 1018.2   7.5   4.8   7.5 99.0 99.00
2015 06 16 11 50 337  5.1  5.5  0.23 99.00  2.74 999 1019.1   7.5   4.8   7.5 99.0 99.00
2015 06 16 12 50 340  5.4  6.2  0.27  3.03  2.80   3 1020.4   7.6   4.8 999.0 99.0 99.00
2015 06 16 13 50 340  6.1  6.7  0.35  3.03  2.85   1 1020.5   7.7   4.9   7.7 99.0 99.00
2015 06 16 14 50 332  5.7  6.4  0.39  3.13  3.00   6 1021.4   7.5   5.0   7.3 99.0 99.00
2015 06 16 15 50 337  6.0  6.9  0.35  3.13  3.08   6 1021.5   7.8   5.0 999.0 99.0 99.00
2015 06 16 16 50 343  5.0  5.6  0.35  3.33  3.08   8 1021.6   7.5   5.0   6.8 99.0 99.00
2015 06 16 17 50 335  4.9  5.4  0.36  3.45  3.03  15 1021.7   7.3   5.0   6.7 99.0 99.00
2015 06 16 18 50 337  5.1  5.6  0.38  3.45  3.09   3 1021.6   7.3   5.1   6.4 99.0 99.00
2015 06 16 19 50 336  6.3  7.0  0.37  3.57  3.12  19 1021.4   7.7   5.1   6.3 99.0 99.00
2015 06 16 20 50 347  6.1  6.8  0.44  3.33  3.08   2 1021.2   7.7   5.1   6.0 99.0 99.00
2015 06 16 21 50 355  6.2  7.2  0.52  3.85  3.33   5 1020.8   8.6   5.1   5.7 99.0 99.00
2015 06 16 22 50  11  5.5  6.0  0.66  4.17  3.66   9 1020.7   8.4   5.0   5.7 99.0 99.00
2015 06 16 23 50  15  4.6  5.2  0.62  4.17  3.67   4 1020.5   8.7   5.0   5.9 99.0 99.00
2015 06 17 00 50  14  4.4  4.9  0.66  4.35  3.62  12 1020.4   8.5   5.0   6.1 99.0 99.00
2015 06 17 01 50  17  4.6  5.1  0.59  4.35  3.62  15 1020.5   9.0   5.0   6.1 99.0 99.00
2015 06 17 02 50  13  4.2  4.6  0.51  4.17  3.57  15 1021.2   9.2   5.0   6.1 99.0 99.00
2015 06 17 03 50  22  3.2  3.5  0.48  4.55  3.61  14 1020.9   9.3   4.9   6.6 99.0 99.00
2015 06 17 04 50   4  3.6  3.9  0.44  4.17  3.51   7 1020.8   8.3   4.9   6.5 99.0 99.00
2015 06 17 05 50  11  3.1  3.4  0.39  4.55  3.55   8 1020.1   8.8   5.0   6.8 99.0 99.00
2015 06 17 06 50 350  3.3  3.6  0.35  4.17  3.45   4 1020.2   8.3   5.1   6.7 99.0 99.00
2015 06 17 07 50 326  3.7  4.2  0.30  3.70  3.39   6 1019.6   7.0   5.2   6.0 99.0 99.00
2015 06 17 08 50  14  3.7  4.1  0.26  4.00  3.35   5 1018.4   7.0   5.2   6.4 99.0 99.00
2015 06 17 09 50  65  3.1  3.6  0.22 99.00  3.30 999 1017.8   8.0   5.2   7.1 99.0 99.00
2015 06 17 10 50  51  4.0  4.8  0.21 99.00  3.26 999 1017.9   9.5   5.2   8.6 99.0 99.00
2015 06 17 11 50  78  1.5  2.0  0.20 99.00  3.31 999 1018.1  11.6   5.2  10.6 99.0 99.00
2015 06 17 12 50 340  2.6  3.1  0.17 99.00  3.27 999 1018.1   7.5   5.3   7.1 99.0 99.00
2015 06 17 13 50 341  1.5  2.0  0.14 99.00  3.35 999 1018.1   7.4   5.4   6.8 99.0 99.00
2015 06 17 14 50 342  2.2  3.6  0.16 99.00  3.52 999 1017.4   7.6   5.5   7.0 99.0 99.00
2015 06 17 15 50 315  3.0  4.2  0.14 99.00  3.48 999 1017.5   7.3   5.7   7.1 99.0 99.00
2015 06 17 16 50 358  2.1  2.5  0.13 99.00  3.37 999 1017.3   8.3   6.0   7.5 99.0 99.00
2015 06 17 17 50  19  0.6  1.4  0.13 99.00  3.38 999 1017.1   9.3   6.0   8.6 99.0 99.00
2015 06 17 18 50 148  1.1  1.9  0.16 99.00  3.03 999 1016.7   9.1   6.5   7.9 99.0 99.00
2015 06 17 19 50 295  1.1  1.5  0.15 99.00  2.93 999 1016.3  10.4   7.7   9.5 99.0 99.00
2015 06 17 20 50 288  2.5  3.0  0.13 99.00  3.06 999 1015.6  10.1   7.1   9.3 99.0 99.00
2015 06 17 21 50 309  3.2  3.5  0.13 99.00  3.22 999 1014.9  11.0   7.0  10.5 99.0 99.00
2015 06 17 22 50 325  1.2  1.5  0.11 99.00  3.09 999 1014.5  11.1   6.9  10.8 99.0 99.00
2015 06 17 23 50  52  1.0  1.6  0.10 99.00  3.11 999 1014.7  11.2   7.1  11.0 99.0 99.00
2015 06 18 00 50 129  2.5  2.7  0.11 99.00  3.47 999 1014.4  10.9   7.0  10.9 99.0 99.00
2015 06 18 01 50 171  2.4  2.8  0.09 99.00  3.50 999 1014.5  10.6   6.5  10.6 99.0 99.00
2015 06 18 02 50 172  3.2  4.2  0.10 99.00  3.22 999 1014.9   8.7   6.8   8.7 99.0 99.00
2015 06 18 03 50 206  2.6  2.8  0.10 99.00  3.37 999 1014.8   8.7   6.4   8.7 99.0 99.00
2015 06 18 04 50 185  3.3  3.6  0.07 99.00  3.13 999 1014.4   8.9   6.2   8.9 99.0 99.00
2015 06 18 05 50 188  2.4  2.5  0.06 99.00  3.11 999 1014.3   9.0   6.2   9.0 99.0 99.00
2015 06 18 06 50 203  2.6  2.8  0.06 99.00  3.05 999 1014.5   8.4   6.2   8.4 99.0 99.00
2015 06 18 07 50 188  3.3  3.5  0.05 99.00  3.17 999 1014.4   9.4   6.1   9.4 99.0 99.00
2015 06 18 08 50 164  3.5  3.7  0.05 99.00  3.04 999 1014.1   8.7   6.1   8.7 99.0 99.00
2015 06 18 09 50 181  2.9  3.5  0.06 99.00  3.10 999 1013.9   8.4   6.0   8.4 99.0 99.00
2015 06 18 10 50 173  3.8  4.2  0.05 99.00  3.49 999 1013.6   8.4   6.0   8.4 99.0 99.00
2015 06 18 11 50 179  4.3  4.6  0.04 99.00  3.20 999 1013.4   9.4   6.0   9.4 99.0 99.00
2015 06 18 12 50 170  3.2  3.9  0.04 99.00  3.28 999 1013.5   9.6   6.0   9.6 99.0 99.00
2015 06 18 13 50 164  2.5  3.9 99.00 99.00 99.00 999 1013.6   9.4   6.1   9.4 99.0 99.00
2015 06 18 14 50 174  3.4  4.1 99.00 99.00 99.00 999 1013.6   9.4   6.1   9.4 99.0 99.00
2015 06 18 15 50 201  3.8  4.3  0.09 99.00  3.64 999 1013.5  10.1   6.1  10.1 99.0 99.00
2015 06 18 16 50 186  3.0  3.4  0.05 99.00  2.66 999 1013.5  10.4   6.2  10.4 99.0 99.00
2015 06 18 17 50 183  1.2  2.3  0.06 99.00  2.64 999 1013.3  10.3   6.7  10.3 99.0 99.00
2015 06 18 18 50 215  3.2  3.5  0.07 99.00  3.13 999 1013.0  11.2   7.3  11.2 99.0 99.00
2015 06 18 19 50 204  2.8  3.2  0.08 99.00  2.49 999 1013.3  10.0   7.3  10.0 99.0 99.00
2015 06 18 20 50 221  2.4  2.7  0.09 99.00  2.46 999 1012.9  10.5   7.7  10.5 99.0 99.00
2015 06 18 21 50 234  3.0  3.3 99.00 99.00 99.00 999 1013.0  11.7   7.6  11.7 99.0 99.00
2015 06 18 22 50 352  6.6  7.5  0.10 99.00  2.61 999 1013.7   9.9   7.0   9.9 99.0 99.00
2015 06 18 23 50 347  4.6  5.0  0.24 99.00  2.70 999 1014.5   9.8   6.4   9.8 99.0 99.00
2015 06 19 00 50 354  7.1  8.1  0.44  3.03  2.92 349 1014.7   9.5   6.2   8.9 99.0 99.00
2015 06 19 01 50 350  5.2  6.0  0.57  3.57  3.33 350 1016.1   9.3   5.7   8.6 99.0 99.00
2015 06 19 02 50 344  5.5  5.9  0.66  3.85  3.50 355 1017.2   8.7   5.6   8.2 99.0 99.00
2015 06 19 03 50 356  7.5  8.4  0.69  3.85  3.49 359 1017.3   9.1   5.6   8.1 99.0 99.00
2015 06 19 04 50 359  7.1  7.8  0.77  4.35  3.57 338 1017.7   9.2   5.8   7.8 99.0 99.00
2015 06 19 05 50 359  7.3  8.6  0.78  4.35  3.67 344 1018.0   9.1   5.7   7.8 99.0 99.00
2015 06 19 06 50  10  5.6  6.2  0.94  4.35  4.02 355 1018.4   9.0   5.6   8.1 99.0 99.00
2015 06 19 07 50   3  5.2  5.9  0.88  5.00  4.02 356 1018.5   8.8   5.5   8.0 99.0 99.00
2015 06 19 08 50   8  6.6  7.6  0.75  5.00  3.85 354 1018.3   9.1   5.5   8.3 99.0 99.00
2015 06 19 09 50  21  4.5  5.0  0.74  4.76  3.87 356 1019.3   9.0   5.5   8.2 99.0 99.00
2015 06 19 10 50  13  5.2  5.6  0.69  4.35  3.76 358 1019.7   8.8   5.4   7.8 99.0 99.00
2015 06 19 11 50  14  4.3  4.7  0.69  5.00  3.85 359 1019.8   8.6   5.4   7.6 99.0 99.00
2015 06 19 12 50  15  3.5  3.7  0.55  5.00  3.74 357 1020.2   8.3   5.4   7.7 99.0 99.00
2015 06 19 13 50   3  3.4  3.5  0.50  4.17  3.59 354 1020.3   8.3   5.5   8.0 99.0 99.00
2015 06 19 14 50 346  3.7  4.2  0.49  4.17  3.61 351 1020.5   7.9   5.5   7.7 99.0 99.00
2015 06 19 15 50 346  4.6  5.1  0.45  4.35  3.51 349 1020.0   7.7   5.7   7.5 99.0 99.00
2015 06 19 16 50 342  5.1  5.7  0.42  4.55  3.45 347 1020.1   7.7   5.8   7.5 99.0 99.00
2015 06 19 17 50 345  3.5  3.8  0.42  4.17  3.32 348 1019.8   7.8   5.9   7.6 99.0 99.00
2015 06 19 18 50 342  4.2  5.1 99.00 99.00 99.00 999 1019.3   7.7   6.0   7.4 99.0 99.00
2015 06 19 19 50 345  3.8  4.1  0.40  2.94  3.15   2 1018.7   8.1   6.0   7.4 99.0 99.00
2015 06 19 20 50 342  4.7  5.4  0.43  3.45  3.19  17 1018.1   8.1   6.1   7.2 99.0 99.00
2015 06 19 21 50 360  4.8  5.5  0.39  4.35  3.28   2 1016.9   8.3   6.0   7.4 99.0 99.00
2015 06 19 22 50   6  5.2  5.7  0.39  3.13  3.24 360 1016.2   8.8   6.0   7.4 99.0 99.00
2015 06 19 23 50  12  4.4  4.8  0.44  3.23  3.14 350 1016.3   9.0   5.9   7.5 99.0 99.00
2015 06 20 00 50  29  3.7  4.0  0.43  3.45  3.16   4 1016.3   9.3   5.9   7.7 99.0 99.00
2015 06 20 01 50  19  3.8  3.9  0.40  3.33  3.16   2 1016.3   9.6   6.0   8.1 99.0 99.00
2015 06 20 02 50  20  3.8  4.0  0.34  3.13  3.19   2 1016.4  10.1   5.9   8.4 99.0 99.00
2015 06 20 03 50 360  3.3  3.5  0.33  3.45  3.33   3 1016.4   9.5   5.9   8.2 99.0 99.00
2015 06 20 04 50  43  3.9  4.1  0.30  3.85  3.28   5 1015.3  10.3   6.0   9.1 99.0 99.00
2015 06 20 05 50  47  3.4  3.6  0.32  3.45  3.31 360 1014.8  10.7   6.0  10.2 99.0 99.00
2015 06 20 06 50  68  4.0  4.2  0.30  4.00  3.39   1 1014.3  11.5   5.9  10.9 99.0 99.00
2015 06 20 07 50  84  4.2  4.5  0.31  4.17  3.43   2 1013.3  10.8   5.9  10.5 99.0 99.00
2015 06 20 08 50 107  4.5  4.9 99.00 99.00 99.00 999 1012.6  10.8   6.2  10.7 99.0 99.00
2015 06 20 09 50  77  2.8  3.0  0.27  4.00  3.33 357 1013.1  10.6   6.2  10.6 99.0 99.00
2015 06 20 10 50  87  3.6  3.8  0.28  3.70  3.01 348 1012.4  10.5   6.1  10.5 99.0 99.00
2015 06 20 11 50  27  3.2  3.5  0.28  3.03  2.99  53 1013.1  10.2   6.0  10.2 99.0 99.00
2015 06 20 12 50  77  3.8  4.0  0.35  3.45  3.19  60 1012.5  10.4   6.0  10.4 99.0 99.00
2015 06 20 13 50  40  2.1  2.4  0.36  3.57  3.25  55 1013.8  10.4   6.1  10.4 99.0 99.00
2015 06 20 14 50  60  3.4  3.5  0.31  3.45  3.19  61 1013.6  11.7   6.4  11.7 99.0 99.00
2015 06 20 15 50 327  2.0  2.2  0.25  3.45  3.05  49 1013.9   9.4   6.7   9.4 99.0 99.00
2015 06 20 16 50 102  2.1  2.7  0.23 99.00  3.06 999 1011.3  11.2   7.4  11.2 99.0 99.00
2015 06 20 17 50 158  4.2  4.5  0.19 99.00  2.99 999 1009.9  10.4   7.0  10.4 99.0 99.00
2015 06 20 18 50 152  5.2  5.7  0.18 99.00  2.98 999 1008.6  10.4   6.6  10.4 99.0 99.00
2015 06 20 19 50 167  2.8  3.2  0.17 99.00  2.77 999 1008.5  10.4   6.6  10.4 99.0 99.00
2015 06 20 20 50 220  2.9  3.2  0.13 99.00  2.73 999 1009.9   9.7   7.2   9.6 99.0 99.00
2015 06 20 21 50 217  3.5  4.0  0.12 99.00  2.87 999 1009.6  10.9   7.2  10.9 99.0 99.00
2015 06 20 22 50 207  5.1  5.7  0.09 99.00  2.81 999 1009.5  11.0   7.2  11.0 99.0 99.00
2015 06 20 23 50 215  3.3  3.7  0.08 99.00  3.15 999 1009.1  11.7   7.3  11.7 99.0 99.00
2015 06 21 00 50 187  3.9  4.6  0.08 99.00  3.17 999 1008.8  12.3   7.3  12.3 99.0 99.00
2015 06 21 01 50 200  5.3  6.3  0.09 99.00  3.42 999 1008.8  12.1   7.0  12.1 99.0 99.00
2015 06 21 02 50 224  4.7  5.2  0.08 99.00  3.04 999 1009.5  11.3   6.9  11.3 99.0 99.00
2015 06 21 03 50 226  3.9  4.2  0.08 99.00  2.89 999 1009.2  11.2   6.8  11.2 99.0 99.00
2015 06 21 04 50 223  3.7  4.3  0.10 99.00  2.97 999 1008.8  10.9   6.8  10.9 99.0 99.00
2015 06 21 05 50 235  4.0  4.5  0.08 99.00  2.87 999 1009.4  10.8   6.8  10.8 99.0 99.00
2015 06 21 06 50 260  3.7  4.3  0.07 99.00  2.88 999 1009.7  11.2   6.8  11.2 99.0 99.00
2015 06 21 07 50 250  2.1  2.4  0.07 99.00  2.81 999 1009.5  11.1   6.7  11.1 99.0 99.00
2015 06 21 08 50 227  2.1  2.5  0.07 99.00  2.97 999 1009.6  10.5   6.7  10.5 99.0 99.00
2015 06 21 09 50 265  2.6  2.8  0.06 99.00  2.87 999 1010.0  11.0   6.5  11.0 99.0 99.00
2015 06 21 10 50 254  3.3  3.5  0.05 99.00  2.96 999 1010.2  12.1   6.5  12.1 99.0 99.00
2015 06 21 11 50 239  3.0  3.6  0.05 99.00  2.92 999 1010.7  11.1   6.6  11.1 99.0 99.00
2015 06 21 12 50 250  3.0  3.3  0.05 99.00  3.09 999 1011.1   9.5   6.7   9.5 99.0 99.00
2015 06 21 13 50 221  2.8  3.0  0.04 99.00  2.82 999 1011.7   9.1   6.8   9.1 99.0 99.00
2015 06 21 14 50 237  3.7  3.9  0.05 99.00  3.35 999 1012.6   9.6   7.0   9.6 99.0 99.00
2015 06 21 15 50 235  2.8  3.4  0.10 99.00  4.03 999 1012.9   9.5   7.4   9.5 99.0 99.00
2015 06 21 16 50 213  2.8  2.9  0.15 99.00  3.65 999 1013.6  10.0   7.8  10.0 99.0 99.00
2015 06 21 17 50 234  1.1  1.5  0.14 99.00  3.33 999 1013.4  12.3   9.3  12.3 99.0 99.00
2015 06 21 18 50 180  3.3  3.5  0.12 99.00  3.21 999 1013.3  11.6   9.5  11.6 99.0 99.00
2015 06 21 19 50 186  3.7  3.9  0.14 99.00  2.95 999 1013.4  12.4   9.1  12.4 99.0 99.00
2015 06 21 20 50 172  2.1  2.6  0.08 99.00  2.85 999 1013.5  12.4   9.2  12.4 99.0 99.00
2015 06 21 21 50 178  3.7  4.2  0.08 99.00  3.23 999 1013.3  14.4   9.6  14.1 99.0 99.00
2015 06 21 22 50 118  2.3  2.5  0.07 99.00  3.00 999 1013.6  12.5   9.4  12.3 99.0 99.00
2015 06 21 23 50 143  3.7  3.9  0.06 99.00  3.03 999 1013.3  15.1   9.4  15.1 99.0 99.00
2015 06 22 00 50 140  4.1  4.3  0.09 99.00  2.93 999 1013.2  15.7   9.2  15.7 99.0 99.00
2015 06 22 01 50 163  2.8  3.7  0.07 99.00  3.34 999 1013.5  13.9   8.9  13.9 99.0 99.00
2015 06 22 02 50 173  4.1  4.5  0.05 99.00  3.08 999 1013.8  13.8   8.8  13.8 99.0 99.00
2015 06 22 03 50 171  3.4  3.6  0.08 99.00  3.08 999 1013.7  13.8   8.2  13.8 99.0 99.00
2015 06 22 04 50 175  3.7  4.2  0.06 99.00  3.60 999 1013.8  13.8   7.9  13.8 99.0 99.00
2015 06 22 05 50 172  2.1  2.7  0.06 99.00  3.32 999 1013.9  13.1   8.0  13.1 99.0 99.00
2015 06 22 06 50 214  2.0  2.5  0.06 99.00  3.25 999 1014.6  12.1   8.0  12.1 99.0 99.00
2015 06 22 07 50 269  1.3  1.7  0.06 99.00  3.07 999 1014.0  12.5   7.8  12.5 99.0 99.00
2015 06 22 08 50 227  1.1  1.5  0.06 99.00  2.83 999 1014.3  12.4   7.7  12.4 99.0 99.00
2015 06 22 09 50 180  0.1  0.4  0.12 99.00  3.66 999 1014.0  11.7   8.0  11.7 99.0 99.00
2015 06 22 10 50 175  1.6  2.1  0.06 99.00  3.23 999 1014.0  12.2   8.0  12.2 99.0 99.00
2015 06 22 11 50 160  4.1  4.6  0.06 99.00  3.32 999 1013.4  10.7   7.8  10.7 99.0 99.00
2015 06 22 12 50 151  4.7  5.2  0.04 99.00  3.05 999 1012.0  12.1   7.8  12.1 99.0 99.00
2015 06 22 13 50 171  4.1  4.8  0.04 99.00  2.91 999 1013.0  11.8   8.0  11.8 99.0 99.00
2015 06 22 14 50 176  4.8  5.4  0.07 99.00  3.20 999 1012.8  11.6   7.9  11.6 99.0 99.00
2015 06 22 15 50 169  6.0  6.6  0.10 99.00  2.54 999 1012.3  13.1   7.7  13.1 99.0 99.00
2015 06 22 16 50 204  4.5  5.2  0.17 99.00  2.42 999 1013.8  12.5   7.6  12.5 99.0 99.00
2015 06 22 17 50 231  6.6  7.7  0.21 99.00  2.48 999 1013.4  12.9   7.5  12.9 99.0 99.00
2015 06 22 18 50 180  6.9  8.2  0.51  2.94  2.87 191 1005.9  12.8   6.9  12.8 99.0 99.00
2015 06 22 19 50 189 11.6 13.3  0.46  3.23  2.94 190 1005.0  14.0   6.8  14.0 99.0 99.00
2015 06 22 20 50 197  8.6 10.0  0.80  3.85  3.48 188 1005.2  13.4   6.5  13.4 99.0 99.00
2015 06 22 21 50 213  6.7  7.6  0.78  4.35  3.62 182 1006.0  12.6   6.4  12.6 99.0 99.00
2015 08 17 18 50 168  5.0  5.7  0.31  3.33  3.08 179 1015.2  24.0  23.7  22.4 99.0 99.00
2015 08 17 19 50 162  4.3  4.9  0.30  3.03  2.92 182 1014.3  24.4  23.9  22.5 99.0 99.00
2015 08 17 21 50 167  6.3  7.4  0.25  3.33  2.97 184 1013.3  25.2  23.9  21.9 99.0 99.00
2015 08 17 22 50 198  5.3  6.2  0.32  3.03  2.82 196 1013.9  24.5  23.8  21.5 99.0 99.00
2015 08 17 23 50 187  5.1  6.2 99.00 99.00 99.00 999 1014.1  24.2  23.8  21.7 99.0 99.00
2015 08 18 00 50 202  5.1  6.3  0.34  3.45  3.09 202 1014.5  24.1  23.7  21.2 99.0 99.00
2015 08 18 01 50 186  2.8  3.4  0.48  4.17  3.50 216 1014.3  23.8  23.7  21.7 99.0 99.00
2015 08 18 02 50 173  8.3  9.9  0.40  3.85  3.19 208 1014.0  23.5  23.6  21.7 99.0 99.00
2015 08 18 03 50 182  8.6 10.1 99.00 99.00 99.00 999 1013.5  23.8  23.6  21.3 99.0 99.00
2015 08 18 04 50 202  6.2  7.1  0.65  4.17  3.53 172 1013.1  23.1  23.6  21.0 99.0 99.00
2015 08 18 05 50 200  5.7  6.9  0.63  4.17  3.60 176 1012.9  23.1  23.5  20.9 99.0 99.00
2015 08 18 06 50 196  5.4  6.6  0.58  4.35  3.57 170 1012.6  23.3  23.5  20.5 99.0 99.00
2015 08 18 07 50 204  5.2  6.0  0.67  4.35  3.68 179 1012.2  23.4  23.5  21.1 99.0 99.00
2015 08 18 08 50 181  6.2  7.1 99.00 99.00 99.00 999 1011.8  23.1  23.4  21.0 99.0 99.00
2015 08 18 09 50 195  6.9  7.8  0.62  4.35  3.47 188 1011.9  22.7  23.4  20.8 99.0 99.00
2015 08 18 10 50 206  6.9  8.2  0.66  4.17  3.47 187 1012.1  22.5  23.4  20.6 99.0 99.00
2015 08 18 11 50 206  7.3  9.5  0.65  4.17  3.48 182 1012.5  22.3  23.4  21.1 99.0 99.00
2015 08 18 12 50 218  6.7  7.8  0.70  4.17  3.49 190 1012.0  22.1  23.3  20.5 99.0 99.00
2015 08 18 13 50 246  3.6  4.5  0.66  4.55  3.66 183 1011.8  22.1  23.3  19.9 99.0 99.00
2015 08 18 14 50 188  1.9  2.4  0.63  4.76  3.78 190 1011.4  22.4  23.4  20.0 99.0 99.00
2015 08 18 15 50 160  3.5  4.3  0.54  4.76  3.85 194 1011.0  22.4  23.4  19.9 99.0 99.00
2015 08 18 16 50 147  4.7  5.5  0.44  4.76  3.68 184 1010.9  22.3  23.4  19.5 99.0 99.00
2015 08 18 17 50 141  4.8  5.6  0.41  4.35  3.39 183 1010.4  22.1  23.4  20.2 99.0 99.00
2015 08 18 18 50 190  4.6  5.6  0.33  4.00  3.23 188 1009.8  22.4  23.5  19.7 99.0 99.00
2015 08 18 19 50 182  5.8  6.7  0.33  3.70  3.08 183 1009.4  22.6  23.5  20.0 99.0 99.00
2015 08 18 20 50 171  5.1  6.1  0.41  3.85  3.18 174 1008.4  22.9  23.5  20.0 99.0 99.00
2015 08 18 21 50 148  5.5  6.4  0.35  3.85  3.16 179 1007.2  23.0  23.6  20.4 99.0 99.00
2015 08 18 22 50 144  5.0  5.7  0.37  3.85  3.17 184 1006.6  23.2  23.6  21.1 99.0 99.00
2015 08 18 23 50 150  5.8  6.7 99.00 99.00 99.00 999 1006.5  23.8  23.6  21.4 99.0 99.00
2015 08 19 00 50 138  5.8  6.6 99.00 99.00 99.00 999 1006.3  23.8  23.6  21.6 99.0 99.00
2015 08 19 01 50 140  7.7  8.8  0.29  3.13  2.72 192 1005.4  24.0  23.5  22.2 99.0 99.00
2015 08 19 02 50 170 13.8 20.1  0.41  2.94  2.81 172 1005.3  22.8  23.5  21.4 99.0 99.00
2015 08 19 03 50 173 13.3 99.0 99.00 99.00 99.00 999 1005.2  21.7  23.0  20.6 99.0 99.00
2015 08 19 04 50 182 10.2 12.3  1.30  5.00  4.06 198 1004.9  22.8  22.7  20.6 99.0 99.00
2015 08 19 05 50 187 10.8 13.4  1.21  5.26  4.02 190 1004.4  22.8  22.6  20.8 99.0 99.00
2015 08 19 06 50 190 11.2 14.3 99.00 99.00 99.00 999 1003.9  23.2  22.5  20.9 99.0 99.00
2015 08 19 07 50 196 11.8 14.1  1.64  5.56  4.52 195 1003.6  22.8  22.4  20.6 99.0 99.00
2015 08 19 08 50 194 10.0 12.0  1.59  5.56  4.55 188 1003.8  22.8  22.3  20.7 99.0 99.00
2015 08 19 09 50 190  9.3 10.8  1.52  5.88  4.60 186 1003.3  22.5  22.3  20.4 99.0 99.00
2015 08 19 10 50 184  9.0 10.6  1.41  5.56  4.50 183 1003.2  22.6  22.3  20.7 99.0 99.00
2015 08 19 11 50 186 10.7 12.8  1.21  5.56  4.35 191 1003.6  22.7  22.3  20.5 99.0 99.00
2015 08 19 12 50 192 11.1 14.0  1.30  5.56  4.44 183 1003.5  22.7  22.1  20.5 99.0 99.00
2015 08 19 13 50 194  9.4 10.9  1.41  5.88  4.60 180 1003.4  22.6  22.1  20.6 99.0 99.00
2015 08 19 14 50 184  9.0 10.8  1.21  5.88  4.54 183 1003.1  22.7  22.0  20.5 99.0 99.00
2015 08 19 15 50 188 11.1 13.1  1.33  5.56  4.56 186 1003.7  22.7  22.1  20.1 99.0 99.00
2015 08 19 16 50 189 10.9 13.6  1.32  5.88  4.41 186 1004.1  22.6  22.0  20.2 99.0 99.00
2015 08 19 17 50 205 10.5 13.4  1.35  5.26  4.43 186 1004.7  22.4  22.0  17.3 99.0 99.00
2015 08 19 18 50 216 10.4 12.3  1.32  5.56  4.30 184 1004.9  22.3  22.0  14.5 99.0 99.00
2015 08 19 19 50 211  8.6 10.2  1.27  5.56  4.20 184 1004.6  22.0  22.1  15.5 99.0 99.00
2015 08 19 20 50 209  7.9  9.0  1.11  5.56  4.07 186 1004.5  22.3  22.1  16.2 99.0 99.00
2015 08 19 21 50 235  8.1  9.7  1.06  5.00  3.91 186 1004.2  22.2  22.1  15.7 99.0 99.00
2015 08 19 22 50 237  9.0 10.8  0.95  4.35  3.75 209 1004.3  21.9  22.1  15.9 99.0 99.00
2015 08 19 23 50 246  9.9 12.1  1.02  5.00  3.74 195 1004.3  21.5  22.1  15.7 99.0 99.00
2015 08 20 00 50 243  9.3 11.2  0.93  4.17  3.70 236 1004.8  20.7  22.1  15.9 99.0 99.00
2015 08 20 01 50 251  8.9 10.4  1.12  4.35  3.86 221 1005.3  20.3  22.0  15.1 99.0 99.00
2015 08 20 02 50 230  9.4 11.3  1.12  4.55  3.98 213 1005.8  19.6  21.9  13.8 99.0 99.00
2015 08 20 03 50 236  8.1 10.8 99.00 99.00 99.00 999 1005.9  19.1  21.7  13.5 99.0 99.00
2015 08 20 04 50 233  9.5 11.3  1.05  5.00  4.05 206 1005.5  18.8  21.5  14.2 99.0 99.00
2015 08 20 05 50 229  9.2 10.8  1.06  5.26  4.10 196 1005.2  18.5  21.4  14.6 99.0 99.00
2015 08 20 06 50 227 10.2 12.4  1.07  5.00  4.22 211 1004.6  18.6  21.3  14.9 99.0 99.00
2015 08 20 07 50 228 11.1 12.9  1.14  4.76  4.18 207 1004.2  18.5  21.3  15.3 99.0 99.00
2015 08 20 08 50 233 10.8 12.9 99.00 99.00 99.00 999 1004.0  18.3  21.2  15.3 99.0 99.00
2015 08 20 09 50 250 11.8 14.6 99.00 99.00 99.00 999 1004.3  17.9  21.2  15.0 99.0 99.00
2015 08 20 10 50 237 11.3 99.0 99.00 99.00 99.00 999 9999.0  18.1 999.0  15.1 99.0 99.00
2015 08 20 11 50 237 11.3 14.4  1.51  5.56  4.46 207 1005.4  18.0  21.1  14.2 99.0 99.00
2015 08 20 12 50 248 11.4 14.1  1.44  5.26  4.32 204 1006.1  17.6  21.0  13.8 99.0 99.00
2015 08 20 13 50 248 11.5 13.6 99.00 99.00 99.00 999 1006.6  17.3  21.0  13.6 99.0 99.00
2015 08 20 14 50 256 10.8 12.6  1.37  5.26  4.08 205 1007.4  17.1  20.9  12.8 99.0 99.00
2015 08 20 15 50 245 10.9 13.2  1.44  5.00  4.22 210 1008.4  17.2  20.8  12.7 99.0 99.00
2015 08 20 16 50 241 10.8 13.3  1.40  5.26  4.24 214 1009.0  17.1  20.7  13.0 99.0 99.00
2015 08 20 17 50 245  9.9 11.7 99.00 99.00 99.00 999 1009.6  17.5  20.7  12.7 99.0 99.00
2015 08 20 18 50 249  8.8 10.9  1.24  5.56  4.26 207 1010.4  17.9  20.5  12.5 99.0 99.00
2015 08 20 19 50 257  8.8 10.2  1.10  5.26  4.25 216 1011.0  17.9  20.4  12.3 99.0 99.00
2015 08 20 20 50 266  8.0  9.6 99.00 99.00 99.00 999 1011.3  18.1  20.4  12.3 99.0 99.00
2015 08 20 21 50 264  7.2  8.5  0.85  4.55  3.91 222 1011.7  18.6  20.3  11.9 99.0 99.00
2015 08 20 22 50 277  5.4  6.5  0.77  4.55  3.78 231 1012.6  18.9  20.3  11.6 99.0 99.00
2015 08 20 23 50 298  3.5  4.2  0.63  4.35  3.72 244 1013.1  19.0  20.3  12.1 99.0 99.00
2015 08 21 00 50 297  2.2  2.8  0.53  3.70  3.65 267 1013.7  19.0  20.4  12.0 99.0 99.00
2015 08 21 01 50 240  1.5  1.9  0.43  3.70  3.57 267 1014.2  19.3  20.5  12.3 99.0 99.00
2015 08 21 02 50 255  0.7  1.0  0.36  4.00  3.48 304 1014.6  19.2  20.5  12.3 99.0 99.00
2015 08 21 03 50 190  1.7  2.1 99.00 99.00 99.00 999 1014.9  19.4  20.5  12.3 99.0 99.00
2015 08 21 04 50 215  2.3  2.9  0.27  3.45  3.20 313 1015.7  19.7  20.5  12.7 99.0 99.00
2015 08 21 05 50 213  2.8  3.3  0.25  2.94  3.16 274 1016.2  20.0  20.5  12.7 99.0 99.00
2015 08 21 06 50 212  2.8  3.5  0.22 99.00  3.12 999 1016.8  20.2  20.6  11.6 99.0 99.00
2015 08 21 07 50 203  2.3  2.7  0.20 99.00  3.07 999 1017.0  20.3  20.6  11.8 99.0 99.00
2015 08 21 08 50 210  1.9  2.1 99.00 99.00 99.00 999 1017.1  20.3  20.6  11.8 99.0 99.00
2015 08 21 09 50 204  2.5  2.8  0.17 99.00  3.02 999 1017.2  20.3  20.5  12.5 99.0 99.00
2015 08 21 10 50 224  3.8  4.3  0.15 99.00  3.18 999 1017.4  19.6  20.4  15.4 99.0 99.00
2015 08 21 11 50 213  3.1  3.8  0.14 99.00  3.23 999 1017.8  19.5  20.4  15.0 99.0 99.00
2015 08 21 12 50 229  4.9  5.5  0.17 99.00  3.04 999 1018.5  19.7  20.3  14.5 99.0 99.00
2015 08 21 13 50 231  4.2  5.0  0.21 99.00  3.00 999 1018.9  19.3  20.3  14.7 99.0 99.00
2015 08 21 14 50 224  3.5  4.2  0.25 99.00  3.07 999 1019.2  19.8  20.3  13.9 99.0 99.00
2015 08 21 15 50 205  3.1  3.7  0.25 99.00  3.08 999 1019.4  20.4  20.3  14.3 99.0 99.00
2015 08 21 16 50 184  3.3  3.9  0.24 99.00  3.05 999 1019.3  20.8  20.5  15.2 99.0 99.00
2015 08 21 17 50 161  5.5  6.2  0.19 99.00  2.95 999 1018.9  21.0  20.6  15.8 99.0 99.00
2015 08 21 18 50 161  7.4  8.4 99.00 99.00 99.00 999 1018.4  21.4  20.6  16.0 99.0 99.00
2015 08 21 19 50 160  6.4  7.2  0.38  3.23  2.82 188 1018.1  21.5  20.6  16.5 99.0 99.00
2015 08 21 20 50 164  6.4  7.5  0.48  3.33  3.01 188 1017.8  21.8  20.6  17.2 99.0 99.00
2015 08 21 21 50 168  6.9  7.9  0.53  3.33  3.05 189 1017.4  22.2  20.7  18.0 99.0 99.00
2015 08 21 22 50 170  7.1  8.1 99.00 99.00 99.00 999 1017.3  22.5  20.7  18.1 99.0 99.00
2015 08 21 23 50 175  7.6  8.8  0.55  3.57  3.14 199 1017.0  22.7  20.7  18.3 99.0 99.00
2015 08 22 00 50 176  7.4  8.4  0.54  3.57  3.10 196 1017.1  22.7  20.8  18.7 99.0 99.00
2015 08 22 01 50 177  6.8  7.7  0.52  3.70  3.12 193 1017.6  22.6  20.9  19.1 99.0 99.00
2015 08 22 02 50 181  7.3  8.1  0.53  3.57  3.25 190 1017.8  22.6  21.0  19.0 99.0 99.00
2015 08 22 03 50 186  6.9  7.9  0.55  3.70  3.18 195 1017.9  22.4  20.9  19.2 99.0 99.00
2015 08 22 04 50 189  6.7  7.5  0.50  3.45  3.23 189 1018.0  22.2  20.9  19.3 99.0 99.00
2015 08 22 05 50 194  6.6  7.3 99.00 99.00 99.00 999 1018.2  22.0  20.9  19.1 99.0 99.00
2015 08 22 06 50 195  6.4  7.5 99.00 99.00 99.00 999 1018.2  21.9  20.8  18.8 99.0 99.00
2015 08 22 07 50 198  5.0  5.9  0.49  4.00  3.41 200 1018.3  21.6  20.7  18.9 99.0 99.00
2015 08 22 08 50 198  4.8  5.5  0.52  4.00  3.61 199 1018.6  21.4  20.6  18.6 99.0 99.00
2015 08 22 09 50 197  3.7  4.4 99.00 99.00 99.00 999 1018.9  21.2  20.5  18.5 99.0 99.00
2015 08 22 10 50 183  3.3  3.7  0.47  4.17  3.69 205 1019.4  21.1  20.5  18.5 99.0 99.00
2015 08 22 11 50 182  3.3  3.9  0.37  3.85  3.58 190 1019.8  21.1  20.4  19.0 99.0 99.00
2015 08 22 12 50 183  4.1  4.6  0.32  3.85  3.34 188 1019.9  21.3  20.4  18.8 99.0 99.00
2015 08 22 13 50 185  4.1  4.9  0.34  3.70  3.21 186 1019.9  21.3  20.4  17.9 99.0 99.00
2015 08 22 14 50 169  4.6  5.5  0.34  3.85  3.23 189 1019.8  21.4  20.5  18.0 99.0 99.00
2015 08 22 15 50 171  5.7  6.6  0.34  3.57  3.06 187 1019.9  21.4  20.6  17.9 99.0 99.00
2015 08 22 16 50 180  6.1  7.1 99.00 99.00 99.00 999 1019.7  22.0  20.8  17.5 99.0 99.00
2015 08 22 17 50 175  5.8  6.3  0.41  3.45  3.03 184 1019.5  21.8  21.1  17.5 99.0 99.00
2015 08 22 18 50 165  5.0  5.7 99.00 99.00 99.00 999 1018.9  22.1  21.4  17.6 99.0 99.00
2015 08 22 19 50 164  3.4  4.1  0.35  3.45  2.99 184 1018.4  22.2  21.6  17.5 99.0 99.00
2015 08 22 20 50 150  2.2  2.5  0.32  3.33  3.05 186 1017.7  22.3  21.7  17.7 99.0 99.00
2015 08 22 21 50 122  2.4  2.8  0.30  3.33  3.18 180 1017.0  22.2  21.6  17.8 99.0 99.00
2015 08 22 22 50 109  2.5  2.8  0.25  3.45  3.24 181 1016.4  22.0  21.4  18.7 99.0 99.00
2015 08 22 23 50 113  3.0  3.6  0.21 99.00  3.14 999 1015.7  22.0  21.5  19.0 99.0 99.00
2015 08 23 00 50 128  3.6  4.3  0.17 99.00  3.09 999 1015.3  22.4  21.6  18.9 99.0 99.00
2015 08 23 01 50 142  5.8  6.9  0.19 99.00  2.87 999 1015.1  22.6  21.3  18.6 99.0 99.00
2015 08 23 02 50 164  5.7  6.9  0.23 99.00  2.83 999 1016.1  22.5  20.8  18.5 99.0 99.00
2015 08 23 03 50 171  5.5  6.3  0.33  3.03  3.02 163 1016.3  22.1  20.6  18.7 99.0 99.00
2015 08 23 04 50 162  5.3  6.1  0.45  3.70  3.41 183 1015.7  21.9  20.6  18.3 99.0 99.00
2015 08 23 05 50 161  5.9  6.6  0.50  3.70  3.30 181 1014.8  21.8  20.7  18.4 99.0 99.00
2015 08 23 06 50 156  6.1  7.0  0.46  3.33  3.12 166 1013.7  21.8  20.9  18.6 99.0 99.00
2015 08 23 07 50 164  6.9  7.9  0.44  3.57  3.02 185 1013.0  21.7  21.0  18.5 99.0 99.00
2015 08 23 08 50 166  7.0  8.0  0.47  3.45  3.05 169 1012.4  21.7  21.0  18.8 99.0 99.00
2015 08 23 09 50 170  8.1  9.6  0.63  3.57  3.08 161 1011.7  21.8  21.1  18.6 99.0 99.00
2015 08 23 10 50 176  8.4  9.5  0.65  3.85  3.19 169 1011.4  21.8  21.1  18.7 99.0 99.00
2015 08 23 11 50 176  9.1 10.8  0.74  4.00  3.31 169 1010.1  21.8  21.2  18.9 99.0 99.00
2015 08 23 12 50 176 10.4 12.4  0.97  4.35  3.66 165 1009.7  21.7  21.3  19.0 99.0 99.00
2015 08 23 13 50 187 10.1 12.1 99.00 99.00 99.00 999 1009.8  21.6  21.2  19.6 99.0 99.00
2015 08 23 14 50 189  8.8 10.7  1.17  5.26  4.12 192 1009.2  21.5  20.9  19.9 99.0 99.00
2015 08 23 15 50 212  8.8 11.4  1.25  5.00  4.16 182 1009.2  21.3  21.2  19.9 99.0 99.00
2015 08 23 16 50 205  8.8 10.3  1.09  5.00  4.11 181 1008.5  20.8  21.3  20.2 99.0 99.00
2015 08 23 17 50 257  8.6 10.5 99.00 99.00 99.00 999 1008.6  20.1  21.6  17.8 99.0 99.00
2015 08 23 18 50 255  7.6  9.2  0.97  5.56  4.29 181 1009.0  20.5  21.6  15.0 99.0 99.00
2015 08 23 19 50 254  8.0  9.6  0.87  5.26  4.30 182 1009.4  20.7  21.5  14.5 99.0 99.00
2015 08 23 20 50 280  8.2 10.2 99.00 99.00 99.00 999 1010.1  20.3  21.2  15.1 99.0 99.00
2015 08 23 21 50 295  7.9  9.8  0.76  5.00  3.58 177 1010.5  19.6  20.6  14.4 99.0 99.00
2015 08 23 22 50 309  6.8  7.7  0.82  4.00  3.62 296 1010.9  19.6  20.2  13.9 99.0 99.00
2015 08 23 23 50 317  3.4  4.1  0.78  4.55  3.85 206 1011.1  19.7  19.9  13.6 99.0 99.00
2015 08 24 00 50 273  0.8  1.2  0.71  4.35  3.93 266 1011.2  19.6  19.8  13.1 99.0 99.00
2015 08 24 01 50 255  2.6  3.0  0.58  3.85  3.81 245 1011.9  19.6  19.9  13.4 99.0 99.00
2015 08 24 02 50 271  4.9  5.9  0.51  4.35  3.72 310 1012.0  19.7  20.0  14.0 99.0 99.00
2015 08 24 03 50 243  4.8  5.6  0.41  4.00  3.41 309 1011.8  19.8  20.3  14.1 99.0 99.00
2015 08 24 04 50 254  7.9  9.8  0.37  4.17  3.16 316 1011.5  20.0  20.5  13.4 99.0 99.00
2015 08 24 05 50 263  8.8 10.4  0.48  2.94  2.90 255 1011.8  19.3  20.7  12.8 99.0 99.00
2015 08 24 06 50 265  9.2 10.9 99.00 99.00 99.00 999 1011.7  18.9  20.7  12.3 99.0 99.00
2015 08 24 07 50 257  9.8 11.7  0.81  3.45  3.26 262 1011.5  18.7  20.7  12.1 99.0 99.00
2015 08 24 08 50 258 10.2 11.6  0.90  3.85  3.46 246 1011.2  18.2  20.8  11.8 99.0 99.00
2015 08 24 09 50 260 11.0 13.0  1.04  3.70  3.52 246 1011.3  17.7  20.8  11.6 99.0 99.00
2015 08 24 10 50 262 11.4 13.1  0.98  3.85  3.58 248 1011.4  17.0  20.8  11.5 99.0 99.00
2015 08 24 11 50 261 11.0 12.5  1.09  4.55  3.72 234 1011.9  16.1  20.8  11.7 99.0 99.00
2015 08 24 12 50 260 10.3 11.9  1.04  4.00  3.70 262 1011.9  16.3  20.7  12.0 99.0 99.00
2015 08 24 13 50 252  9.8 11.0  1.06  4.55  3.85 250 1011.9  16.0  20.3  11.9 99.0 99.00
2015 08 24 14 50 240 10.0 11.5  1.01  4.17  3.90 265 1012.0  16.0  19.7  11.7 99.0 99.00
2015 08 24 15 50 235  9.7 11.3  0.99  4.76  4.10 238 1011.6  16.7  19.9  11.9 99.0 99.00
2015 08 24 16 50 229 10.5 12.7  1.01  4.76  4.16 232 1011.1  17.5  20.0  12.1 99.0 99.00
2015 08 24 17 50 243  8.8 10.4  0.97  4.35  4.21 230 1011.1  17.9  19.3  12.3 99.0 99.00
2015 08 24 18 50 271  7.8  9.5  0.97  5.00  4.17 209 1011.2  18.3  19.5  12.2 99.0 99.00
2015 08 24 19 50 281  6.2  7.6  0.85  5.26  4.01 201 1011.3  18.4  19.5  12.0 99.0 99.00
2015 08 24 20 50 299  7.0  8.8  0.83  4.35  3.87 215 1011.5  18.3  19.3  11.7 99.0 99.00
2015 08 24 21 50 303  9.3 11.4 99.00 99.00 99.00 999 1011.7  18.1  19.0  11.5 99.0 99.00
2015 08 24 22 50 305 10.6 13.0 99.00 99.00 99.00 999 1012.2  17.6  18.7  11.1 99.0 99.00
2015 08 24 23 50 296 10.0 11.5  1.23  4.55  4.03 302 1012.6  17.2  18.6  10.2 99.0 99.00
2015 08 25 00 50 292 10.0 12.8  1.11  4.76  3.98 302 1012.9  17.1  18.9   9.9 99.0 99.00
2015 08 25 01 50 286  9.9 11.9  1.13  5.00  3.89 305 1013.4  16.6  19.2  10.0 99.0 99.00
2015 08 25 02 50 290 10.3 12.1  1.20  4.76  3.93 308 1013.9  16.5  19.5  10.2 99.0 99.00
2015 08 25 03 50 289 10.6 13.3 99.00 99.00 99.00 999 1013.6  16.3  19.7  10.2 99.0 99.00
2015 08 25 04 50 293 10.7 12.5 99.00 99.00 99.00 999 1013.4  16.1  19.4  10.3 99.0 99.00
2015 08 25 05 50 286  9.0 99.0 99.00 99.00 99.00 999 9999.0  16.0 999.0 999.0 99.0 99.00
2015 08 25 06 50 269  8.6 10.3  0.97  4.35  3.70 319 1013.2  16.0  19.3  10.6 99.0 99.00
2015 08 25 07 50 291  9.1 10.9  0.89  4.00  3.65 316 1013.0  16.0  19.1  10.6 99.0 99.00
2015 08 25 08 50 275  8.2 10.0  0.85  3.85  3.60 309 1013.0  15.8  19.2  10.2 99.0 99.00
2015 08 25 09 50 290  8.9 10.9  0.82  4.00  3.59 312 1013.3  15.8  19.3  10.7 99.0 99.00
2015 08 25 10 50 292  9.1 10.9  0.90  4.00  3.73 309 1013.7  15.5  19.4  10.7 99.0 99.00
2015 08 25 11 50 300  9.1 11.0  0.93  4.35  3.91 308 1014.2  15.3  19.3  10.6 99.0 99.00
2015 08 25 12 50 299  9.5 11.3  0.90  4.55  3.90 309 1014.6  15.1  19.2  10.7 99.0 99.00
2015 08 25 13 50 309  9.3 11.3 99.00 99.00 99.00 999 1014.8  14.7  19.2  10.3 99.0 99.00
2015 08 25 14 50 310  8.4 10.5  0.92  4.55  3.96 308 1015.5  14.7  19.2  10.7 99.0 99.00
2015 08 25 15 50 307  8.5 10.4  0.98  4.76  3.99 312 1015.9  14.9  19.6  10.9 99.0 99.00
2015 08 25 16 50 299  8.0  9.5 99.00 99.00 99.00 999 1016.3  15.1  19.2  10.1 99.0 99.00
2015 08 25 17 50 294  6.6  8.4  0.85  4.55  3.86 321 1016.5  15.2  19.2  10.2 99.0 99.00
2015 08 25 18 50 295  5.2  6.7  0.71  4.55  3.82 332 1016.7  15.1  19.1  10.5 99.0 99.00
2015 08 25 19 50 299  5.1  6.3 99.00 99.00 99.00 999 1016.6  15.3  19.0  10.7 99.0 99.00
2015 08 25 20 50 307  5.6  6.8  0.63  4.76  3.85 358 1016.4  15.8  18.9  11.3 99.0 99.00
2015 08 25 21 50 306  5.2  7.0  0.58  4.55  3.70 360 1016.7  16.3  18.9  11.5 99.0 99.00
2015 08 25 22 50 307  5.2  6.6  0.54  4.35  3.43   1 1016.8  16.5  19.0  11.7 99.0 99.00
2015 08 25 23 50 318  5.5  6.6  0.48  4.17  3.33   2 1016.9  16.7  19.0  11.4 99.0 99.00
2015 08 26 00 50 316  6.3  7.8 99.00 99.00 99.00 999 1016.9  17.0  19.1  11.5 99.0 99.00
2015 08 26 01 50 309  5.4  8.8  0.43  4.55  3.11  12 1017.5  17.2  19.1  12.0 99.0 99.00
2015 08 26 02 50 313  7.7  9.0  0.45  4.76  3.17  11 1017.7  16.9  19.1  12.6 99.0 99.00
2015 08 26 03 50 310  7.5  8.8  0.53  4.76  3.17  11 1018.0  15.9  19.2  13.1 99.0 99.00
2015 08 26 04 50 326  5.7  7.2  0.59  3.45  3.32 334 1018.0  15.9  19.3  12.3 99.0 99.00
2015 08 26 05 50 319  6.1  7.3 99.00 99.00 99.00 999 1017.9  16.3  19.3  12.0 99.0 99.00
2015 08 26 06 50 321  7.1  8.2 99.00 99.00 99.00 999 1017.7  16.0 999.0  13.2 99.0 99.00
2015 08 26 07 50 328  6.3  7.2 99.00 99.00 99.00 999 1017.7  15.9  19.2  13.2 99.0 99.00
2015 08 26 08 50 320  6.5  7.9  0.64  4.00  3.72 342 1017.8  15.9  19.1  13.6 99.0 99.00
2015 08 26 09 50 330  6.4  7.3 99.00 99.00 99.00 999 1018.3  16.1  19.1  13.2 99.0 99.00
2015 08 26 10 50 328  6.0  7.3  0.62  4.55  3.74 358 1018.7  16.5  19.0  12.1 99.0 99.00
2015 08 26 11 50 317  6.1  7.4  0.68  4.35  3.78 359 1019.7  16.0  19.0  13.0 99.0 99.00
2015 08 26 12 50 318  6.1 99.0 99.00 99.00 99.00 999 1020.2  16.0  18.9  12.5 99.0 99.00
2015 08 26 13 50 328  6.2  7.9 99.00 99.00 99.00 999 1020.8  16.1  18.8  12.8 99.0 99.00
2015 08 26 14 50 312  6.2  8.0 99.00 99.00 99.00 999 1021.0  16.2  18.8  10.9 99.0 99.00
2015 08 26 15 50 321  5.8  6.8  0.54  4.35  3.38   9 1021.3  16.2  18.8  12.0 99.0 99.00
2015 08 26 16 50 296  4.9  5.8  0.53  4.17  3.40  16 1021.4  16.3  18.9  12.0 99.0 99.00
2015 08 26 17 50 305  5.8  7.3 99.00 99.00 99.00 999 1021.2  16.4  18.8  12.7 99.0 99.00
2015 08 26 18 50 311  5.7  6.6  0.53  4.00  3.24  14 1021.1  16.5  18.8  11.9 99.0 99.00
2015 08 26 19 50 324  5.6  6.4 99.00 99.00 99.00 999 1021.2  16.5  19.0  12.0 99.0 99.00
2015 08 26 20 50 321  4.1  5.3  0.47  4.35  3.50   9 1021.0  16.6  19.2  12.0 99.0 99.00
2015 08 26 21 50 324  2.3  2.9  0.51  4.55  3.59   6 1021.1  16.9  19.4  12.1 99.0 99.00
2015 08 26 22 50 343  2.5  3.6  0.42  4.55  3.58   4 1021.0  16.9  19.5  12.4 99.0 99.00
2015 08 26 23 50 345  1.9  2.7  0.38  4.55  3.82   2 1021.1  16.7  19.4  12.0 99.0 99.00
2015 08 27 00 50 333  1.1  1.6  0.38  4.35  3.95   7 1021.1  16.8  19.3  12.2 99.0 99.00
2015 08 27 01 50 257  0.6  1.2 99.00 99.00 99.00 999 1021.6  16.9  19.3  12.4 99.0 99.00
2015 08 27 02 50 184  1.1  1.5 99.00 99.00 99.00 999 9999.0  17.0 999.0  12.1 99.0 99.00
2015 08 27 03 50 204  1.8  2.4  0.34  4.17  4.07   4 1021.5  17.1  19.1  11.9 99.0 99.00
2015 08 27 04 50 220  2.0  2.5  0.30  4.55  4.02   4 1021.5  17.3  19.1  11.6 99.0 99.00
2015 08 27 05 50 228  2.0  2.7  0.28  4.00  3.91   4 1021.4  17.3  19.0  11.4 99.0 99.00
2015 08 27 06 50 234  2.0  2.5 99.00 99.00 99.00 999 1021.2  17.4  19.0  11.6 99.0 99.00
2015 08 27 07 50 217  1.4  1.8 99.00 99.00 99.00 999 1021.1  17.4  18.9  12.0 99.0 99.00
2015 08 27 08 50 231  1.3  2.0 99.00 99.00 99.00 999 1021.5  17.4  18.9  11.6 99.0 99.00
2015 08 27 09 50 223  1.0 99.0 99.00 99.00 99.00 999 1021.7  17.5  19.2  11.9 99.0 99.00
2015 08 27 10 50 219  0.3  0.7  0.19 99.00  3.42 999 1022.1  17.5  19.6  12.0 99.0 99.00
2015 08 27 11 50 302  1.7  2.2  0.18 99.00  3.35 999 1022.8  17.5  19.3  13.0 99.0 99.00
2015 08 27 12 50 294  3.3  3.9  0.12 99.00  3.45 999 1023.4  17.6  19.1  13.5 99.0 99.00
2015 08 27 13 50 267  1.9  2.7 99.00 99.00 99.00 999 1023.4  17.5  19.2  12.9 99.0 99.00
2015 08 27 14 50 140  2.5  3.0  0.12 99.00  3.88 999 1022.3  17.8  19.2  13.2 99.0 99.00
2015 08 27 15 50 138  4.4  5.2 99.00 99.00 99.00 999 1022.6  17.8  19.3  13.9 99.0 99.00
2015 08 27 16 50 148  5.2  6.3  0.20 99.00  2.74 999 1022.3  17.7  19.3  14.0 99.0 99.00
2015 08 27 17 50 176  4.1  5.2 99.00 99.00 99.00 999 1022.2  17.9  19.7  13.9 99.0 99.00
2015 08 27 18 50 192  3.8  4.8  0.26  2.94  2.84 112 1022.2  18.2  19.7  14.4 99.0 99.00
2015 08 27 19 50 204  3.5  4.3  0.22 99.00  2.72 999 1021.7  18.6  19.7  13.2 99.0 99.00
2015 08 27 20 50 203  3.0  3.9 99.00 99.00 99.00 999 1021.3  18.7  19.9  13.1 99.0 99.00
2015 08 27 21 50 181  2.9  3.7  0.19 99.00  2.94 999 1021.0  18.6  20.2  13.7 99.0 99.00
2015 08 27 22 50 195  2.5  3.0  0.17 99.00  3.02 999 1020.9  18.6  20.3  13.6 99.0 99.00
2015 08 27 23 50 180  2.5  3.1  0.14 99.00  2.90 999 1020.6  18.7  20.0  13.9 99.0 99.00
2015 08 28 00 50 157  2.6  3.4  0.11 99.00  2.98 999 1020.3  18.7  20.3  13.7 99.0 99.00
2015 08 28 01 50 140  2.5  3.0  0.11 99.00  3.15 999 1020.8  18.8  20.3  13.5 99.0 99.00
2015 08 28 02 50 138  3.3  3.9  0.10 99.00  3.01 999 1020.7  18.9  20.3  13.8 99.0 99.00
2015 08 28 03 50 138  3.7  4.5  0.11 99.00  3.02 999 1020.6  18.8  20.2  13.8 99.0 99.00
2015 08 28 04 50 133  4.4  5.3  0.13 99.00  2.66 999 1020.3  18.8  20.3  14.9 99.0 99.00
2015 08 28 05 50 155  5.1  5.8  0.17 99.00  2.59 999 1020.5  18.9  20.1  15.2 99.0 99.00
2015 08 28 06 50 153  4.4  5.3  0.22 99.00  2.69 999 1020.2  19.0  20.0  15.7 99.0 99.00
2015 08 28 07 50 170  5.3  6.5  0.25 99.00  2.71 999 1020.2  19.2  19.9  15.6 99.0 99.00
2015 08 28 08 50 165  5.1  6.0  0.31  2.86  2.78 156 1020.0  19.1  19.7  16.0 99.0 99.00
2015 08 28 09 50 170  5.9  6.8  0.37  2.86  2.81 161 1019.5  19.4  19.7  16.3 99.0 99.00
2015 08 28 11 50 173  5.4  6.5  0.57  3.57  3.17 153 1020.4  19.1  19.2  16.6 99.0 99.00
2015 08 28 12 50 178  5.1  5.8  0.69  3.70  3.42 148 1020.7  19.3  19.3  16.7 99.0 99.00
2015 08 28 13 50 183  4.7  5.4  0.53  3.85  3.31 151 1020.6  19.5  19.7  16.7 99.0 99.00
2015 08 28 14 50 183  4.2  5.1 99.00 99.00 99.00 999 1020.9  19.6  19.9  16.9 99.0 99.00
2015 08 28 15 50 180  3.8  4.4  0.40  3.70  3.26 155 1020.9  19.6  20.1  17.3 99.0 99.00
2015 08 28 16 50 172  3.9  4.6  0.43  4.00  3.44 163 1020.7  19.6  20.2  17.5 99.0 99.00
2015 08 28 17 50 170  3.8  4.4  0.36  4.00  3.36 162 1020.4  19.7  20.2  17.6 99.0 99.00
2015 08 28 18 50 171  4.0  4.6  0.34  3.85  3.30 169 1020.2  19.8  20.3  17.9 99.0 99.00
2015 08 28 19 50 169  3.8  4.5  0.29  3.85  3.30 166 1019.8  19.9  20.3  18.1 99.0 99.00
2015 08 28 20 50 170  3.4  4.1 99.00 99.00 99.00 999 1019.4  20.1  20.3  18.2 99.0 99.00
2015 08 28 21 50 161  2.6  3.0  0.22 99.00  3.19 999 1018.8  20.2  20.3  18.5 99.0 99.00
2015 08 28 22 50 163  1.9  2.2 99.00 99.00 99.00 999 1019.0  20.3  20.4  18.6 99.0 99.00
2015 08 28 23 50 113  3.0  3.7  0.19 99.00  2.98 999 1018.1  20.2  20.4  18.9 99.0 99.00
2015 08 29 00 50  98  0.8  1.1  0.17 99.00  2.95 999 1018.9  20.2  20.4  18.8 99.0 99.00
2015 08 29 01 50  63  2.4  2.8  0.16 99.00  2.92 999 1019.2  20.0  20.3  18.8 99.0 99.00
2015 08 29 02 50  68  3.5  4.0 99.00 99.00 99.00 999 1019.2  19.9  20.3  18.8 99.0 99.00
2015 08 29 03 50  80  3.9  4.5  0.10 99.00  3.07 999 1019.2  19.9  20.3  18.2 99.0 99.00
2015 08 29 04 50  77  4.6  5.2  0.07 99.00  2.88 999 1019.0  19.9  20.2  17.9 99.0 99.00
2015 08 29 05 50  64  4.0  4.6  0.06 99.00  2.83 999 1019.0  19.8  20.2  18.4 99.0 99.00
2015 08 29 06 50  81  5.5  6.2 99.00 99.00 99.00 999 1018.2  19.9  20.1  18.7 99.0 99.00
2015 08 29 07 50 103  5.1  6.2 99.00 99.00 99.00 999 1018.1  19.8  20.1  18.5 99.0 99.00
2015 08 29 08 50  95  6.3  7.2  0.28  2.74  2.70  72 1017.4  19.8  20.2  18.6 99.0 99.00
2015 08 29 09 50 129  5.0  5.8  0.35  3.03  2.97  72 1017.1  20.3  20.2  18.4 99.0 99.00
2015 08 29 10 50 161  6.3  7.5  0.41  3.70  3.09  44 1017.2  20.3  20.1  17.7 99.0 99.00
2015 08 29 11 50 173  5.5  6.5  0.51  4.00  3.22  42 1017.9  19.8  20.1  17.8 99.0 99.00
2015 08 29 12 50 213  2.2  3.7  0.48  3.23  3.24 148 1018.5  19.4  20.1  14.8 99.0 99.00
2015 08 29 13 50 170  2.2  3.4  0.45  3.45  3.27 132 1018.1  18.8  20.1  15.5 99.0 99.00
2015 08 29 14 50 137  4.4  5.0 99.00 99.00 99.00 999 1017.6  18.9  20.0  16.3 99.0 99.00
2015 08 29 15 50 131  5.8  6.8  0.52  3.70  3.40 161 1017.6  18.8  20.0  16.1 99.0 99.00
2015 08 29 16 50 125  6.5  7.4 99.00 99.00 99.00 999 1017.2  18.9  19.9  16.4 99.0 99.00
2015 08 29 17 50 117  7.2  8.3  0.47  3.45  3.21 135 1016.8  19.0  20.0  16.9 99.0 99.00
2015 08 29 18 50 115  6.7  7.4 99.00 99.00 99.00 999 1016.6  19.3  20.0  17.4 99.0 99.00
2015 08 29 19 50 107  6.2  7.1  0.53  3.70  3.29 151 1016.6  19.4  20.0  17.6 99.0 99.00
2015 08 29 20 50 112  5.9  6.7  0.52  3.57  3.19 159 1016.4  19.6  20.1  18.3 99.0 99.00
2015 08 29 21 50 104  5.1  5.9  0.47  3.33  3.20 134 1016.0  19.8  20.2  18.9 99.0 99.00
2015 08 29 22 50 113  4.6  5.3  0.47  3.33  3.19 137 1015.9  20.0  20.3  19.2 99.0 99.00
2015 08 29 23 50 139  4.5  5.1  0.43  3.33  3.23 145 1015.8  19.9  20.2  18.8 99.0 99.00
2015 08 30 00 50 141  2.1  2.6  0.43  3.13  3.15 136 1016.1  20.2  20.2  19.3 99.0 99.00
2015 08 30 01 50  42  2.9  3.6 99.00 99.00 99.00 999 1016.3  19.9 999.0  19.6 99.0 99.00
2015 08 30 02 50  29  2.9  3.5  0.31  3.33  3.08 128 1016.5  19.6  20.0  19.4 99.0 99.00
2015 08 30 03 50   5  1.0  1.3  0.27  3.13  2.98 104 1016.4  19.8  20.0  19.7 99.0 99.00
2015 08 30 04 50  62  0.9  1.3 99.00 99.00 99.00 999 1016.1  20.0  20.0  19.7 99.0 99.00
2015 08 30 05 50  59  0.7  1.1 99.00 99.00 99.00 999 1016.0  19.9  19.9  19.8 99.0 99.00
2015 08 30 06 50 180  0.0  0.0  0.23 99.00  3.01 999 1015.9  19.8  19.9  19.8 99.0 99.00
2015 08 30 07 50 190  0.4  0.7  0.19 99.00  2.87 999 1015.8  19.7  19.8  19.7 99.0 99.00
2015 08 30 08 50  22  1.7  1.9  0.19 99.00  2.75 999 1015.7  19.7  20.0  19.7 99.0 99.00
2015 08 30 09 50 355  5.1  5.9 99.00 99.00 99.00 999 1015.9  19.3  20.1  19.3 99.0 99.00
2015 08 30 10 50 359  5.5  6.1  0.21 99.00  2.61 999 1016.3  19.3  20.1  19.2 99.0 99.00
2015 08 30 11 50   2  4.0  4.5  0.24 99.00  2.56 999 1017.2  19.3  20.0  19.2 99.0 99.00
2015 08 30 12 50 352  3.9  4.5  0.21 99.00  2.50 999 1017.4  19.2  20.0  18.9 99.0 99.00
2015 08 30 13 50 354  3.9  4.4  0.18 99.00  2.56 999 1017.9  19.2  19.9  18.9 99.0 99.00
2015 08 30 14 50 345  5.0  5.5  0.18 99.00  2.51 999 1018.1  19.0  19.9  18.7 99.0 99.00
2015 08 30 15 50 355  4.2  4.7  0.23 99.00  2.61 999 1018.1  19.2  20.1  18.2 99.0 99.00
2015 08 30 16 50 338  4.5  5.4  0.22 99.00  2.76 999 1017.9  19.3  20.2  18.2 99.0 99.00
2015 08 30 17 50 322  4.2  4.8  0.21 99.00  2.69 999 1017.9  18.8  20.3  18.3 99.0 99.00
2015 08 30 18 50 320  3.5  4.0 99.00 99.00 99.00 999 1018.0  18.7  20.4  18.0 99.0 99.00
2015 08 30 19 50 336  2.5  3.0  0.25 99.00  2.88 999 1017.7  19.1  20.4  18.3 99.0 99.00
2015 08 30 20 50 330  1.8  2.4  0.23 99.00  2.79 999 1017.2  19.0  20.4  18.1 99.0 99.00
2015 08 30 21 50 334  1.1  1.7  0.24 99.00  2.86 999 1016.9  19.2  20.3  18.1 99.0 99.00
2015 08 30 22 50  73  0.8  1.1  0.18 99.00  2.91 999 1016.7  19.5  20.3  18.1 99.0 99.00
2015 08 30 23 50  64  1.0  1.2  0.17 99.00  2.79 999 1016.2  19.3  20.2  18.1 99.0 99.00
2015 08 31 00 50 139  2.0  2.6  0.13 99.00  2.73 999 1016.6  19.3  20.1  18.2 99.0 99.00
2015 08 31 01 50 148  2.1  2.4  0.13 99.00  2.92 999 1017.0  19.4  20.1  18.6 99.0 99.00
2015 08 31 02 50 160  2.5  3.0  0.10 99.00  2.73 999 1017.0  19.6  20.1  19.0 99.0 99.00
2015 08 31 03 50 166  2.3  2.7 99.00 99.00 99.00 999 1016.7  19.6  20.2  19.1 99.0 99.00
2015 08 31 04 50 172  3.1  3.7  0.07 99.00  2.84 999 1016.8  19.8  20.3  19.3 99.0 99.00
2015 08 31 05 50 181  4.0  4.5  0.06 99.00  3.11 999 1016.6  19.9  20.2  18.9 99.0 99.00
2015 08 31 06 50 184  3.8  4.4  0.08 99.00  2.59 999 1016.5  20.0  20.2  19.2 99.0 99.00
2015 08 31 07 50 191  2.8  3.2  0.12 99.00  2.56 999 1016.7  20.0  20.2  19.1 99.0 99.00
2015 08 31 08 50 194  2.9  3.3  0.14 99.00  2.46 999 1016.7  20.0  20.2  19.2 99.0 99.00
2015 08 31 09 50 200  2.8  3.3  0.11 99.00  2.44 999 1016.9  19.9  20.2  19.4 99.0 99.00
2015 08 31 10 50 217  1.7 99.0 99.00 99.00 99.00 999 1017.1  19.9 999.0  19.4 99.0 99.00
2015 08 31 11 50 217  1.6  1.8 99.00 99.00 99.00 999 1017.7  19.8  20.0  19.6 99.0 99.00
2015 08 31 12 50 219  1.6  1.8  0.07 99.00  2.51 999 1017.8  20.1  20.0  19.4 99.0 99.00
2015 08 31 13 50 215  2.0  2.2  0.05 99.00  2.68 999 1018.2  20.2  20.0  19.4 99.0 99.00
2015 08 31 14 50 277  1.6  1.9  0.05 99.00  2.80 999 1018.7  19.1  20.3  19.0 99.0 99.00
2015 08 31 15 50 267  1.2  1.5  0.06 99.00  3.67 999 1018.8  19.0  21.0  19.0 99.0 99.00
2015 08 31 16 50 218  1.2  1.6  0.04 99.00  2.92 999 1018.6  19.5  21.5  19.5 99.0 99.00
2015 08 31 17 50 182  2.0  2.5  0.04 99.00  2.98 999 1018.1  20.7  21.8  20.5 99.0 99.00
2015 08 31 18 50 163  1.6  2.0  0.07 99.00  5.05 999 1017.8  21.3  22.0  20.1 99.0 99.00
2015 08 31 19 50 168  3.5  3.9  0.04 99.00  3.37 999 1017.3  21.2  22.0  20.1 99.0 99.00
2015 08 31 20 50 169  2.8  3.3 99.00 99.00 99.00 999 1017.0  21.3  21.7  20.2 99.0 99.00
2015 08 31 21 50 149  2.9  3.2  0.07 99.00  4.16 999 1016.5  21.3  21.7  20.4 99.0 99.00
2015 08 31 22 50 128  2.4  2.7  0.04 99.00  3.07 999 1016.4  21.3  21.4  20.5 99.0 99.00
2015 08 31 23 50 136  2.9  3.4  0.04 99.00  3.82 999 1016.3  21.2  21.3  20.5 99.0 99.00
2015 09 01 00 50 126  2.8  3.1  0.07 99.00  4.78 999 1016.4  21.2  21.1  20.7 99.0 99.00
2015 09 01 01 50 128  2.7  3.2 99.00 99.00 99.00 999 9999.0  21.1  21.0  20.7 99.0 99.00
2015 09 01 02 50 133  2.9  3.3 99.00 99.00 99.00 999 1016.9  21.2  20.9  20.9 99.0 99.00
2015 09 01 03 50 156  3.5  3.9  0.04 99.00  3.95 999 1016.9  21.4  20.9  20.5 99.0 99.00
2015 09 01 04 50 145  3.3  3.5  0.04 99.00  3.77 999 1017.0  21.6  21.0  20.1 99.0 99.00
2015 09 01 05 50 149  4.1  4.5 99.00 99.00 99.00 999 1017.0  21.8  20.8  20.4 99.0 99.00
2015 09 01 06 50 153  3.6  4.0  0.05 99.00  3.37 999 1016.8  21.6  20.7  20.8 99.0 99.00
2015 09 01 07 50 167  3.9  4.4  0.05 99.00  4.05 999 1016.6  21.5  20.7  21.1 99.0 99.00
2015 09 01 08 50 176  3.7  4.1 99.00 99.00 99.00 999 1016.7  21.5  20.5  21.1 99.0 99.00
2015 09 01 09 50 173  3.5  4.0  0.06 99.00  2.61 999 1016.6  21.4  20.6  21.0 99.0 99.00
2015 09 01 10 50 176  3.5  3.9  0.09 99.00  2.52 999 1016.8  21.4  20.5  21.1 99.0 99.00
2015 09 01 11 50 178  4.0  4.5  0.08 99.00  2.38 999 1017.0  21.5  20.7  21.1 99.0 99.00
2015 09 01 12 50 187  4.0  4.6  0.11 99.00  2.55 999 1017.1  21.7  20.8  21.2 99.0 99.00
2015 09 01 13 50 180  4.5  5.4  0.14 99.00  2.50 999 1017.2  21.6  20.8  21.2 99.0 99.00
2015 09 01 14 50 181  5.3  6.1  0.20 99.00  2.54 999 1017.2  21.7  20.9  21.1 99.0 99.00
2015 09 01 15 50 176  5.6  6.5  0.22 99.00  2.64 999 1017.1  21.8  21.0  21.1 99.0 99.00
2015 09 01 16 50 176  6.0  7.1  0.28  2.86  2.68 172 1016.8  21.8  21.0  21.1 99.0 99.00
2015 09 01 17 50 175  6.6  7.5  0.36  2.94  2.79 177 1016.5  22.0  21.0  21.2 99.0 99.00
2015 09 01 18 50 172  5.1  5.7  0.41  3.03  2.93 187 1016.1  22.2  21.1  21.3 99.0 99.00
2015 09 01 19 50 173  5.8  6.7  0.34  3.13  2.98 188 1015.5  22.9  21.3  21.7 99.0 99.00
2015 09 01 20 50 180  6.3  7.0  0.32  3.23  2.81 197 1015.2  23.1  21.3  21.7 99.0 99.00
2015 09 01 21 50 177  6.2  7.2 99.00 99.00 99.00 999 1015.0  23.0  21.3  21.2 99.0 99.00
2015 09 01 22 50 173  6.4  7.5  0.44  3.13  2.98 193 1014.9  23.4  21.3  20.8 99.0 99.00
2015 09 01 23 50 175  5.8  6.4  0.40  3.33  3.01 197 1014.8  23.2  21.3  21.1 99.0 99.00
2015 09 02 00 50 183  5.4  5.9 99.00 99.00 99.00 999 1015.2  23.2  21.2  21.6 99.0 99.00
2015 09 02 01 50 176  5.1  5.8  0.39  3.70  3.09 199 1015.5  23.0  21.2  21.5 99.0 99.00
2015 09 02 02 50 187  5.8  6.5  0.32  3.57  2.99 197 1015.8  23.2  21.2  21.6 99.0 99.00
2015 09 02 03 50 193  6.4  7.2  0.35  3.33  2.88 195 1015.9  23.2  21.2  21.8 99.0 99.00
2015 09 02 04 50 195  6.2  6.9 99.00 99.00 99.00 999 1016.1  23.0  21.2  21.8 99.0 99.00
2015 09 02 05 50 187  4.8  5.3 99.00 99.00 99.00 999 1016.0  22.5  21.2  21.8 99.0 99.00
2015 09 02 06 50 193  4.5  5.1 99.00 99.00 99.00 999 1015.6  22.1  21.2  21.6 99.0 99.00
2015 09 02 07 50 200  5.0  5.6  0.31  3.70  3.19 198 1015.4  22.4  21.1  21.7 99.0 99.00
2015 09 02 08 50 201  4.3  4.9  0.31  3.70  3.17 195 1015.5  22.2  21.1  21.6 99.0 99.00
2015 09 02 10 50 212  5.0  5.7  0.26  3.33  2.96 196 1015.7  22.3  21.0  21.3 99.0 99.00
2015 09 02 11 50 208  5.0  5.6  0.29  3.33  2.94 192 1016.2  22.2  21.0  21.2 99.0 99.00
2015 09 02 12 50 213  5.0  5.5  0.23 99.00  2.84 999 1016.8  22.1  21.0  21.1 99.0 99.00
2015 09 02 13 50 220  4.6  5.3  0.25 99.00  2.80 999 1016.9  22.2  21.0  21.0 99.0 99.00
2015 09 02 14 50 205  4.8  5.6 99.00 99.00 99.00 999 1016.8  22.1  21.1  21.2 99.0 99.00
2015 09 02 15 50 204  5.3  6.3  0.20 99.00  2.65 999 1016.6  22.2  21.3  21.2 99.0 99.00
2015 09 02 16 50 206  4.9  5.6  0.21 99.00  2.60 999 1016.0  22.2  21.4  21.2 99.0 99.00
2015 09 02 17 50 198  4.4  5.0  0.20 99.00  2.57 999 1015.9  22.5  21.5  21.4 99.0 99.00
2015 09 02 18 50 193  3.1  3.4  0.21 99.00  2.61 999 1015.9  22.8  21.7  21.5 99.0 99.00
2015 09 02 19 50 183  3.1  3.5  0.19 99.00  2.63 999 1015.4  23.2  22.0  21.7 99.0 99.00
2015 09 02 20 50 172  3.9  4.4  0.18 99.00  2.66 999 1014.5  23.2  22.1  21.8 99.0 99.00
2015 09 02 21 50 165  3.6  3.9  0.15 99.00  2.79 999 1013.7  23.3  22.1  21.8 99.0 99.00
2015 09 02 22 50 158  2.4  2.9  0.13 99.00  2.77 999 1013.6  23.2  22.1  21.9 99.0 99.00
2015 09 02 23 50 159  2.5  2.8  0.10 99.00  2.84 999 1013.6  23.1  22.0  21.9 99.0 99.00
2015 09 03 00 50 156  3.2  3.6  0.10 99.00  3.00 999 1013.5  23.3  22.0  21.7 99.0 99.00
2015 09 03 01 50 162  4.5  5.4  0.08 99.00  2.86 999 1013.7  23.2  22.0  21.7 99.0 99.00
2015 09 03 02 50 173  4.3  4.9  0.08 99.00  2.66 999 1014.2  23.5  21.9  21.5 99.0 99.00
2015 09 03 03 50 167  2.6  3.0 99.00 99.00 99.00 999 1014.3  23.0  21.9  21.1 99.0 99.00
2015 09 03 04 50 180  4.0  4.5 99.00 99.00 99.00 999 1013.8  23.2  21.8  21.4 99.0 99.00
2015 09 03 05 50 224  4.4  4.9  0.08 99.00  2.63 999 1014.0  23.6  21.8  21.5 99.0 99.00
2015 09 03 06 50 196  3.1  3.4  0.10 99.00  2.56 999 1013.2  23.2  21.8  21.1 99.0 99.00
2015 09 03 07 50 201  3.7  4.0  0.08 99.00  2.61 999 1013.2  23.3  21.8  21.2 99.0 99.00
2015 09 03 08 50 198  4.6  5.1  0.07 99.00  2.59 999 1012.9  23.4  21.8  21.4 99.0 99.00
2015 09 03 09 50 207  4.9  5.4  0.06 99.00  3.18 999 1013.2  23.5  21.8  21.1 99.0 99.00
2015 09 03 10 50 221  6.1  7.2  0.12 99.00  2.26 999 1012.7  23.6  21.7  21.1 99.0 99.00
2015 09 03 11 50 210  5.4  6.1  0.22 99.00  2.44 999 1012.8  22.9  21.6  21.2 99.0 99.00
2015 09 03 12 50 218  6.3  7.3  0.25 99.00  2.44 999 1012.5  22.6  21.6  21.2 99.0 99.00
2015 09 03 13 50 231  5.6  6.5 99.00 99.00 99.00 999 1012.8  22.8  21.6  21.1 99.0 99.00
2015 09 03 14 50 228  4.9  5.5  0.34  2.94  2.69 227 1013.0  22.6  21.6  21.1 99.0 99.00
2015 09 03 15 50 218  4.1  4.6  0.34  3.13  2.92 225 1013.1  22.5  21.7  21.2 99.0 99.00
2015 09 03 16 50 213  2.7  3.0  0.32  3.23  2.95 206 1013.0  22.6  21.8  21.5 99.0 99.00
2015 09 03 17 50 216  2.5  3.0  0.25  3.23  3.00 198 1012.8  22.8  22.0  21.8 99.0 99.00
2015 09 03 18 50 221  2.2  2.5  0.19 99.00  2.95 999 1012.5  23.1  22.3  22.0 99.0 99.00
2015 09 03 19 50 254  0.9  1.3  0.18 99.00  2.96 999 1011.8  23.9  22.9  22.3 99.0 99.00
2015 09 03 20 50 354  4.5  6.0  0.16 99.00  3.04 999 1011.5  23.5  23.1  22.0 99.0 99.00
2015 09 03 21 50  13  6.7  8.4 99.00 99.00 99.00 999 1011.8  21.8  22.3  20.7 99.0 99.00
2015 09 03 22 50  11  6.4  7.4 99.00 99.00 99.00 999 1012.1  21.7  21.9  20.0 99.0 99.00
2015 09 03 23 50   6  5.9  6.8  0.38  3.13  2.87   5 1012.0  21.3  21.8  20.1 99.0 99.00
2015 09 04 00 50 360  5.9  7.4  0.41  3.33  3.06 353 1012.4  21.2  21.7  19.8 99.0 99.00
2015 09 04 02 50 359  5.6  6.5 99.00 99.00 99.00 999 1013.0  20.9  21.6  19.5 99.0 99.00
2015 09 04 03 50 349  4.5  5.6  0.36  3.23  3.11   7 1013.4  20.8  21.5  19.4 99.0 99.00
2015 09 04 04 50 327  4.0  5.0  0.36  3.33  3.28 359 1013.8  20.8  21.4  19.7 99.0 99.00
2015 09 04 05 50 332  3.0  3.6  0.32  3.70  3.23   5 1013.7  20.7  21.4  19.7 99.0 99.00
2015 09 04 06 50 300  5.0  5.6  0.40  4.00  3.50  11 1013.5  20.5  21.4  19.5 99.0 99.00
2015 09 04 07 50 303  4.6  5.3  0.46  4.17  3.75 358 1013.8  20.3  21.4  19.5 99.0 99.00
2015 09 04 08 50 329  5.3  6.5 99.00 99.00 99.00 999 1014.2  19.8  21.5  19.2 99.0 99.00
2015 09 04 09 50 346  4.8  5.9 99.00 99.00 99.00 999 1014.3  19.7  21.4  18.9 99.0 99.00
2015 09 04 10 50 353  5.1  6.1  0.45  4.17  3.33 359 1014.6  18.8  21.4  18.8 99.0 99.00
2015 09 04 11 50 319  3.7  4.6  0.45  4.00  3.28 359 1015.1  18.7  21.4  18.6 99.0 99.00
2015 09 04 12 50 318  3.9  5.3  0.44  4.00  3.33 356 1015.5  18.5  21.4  18.5 99.0 99.00
2015 09 04 13 50 288  3.3  4.2  0.38  3.57  3.29   1 1015.9  19.3  21.4  18.7 99.0 99.00
2015 09 04 14 50 304  3.2 99.0 99.00 99.00 99.00 999 9999.0  18.7 999.0  18.7 99.0 99.00
2015 09 04 15 50 319  3.3  3.9  0.28  3.57  3.31 350 1016.8  19.2  21.4  18.9 99.0 99.00
2015 09 04 16 50 285  3.0  3.8 99.00 99.00 99.00 999 1016.9  20.0  21.5  19.1 99.0 99.00
2015 09 04 17 50 311  3.0  3.6  0.25 99.00  3.41 999 1016.6  20.0  21.6  18.6 99.0 99.00
2015 09 04 18 50 325  2.5  3.0  0.22 99.00  3.36 999 1016.6  20.2  21.7  18.7 99.0 99.00
2015 09 04 19 50 340  2.2  3.6  0.22 99.00  3.37 999 1016.4  20.5  21.8  18.9 99.0 99.00
2015 09 04 20 50 317  3.0  4.0  0.21 99.00  3.33 999 1016.4  20.4  21.8  18.7 99.0 99.00
2015 09 04 21 50  12  3.5  4.7  0.19 99.00  3.18 999 1016.6  20.0  21.7  18.7 99.0 99.00
2015 09 04 22 50  34  3.6  4.3  0.18 99.00  3.15 999 1016.6  20.3  21.7  19.2 99.0 99.00
2015 09 04 23 50  52  3.1  4.2 99.00 99.00 99.00 999 1016.6  19.2  21.6  19.0 99.0 99.00
2015 09 05 00 50  51  3.6  4.6  0.17 99.00  3.16 999 1016.8  19.4  21.6  19.2 99.0 99.00
2015 09 05 01 50  52  2.9  4.0 99.00 99.00 99.00 999 9999.0  19.6  21.6 999.0 99.0 99.00
2015 09 05 02 50  94  1.7  2.2 99.00 99.00 99.00 999 1017.7  20.1  21.5  19.7 99.0 99.00
2015 09 05 03 50 164  1.4  1.9 99.00 99.00 99.00 999 1017.6  20.3  21.5  19.4 99.0 99.00
2015 09 05 04 50  49  0.3  0.9 99.00 99.00 99.00 999 1017.6  20.4  21.5  19.5 99.0 99.00
2015 09 05 05 50 141  1.1  1.8  0.20 99.00  3.86 999 1017.7  20.5  21.5  19.4 99.0 99.00
2015 09 05 06 50 161  1.3  1.7  0.18 99.00  3.59 999 1017.5  20.6  21.5  19.6 99.0 99.00
2015 09 05 07 50 125  0.8 99.0 99.00 99.00 99.00 999 1017.3  20.6 999.0  19.9 99.0 99.00
2015 09 05 08 50  82  1.5  1.8 99.00 99.00 99.00 999 1017.6  20.7  21.5  19.8 99.0 99.00
2015 09 05 09 50  94  2.1  2.4  0.13 99.00  3.22 999 1017.9  20.8  21.5  20.0 99.0 99.00
2015 09 05 10 50  93  2.8  3.3  0.11 99.00  3.20 999 1017.9  20.9  21.5  20.0 99.0 99.00
2015 09 05 11 50 109  3.9  4.6 99.00 99.00 99.00 999 1017.8  20.8  21.5  20.6 99.0 99.00
2015 09 05 12 50 141  3.1  5.0  0.10 99.00  3.59 999 1018.6  20.5  21.4  20.5 99.0 99.00
2015 09 05 13 50 164  6.3  7.4  0.10 99.00  3.86 999 1018.2  21.6  21.5  21.2 99.0 99.00
2015 09 05 14 50 185  5.2  6.3  0.15 99.00  2.85 999 1018.4  21.8  21.4  21.3 99.0 99.00
2015 09 05 15 50 173  7.4  8.9  0.27  2.47  2.60 155 1019.6  22.1  21.4  21.0 99.0 99.00
2015 09 05 16 50 206  7.1  8.2  0.36  2.94  2.80 169 1019.5  21.9  21.5  20.7 99.0 99.00
2015 09 05 17 50 197  4.6  5.4  0.50  3.23  3.21 176 1018.9  22.2  21.5  20.6 99.0 99.00
2015 09 05 18 50 200  6.2  7.4  0.59  3.70  3.44 180 1018.7  23.0  21.5  20.7 99.0 99.00
2015 09 05 19 50 184  7.0  8.4  0.65  3.85  3.41 185 1018.3  22.8  21.6  20.6 99.0 99.00
2015 09 05 20 50 203  6.6  7.5  0.81  4.55  3.78 196 1017.8  22.6  21.6  20.6 99.0 99.00
2015 09 05 21 50 171  3.9  4.7 99.00 99.00 99.00 999 1017.5  22.5  21.6  20.6 99.0 99.00
2015 09 05 22 50 163  3.4  4.0  0.63  4.76  3.84 195 1017.2  22.5  21.6  20.6 99.0 99.00
2015 09 05 23 50 163  4.0  4.6  0.51  4.55  3.80 196 1017.3  22.5  21.6  20.9 99.0 99.00
2015 09 06 00 50 165  5.0  5.9 99.00 99.00 99.00 999 1017.3  22.5  21.6  21.0 99.0 99.00
2015 09 06 01 50 173  5.1  6.0 99.00 99.00 99.00 999 1017.9  22.5  21.6  21.1 99.0 99.00
2015 09 06 02 50 173  6.2  7.2  0.35  3.45  3.20 190 1018.1  22.6  21.6  21.4 99.0 99.00
2015 09 06 03 50 177  5.6  6.5 99.00 99.00 99.00 999 1017.8  22.8  21.6  21.3 99.0 99.00
2015 09 06 04 50 187  5.0  5.9  0.41  3.70  3.16 195 1017.5  22.8  21.6  21.1 99.0 99.00
2015 09 06 05 50 186  4.7  5.3 99.00 99.00 99.00 999 1017.9  22.7  21.6  21.1 99.0 99.00
2015 09 06 06 50 188  5.0  5.7  0.35  3.57  3.07 189 1017.8  22.6  21.6  21.3 99.0 99.00
2015 09 06 07 50 183  5.4  6.0  0.30  3.33  2.98 194 1017.2  22.5  21.5  21.2 99.0 99.00
2015 09 06 08 50 192  5.6  6.4  0.32  3.33  2.83 197 1016.9  22.6  21.5  20.9 99.0 99.00
2015 09 06 09 50 185  5.4  6.3  0.33  3.33  2.92 199 1017.1  22.5  21.5  21.0 99.0 99.00
2015 09 06 10 50 181  5.9  6.7 99.00 99.00 99.00 999 1017.0  22.4  21.5  20.9 99.0 99.00
2015 09 06 11 50 192  5.3  6.2 99.00 99.00 99.00 999 1017.5  22.4  21.5  20.8 99.0 99.00
2015 09 06 12 50 189  5.0  5.4  0.31  3.13  2.92 200 1017.9  22.5  21.5  20.9 99.0 99.00
2015 09 06 13 50 191  4.8  5.4  0.31  3.13  3.03 198 1017.9  22.4  21.5  21.0 99.0 99.00
2015 09 06 14 50 177  5.2  6.0 99.00 99.00 99.00 999 1017.9  22.5  21.6  20.9 99.0 99.00
2015 09 06 15 50 179  5.7  6.4 99.00 99.00 99.00 999 1017.9  22.6  21.7  20.9 99.0 99.00
2015 09 06 16 50 180  5.6  6.3  0.30  3.23  2.95 182 1017.7  22.6  21.7  20.8 99.0 99.00
2015 09 06 17 50 173  5.0  5.8 99.00 99.00 99.00 999 1017.5  22.8  21.8  20.8 99.0 99.00
2015 09 06 18 50 168  5.5 99.0 99.00 99.00 99.00 999 1017.1  23.0  21.9  20.9 99.0 99.00
2015 09 06 19 50 165  5.7  6.3  0.31  3.13  3.18 185 1016.5  23.5  22.0  21.2 99.0 99.00
2015 09 06 20 50 162  5.4  6.1  0.31  3.33  2.97 186 1015.8  23.8  22.1  21.4 99.0 99.00
2015 09 06 21 50 161  5.6  6.2  0.30  3.23  2.91 184 1015.2  24.1  22.1  21.5 99.0 99.00
2015 09 06 22 50 160  5.7  6.4  0.29  3.23  2.81 191 1014.6  24.5  22.0  21.6 99.0 99.00
2015 09 06 23 50 162  5.9  6.5  0.29  2.86  2.80 185 1014.2  24.4  22.0  21.5 99.0 99.00
2015 09 07 00 50 168  6.4  7.4  0.30  3.03  2.83 196 1014.2  24.5  22.0  21.5 99.0 99.00
2015 09 07 01 50 174  5.4  6.2  0.35  3.13  2.79 202 1014.6  24.4  21.9  21.5 99.0 99.00
2015 09 07 02 50 172  5.1  5.8  0.30  2.94  2.78 191 1014.8  23.8  21.9  21.6 99.0 99.00
2015 09 07 03 50 172  6.1  6.7  0.28  3.13  2.80 194 1013.8  23.9  21.9  21.6 99.0 99.00
2015 09 07 04 50 177  5.9  6.7  0.31  2.74  2.67 190 1014.0  23.9  21.9  21.5 99.0 99.00
2015 09 07 05 50 180  7.8  8.5  0.36  2.94  2.71 188 1013.7  23.9  21.9  21.4 99.0 99.00
2015 09 07 06 50 186  7.7  8.9 99.00 99.00 99.00 999 1013.8  23.9  21.9  21.3 99.0 99.00
2015 09 07 07 50 187  7.3  8.2 99.00 99.00 99.00 999 1013.5  23.8  21.9  21.3 99.0 99.00
2015 09 07 08 50 187  6.6  7.7 99.00 99.00 99.00 999 1013.5  23.6  21.9  21.3 99.0 99.00
2015 09 07 09 50 192  6.6  7.4  0.56  3.70  3.42 186 1013.9  23.5  21.9  21.3 99.0 99.00
2015 09 07 10 50 219  5.7  6.4 99.00 99.00 99.00 999 1014.4  23.4  21.9  21.3 99.0 99.00
2015 09 07 11 50 224  4.9  5.5  0.47  3.85  3.38 185 1014.5  23.3  21.8  21.2 99.0 99.00
2015 09 07 12 50 227  3.9  4.7  0.39  3.70  3.31 176 1014.9  23.1  21.8  21.0 99.0 99.00
2015 09 07 13 50 203  2.7  3.5  0.37  3.85  3.42 184 1014.8  22.8  21.7  21.0 99.0 99.00
2015 09 07 14 50 224  2.6  3.3  0.34  3.85  3.34 185 1015.2  22.6  21.8  21.2 99.0 99.00
2015 09 07 15 50 219  2.4  2.8  0.29  3.57  3.32 184 1015.3  22.8  21.9  21.3 99.0 99.00
2015 09 07 16 50 211  2.4  2.8  0.26  3.70  3.30 178 1014.9  22.8  22.0  21.3 99.0 99.00
2015 09 07 17 50 217  2.0  2.2  0.27  3.57  3.24 187 1014.8  22.8  22.1  21.3 99.0 99.00
2015 09 07 18 50 181  2.4  2.7 99.00 99.00 99.00 999 1014.6  22.9  22.3  21.8 99.0 99.00
2015 09 07 19 50 185  2.5  2.9  0.22 99.00  3.04 999 1014.3  22.9  22.4  22.1 99.0 99.00
2015 09 07 20 50 151  2.6  3.1  0.20 99.00  2.97 999 1013.7  23.1  22.6  21.9 99.0 99.00
2015 09 07 21 50 168  3.6  3.9 99.00 99.00 99.00 999 1013.3  23.1  22.5  22.2 99.0 99.00
2015 09 07 22 50 172  3.4  3.8  0.19 99.00  2.89 999 1013.0  23.4  22.5  21.9 99.0 99.00
2015 09 07 23 50 160  3.2  3.4  0.15 99.00  2.75 999 1013.5  23.5  22.5  22.0 99.0 99.00
2015 09 08 00 50 127  1.3  1.4  0.13 99.00  2.87 999 1013.8  23.4  22.4  21.9 99.0 99.00
2015 09 08 01 50 128  3.1  3.7  0.12 99.00  2.88 999 1014.1  23.2  22.5  22.0 99.0 99.00
2015 09 08 02 50 125  1.9  2.4  0.10 99.00  2.81 999 1014.1  22.9  22.5  22.1 99.0 99.00
2015 09 08 03 50 138  2.8  3.1  0.08 99.00  3.05 999 1013.7  22.8  22.4  22.2 99.0 99.00
2015 09 08 04 50 157  3.4  3.8 99.00 99.00 99.00 999 1013.7  23.3  22.4  22.1 99.0 99.00
2015 09 08 05 50 155  3.8  4.3 99.00 99.00 99.00 999 1013.5  23.2  22.4  22.0 99.0 99.00
2015 09 08 06 50 186  5.0  5.6  0.08 99.00  2.78 999 1013.5  23.3  22.3  22.1 99.0 99.00
2015 09 08 07 50 191  7.3  8.8  0.20 99.00  2.52 999 1013.2  22.9  22.0  21.2 99.0 99.00
2015 09 08 08 50 179  5.3  6.4  0.29  2.86  2.83 194 1013.0  23.1  22.0  21.5 99.0 99.00
2015 09 08 09 50 183  8.4  9.6  0.52  3.45  3.31 194 1011.9  22.6  22.0  21.3 99.0 99.00
2015 09 08 10 50 177 11.9 14.6  0.79  4.55  3.62 197 1011.5  23.8  21.9  20.4 99.0 99.00
2015 09 08 11 50 184 10.0 11.8 99.00 99.00 99.00 999 1011.8  21.8  21.9  21.5 99.0 99.00
2015 09 08 12 50 118  3.9  5.4  0.74  3.85  3.56 188 1012.1  21.1  21.8  20.8 99.0 99.00
2015 09 08 13 50 150  4.1  5.4  0.33  3.57  3.01 199 1010.8  22.0  21.8  20.1 99.0 99.00
2015 09 08 14 50 168  7.9  9.1  0.16 99.00  2.65 999 1009.7  23.3  21.8  20.8 99.0 99.00
2015 09 08 15 50 169  7.3  8.9  0.30  2.47  2.47 172 1009.6  22.8  21.9  21.5 99.0 99.00
2015 09 08 16 50 179  7.5  8.7  0.45  2.94  2.85 174 1008.8  22.9  21.9  21.6 99.0 99.00
2015 09 08 17 50 245  7.5 13.0  0.46  3.45  3.03 169 1009.5  22.9  21.9  21.5 99.0 99.00
2015 09 08 18 50 206  6.9  8.1  0.59  3.33  3.14 179 1008.1  21.6  21.9  20.6 99.0 99.00
2015 09 08 19 50 177 11.3 14.2  0.58  3.70  3.26 185 1006.6  22.6  21.9  21.1 99.0 99.00
2015 09 08 20 50 197 10.1 12.2  0.81  4.17  3.49 182 1006.7  22.9  21.9  21.2 99.0 99.00
2015 09 08 21 50 206  7.3  9.1  0.91  4.76  3.86 194 1007.8  22.6  21.9  21.7 99.0 99.00
2015 09 08 22 50 205  7.4  8.6  1.21  4.76  4.24 188 1008.1  22.5  21.9  21.7 99.0 99.00
2015 09 08 23 50 250  5.6  6.4  1.00  5.00  4.24 191 1008.9  22.0  21.9  20.5 99.0 99.00
2015 09 09 00 50 322  6.9  8.4  0.77  4.76  4.23 194 1009.7  20.8  21.8  19.4 99.0 99.00
2015 09 09 01 50 338  7.7  9.0  0.59  4.76  3.38 182 1010.5  21.2  21.8  18.7 99.0 99.00
2015 09 09 02 50 319  5.0  6.0  0.56  3.13  3.26 334 1010.8  21.3  21.8  19.0 99.0 99.00
2015 09 09 03 50 296  4.2  4.9 99.00 99.00 99.00 999 1011.1  21.4  21.7 999.0 99.0 99.00
2015 09 09 04 50 292  4.8  5.5  0.42  4.76  3.49 181 1011.2  21.2  21.7  19.7 99.0 99.00
2015 09 09 05 50 298  5.7  6.5  0.39  4.00  3.34 177 1011.3  21.3  21.6  19.9 99.0 99.00
2015 09 09 06 50 302  6.2  7.2  0.41  3.23  3.26 322 1011.7  21.3  21.6  19.5 99.0 99.00
2015 09 09 07 50 312  4.3  5.2  0.40  3.85  3.23   3 1011.8  21.5  21.7  19.0 99.0 99.00
2015 09 09 08 50 317  5.5  6.5  0.35  4.00  3.23  15 1012.2  21.7  21.6  18.8 99.0 99.00
2015 09 09 09 50 335  7.8  9.7 99.00 99.00 99.00 999 1012.1  21.0  21.5  17.6 99.0 99.00
2015 09 09 10 50 346  7.8  9.2  0.65  3.85  3.42 354 1012.8  20.6  21.5  18.0 99.0 99.00
2015 09 09 11 50 351  9.0 10.8  0.86  4.35  3.77 333 1013.8  20.8  21.5  16.6 99.0 99.00
2015 09 09 12 50 355  8.9 10.5  0.97  4.55  3.80 351 1014.6  20.4  21.4  16.2 99.0 99.00
2015 09 09 13 50   6  7.8  8.9 99.00 99.00 99.00 999 1015.1  20.2  21.5  16.9 99.0 99.00
2015 09 09 14 50   9  6.9  8.0  1.02  5.00  4.01   7 1015.7  20.3  21.5  16.5 99.0 99.00
2015 09 09 15 50   6  6.3  8.4  0.90  5.00  3.91   1 1016.0  20.3  21.5  16.7 99.0 99.00
2015 09 09 16 50   8  6.2  7.3  0.76  4.76  3.73 360 1016.0  20.2  21.5  15.8 99.0 99.00
2015 09 09 17 50  29  4.2  4.9  0.72  4.76  3.71   1 1016.1  20.7  21.5  12.5 99.0 99.00
2015 09 09 18 50  25  3.7  5.1  0.55  4.76  3.60 349 1016.0  20.7  21.6  12.4 99.0 99.00
2015 09 09 19 50  28  2.7  3.6  0.50  4.76  3.68 356 1015.5  20.6  21.6  12.4 99.0 99.00
2015 09 09 20 50  61  1.7  2.3  0.43  4.76  3.67 356 1014.9  20.7  21.6  12.5 99.0 99.00
2015 09 09 21 50 344  1.9  2.5  0.38  4.55  3.71   2 1014.5  20.7  21.7  11.7 99.0 99.00
2015 09 09 22 50  16  0.9  1.4  0.35  4.35  3.73 356 1014.4  20.8  21.7  13.1 99.0 99.00
2015 09 09 23 50 129  0.2  0.8  0.32  4.55  3.79   3 1014.2  21.0  21.7  12.4 99.0 99.00
2015 09 10 00 50 268  1.4  1.8  0.27  4.55  3.74   7 1014.4  20.4  21.6  13.0 99.0 99.00
2015 09 10 01 50 292  2.1  2.5  0.25 99.00  3.68 999 1014.9  20.5  21.6  12.6 99.0 99.00
2015 09 10 02 50 180  0.1  0.4 99.00 99.00 99.00 999 1014.9  20.6  21.5 999.0 99.0 99.00
2015 09 10 03 50 150  1.0  1.4 99.00 99.00 99.00 999 1014.6  20.5  21.5  12.0 99.0 99.00
2015 09 10 04 50 153  0.1  0.4 99.00 99.00 99.00 999 1014.8  20.3  21.4  11.7 99.0 99.00
2015 09 10 05 50 163  0.5  0.7  0.18 99.00  3.71 999 1014.6  20.3  21.4  12.5 99.0 99.00
2015 09 10 06 50 134  1.1  1.5 99.00 99.00 99.00 999 1014.3  20.2  21.4  12.8 99.0 99.00
2015 09 10 07 50 142  3.0  3.7  0.18 99.00  3.90 999 1014.0  20.3  21.4  13.1 99.0 99.00
2015 09 10 08 50 163  4.1  4.8  0.17 99.00  3.89 999 1014.0  20.3  21.4  15.6 99.0 99.00
2015 09 10 09 50 167  5.5  6.3  0.15 99.00  3.65 999 1013.6  20.6  21.4  16.1 99.0 99.00
2015 09 10 10 50 183  5.5  6.3  0.20 99.00  2.78 999 1013.4  20.6  21.4  15.6 99.0 99.00
2015 09 10 11 50 185  6.0  7.2  0.26  2.60  2.70 165 1013.5  20.6  21.4  16.2 99.0 99.00
2015 09 10 12 50 176  7.4  8.6  0.39  2.74  2.80 173 1013.3  20.6  21.3  17.1 99.0 99.00
2015 09 10 13 50 219  5.8  7.0  0.44  3.23  2.98 174 1014.3  20.8  21.3  17.6 99.0 99.00
2015 09 10 14 50 265  7.3  8.5  0.42  3.23  3.05 172 1014.5  20.3  21.3  15.0 99.0 99.00
2015 09 10 15 50 235  5.3  6.3  0.48  3.45  3.07 170 1014.2  20.2  21.3  14.9 99.0 99.00
2015 09 10 16 50 202  5.2  6.4  0.48  3.23  3.11 217 1012.4  20.5  21.3  12.8 99.0 99.00
2015 09 10 17 50 243  5.1  6.0  0.43  3.57  3.16 168 1012.6  20.6  21.3  14.5 99.0 99.00
2015 09 10 18 50 243  6.0  7.0  0.50  2.86  2.94 274 1012.9  18.6  21.3  15.6 99.0 99.00
2015 09 10 19 50 258  3.4  4.4  0.51  3.33  3.12 224 1012.8  18.8  21.3  15.8 99.0 99.00
2015 09 10 20 50 271  5.6  6.6  0.51  3.57  3.25 235 1012.5  19.0  21.3  15.7 99.0 99.00
2015 09 10 21 50 287  6.4  7.5 99.00 99.00 99.00 999 1012.0  19.2  21.4  16.2 99.0 99.00
2015 09 10 22 50 308  5.1  6.2  0.47  3.45  3.25 226 1011.6  19.5  21.4  16.5 99.0 99.00
2015 09 10 23 50 307  3.8  4.6 99.00 99.00 99.00 999 1012.0  19.9  21.4  16.5 99.0 99.00
2015 09 11 00 50 333  3.5  4.5  0.29  3.23  2.97 219 1012.1  19.9  21.4  15.8 99.0 99.00
2015 09 11 01 50 335  4.1  5.1  0.23 99.00  2.89 999 1012.3  19.8  21.3  16.3 99.0 99.00
2015 09 11 02 50   1  4.0  4.9  0.21 99.00  2.92 999 1012.5  19.6  21.3  16.4 99.0 99.00
2015 09 11 03 50 360  4.2  4.8 99.00 99.00 99.00 999 1012.5  19.5  21.3  16.3 99.0 99.00
2015 09 11 04 50 353  2.8  3.5  0.16 99.00  2.65 999 1013.0  19.4  21.3  15.9 99.0 99.00
2015 09 11 05 50 325  2.4  3.1 99.00 99.00 99.00 999 1013.6  19.5  21.3  15.1 99.0 99.00
2015 09 11 06 50 338  2.5  3.3  0.13 99.00  2.87 999 1013.0  19.5  21.3  15.0 99.0 99.00
2015 09 11 07 50 358  3.2  4.2 99.00 99.00 99.00 999 1013.0  19.5  21.3  15.3 99.0 99.00
2015 09 11 08 50   8  5.1  6.3 99.00 99.00 99.00 999 1012.8  19.4  21.3  14.9 99.0 99.00
2015 09 11 09 50  21  5.6  6.7  0.20 99.00  2.58 999 1012.6  19.1  21.3  15.3 99.0 99.00
2015 09 11 10 50  55  6.4  8.0  0.33  2.86  2.79  33 1012.9  18.6  21.2  15.5 99.0 99.00
2015 09 11 11 50  48  7.3  8.8  0.53  3.70  3.19  27 1013.4  18.2  21.2  15.2 99.0 99.00
2015 09 11 12 50  43  9.6 12.1  0.69  3.85  3.40  29 1013.6  17.8  21.2  15.5 99.0 99.00
2015 09 11 13 50  41  9.0 11.0  0.88  4.17  3.69  26 1015.1  16.4  21.2  13.0 99.0 99.00
2015 09 11 14 50  45  8.7 10.2  0.93  4.55  3.79  16 1015.5  16.1  21.1  11.0 99.0 99.00
2015 09 11 15 50  63  8.0 10.2 99.00 99.00 99.00 999 1015.6  16.6  21.1  11.7 99.0 99.00
2015 09 11 16 50  64  6.3  7.6  1.08  5.00  4.15  11 1015.8  16.7  21.1  11.4 99.0 99.00
2015 09 11 17 50  38  6.0  7.6 99.00 99.00 99.00 999 1015.6  17.2  21.2  11.6 99.0 99.00
2015 09 11 18 50   8  7.4  9.2  1.02  5.88  4.24 347 1015.4  17.4  21.1  11.5 99.0 99.00
2015 09 11 19 50 350 10.0 11.9  1.08  5.00  4.16 356 1015.2  16.6  21.1  12.8 99.0 99.00
2015 09 11 20 50 354  9.9 11.7  1.18  5.88  4.37 343 1015.2  17.1  21.1  11.2 99.0 99.00
2015 09 11 21 50 351  9.3 11.6  1.34  5.56  4.54 346 1015.3  17.0  21.1  10.6 99.0 99.00
2015 09 11 22 50 350 10.0 12.5  1.57  6.25  4.73 348 1015.5  16.9  21.0  10.2 99.0 99.00
2015 09 11 23 50 353 10.0 12.5  1.55  5.88  4.67 359 1015.6  16.8  21.0   9.8 99.0 99.00
2015 09 12 00 50 351  9.6 12.2 99.00 99.00 99.00 999 1015.9  16.5  21.0   9.7 99.0 99.00
2015 09 12 01 50 353  9.3 11.5  1.60  5.88  4.73   2 1016.2  16.5  20.9   9.8 99.0 99.00
2015 09 12 02 50 345  9.1 11.1  1.41  5.56  4.49   5 1016.2  16.4  20.9  10.2 99.0 99.00
2015 09 12 03 50 337  9.2 11.9 99.00 99.00 99.00 999 1016.0  16.4  20.8  11.0 99.0 99.00
2015 09 12 04 50  26  8.5 10.5 99.00 99.00 99.00 999 1016.2  14.8  20.8  11.1 99.0 99.00
2015 09 12 05 50   9 10.3 12.5  1.55  6.25  4.76   3 1016.2  14.1  20.7  11.4 99.0 99.00
2015 09 12 06 50  41  9.6 12.0 99.00 99.00 99.00 999 1015.9  15.1  20.7  10.2 99.0 99.00
2015 09 12 07 50  29  8.7 11.1  1.48  5.88  4.69 358 1015.8  15.2  20.6   8.1 99.0 99.00
2015 09 12 08 50  23  8.9 11.6  1.40  6.25  4.56 353 1015.9  15.2  20.5   8.5 99.0 99.00
2015 09 12 09 50  25  9.4 11.6  1.37  5.88  4.57 357 1016.1  14.9  20.4   8.5 99.0 99.00
2015 09 12 10 50  16  9.7 11.8  1.38  5.26  4.54 359 1016.4  14.8  20.3   8.7 99.0 99.00
2015 09 12 11 50  22  9.4 11.4 99.00 99.00 99.00 999 1016.7  14.4  20.2   7.9 99.0 99.00
2015 09 12 12 50  16  8.1 10.6 99.00 99.00 99.00 999 1017.0  14.5  20.2   7.3 99.0 99.00
2015 09 12 13 50  15  8.1 10.4  1.28  5.88  4.59 345 1017.0  14.6  20.2   7.2 99.0 99.00
2015 09 12 14 50   9  7.6 10.3  1.22  6.25  4.57 355 1017.3  14.8  20.1   7.7 99.0 99.00
2015 09 12 15 50   3  7.2  8.4  1.16  5.88  4.40 353 1017.4  14.8  20.1   8.5 99.0 99.00
2015 09 12 16 50 333  7.9  9.8  1.20  6.25  4.42 353 1017.1  14.7  20.1   9.8 99.0 99.00
2015 09 12 17 50   6  7.5 12.0  1.34  5.56  4.51 346 1017.0  14.5  20.1   9.9 99.0 99.00
2015 09 12 18 50 331 10.3 12.7  1.54  5.88  4.59 347 1016.4  15.3  20.2   9.0 99.0 99.00
2015 09 12 19 50 343 11.0 13.2  1.63  5.88  4.64 349 1016.1  15.4  20.2   9.2 99.0 99.00
2015 09 12 20 50 333  9.6 11.5  1.64  5.56  4.77 354 1015.8  15.5  20.2   8.5 99.0 99.00
2015 09 12 21 50 337  9.5 11.6  1.55  5.88  4.56 351 1015.7  15.8  20.2   8.8 99.0 99.00
2015 09 12 22 50 342  9.9 12.0 99.00 99.00 99.00 999 1015.6  15.9 999.0   8.6 99.0 99.00
2015 09 12 23 50 346 10.3 13.0  1.60  6.25  4.82 356 1015.4  16.1  20.1   7.5 99.0 99.00
2015 09 13 00 50 359 10.1 12.4  1.58  6.25  4.74 358 1015.4  16.1  20.1   7.7 99.0 99.00
2015 09 13 01 50 360  9.7 11.8 99.00 99.00 99.00 999 1015.7  16.6  20.0   8.2 99.0 99.00
2015 09 13 02 50 348  8.7 99.0 99.00 99.00 99.00 999 1016.0  16.4 999.0   8.4 99.0 99.00
2015 09 13 03 50 357  7.7 10.0  1.44  5.56  4.76   5 1016.1  16.3  19.9   7.7 99.0 99.00
2015 09 13 04 50 349  6.4  8.2  1.36  5.88  4.79   3 1016.1  16.1  19.8   7.5 99.0 99.00
2015 09 13 05 50 343  5.8  7.7 99.00 99.00 99.00 999 1015.9  16.2  19.8   8.5 99.0 99.00
2015 09 13 06 50 324  4.7  6.7 99.00 99.00 99.00 999 1015.9  16.0  19.7   7.8 99.0 99.00
2015 09 13 07 50 327  4.3  5.8 99.00 99.00 99.00 999 1015.9  16.0  19.6   7.8 99.0 99.00
2015 09 13 08 50 305  4.7  6.0 99.00 99.00 99.00 999 1015.9  16.0  19.6   7.2 99.0 99.00
2015 09 13 09 50 286  5.2  7.0  0.65  5.56  4.10 354 1015.8  15.8  19.5   8.8 99.0 99.00
2015 09 13 10 50 268  5.2  6.3  0.63  5.00  3.79   7 1015.9  15.9  19.6   9.3 99.0 99.00
2015 09 13 11 50 268  6.2  7.2  0.64  5.00  3.61 360 1016.2  15.9  19.6   9.7 99.0 99.00
2015 09 13 12 50 294  7.2  8.5 99.00 99.00 99.00 999 1016.4  16.1  19.6  10.1 99.0 99.00
2015 09 13 13 50 299  8.1  9.9  0.66  3.33  3.39 298 1016.3  16.5  19.6   9.4 99.0 99.00
2015 09 13 14 50 296  8.1 10.0  0.80  3.45  3.45 297 1016.3  16.7  19.6   9.2 99.0 99.00
2015 09 13 15 50 302  6.9  8.1  0.81  4.00  3.62 305 1016.6  16.8  19.7   9.6 99.0 99.00
2015 09 13 16 50 298  5.7  6.9  0.69  4.00  3.54 289 1016.4  16.9  19.8   9.2 99.0 99.00
2015 09 13 17 50 296  4.7  5.9  0.60  3.85  3.46 287 1016.4  17.2  19.9   9.0 99.0 99.00
2015 09 13 18 50 285  3.7  4.7  0.56  4.00  3.61 299 1016.2  17.6  20.0   7.3 99.0 99.00
2015 09 13 19 50 235  2.0  3.0  0.48  3.85  3.49 317 1015.7  18.1  20.1   7.3 99.0 99.00
2015 09 13 20 50 202  2.4  3.4 99.00 99.00 99.00 999 1015.4  18.2  20.1   7.1 99.0 99.00
2015 09 13 21 50 189  4.2  5.1  0.37  4.76  3.72   9 1014.9  18.0  20.1   7.9 99.0 99.00
2015 09 13 22 50 181  4.7  5.7  0.33  4.55  3.65 359 1014.7  18.2  20.1   8.6 99.0 99.00
2015 09 13 23 50 180  5.8  6.4  0.28  5.00  3.49  13 1014.6  18.5  20.1   9.8 99.0 99.00
2015 09 14 00 50 184  7.1  8.4  0.32  2.60  2.82 206 1014.6  18.6  20.0  10.8 99.0 99.00
2015 09 14 01 50 184  7.3  8.3  0.43  2.86  2.84 201 1014.6  18.9  19.9  10.8 99.0 99.00
2015 09 14 02 50 184  7.4  8.5 99.00 99.00 99.00 999 1014.8  19.0  19.8  11.7 99.0 99.00
2015 09 14 03 50 188  7.1  8.6 99.00 99.00 99.00 999 1014.8  19.4  19.8  12.2 99.0 99.00
2015 09 14 04 50 216  6.7  7.6 99.00 99.00 99.00 999 1015.1  19.9  19.7  10.6 99.0 99.00
2015 09 14 05 50 223  8.2  9.4 99.00 99.00 99.00 999 1015.3  19.7  19.6  11.8 99.0 99.00
2015 09 14 06 50 225  7.8  9.3 99.00 99.00 99.00 999 1015.5  19.5  19.6  11.7 99.0 99.00
2015 09 14 07 50 226  7.9  9.2  0.73  4.00  3.59 202 1015.6  19.4  19.5  11.5 99.0 99.00
2015 09 14 08 50 221  8.1  9.4 99.00 99.00 99.00 999 1015.8  19.2  19.5  11.7 99.0 99.00
2015 09 14 09 50 220  6.9  8.3 99.00 99.00 99.00 999 1015.9  19.1  19.6  12.6 99.0 99.00
2015 09 14 10 50 215  8.3  9.5  0.86  4.76  3.97 191 1016.1  19.1  19.6  11.9 99.0 99.00
2015 09 14 12 50 209  8.6 10.3 99.00 99.00 99.00 999 1017.0  19.0  19.6  12.6 99.0 99.00
2015 09 14 13 50 203  9.0 10.3  1.04  4.76  4.16 195 1017.3  18.9  19.6  13.0 99.0 99.00
2015 09 14 14 50 196  9.2 10.8  1.13  5.00  4.14 203 1017.7  18.9  19.6  13.5 99.0 99.00
2015 09 14 15 50 184  9.7 11.3  1.28  5.56  4.18 186 1017.8  18.8  19.6  13.6 99.0 99.00
2015 09 14 16 50 184 10.8 12.8  1.37  5.26  4.35 192 1017.3  19.1  19.7  14.0 99.0 99.00
2015 09 14 17 50 179 10.6 12.5  1.48  5.00  4.38 190 1017.0  19.6  19.7  14.8 99.0 99.00
2015 09 14 18 50 178 10.5 12.5  1.45  5.56  4.47 193 1016.6  20.4  19.7  15.0 99.0 99.00
2015 09 14 19 50 174 10.1 11.6  1.41  5.88  4.40 189 1016.2  20.8  19.7  15.7 99.0 99.00
2015 09 14 20 50 173  9.7 11.3  1.43  5.56  4.41 185 1016.2  21.2  19.7  15.9 99.0 99.00
2015 09 14 21 50 173  9.3 11.1  1.18  5.26  4.14 182 1015.9  21.5  19.7  16.3 99.0 99.00
2015 09 14 22 50 176  8.9 10.2  1.01  4.55  4.00 188 1015.8  21.6  19.6  17.0 99.0 99.00
2015 09 14 23 50 178  8.9 10.5  0.95  4.76  3.94 189 1015.9  21.8  19.5  16.9 99.0 99.00
2015 09 15 00 50 180  9.3 10.8 99.00 99.00 99.00 999 1016.2  22.0  19.6  17.1 99.0 99.00
2015 09 15 01 50 183  9.0 10.4  1.02  4.76  4.16 190 1016.8  21.9  19.6  16.9 99.0 99.00
2015 09 15 02 50 185  9.9 11.5  1.02  5.26  4.20 189 1017.1  21.8  19.6  16.5 99.0 99.00
2015 09 15 03 50 187  9.3 11.2 99.00 99.00 99.00 999 1017.8  21.3  19.6  16.6 99.0 99.00
2015 09 15 04 50 195  9.1 10.8  1.19  5.26  4.44 194 1018.3  21.2  19.6  16.6 99.0 99.00
2015 09 15 05 50 198  8.7 10.2  1.25  5.26  4.50 190 1018.9  21.2  19.6  16.1 99.0 99.00
2015 09 15 06 50 196  8.0  9.4  1.18  5.26  4.39 187 1019.5  20.8  19.6  16.6 99.0 99.00
2015 09 15 07 50 189  6.9  8.6  1.12  5.00  4.26 191 1020.1  20.6  19.6  16.7 99.0 99.00
2015 09 15 08 50 183  7.5  8.7 99.00 99.00 99.00 999 1020.5  20.3  19.6  16.8 99.0 99.00
2015 09 15 09 50 189  7.4  8.7  0.98  4.76  4.01 186 1021.0  20.2  19.6  16.7 99.0 99.00
2015 09 15 10 50 189  7.2  8.5  0.95  5.00  3.97 189 1021.4  20.1  19.5  16.7 99.0 99.00
2015 09 15 11 50 185  7.2  8.6  0.87  4.76  3.82 187 1022.0  20.0  19.5  16.7 99.0 99.00
2015 09 15 12 50 185  8.0  9.4  0.85  5.00  3.71 189 1022.4  19.9  19.5  16.2 99.0 99.00
2015 09 15 13 50 187  7.5  8.5  0.83  4.76  3.61 188 1022.7  19.9  19.5  15.9 99.0 99.00
2015 09 15 14 50 187  7.3  8.7  0.87  4.55  3.80 189 1022.9  20.1  19.5  16.2 99.0 99.00
2015 09 15 15 50 183  8.1  9.5  0.81  5.00  3.73 184 1022.8  19.8  19.5  16.3 99.0 99.00
2015 09 15 16 50 184  8.5  9.9  0.88  4.76  3.78 189 1022.9  19.9  19.5  16.0 99.0 99.00
2015 09 15 17 50 182  7.5  9.3  0.98  4.55  4.09 191 1022.9  20.2  19.6  16.2 99.0 99.00
2015 09 15 18 50 172  7.5  8.7  0.93  5.00  4.10 187 1022.4  20.5  19.6  16.5 99.0 99.00
2015 09 15 19 50 168  7.0  8.2  0.92  4.76  4.04 191 1022.0  21.0  19.6  16.6 99.0 99.00
2015 09 15 20 50 165  6.0  6.8  0.73  4.76  3.85 188 1021.9  21.2  19.7  16.7 99.0 99.00
2015 09 15 21 50 153  4.9  5.7  0.63  4.17  3.73 185 1021.7  21.2  19.7  17.1 99.0 99.00
2015 09 15 22 50 153  5.7  6.3 99.00 99.00 99.00 999 1021.5  21.5  19.7  16.6 99.0 99.00
2015 09 15 23 50 156  5.4  6.3  0.42  4.00  3.33 186 1021.5  21.5  19.7  16.6 99.0 99.00
2015 09 16 00 50 157  5.3  5.9  0.34  3.70  3.12 198 1021.6  21.2  19.7  17.5 99.0 99.00
2015 09 16 01 50 153  5.4  6.3  0.29  3.23  3.00 199 1021.9  20.9  19.7  17.8 99.0 99.00
2015 09 16 02 50 162  5.7  6.4  0.27  3.13  2.97 195 1022.3  21.1  19.6  17.5 99.0 99.00
2015 09 16 03 50 169  6.0  6.7  0.28  3.23  2.84 207 1022.7  21.0  19.6  17.1 99.0 99.00
2015 09 16 04 50 176  7.2  8.4  0.37  3.03  2.85 191 1022.7  21.1  19.6  16.5 99.0 99.00
2015 09 16 05 50 178  7.2  8.2  0.49  3.33  2.98 195 1022.4  21.0  19.6  16.5 99.0 99.00
2015 09 16 06 50 182  7.6  8.7  0.59  3.45  3.18 182 1022.2  21.0  19.6  16.5 99.0 99.00
2015 09 16 07 50 183  7.2  8.3  0.64  3.57  3.21 180 1022.2  20.9  19.5  16.5 99.0 99.00
2015 09 16 08 50 183  6.7  7.8  0.74  3.85  3.40 197 1022.1  20.7  19.5  16.5 99.0 99.00
2015 09 16 09 50 186  6.8  7.9  0.73  4.00  3.56 193 1022.5  20.7  19.5  16.1 99.0 99.00
2015 09 16 10 50 199  6.2  7.3  0.77  4.17  3.65 188 1023.0  20.5  19.5  16.0 99.0 99.00
2015 09 16 11 50 188  6.2  7.3  0.72  4.35  3.74 186 1023.1  20.3  19.6  16.1 99.0 99.00
2015 09 16 12 50 176  6.5  8.0  0.71  4.35  3.72 182 1023.3  20.2  19.6  16.2 99.0 99.00
2015 09 16 13 50 177  7.3  8.5  0.72  4.55  3.69 179 1023.2  20.2  19.6  16.1 99.0 99.00
2015 09 16 14 50 179  8.1  9.7 99.00 99.00 99.00 999 1023.2  20.3  19.7  15.9 99.0 99.00
2015 09 16 15 50 178  7.9  9.4 99.00 99.00 99.00 999 1023.1  20.3  19.7  16.4 99.0 99.00
2015 09 16 16 50 178  7.6  9.0  0.92  4.55  3.91 189 1022.8  20.3  19.7  16.7 99.0 99.00
2015 09 16 17 50 175  8.2  9.5  0.86  4.55  3.80 195 1022.1  20.5  19.7  16.7 99.0 99.00
2015 09 16 18 50 174  7.9  9.3 99.00 99.00 99.00 999 1021.3  20.8  19.7  17.0 99.0 99.00
2015 09 16 19 50 172  7.5  8.7 99.00 99.00 99.00 999 1020.7  21.3  19.7  16.9 99.0 99.00
2015 09 16 20 50 168  6.2  7.1  0.74  4.55  3.58 190 1020.1  21.9  19.7  16.4 99.0 99.00
2015 09 16 21 50 999 99.0  6.8  0.59  4.17  3.47 185 1019.6  21.5  19.7  17.2 99.0 99.00
2015 09 16 22 50 150  5.7 99.0  0.49  4.00  3.25 187 1019.1  21.2  19.9  17.8 99.0 99.00
2015 09 16 23 50 162  6.0  6.7  0.41  3.85  3.06 194 1018.7  21.6  19.9  17.4 99.0 99.00
2015 09 17 00 50 168  6.2  7.0  0.34  3.45  2.98 197 1018.7  21.8  19.9  17.5 99.0 99.00
2015 09 17 01 50 171  6.3  7.3  0.38  3.23  2.94 188 1018.8  22.1  19.9  17.2 99.0 99.00
2015 09 17 02 50 172  6.3  7.1 99.00 99.00 99.00 999 1018.8  22.0  19.9  17.4 99.0 99.00
2015 09 17 03 50 179  7.5  8.4  0.43  3.23  3.02 196 1018.8  22.0  20.0  17.3 99.0 99.00
2015 09 17 04 50 182  7.8  9.0  0.48  3.33  3.11 203 1018.7  21.8  20.0  17.4 99.0 99.00
2015 09 17 05 50 184  7.4  8.7  0.61  3.70  3.35 196 1018.4  21.5  20.0  17.5 99.0 99.00
2015 09 17 06 50 185  7.5  8.6  0.63  4.00  3.41 195 1018.3  21.3  19.9  17.5 99.0 99.00
2015 09 17 07 50 189  7.4  8.6 99.00 99.00 99.00 999 1018.1  21.1  20.0  17.3 99.0 99.00
2015 09 17 08 50 192  7.0  8.3  0.74  4.35  3.60 191 1018.1  20.9  19.9  17.2 99.0 99.00
2015 09 17 09 50 190  6.8  7.7 99.00 99.00 99.00 999 1018.0  20.7  19.9  17.2 99.0 99.00
2015 09 17 10 50 185  7.1  9.0  0.68  3.85  3.60 192 1017.7  20.6  19.9  17.4 99.0 99.00
2015 09 17 11 50 182  7.8  9.2  0.75  4.35  3.57 187 1017.3  20.6  19.9  17.5 99.0 99.00
2015 09 17 12 50 178  8.1  9.8  0.84  4.35  3.67 195 1017.0  20.7  19.9  17.3 99.0 99.00
2015 09 17 13 50 179  8.3 10.1 99.00 99.00 99.00 999 1016.7  20.7  19.9  17.2 99.0 99.00
2015 09 17 14 50 180  9.7 11.5  1.02  4.55  3.88 183 1016.5  20.6  19.9  17.3 99.0 99.00
2015 09 17 15 50 176  9.7 11.6  1.03  4.76  3.85 182 1015.7  20.6  20.0  17.1 99.0 99.00
2015 09 17 16 50 177  9.5 10.9  1.12  5.00  4.04 183 1015.3  20.7  20.0  17.4 99.0 99.00
2015 09 17 17 50 174  8.9 10.7  1.11  5.00  4.04 184 1014.9  21.2  20.0  17.8 99.0 99.00
2015 09 17 18 50 168  7.7  8.8  1.03  5.00  4.02 186 1014.7  21.5  20.1  18.5 99.0 99.00
2015 09 17 19 50 164  8.0  9.2  0.85  4.55  3.88 183 1013.6  21.8  20.2  18.7 99.0 99.00
2015 09 17 20 50 167  7.8  9.1 99.00 99.00 99.00 999 1012.6  22.0  20.2  18.7 99.0 99.00
2015 09 17 21 50 171  9.0 10.4  0.73  4.35  3.49 196 1011.6  22.7  20.2  18.8 99.0 99.00
2015 09 17 22 50 172  8.2  9.5  0.78  4.17  3.60 187 1011.4  22.9  20.2  19.1 99.0 99.00
2015 09 17 23 50 191  5.7  6.7  0.70  4.35  3.52 188 1011.5  21.1  20.2  19.3 99.0 99.00
2015 09 18 00 50 187  5.6  6.5  0.71  4.17  3.62 192 1011.2  20.7  20.2  19.2 99.0 99.00
2015 09 18 01 50 146  2.8  3.3 99.00 99.00 99.00 999 1010.9  21.0  20.2  19.3 99.0 99.00
2015 09 18 02 50 182  5.8  6.4  0.50  4.17  3.57 186 1011.0  22.2  20.2  19.4 99.0 99.00
2015 09 18 03 50 181  5.9  6.9  0.41  3.85  3.26 201 1010.8  22.2  20.2  19.3 99.0 99.00
2015 09 18 04 50 244 11.0 14.0  0.76  4.00  3.59 204 1011.5  20.8  20.2  19.5 99.0 99.00
2015 09 18 05 50 209  8.8 10.3  1.07  4.76  3.97 210 1011.1  20.0  20.2  18.5 99.0 99.00
2015 09 18 06 50 173  7.5  9.0  1.04  4.35  3.96 213 1012.1  19.4  20.2  18.3 99.0 99.00
2015 09 18 07 50 143  6.3  7.7  0.66  4.17  3.75 196 1009.4  20.0  20.2  19.5 99.0 99.00
2015 09 18 08 50 136  4.7  5.7  0.53  3.45  3.35 210 1009.7  20.1  20.2  19.7 99.0 99.00
2015 09 18 09 50 191  2.2  4.1 99.00 99.00 99.00 999 1010.7  20.1  20.2  19.8 99.0 99.00
2015 09 18 10 50 177 10.3 11.8  0.52  4.35  3.29 189 1007.7  20.3  20.1  19.9 99.0 99.00
2015 09 18 11 50 194  5.8  6.9  0.71  4.55  3.52 189 1008.6  20.6  20.1  20.0 99.0 99.00
2015 09 18 12 50 199  5.3  6.1 99.00 99.00 99.00 999 1009.7  20.8  20.1 999.0 99.0 99.00
2015 09 18 13 50 228  5.5  6.6 99.00 99.00 99.00 999 1010.3  20.4  20.1  19.7 99.0 99.00
2015 09 18 14 50 225  3.1  3.9  0.65  3.85  3.55 192 1010.6  20.4  20.2  19.5 99.0 99.00
2015 09 18 15 50 214  1.6  1.9 99.00 99.00 99.00 999 1010.6  20.8  20.4  19.1 99.0 99.00
2015 09 18 16 50 170  2.1  2.5  0.49  4.00  3.67 189 1010.6  20.7  20.7  19.3 99.0 99.00
2015 09 18 17 50 175  3.6  4.2 99.00 99.00 99.00 999 1010.5  20.6  20.7  19.4 99.0 99.00
2015 09 18 18 50 173  2.3  2.9  0.45  4.17  3.68 185 1010.2  20.5  20.6  19.3 99.0 99.00
2015 09 18 19 50 192  1.3  1.7  0.43  4.17  3.68 187 1010.5  20.6  20.6  19.4 99.0 99.00
2015 09 18 20 50 125  0.8  1.0  0.35  3.85  3.51 190 1009.5  20.7  20.8  19.4 99.0 99.00
2015 09 18 21 50 129  1.0  1.5  0.27  3.85  3.50 188 1008.8  20.5  20.8  19.7 99.0 99.00
2015 09 18 22 50 356  1.8  2.3  0.23 99.00  3.31 999 1009.4  20.3  20.8  19.6 99.0 99.00
2015 09 18 23 50 112  3.5  3.9  0.18 99.00  3.20 999 1009.1  20.3  20.7  19.8 99.0 99.00
2015 09 19 00 50 143  1.6  2.0  0.16 99.00  3.21 999 1009.1  20.3  20.7  19.8 99.0 99.00
2015 09 19 01 50  18  0.4  1.6  0.11 99.00  3.11 999 1008.8  19.8  20.6  19.8 99.0 99.00
2015 09 19 03 50 144  2.8  3.7 99.00 99.00 99.00 999 1006.7  20.2  20.5  20.2 99.0 99.00
2015 09 19 04 50 180  5.6  6.5  0.09 99.00  2.91 999 1006.2  20.5  20.4  20.4 99.0 99.00
2015 09 19 05 50 184  6.8  8.9  0.16 99.00  2.39 999 1004.8  20.5  20.4  20.5 99.0 99.00
2015 09 19 06 50 188  7.2  9.0 99.00 99.00 99.00 999 1004.0  20.8  20.3  19.6 99.0 99.00
2015 09 19 07 50 216  6.5  9.8 99.00 99.00 99.00 999 1003.2  20.8  20.3  19.5 99.0 99.00
2015 09 19 08 50 273 13.0 20.3  0.70  3.70  3.14 185 1002.9  18.8  20.3  17.7 99.0 99.00
2015 09 19 09 50 350 16.1 19.3  1.52  4.17  3.95 318 1004.3  16.0  20.2  14.5 99.0 99.00
2015 09 19 10 50 336 13.9 17.0  2.00  5.56  4.81 333 1006.1  16.4  20.2  14.4 99.0 99.00
2015 09 19 11 50 340 14.5 18.7 99.00 99.00 99.00 999 1008.2  16.3  20.1  13.5 99.0 99.00
2015 09 19 12 50 339 12.7 15.1  3.04  7.14  5.77 345 1009.7  16.3  20.0  12.8 99.0 99.00
2015 09 19 13 50 322 10.3 13.3  2.46  7.69  5.72 350 1011.0  16.1  19.9  13.5 99.0 99.00
2015 09 19 14 50 314 12.1 14.5  2.42  7.69  5.73 358 1012.3  16.0  19.9  13.1 99.0 99.00
2015 09 19 15 50 312 10.9 14.3  2.18  7.69  5.54 358 1013.5  16.2  19.9  12.9 99.0 99.00
2015 09 19 16 50 307  9.7 12.1  2.02  7.69  5.49 358 1014.4  16.3  19.9  12.8 99.0 99.00
2015 09 19 17 50 316  9.5 11.6  1.79  7.69  5.29 354 1014.9  16.8  19.9  11.7 99.0 99.00
2015 09 19 18 50 310  8.3  9.9  1.75  7.69  5.32   2 1015.3  17.4  19.8  10.9 99.0 99.00
2015 09 19 19 50 318  7.9  9.7  1.70  7.69  5.43 354 1015.9  17.9  19.8  11.2 99.0 99.00
2015 09 19 20 50 321  6.5  7.5  1.51  7.69  5.43   2 1016.5  18.0  19.8  10.8 99.0 99.00
2015 09 19 21 50 333  4.9  6.1  1.39  7.14  5.32   1 1016.8  18.1  19.8  10.0 99.0 99.00
2015 09 19 22 50 345  3.6  4.9 99.00 99.00 99.00 999 1017.1  18.3  19.7   9.9 99.0 99.00
2015 09 19 23 50 337  3.0  4.1  1.10  6.67  5.12 359 1017.5  18.2  19.7   9.6 99.0 99.00
2015 09 20 00 50 336  2.6  3.4 99.00 99.00 99.00 999 1018.2  18.3  19.7   9.8 99.0 99.00
2015 09 20 01 50 340  2.7  3.4 99.00 99.00 99.00 999 1018.6  18.4  19.7   9.9 99.0 99.00
2015 09 20 02 50 330  2.2  2.8  0.87  5.88  4.67   7 1019.1  18.4  19.7   9.5 99.0 99.00
2015 09 20 03 50 328  2.5  3.4  0.84  5.88  4.52   3 1019.3  18.5  19.7   9.6 99.0 99.00
2015 09 20 04 50 316  1.2  1.8 99.00 99.00 99.00 999 1019.3  18.5  19.8   9.9 99.0 99.00
2015 09 20 05 50 306  2.2  3.1 99.00 99.00 99.00 999 1019.4  18.6  19.8  10.5 99.0 99.00
2015 09 20 06 50 283  2.3  3.1 99.00 99.00 99.00 999 9999.0  18.3  19.8  10.8 99.0 99.00
2015 09 20 07 50 302  1.7  2.6  0.52  5.88  4.21 353 1020.0  18.2  19.8  10.3 99.0 99.00
2015 09 20 08 50 328  1.8  2.2  0.46  5.56  4.41 355 1020.5  18.2  19.8  10.1 99.0 99.00
2015 09 20 09 50 333  2.0  2.5 99.00 99.00 99.00 999 1020.9  18.1  19.7  11.3 99.0 99.00
2015 09 20 10 50 329  1.7 99.0 99.00 99.00 99.00 999 1021.7  17.9  19.7  11.7 99.0 99.00
2015 09 20 11 50 356  1.1  1.5  0.35  5.88  4.68 354 1022.2  18.0  19.7  10.0 99.0 99.00
2015 09 20 12 50  47  0.1  0.6  0.33  5.56  4.74 348 1022.6  18.9  19.6  10.9 99.0 99.00
2015 09 20 13 50 202  0.4  0.8  0.26  5.88  4.61 346 1022.8  19.5  19.7  11.1 99.0 99.00
2015 09 20 14 50 203  2.5  2.9  0.29  5.56  4.80 353 1023.0  18.5  19.7  10.6 99.0 99.00
2015 09 20 15 50 226  1.7  2.5  0.30  5.26  4.69   8 1023.1  18.6  19.7  10.3 99.0 99.00
2015 09 20 16 50 212  5.2  6.2  0.30  5.56  3.73 351 1022.9  18.3  19.9  12.6 99.0 99.00
2015 09 20 17 50 225  4.4  5.3  0.31  5.26  3.37   4 1022.6  18.0  19.9  11.3 99.0 99.00
2015 09 20 18 50 222  3.0  3.7 99.00 99.00 99.00 999 1022.1  18.2  19.9  10.7 99.0 99.00
2015 09 20 19 50 228  2.1  2.8  0.33  5.00  3.40   3 1021.5  18.3  20.1  10.9 99.0 99.00
2015 09 20 20 50 215  1.4  1.9  0.27  5.00  3.36  21 1021.2  18.6  20.3  11.1 99.0 99.00
2015 09 20 21 50 203  0.7  1.3  0.26  4.55  3.44  13 1020.8  19.0  20.4  11.1 99.0 99.00
2015 09 20 22 50 155  0.8  1.3  0.24 99.00  3.40 999 1020.5  18.7  20.4   9.2 99.0 99.00
2015 09 20 23 50 180  0.0  0.6  0.21 99.00  3.37 999 1020.5  18.2  20.3  10.3 99.0 99.00
2015 09 21 00 50  50  1.1  1.6 99.00 99.00 99.00 999 1020.9  18.0  20.2   9.9 99.0 99.00
2015 09 21 01 50  80  2.5  2.9 99.00 99.00 99.00 999 1021.0  18.3  20.2  10.4 99.0 99.00
2015 09 21 02 50  93  2.8  3.4  0.13 99.00  3.47 999 1021.0  18.4  20.1  11.0 99.0 99.00
2015 09 21 03 50 110  3.9  4.8  0.13 99.00  3.66 999 1021.0  18.5  19.9  11.9 99.0 99.00
2015 09 21 04 50 117  5.7  6.8  0.11 99.00  4.07 999 1020.8  18.7  19.9  12.4 99.0 99.00
2015 09 21 05 50 127  6.2  7.4  0.19 99.00  2.54 999 1020.3  18.7  19.8  11.7 99.0 99.00
2015 09 21 06 50 127  6.5  7.6  0.31  2.47  2.60 121 1020.0  18.6  19.8  11.6 99.0 99.00
2015 09 21 07 50 133  6.5  7.8  0.36  2.74  2.69 113 1019.9  18.3  19.7  11.3 99.0 99.00
2015 09 21 08 50 144  6.1  6.9  0.34  2.94  2.79 105 1019.9  18.2  19.6  12.2 99.0 99.00
2015 09 21 09 50 155  5.6  6.6  0.35  3.03  2.78 117 1020.2  18.1  19.6  11.6 99.0 99.00
2015 09 21 10 50 164  5.5  6.4  0.36  3.13  2.93 127 1020.6  18.0  19.5  12.0 99.0 99.00
2015 09 21 11 50 167  5.1  6.1  0.35  3.23  2.96 138 1021.0  18.1  19.5  12.2 99.0 99.00
2015 09 21 12 50 161  5.2  6.3  0.38  3.57  3.07 127 1021.6  18.0  19.5  12.6 99.0 99.00
2015 09 21 13 50 162  5.1  6.1  0.42  3.70  3.23 142 1021.9  17.7  19.6  12.0 99.0 99.00
2015 09 21 14 50 161  4.2  5.4  0.39  3.70  3.19 141 1022.1  17.7  19.7  12.1 99.0 99.00
2015 09 21 15 50 168  4.2  5.4  0.37  3.57  3.19 149 1022.1  17.7  19.8  12.1 99.0 99.00
2015 09 21 16 50 168  3.8  5.1  0.36  3.57  3.27 170 1022.0  17.8  19.8  12.5 99.0 99.00
2015 09 21 17 50 169  2.9  4.0  0.30  3.57  3.21 175 1021.4  17.8  20.0  12.2 99.0 99.00
2015 09 21 18 50 155  3.4  4.0  0.27  3.57  3.12 186 1020.8  17.7  20.0  12.6 99.0 99.00
2015 09 21 19 50 154  2.4  3.1  0.31  3.70  3.25 177 1020.4  17.7  20.1  12.3 99.0 99.00
2015 09 21 20 50 130  2.4  3.2  0.28  3.33  3.18 172 1020.0  17.8  20.2  12.0 99.0 99.00
2015 09 21 21 50 137  1.5  2.1 99.00 99.00 99.00 999 1019.8  18.1  20.2  11.6 99.0 99.00
2015 09 21 22 50 111  1.3  1.6  0.22 99.00  3.03 999 1019.6  18.1  20.1  11.7 99.0 99.00
2015 09 21 23 50 180  0.1  0.5  0.16 99.00  2.93 999 1019.6  18.2  20.0  11.9 99.0 99.00
2015 09 22 00 50 117  0.4  0.9 99.00 99.00 99.00 999 1019.7  18.1  19.9  12.2 99.0 99.00
2015 09 22 01 50 128  1.4  2.0  0.13 99.00  2.81 999 1019.9  18.3  19.9  12.5 99.0 99.00
2015 09 22 02 50 124  2.7  3.2 99.00 99.00 99.00 999 1020.1  18.5  19.8  13.3 99.0 99.00
2015 09 22 03 50 127  2.9  3.4  0.08 99.00  2.67 999 1020.0  18.6  19.7  14.3 99.0 99.00
2015 09 22 04 50 128  3.6  4.1  0.07 99.00  2.75 999 1020.0  18.8  19.7  15.3 99.0 99.00
2015 09 22 05 50 136  4.3  4.9  0.07 99.00  2.74 999 1019.7  19.0  19.7  15.9 99.0 99.00
2015 09 22 06 50 150  4.7  5.5  0.11 99.00  2.43 999 1019.8  19.2  19.7  15.9 99.0 99.00
2015 09 22 07 50 165  5.8  6.9  0.16 99.00  2.43 999 1020.0  19.3  19.7  15.5 99.0 99.00
2015 09 22 08 50 179  7.4  8.7  0.28  2.74  2.70 157 1020.0  19.5  19.7  13.5 99.0 99.00
2015 09 22 09 50 178  7.5  8.9  0.48  3.45  3.13 166 1020.5  19.3  19.7  13.1 99.0 99.00
2015 09 22 10 50 182  6.9  8.2  0.63  3.70  3.46 164 1021.2  19.2  19.7  13.4 99.0 99.00
2015 09 22 11 50 189  6.5  7.5  0.67  4.35  3.62 159 1021.7  19.2  19.7  13.3 99.0 99.00
2015 09 22 12 50 192  6.2  7.3  0.71  4.17  3.73 161 1022.1  19.2  19.7  14.0 99.0 99.00
2015 09 22 13 50 185  6.0  6.9  0.66  4.55  3.77 166 1022.3  19.2  19.8  14.0 99.0 99.00
2015 09 22 14 50 189  5.5  6.7  0.69  4.00  3.69 178 1022.7  19.2  19.8  14.4 99.0 99.00
2015 09 22 15 50 176  5.6  6.6  0.62  4.35  3.60 171 1022.8  19.3  19.8  14.6 99.0 99.00
2015 09 22 16 50 178  5.5  6.1  0.57  4.35  3.49 174 1022.7  19.2  19.8  14.8 99.0 99.00
2015 09 22 17 50 173  6.3  7.2  0.53  4.00  3.29 178 1022.5  19.3  19.9  14.7 99.0 99.00
2015 09 22 18 50 173  6.0  7.0  0.51  3.70  3.14 181 1022.3  19.6  19.9  14.9 99.0 99.00
2015 09 22 19 50 166  5.9  6.7  0.48  3.57  3.08 185 1022.1  19.7  19.9  15.0 99.0 99.00
2015 09 22 20 50 161  5.1  5.8 99.00 99.00 99.00 999 1022.2  19.9  19.9  14.8 99.0 99.00
2015 09 22 21 50 160  3.9  4.4  0.33  3.45  2.94 185 1022.1  20.1  19.9  14.9 99.0 99.00
2015 09 22 22 50 146  2.9  3.3  0.28  3.33  2.93 185 1022.1  20.1  19.9  15.7 99.0 99.00
2015 09 22 23 50 133  2.8  3.2  0.23 99.00  2.85 999 1022.3  20.1  19.9  15.3 99.0 99.00
2015 09 23 00 50 135  3.0  3.4  0.19 99.00  2.85 999 1022.4  20.3  20.1  15.2 99.0 99.00
2015 09 23 01 50 139  3.2  3.7  0.15 99.00  2.87 999 1023.0  20.6  20.2  14.4 99.0 99.00
2015 09 23 02 50 129  3.4  4.1 99.00 99.00 99.00 999 1023.1  20.4  20.2  14.8 99.0 99.00
2015 09 23 03 50 141  2.9  3.3 99.00 99.00 99.00 999 1023.3  20.4  20.2  15.0 99.0 99.00
2015 09 23 04 50 151  2.5  2.9 99.00 99.00 99.00 999 1023.6  20.3  20.2  16.2 99.0 99.00
2015 09 23 05 50 147  2.5  3.0 99.00 99.00 99.00 999 1023.5  20.2  20.2  16.2 99.0 99.00
2015 09 23 06 50 136  2.7  3.2  0.08 99.00  2.64 999 1023.3  20.1  20.1  16.3 99.0 99.00
2015 09 23 07 50 136  3.4  3.9 99.00 99.00 99.00 999 1023.0  19.8  20.0  16.9 99.0 99.00
2015 09 23 08 50 132  4.1  4.9 99.00 99.00 99.00 999 1023.0  19.9  20.0  16.8 99.0 99.00
2015 09 23 09 50 125  3.3  3.7  0.11 99.00  2.67 999 1023.7  19.7  19.9  16.2 99.0 99.00
2015 09 23 10 50 108  1.6  1.8 99.00 99.00 99.00 999 1024.7  19.6  19.8  16.7 99.0 99.00
2015 09 23 11 50 111  3.1  3.6 99.00 99.00 99.00 999 1025.1  19.6  19.8  16.2 99.0 99.00
2015 09 23 12 50 130  3.8  4.2  0.07 99.00  2.40 999 1025.3  19.6  19.7  16.0 99.0 99.00
2015 09 23 13 50 138  2.8  3.1  0.06 99.00  2.52 999 1025.5  19.7  19.7  15.8 99.0 99.00
2015 09 23 14 50 156  3.3  3.9  0.07 99.00  2.74 999 1025.7  19.6  19.8  16.2 99.0 99.00
2015 09 23 15 50 157  2.1  2.4  0.12 99.00  2.58 999 1026.1  19.7  19.9  16.5 99.0 99.00
2015 09 23 16 50 142  2.3  2.8  0.14 99.00  2.59 999 1025.9  19.7  20.2  16.9 99.0 99.00
2015 09 23 17 50 149  2.0  2.5  0.20 99.00  2.82 999 1025.8  19.8  20.5  16.0 99.0 99.00
2015 09 23 18 50 118  1.7  2.2  0.17 99.00  2.99 999 1025.2  19.8  20.8  15.4 99.0 99.00
2015 09 23 19 50  66  1.8  2.1  0.13 99.00  2.81 999 1024.6  19.8  21.1  15.2 99.0 99.00
2015 09 23 20 50  60  2.3  2.7  0.09 99.00  2.72 999 1024.5  20.1  21.2  15.1 99.0 99.00
2015 09 23 21 50  22  2.9  3.2  0.11 99.00  3.12 999 1024.2  20.2  21.1  15.1 99.0 99.00
2015 09 23 22 50  18  3.5  3.8  0.08 99.00  2.89 999 1024.0  20.5  21.1  15.3 99.0 99.00
2015 09 23 23 50  26  3.3  3.6  0.07 99.00  3.19 999 1024.0  20.5  21.0  15.8 99.0 99.00
2015 09 24 00 50  25  2.8  3.2  0.06 99.00  3.67 999 1024.2  20.5  20.8  16.5 99.0 99.00
2015 09 24 01 50  41  3.7  4.2 99.00 99.00 99.00 999 1024.2  20.7  20.7  16.2 99.0 99.00
2015 09 24 02 50  53  4.8  5.5  0.05 99.00  3.79 999 1024.1  20.4  20.3  16.6 99.0 99.00
2015 09 24 03 50  38  4.6  5.2  0.07 99.00  2.78 999 1024.1  20.1  20.2  17.1 99.0 99.00
2015 09 24 04 50  47  3.9  4.7  0.10 99.00  2.35 999 1024.0  20.1  20.0  17.1 99.0 99.00
2015 09 24 05 50  60  3.7  4.3  0.11 99.00  2.48 999 1024.2  20.1  20.0  17.2 99.0 99.00
2015 09 24 06 50 104  4.7  5.5  0.09 99.00  2.61 999 1024.3  20.1  19.9  16.7 99.0 99.00
2015 09 24 07 50 130  3.6  4.1  0.11 99.00  2.68 999 1024.2  20.0  19.9  15.7 99.0 99.00
2015 09 24 08 50 132  4.8  5.6  0.14 99.00  2.87 999 1024.3  19.7  19.8  15.5 99.0 99.00
2015 09 24 09 50 125  4.5  5.3 99.00 99.00 99.00 999 1024.7  19.6  19.9  15.7 99.0 99.00
2015 09 24 10 50 108  4.0  4.9  0.26  2.74  2.79 103 1024.9  19.6  19.9  15.7 99.0 99.00
2015 09 24 11 50 105  5.7  6.6  0.30  3.13  2.99 113 1025.5  19.5  20.0  15.0 99.0 99.00
2015 09 24 12 50 112  5.7  6.5  0.43  3.33  3.12  92 1026.0  19.4  20.0  13.8 99.0 99.00
2015 09 24 13 50 105  6.2  7.1  0.45  3.23  3.18  99 1026.3  19.2  20.1  14.1 99.0 99.00
2015 09 24 14 50 111  5.6  6.5  0.47  3.23  3.16 105 1026.2  18.8  20.2  13.7 99.0 99.00
2015 09 24 15 50 109  5.3  6.3 99.00 99.00 99.00 999 1025.8  18.7  20.2  15.1 99.0 99.00
2015 09 24 16 50  96  5.2  5.7  0.47  3.57  3.23  99 1025.6  18.6  20.3  15.5 99.0 99.00
2015 09 24 17 50  78  4.6  5.2 99.00 99.00 99.00 999 1025.5  18.5  20.3  15.7 99.0 99.00
2015 09 24 18 50  69  4.5  4.9  0.44  3.45  3.24  82 1025.1  18.9  20.3  15.3 99.0 99.00
2015 09 24 19 50  65  4.2  4.8  0.41  3.57  3.06  75 1024.7  19.5  20.2  15.5 99.0 99.00
2015 09 24 20 50  50  3.5  4.1  0.34  3.03  2.95  97 1024.5  19.9  20.2  16.6 99.0 99.00
2015 09 24 21 50  28  3.5  4.1 99.00 99.00 99.00 999 1024.5  20.0  20.2  17.2 99.0 99.00
2015 09 24 22 50  30  4.0  4.5 99.00 99.00 99.00 999 1024.5  20.3  20.1  17.2 99.0 99.00
2015 09 24 23 50  31  4.2  4.9  0.17 99.00  2.74 999 1024.3  20.3  20.0  17.0 99.0 99.00
2015 09 25 00 50  23  4.6  5.4  0.16 99.00  2.78 999 1024.0  20.2  20.0  17.5 99.0 99.00
2015 09 25 01 50  37  4.9  5.8  0.16 99.00  2.67 999 1024.0  20.4  19.9  17.4 99.0 99.00
2015 09 25 02 50  54  4.4  5.1  0.22 99.00  2.64 999 1024.2  20.4  19.9  17.5 99.0 99.00
2015 09 25 03 50  76  6.0  7.0  0.26  2.94  2.78  64 1024.4  20.2  20.0  17.6 99.0 99.00
2015 09 25 04 50  83  6.6  7.5  0.42  3.23  3.06  58 1024.2  20.0  20.0  17.3 99.0 99.00
2015 09 25 05 50  94  6.8  7.9  0.48  3.45  3.24  68 1024.0  19.8  20.0  16.8 99.0 99.00
2015 09 25 06 50  92  5.9  7.3  0.51  3.85  3.31  56 1024.0  19.6  20.0  16.8 99.0 99.00
2015 09 25 07 50  98  6.7  8.0 99.00 99.00 99.00 999 9999.0  19.6  20.0  16.9 99.0 99.00
2015 09 25 08 50  94  5.8  6.6 99.00 99.00 99.00 999 1024.0  19.1  20.0  16.7 99.0 99.00
2015 09 25 09 50  75  6.1  7.0  0.68  4.17  3.58  63 1024.0  18.7  20.0  16.6 99.0 99.00
2015 09 25 10 50  87  5.8  6.5  0.67  4.00  3.56  61 1024.3  18.6  20.0  16.4 99.0 99.00
2015 09 25 11 50  81  5.7  6.6  0.58  4.00  3.37  60 1024.5  18.6  20.0  16.3 99.0 99.00
2015 09 25 12 50  80  5.6  6.5  0.61  3.85  3.44  54 1024.6  18.7  19.9  16.4 99.0 99.00
2015 09 25 13 50  73  6.6  7.6  0.62  3.70  3.35  68 1025.0  18.4  19.9  16.2 99.0 99.00
2015 09 25 14 50  70  7.0  8.0  0.61  3.85  3.31  66 1025.2  17.9  19.9  16.4 99.0 99.00
2015 09 25 16 50  58  5.6  6.6  0.55  3.85  3.27  68 1025.1  17.3  19.9  16.5 99.0 99.00
2015 09 25 17 50  47  6.5  7.7  0.58  4.17  3.39  58 1025.0  17.7  19.9  16.6 99.0 99.00
2015 09 25 18 50  39  6.5  7.4  0.60  3.85  3.47  64 1024.5  18.4  19.9  17.0 99.0 99.00
2015 09 25 19 50  26  5.4  6.3  0.51  4.00  3.34  61 1023.8  19.3  19.9  17.6 99.0 99.00
2015 09 25 20 50   3  6.5  7.4  0.47  4.00  3.29  46 1023.3  19.0  20.0  17.9 99.0 99.00
2015 09 25 21 50 357  6.4  7.8  0.44  3.57  3.10  56 1023.1  19.4  20.0  18.1 99.0 99.00
2015 09 25 22 50   9  6.2  7.4  0.46  3.45  3.17  46 1023.3  20.0  20.1  17.8 99.0 99.00
2015 09 25 23 50  15  5.2  6.1  0.40  3.13  3.00  23 1023.6  20.0  20.1  18.3 99.0 99.00
2015 09 26 00 50  16  5.0  6.0  0.39  3.33  3.02   9 1023.9  20.1  20.1  18.5 99.0 99.00
2015 09 26 01 50  26  4.6  5.4 99.00 99.00 99.00 999 1024.1  20.5  20.1  18.5 99.0 99.00
2015 09 26 02 50  61  6.9  8.5  0.41  3.45  3.13 350 1024.1  21.1  20.1  17.7 99.0 99.00
2015 09 26 03 50  70  7.5  8.4  0.42  3.45  2.84 351 1024.4  20.7  20.1  17.6 99.0 99.00
2015 09 26 04 50  79  7.3  8.7  0.54  3.13  3.04  43 1024.4  20.1  20.0  17.6 99.0 99.00
2015 09 26 05 50  84  8.4  9.5  0.65  3.33  3.21  60 1024.4  19.9  20.0  16.8 99.0 99.00
2015 09 26 06 50  79  7.7  8.9  0.73  3.85  3.37  54 1024.4  19.5  19.9  16.7 99.0 99.00
2015 09 26 07 50  83  8.7 10.8  0.71  3.85  3.35  58 1024.1  19.3  19.9  15.9 99.0 99.00
2015 09 26 08 50  86  8.3  9.9 99.00 99.00 99.00 999 1024.1  18.8  19.8  16.1 99.0 99.00
2015 09 26 09 50  97  8.0  9.6  0.81  4.00  3.69  70 1024.2  18.6  19.8  16.2 99.0 99.00
2015 09 26 10 50 107  7.7  9.1 99.00 99.00 99.00 999 1024.5  18.5  19.7  16.7 99.0 99.00
2015 09 26 11 50 110  7.6  8.8 99.00 99.00 99.00 999 9999.0  18.2  19.7  16.9 99.0 99.00
2015 09 26 12 50 121  6.6  7.4  0.95  4.55  3.89  70 1025.6  18.4  19.7  16.8 99.0 99.00
2015 09 26 13 50 115  6.9  8.5  0.83  4.17  3.73  89 1025.9  18.5  19.8  16.9 99.0 99.00
2015 09 26 14 50 115  7.2  8.2  0.84  4.17  3.78  90 1026.0  18.6  20.0  17.1 99.0 99.00
2015 09 26 15 50 116  5.9  6.8  0.85  4.35  3.89  88 1026.0  18.7  20.1  17.0 99.0 99.00
2015 09 26 16 50 103  5.3  6.1  0.70  4.55  3.75  77 1025.6  18.9  20.2  16.8 99.0 99.00
2015 09 26 17 50  68  5.4  6.0  0.63  4.17  3.59  87 1025.1  18.9  20.2  17.3 99.0 99.00
2015 09 26 18 50  67  5.5  6.2  0.56  3.85  3.50  90 1024.2  19.2  20.2  17.0 99.0 99.00
2015 09 26 19 50  61  5.6  6.4  0.48  3.57  3.29  80 1023.4  19.7  20.3  17.1 99.0 99.00
2015 09 26 20 50  51  5.5  6.6  0.49  3.57  3.24  72 1022.9  20.1  20.3  17.1 99.0 99.00
2015 09 26 21 50  30  4.7  5.4  0.44  3.57  3.17  54 1022.6  20.2  20.3  17.8 99.0 99.00
2015 09 26 22 50  48  4.8  5.7  0.36  3.33  3.03  68 1022.3  20.3  20.3  17.9 99.0 99.00
2015 09 26 23 50  60  4.8  5.3 99.00 99.00 99.00 999 1022.1  20.5  20.2  17.7 99.0 99.00
2015 09 27 00 50  80  4.8  5.6  0.25  2.94  2.95  45 1022.0  20.7  20.2  17.5 99.0 99.00
2015 09 27 01 50 102  4.9  6.7  0.21 99.00  2.99 999 1022.2  20.6  20.1  17.3 99.0 99.00
2015 09 27 02 50 133  7.4  8.5  0.26  2.35  2.69  78 1021.8  21.1  20.1  13.8 99.0 99.00
2015 09 27 03 50 129  7.5  9.6  0.38  2.60  2.78 120 1021.9  20.5  20.0  13.8 99.0 99.00
2015 09 27 04 50 129  7.8  9.5 99.00 99.00 99.00 999 1021.5  20.0  19.9  14.1 99.0 99.00
2015 09 27 05 50 139  8.3 10.4  0.60  3.45  3.16 117 1020.9  19.8  19.9  15.7 99.0 99.00
2015 09 27 06 50 147  7.6  8.6  0.63  3.57  3.25 125 1020.8  19.8  20.0  16.2 99.0 99.00
2015 09 27 07 50 148  7.1  8.3  0.69  4.00  3.50 127 1020.3  19.7  20.1  16.4 99.0 99.00
2015 09 27 08 50 151  6.8  8.1  0.68  4.00  3.51 131 1019.9  19.7  20.1  16.4 99.0 99.00
2015 09 27 09 50 158  7.2 99.0 99.00 99.00 99.00 999 1019.8  19.8 999.0  16.5 99.0 99.00
2015 09 27 10 50 156  6.5  7.5 99.00 99.00 99.00 999 1020.1  19.7  20.1  16.6 99.0 99.00
2015 09 27 11 50 170  6.0  7.1 99.00 99.00 99.00 999 1020.3  19.7  20.2  16.9 99.0 99.00
2015 09 27 12 50 167  5.8  7.1 99.00 99.00 99.00 999 1020.6  19.7  20.1  17.1 99.0 99.00
2015 09 27 13 50 167  6.2  7.4  0.50  3.70  3.29 149 1020.4  19.5  20.1  16.9 99.0 99.00
2015 09 27 14 50 171  6.7  7.6  0.56  3.85  3.47 154 1020.4  19.5  20.1  16.9 99.0 99.00
2015 09 27 15 50 169  6.2  7.2  0.55  3.85  3.37 155 1020.2  19.3  20.1  17.1 99.0 99.00
2015 09 27 16 50 175  5.9  6.9  0.55  3.85  3.35 154 1019.9  19.2  20.1  17.2 99.0 99.00
2015 09 27 17 50 184  5.4  6.4  0.51  3.70  3.33 172 1019.4  19.2  20.1  17.0 99.0 99.00
2015 09 27 18 50 182  5.5  6.4  0.45  3.85  3.17 173 1018.8  19.3  20.1  17.5 99.0 99.00
2015 09 27 19 50 178  5.8  6.7  0.41  3.45  3.07 182 1018.0  19.3  20.1  17.5 99.0 99.00
2015 09 27 20 50 177  5.5  6.2  0.43  3.45  3.03 181 1017.6  19.4  20.1  17.3 99.0 99.00
2015 09 27 21 50 166  4.7  5.1  0.39  3.45  3.04 183 1017.2  19.6  20.1  17.4 99.0 99.00
2015 09 27 22 50 166  4.6  5.2  0.34  3.45  3.07 189 1017.1  19.7  20.1  17.6 99.0 99.00
2015 09 27 23 50 143  5.3  6.1  0.26  3.23  2.91 191 1016.7  19.8  20.1  17.8 99.0 99.00
2015 09 28 00 50 147  5.2  6.1  0.23 99.00  2.66 999 1016.6  20.0  20.1  18.2 99.0 99.00
2015 09 28 01 50 147  4.3  5.0  0.21 99.00  2.67 999 1016.8  20.1  20.1  18.3 99.0 99.00
2015 09 28 02 50 154  3.4  3.9  0.17 99.00  2.59 999 1016.7  20.2  20.2  18.4 99.0 99.00
2015 09 28 03 50 154  3.7  4.2  0.14 99.00  2.62 999 1016.8  20.3  20.2  18.5 99.0 99.00
2015 09 28 04 50 156  3.5  4.2 99.00 99.00 99.00 999 1016.7  20.4  20.2  18.7 99.0 99.00
2015 09 28 05 50 162  3.2  3.8  0.13 99.00  2.53 999 1016.5  20.6  20.2  18.7 99.0 99.00
2015 09 28 06 50 164  3.2  3.6  0.14 99.00  2.64 999 1016.3  20.6  20.2  18.8 99.0 99.00
2015 09 28 07 50 175  4.0  4.6 99.00 99.00 99.00 999 1015.8  20.6  20.2  18.7 99.0 99.00
2015 09 28 08 50 191  3.9  4.6  0.12 99.00  2.53 999 1015.6  20.5  20.2  18.8 99.0 99.00
2015 09 28 09 50 190  3.7  4.4 99.00 99.00 99.00 999 1015.4  20.5  20.2  19.0 99.0 99.00
2015 09 28 10 50 181  3.4  4.0  0.15 99.00  2.66 999 1015.4  20.4  20.1  19.0 99.0 99.00
2015 09 28 11 50 181  4.2  4.8  0.14 99.00  2.55 999 1015.8  20.2  20.1  19.1 99.0 99.00
2015 09 28 12 50 190  4.6  5.8  0.17 99.00  2.44 999 1016.1  20.3  20.1  19.0 99.0 99.00
2015 09 28 13 50 197  5.0  6.0 99.00 99.00 99.00 999 1016.2  20.2  20.1  19.2 99.0 99.00
2015 09 28 14 50 201  5.1  6.2  0.25  2.74  2.66 183 1016.3  20.0  20.1  19.0 99.0 99.00
2015 09 28 15 50 195  5.7  7.2  0.32  2.86  2.72 187 1016.5  20.0  20.1  19.0 99.0 99.00
2015 09 28 16 50 199  4.8  5.4  0.35  2.94  2.76 191 1016.2  20.0  20.2  19.0 99.0 99.00
2015 09 28 17 50 193  4.8  5.6  0.36  3.03  3.00 190 1015.5  20.0  20.3  19.0 99.0 99.00
2015 09 28 18 50 177  5.7  6.5  0.34  3.13  2.90 179 1014.6  20.1  20.3  19.1 99.0 99.00
2015 09 28 19 50 176  4.8  5.8  0.35  3.13  2.93 177 1014.0  20.3  20.4  19.3 99.0 99.00
2015 09 28 20 50 177  4.2 99.0 99.00 99.00 99.00 999 1013.6  20.3  20.5  19.7 99.0 99.00
2015 09 28 21 50 168  3.2  3.7  0.24 99.00  2.76 999 1013.8  20.3  20.5  19.5 99.0 99.00
2015 09 28 22 50 163  2.7  3.3 99.00 99.00 99.00 999 1013.7  20.4  20.5  19.7 99.0 99.00
2015 09 28 23 50 154  2.7  3.1 99.00 99.00 99.00 999 1013.6  20.5  20.5  19.5 99.0 99.00
2015 09 29 00 50 161  3.8  4.5  0.13 99.00  2.94 999 1013.6  20.6  20.4  19.5 99.0 99.00
2015 09 29 01 50 197  2.3  2.6  0.11 99.00  2.70 999 1013.9  20.9  20.4  19.5 99.0 99.00
2015 09 29 02 50 133 99.0  3.0 99.00 99.00 99.00 999 1014.0  20.8  20.4  19.6 99.0 99.00
2015 09 29 04 50 190  3.5  4.1  0.07 99.00  2.51 999 1013.6  20.9  20.4  19.4 99.0 99.00
2015 09 29 05 50 193  3.5  4.0  0.09 99.00  2.38 999 1013.4  20.8  20.3  19.5 99.0 99.00
2015 09 29 06 50 208  2.3  2.6  0.09 99.00  2.59 999 1013.3  20.6  20.3  19.6 99.0 99.00
2015 09 29 07 50 261  2.4  3.9  0.11 99.00  3.17 999 1012.9  20.4  20.2  19.7 99.0 99.00
2015 09 29 08 50 262  1.3  1.6  0.06 99.00  2.46 999 1012.9  20.3  20.2  19.1 99.0 99.00
2015 09 29 09 50   6  7.6  8.9  0.06 99.00  2.42 999 1013.1  19.4  20.3  18.6 99.0 99.00
2015 09 29 10 50 358 10.7 13.2  0.47  3.13  3.02 344 1013.2  19.0  20.3  18.1 99.0 99.00
2015 09 29 11 50 351 14.3 16.9  1.06  4.35  3.89 354 1013.9  17.0  20.2  16.2 99.0 99.00
2015 09 29 12 50  14 15.0 18.8  1.98  6.25  4.90 344 1014.0  17.0  20.1  14.8 99.0 99.00
2015 09 29 13 50  13 13.6 16.7  2.31  6.67  5.38 354 1015.5  16.2  20.1  14.7 99.0 99.00
2015 09 29 14 50  11 13.3 15.9  2.26  6.67  5.27   4 1016.8  16.2  20.0  13.9 99.0 99.00
2015 09 29 15 50  21 11.2 13.2 99.00 99.00 99.00 999 1017.2  16.6  20.0  13.8 99.0 99.00
2015 09 29 16 50  19  9.8 11.5 99.00 99.00 99.00 999 1017.2  16.9  20.0  14.4 99.0 99.00
2015 09 29 17 50  11 10.8 12.9  1.57  5.56  4.64   9 1017.4  16.6  19.9  14.2 99.0 99.00
2015 09 29 18 50  11  9.6 11.4 99.00 99.00 99.00 999 1017.5  16.6  19.9  13.8 99.0 99.00
2015 09 29 19 50   8  9.7 11.3  1.44  5.56  4.61 354 1017.1  16.5  19.9  13.2 99.0 99.00
2015 09 29 20 50   2 10.8 12.8  1.57  5.88  4.70 349 1017.3  16.3  19.8  11.4 99.0 99.00
2015 09 29 21 50   4 11.2 13.7 99.00 99.00 99.00 999 1017.5  16.3  19.8  10.9 99.0 99.00
2015 09 29 22 50 358 11.5 13.9  2.07  7.14  5.44 344 1018.0  15.9  19.7  11.6 99.0 99.00
2015 09 29 23 50 356 11.8 15.0  2.11  7.69  5.57 358 1018.0  15.7  19.7  11.5 99.0 99.00
2015 09 30 00 50   1 11.1 13.0  2.23  7.69  5.52 349 1018.8  15.8  19.6  11.5 99.0 99.00
2015 09 30 01 50   7 11.2 13.8 99.00 99.00 99.00 999 1019.5  15.7  19.6  10.7 99.0 99.00
2015 09 30 02 50  18 10.9 13.5  2.11  7.69  5.47 346 1020.0  15.2  19.5  10.1 99.0 99.00
2015 09 30 03 50  22 10.9 13.4 99.00 99.00 99.00 999 1020.4  14.5  19.5   9.3 99.0 99.00
2015 09 30 04 50  25 11.1 13.5  1.93  6.67  5.12   1 1020.6  14.1  19.4   8.4 99.0 99.00
2015 09 30 05 50  31 11.2 13.9  2.04  7.14  5.22 356 1020.5  13.7  19.4   8.4 99.0 99.00
2015 09 30 06 50  24 11.4 13.4  1.93  7.14  5.19 360 1020.6  13.2  19.3   7.7 99.0 99.00
2015 09 30 07 50  22  9.8 12.1  2.04  7.14  5.27 357 1020.6  13.2  19.3   8.1 99.0 99.00
2015 09 30 08 50  31 10.0 12.2 99.00 99.00 99.00 999 1020.7  12.9  19.2   8.2 99.0 99.00
2015 09 30 09 50  21 10.6 12.6 99.00 99.00 99.00 999 1021.0  13.2  19.2   8.8 99.0 99.00
2015 09 30 10 50  35 10.0 11.7 99.00 99.00 99.00 999 1021.3  13.3  19.2   9.3 99.0 99.00
2015 09 30 11 50  30  9.7 12.4 99.00 99.00 99.00 999 1022.1  13.6  19.1   9.0 99.0 99.00
2015 09 30 12 50  40 10.9 12.9  1.59  6.25  4.86 354 1022.6  13.6  19.1   7.2 99.0 99.00
2015 09 30 13 50  33 10.7 13.2  1.61  7.14  4.77 351 1023.1  13.5  19.1   7.3 99.0 99.00
2015 09 30 14 50  25 11.0 13.0  1.59  6.67  4.64 357 1023.6  13.3  19.1   6.9 99.0 99.00
2015 09 30 15 50  27 10.3 12.6  1.63  5.56  4.68 360 1023.9  13.2  19.1   7.0 99.0 99.00
2015 09 30 16 50  16  9.5 12.2  1.66  6.25  4.77 358 1023.9  13.3  19.1   6.9 99.0 99.00
2015 09 30 17 50  27  8.5 11.1  1.59  6.25  4.77 354 1023.8  13.4  19.1   7.3 99.0 99.00
2015 09 30 18 50  25  8.3 10.7  1.50  5.88  4.71 356 1023.6  13.8  19.1   7.1 99.0 99.00
2015 09 30 19 50  14  8.4 10.8  1.29  5.56  4.58 359 1023.4  14.0  19.1   6.6 99.0 99.00
2015 09 30 20 50  18  8.2 10.7  1.27  5.88  4.60 351 1023.2  14.3  19.1   6.3 99.0 99.00
2015 09 30 22 50  11  8.0  9.4 99.00 99.00 99.00 999 1023.2  15.0  19.1   8.2 99.0 99.00
2015 09 30 23 50  35  7.5 10.6  1.28  5.88  4.48 352 1023.2  15.6  19.1   6.5 99.0 99.00
2015 10 01 00 50  49  7.2  8.9  1.12  5.56  4.33 354 1023.5  15.6  19.0   6.2 99.0 99.00
2015 10 01 01 50  54  8.4 10.7  1.37  6.25  4.61 347 1023.8  15.6  19.0   6.2 99.0 99.00
2015 10 01 02 50  91 10.1 12.5  1.55  6.67  4.83 348 1024.3  14.4  19.0   8.3 99.0 99.00
2015 10 01 03 50  79 10.4 12.3  1.63  7.14  4.80 346 1025.1  13.6  18.9   7.3 99.0 99.00
2015 10 01 05 50  64 10.7 13.1 99.00 99.00 99.00 999 1025.4  13.0  18.9   6.8 99.0 99.00
2015 10 01 06 50  66  9.5 12.3 99.00 99.00 99.00 999 1025.4  13.1  18.8   6.5 99.0 99.00
2015 10 01 07 50  57  9.4 12.4 99.00 99.00 99.00 999 1025.4  13.3  18.8   6.9 99.0 99.00
2015 10 01 08 50  51 10.0 12.7 99.00 99.00 99.00 999 1025.2  13.2  18.8   7.1 99.0 99.00
2015 10 01 09 50  52 10.0 12.2 99.00 99.00 99.00 999 1025.5  13.1  18.7   7.5 99.0 99.00
2015 10 01 10 50  54  9.8 11.6  1.41  6.67  4.69 352 1025.8  13.0  18.7   7.4 99.0 99.00
2015 10 01 11 50  60 10.2 12.2  1.34  5.00  4.57  10 1026.2  12.7  18.7   7.2 99.0 99.00
2015 10 01 12 50  63 10.4 12.6  1.45  6.25  4.61 349 1026.6  12.7  18.7   7.3 99.0 99.00
2015 10 01 13 50  58 10.2 12.5  1.36  6.67  4.56 342 1027.0  12.3  18.7   7.1 99.0 99.00
2015 10 01 14 50 999 99.0 11.6 99.00 99.00 99.00 999 1027.4  12.3  18.7   7.4 99.0 99.00
2015 10 01 15 50  50 10.6 13.0  1.40  5.88  4.45 352 1027.5  12.4  18.7   7.1 99.0 99.00
2015 10 01 16 50  41 10.4 12.2  1.54  6.25  4.63 351 1027.5  12.5  18.7   6.7 99.0 99.00
2015 10 01 17 50  31 10.3 12.4  1.61  5.88  4.58 352 1027.5  13.1  18.7   6.8 99.0 99.00
2015 10 01 19 50  17  9.6 11.5 99.00 99.00 99.00 999 1027.0  13.7  18.6   6.7 99.0 99.00
2015 10 01 20 50  22  8.9 11.2  1.29  5.00  4.35 359 1026.7  14.3  18.6   6.6 99.0 99.00
2015 10 01 21 50  32  9.0 11.0  1.38  5.00  4.42   7 1026.6  14.8  18.6   6.4 99.0 99.00
2015 10 01 22 50  33  9.3 11.7 99.00 99.00 99.00 999 1026.6  15.3  18.6   5.9 99.0 99.00
2015 10 01 23 50  48 10.6 12.7  1.39  4.76  4.50   2 1026.6  15.4  18.5   5.2 99.0 99.00
2015 10 02 01 50  55 12.6 15.8 99.00 99.00 99.00 999 1027.5  14.2  18.5   7.1 99.0 99.00
2015 10 02 02 50  62 14.1 17.6  1.94  7.14  4.92 341 1028.0  12.9  18.4   6.2 99.0 99.00
2015 10 02 03 50  57 13.8 16.6 99.00 99.00 99.00 999 1028.1  12.3  18.4   7.0 99.0 99.00
2015 10 02 04 50  65 11.9 14.7 99.00 99.00 99.00 999 1028.2  12.1  18.3   7.5 99.0 99.00
2015 10 02 05 50  62 11.7 14.3 99.00 99.00 99.00 999 1028.1  12.2  18.3   7.5 99.0 99.00
2015 10 02 06 50  68 11.4 14.0 99.00 99.00 99.00 999 1028.2  12.3  18.3   7.6 99.0 99.00
2015 10 02 07 50  70 11.8 14.5  1.83  6.67  5.16 353 1028.1  12.6  18.3   7.4 99.0 99.00
2015 10 02 08 50  69 12.5 14.7  2.07  7.14  5.35 356 1027.9  12.7  18.3   6.9 99.0 99.00
2015 10 02 09 50  68 12.6 15.0  1.86  7.14  4.96 354 1027.8  12.7  18.3   7.4 99.0 99.00
2015 10 02 10 50  74 13.2 15.8 99.00 99.00 99.00 999 1027.9  12.3  18.3   6.5 99.0 99.00
2015 10 02 12 50  72 12.6 15.1 99.00 99.00 99.00 999 1028.8  11.9  18.2   5.9 99.0 99.00
2015 10 02 13 50  67 11.2 13.6  1.89  5.88  4.71  20 1029.0  11.8  18.2   6.8 99.0 99.00
2015 10 02 14 50  58 11.1 12.9  1.83  5.56  4.77  35 1029.0  11.7  18.2   6.5 99.0 99.00
2015 10 02 15 50  43 11.1 13.4  1.68  5.88  4.60  11 1028.9  11.7  18.2   5.7 99.0 99.00
2015 10 02 16 50  46 11.3 13.4  1.63  5.56  4.63  25 1028.9  12.5  18.2   5.8 99.0 99.00
2015 10 02 17 50  39  9.8 11.6  1.60  5.88  4.59 360 1028.4  13.3  18.2   6.9 99.0 99.00
2015 10 02 18 50  37 10.5 12.5  1.43  6.25  4.47 349 1027.7  14.1  18.2   5.8 99.0 99.00
2015 10 02 19 50  28 10.0 11.9  1.45  5.26  4.49   3 1027.0  14.8  18.2   6.9 99.0 99.00
2015 10 02 20 50  44 10.2 12.7  1.43  6.25  4.54 345 1026.7  15.6  18.2   6.8 99.0 99.00
2015 10 02 21 50  46 11.0 12.7  1.45  5.88  4.54 352 1026.5  15.5  18.2   5.8 99.0 99.00
2015 10 02 22 50  58 11.5 13.6 99.00 99.00 99.00 999 1026.7  15.2  18.1   6.2 99.0 99.00
2015 10 02 23 50  50 12.6 15.1  1.67  6.25  4.60 351 1026.6  14.8  18.1   4.7 99.0 99.00
2015 10 03 00 50  62 12.9 15.3 99.00 99.00 99.00 999 1026.6  13.9  18.1   5.2 99.0 99.00
2015 10 03 01 50  56 14.2 17.0 99.00 99.00 99.00 999 1026.8  12.5  18.0   5.7 99.0 99.00
2015 10 03 02 50  61 13.4 99.0 99.00 99.00 99.00 999 1027.1  12.1  18.0   6.7 99.0 99.00
2015 10 03 03 50  67 12.6 15.1 99.00 99.00 99.00 999 1027.1  11.7 999.0   8.0 99.0 99.00
2015 10 03 04 50 999 99.0 14.3 99.00 99.00 99.00 999 1026.7  11.7 999.0   5.6 99.0 99.00
2015 10 03 05 50  71 12.3 15.0 99.00 99.00 99.00 999 1026.2  11.6  17.8   5.0 99.0 99.00
2015 10 03 06 50  78 12.4 15.0  1.94  5.56  5.04  28 1026.1  11.8  17.8   4.1 99.0 99.00
2015 10 03 07 50  74 12.9 15.9  1.90  5.56  4.83  42 1025.4  11.6  17.7   4.0 99.0 99.00
2015 10 03 08 50  71 13.0 15.5 99.00 99.00 99.00 999 1025.3  11.5  17.6   4.3 99.0 99.00
2015 10 03 09 50  72 13.2 15.9 99.00 99.00 99.00 999 1025.0  11.2  17.6   4.0 99.0 99.00
2015 10 03 10 50  66 12.8 15.1 99.00 99.00 99.00 999 1024.5  11.2  17.5   4.7 99.0 99.00
2015 10 03 11 50  67 12.7 15.2 99.00 99.00 99.00 999 1024.5  11.0  17.4   4.6 99.0 99.00
2015 10 03 13 50  70 12.8 15.5  2.14  6.25  5.09  45 1024.5  10.8  17.3   4.7 99.0 99.00
2015 10 03 14 50  67 12.2 14.8  2.04  5.88  4.99  41 1024.8  10.8  17.3   4.6 99.0 99.00
2015 10 03 15 50  63 11.6 15.2  1.91  5.88  4.81  50 1023.8  10.7  17.3   4.9 99.0 99.00
2015 10 03 16 50  61 11.6 14.0  1.95  5.88  5.01  42 1023.6  10.7  17.3   4.5 99.0 99.00
2015 10 03 17 50  64 10.6 12.9 99.00 99.00 99.00 999 1023.4  11.3  17.3   4.9 99.0 99.00
2015 10 03 18 50  63 10.3 12.3 99.00 99.00 99.00 999 1023.5  11.5  17.2   4.7 99.0 99.00
2015 10 03 19 50  74 12.0 99.0 99.00 99.00 99.00 999 1023.1  11.1  17.2   6.4 99.0 99.00
2015 10 03 20 50  40 10.2 12.2 99.00 99.00 99.00 999 1023.8   9.8  17.2   7.2 99.0 99.00
2015 10 03 21 50  55 11.7 14.2  1.49  5.26  4.45  36 1024.1  10.0  17.2   7.2 99.0 99.00
2015 10 03 22 50  58 12.8 15.4  1.77  5.56  4.60  37 1024.3   9.5  17.2   7.8 99.0 99.00
2015 10 03 23 50  59 12.5 14.7  1.90  5.56  4.90  42 1024.3  10.1  17.1   8.1 99.0 99.00
2015 10 04 00 50  64 14.0 16.5 99.00 99.00 99.00 999 1023.6  10.1  17.1   7.9 99.0 99.00
2015 10 04 01 50  63 13.9 16.0 99.00 99.00 99.00 999 1023.4  10.0  17.0   7.9 99.0 99.00
2015 10 04 02 50  69 13.5 15.5  2.02  5.56  4.95  44 1023.1  10.3  17.0   8.1 99.0 99.00
2015 10 04 03 50  72 13.1 16.5  1.98  5.88  4.91  34 1022.7  10.2  16.9   8.2 99.0 99.00
2015 10 04 04 50  73 11.8 14.0 99.00 99.00 99.00 999 1022.7  10.3  16.8   8.3 99.0 99.00
2015 10 04 05 50  73 11.1 13.2  2.01  6.25  5.05  29 1022.5  10.3  16.7   8.5 99.0 99.00
2015 10 04 06 50  78 10.4 12.2  1.76  6.25  4.81  16 1022.6  10.4  16.7   8.5 99.0 99.00
2015 10 04 07 50  75 10.2 12.5  1.61  5.88  4.73  30 1022.3  10.5  16.7   8.8 99.0 99.00
2015 10 04 08 50  71  9.3 11.1  1.35  5.88  4.57   6 1022.4  10.6  16.6   8.8 99.0 99.00
2015 10 04 09 50  80  8.7 10.4  1.37  5.56  4.61  22 1022.6  10.7  16.6   8.8 99.0 99.00
2015 10 04 10 50  74  7.3  8.9  1.21  5.26  4.46  30 1022.9  10.7  16.6   9.0 99.0 99.00
2015 10 04 11 50  73  6.7  7.6  1.11  5.26  4.34  22 1023.1  11.1  16.6   9.6 99.0 99.00
2015 10 04 12 50  61  7.5  9.0 99.00 99.00 99.00 999 1023.1  11.0  16.5   9.7 99.0 99.00
2015 10 04 13 50  67  7.8  9.2 99.00 99.00 99.00 999 1023.5  11.3  16.5   9.9 99.0 99.00
2015 10 04 15 50 999 99.0  8.4 99.00 99.00 99.00 999 1023.5  11.5  16.5  10.5 99.0 99.00
2015 10 04 16 50  54  5.8  6.9 99.00 99.00 99.00 999 1023.3  11.8  16.5  10.2 99.0 99.00
2015 10 04 17 50  43  5.3 99.0 99.00 99.00 99.00 999 1023.1  12.4  16.6  10.8 99.0 99.00
2015 10 04 18 50  34  5.4  6.3  0.68  3.85  3.76  40 1022.9  12.3  16.6  10.4 99.0 99.00
2015 10 04 19 50  32  5.6  6.8  0.71  4.55  3.75 354 1022.5  12.6  16.6  10.5 99.0 99.00
2015 10 04 20 50  52  6.0  7.1  0.61  5.00  3.68 342 1022.1  13.2  16.6  11.0 99.0 99.00
2015 10 04 21 50  41  5.9  6.9  0.64  4.55  3.65 351 1022.2  13.8  16.6  11.5 99.0 99.00
2015 10 04 22 50  43  5.8  6.7  0.60  4.76  3.70 343 1022.3  14.1  16.6  11.6 99.0 99.00
2015 10 04 23 50  39  6.8  8.1 99.00 99.00 99.00 999 1022.1  14.2  16.6  11.8 99.0 99.00
2015 10 05 00 50  46  6.9  8.0 99.00 99.00 99.00 999 1022.2  14.3  16.6  12.1 99.0 99.00
2015 10 05 01 50  52  6.3  7.6  0.67  3.85  3.53   7 1022.7  14.2  16.6  12.1 99.0 99.00
2015 10 05 02 50  60  6.5  7.6  0.64  3.33  3.46  40 1022.4  14.1  16.6  12.0 99.0 99.00
2015 10 05 03 50  70  6.2  7.5  0.66  4.55  3.54 343 1022.4  13.9  16.5  12.0 99.0 99.00
2015 10 05 04 50  87  5.1  6.2  0.68  4.35  3.56 342 1022.8  13.7  16.5  11.9 99.0 99.00
2015 10 05 05 50  84  5.4  6.4  0.64  3.85  3.55 354 1022.0  13.7  16.5  12.0 99.0 99.00
2015 10 05 06 50 101  5.1  6.8  0.60  4.35  3.54 353 1021.7  13.8  16.5  12.1 99.0 99.00
2015 10 05 07 50  99  4.1  5.2  0.57  4.76  3.44 346 1021.8  13.7  16.5  12.2 99.0 99.00
2015 10 05 08 50 114  3.3  4.8  0.48  4.55  3.55 352 1021.6  13.7  16.5  12.4 99.0 99.00
2015 10 05 09 50  95  2.4  4.0  0.47  4.17  3.53 350 1021.9  13.7  16.5  12.5 99.0 99.00
2015 10 05 10 50  91  2.7  3.6  0.45  4.55  3.51 348 1022.2  13.6  16.5  12.5 99.0 99.00
2015 10 05 11 50  30  2.2  4.0 99.00 99.00 99.00 999 1022.9  13.8  16.5  12.5 99.0 99.00
2015 10 05 12 50  44  3.0  4.3 99.00 99.00 99.00 999 1022.9  13.8  16.5  12.7 99.0 99.00
2015 10 05 13 50  41  4.9  5.6 99.00 99.00 99.00 999 1022.9  13.8  16.5  12.9 99.0 99.00
2015 10 05 14 50  52  4.1  5.6 99.00 99.00 99.00 999 9999.0  13.9  16.5  12.6 99.0 99.00
2015 10 05 15 50  66  4.0  4.8 99.00 99.00 99.00 999 1023.0  14.3  16.5  12.9 99.0 99.00
2015 10 05 16 50  62  4.0  5.2  0.35  4.00  3.22 340 1022.6  14.1  16.5  12.7 99.0 99.00
2015 10 05 17 50  16  2.7  3.6 99.00 99.00 99.00 999 1022.6  14.0 999.0  12.6 99.0 99.00
2015 10 05 18 50  43  2.6  3.4 99.00 99.00 99.00 999 1021.9  14.2  16.6  12.5 99.0 99.00
2015 10 05 19 50  31  2.5  3.8  0.28  4.55  3.29 345 1021.2  14.3  16.6  12.1 99.0 99.00
2015 10 05 20 50  35  2.8  3.9  0.28  5.00  3.44 325 1021.0  14.2  16.6  12.4 99.0 99.00
2015 10 05 21 50  32  3.6  5.1  0.28  4.55  3.40 346 1020.9  14.2  16.6  12.6 99.0 99.00
2015 10 05 22 50  32  2.5  4.1 99.00 99.00 99.00 999 1021.1  14.2  16.6  12.5 99.0 99.00
2015 10 05 23 50  33  2.8  4.6  0.23 99.00  3.35 999 1021.4  14.4  16.6  13.0 99.0 99.00
2015 10 06 00 50  40  2.3  3.4 99.00 99.00 99.00 999 1021.6  14.5  16.6  13.1 99.0 99.00
2015 10 06 02 50  53  2.9  3.9  0.18 99.00  3.40 999 1021.5  14.7  16.5  13.4 99.0 99.00
2015 10 06 03 50  54  1.9 99.0 99.00 99.00 99.00 999 1021.3  14.6  16.5  13.2 99.0 99.00
2015 10 06 04 50 345  2.3  2.9  0.15 99.00  3.31 999 1021.3  14.7  16.5  13.3 99.0 99.00
2015 10 06 05 50  28  2.2  3.1  0.14 99.00  3.32 999 1020.8  14.8  16.5  13.4 99.0 99.00
2015 10 06 06 50   8  1.8  3.0  0.14 99.00  3.27 999 1020.8  14.6  16.5  13.4 99.0 99.00
2015 10 06 07 50  11  2.0  3.0  0.13 99.00  3.07 999 1020.7  14.4  16.5  13.4 99.0 99.00
2015 10 06 08 50 330  1.3  2.2 99.00 99.00 99.00 999 1020.6  14.4  16.5  13.4 99.0 99.00
2015 10 06 09 50 342  2.7  4.1 99.00 99.00 99.00 999 1020.6  14.6  16.5  13.5 99.0 99.00
2015 10 06 10 50 338  3.3  5.0  0.14 99.00  3.03 999 1020.9  14.7  16.5  13.5 99.0 99.00
2015 10 06 12 50 349  4.2  5.3  0.19 99.00  2.64 999 1021.2  15.0  16.5  12.8 99.0 99.00
2015 10 06 13 50   4  4.7  5.6  0.24 99.00  2.68 999 1021.4  15.3  16.5  12.1 99.0 99.00
2015 10 06 14 50 358  4.8  5.9 99.00 99.00 99.00 999 1021.6  15.4  16.5  12.2 99.0 99.00
2015 10 06 15 50   9  2.1  3.0 99.00 99.00 99.00 999 1021.7  15.2  16.5  12.4 99.0 99.00
2015 10 06 16 50 318  2.6  3.1 99.00 99.00 99.00 999 1021.7  15.5  16.6  12.3 99.0 99.00
2015 10 06 17 50 298  4.6  5.4  0.22 99.00  2.87 999 1021.5  15.4  16.7  13.1 99.0 99.00
2015 10 06 18 50 305  3.2  3.9  0.19 99.00  2.89 999 1020.7  15.1  16.8  12.4 99.0 99.00
2015 10 06 19 50 276  2.3  3.2 99.00 99.00 99.00 999 1020.2  15.2  16.9  12.2 99.0 99.00
2015 10 06 20 50 282  1.8  2.5  0.16 99.00  2.64 999 1020.1  15.5  17.0  12.1 99.0 99.00
2015 10 06 21 50 190  1.1  1.4 99.00 99.00 99.00 999 1019.6  16.0  17.0  11.2 99.0 99.00
2015 10 06 22 50 170  2.0  2.4  0.14 99.00  2.66 999 1019.4  15.6  17.0  11.3 99.0 99.00
2015 10 06 23 50 175  3.2  3.7  0.12 99.00  2.75 999 1019.1  15.6  16.9  12.1 99.0 99.00
2015 10 07 00 50 188  3.6  4.0  0.11 99.00  2.88 999 1019.2  15.7  16.9  12.9 99.0 99.00
2015 10 07 01 50 217  4.7  5.4 99.00 99.00 99.00 999 1019.1  15.8  16.8  13.1 99.0 99.00
2015 10 07 02 50 195  4.8  5.4 99.00 99.00 99.00 999 1019.1  15.7  16.7  14.2 99.0 99.00
2015 10 07 03 50 206  5.1  6.0 99.00 99.00 99.00 999 1019.2  15.7  16.7  14.5 99.0 99.00
2015 10 07 04 50 208  6.0  6.8 99.00 99.00 99.00 999 1018.8  15.7  16.7  14.3 99.0 99.00
2015 10 07 05 50 216  6.0  6.8 99.00 99.00 99.00 999 1018.6  15.9  16.6  14.4 99.0 99.00
2015 10 07 06 50 223  6.6  7.6 99.00 99.00 99.00 999 1018.6  16.1  16.6  15.0 99.0 99.00
2015 10 07 07 50 228  5.6  6.5 99.00 99.00 99.00 999 1018.4  16.2  16.6  14.7 99.0 99.00
2015 10 07 08 50 234  4.6  5.4 99.00 99.00 99.00 999 1018.4  16.2  16.6  14.8 99.0 99.00
2015 10 07 09 50 237  4.2  4.9 99.00 99.00 99.00 999 1018.4  16.1  16.6  14.8 99.0 99.00
2015 10 07 10 50 248  2.6  3.1 99.00 99.00 99.00 999 9999.0  16.1  16.5  15.0 99.0 99.00
2015 10 07 11 50 265  2.8  3.3 99.00 99.00 99.00 999 1019.4  16.2  16.5  15.0 99.0 99.00
2015 10 07 12 50 306  2.9  3.4  0.14 99.00  2.71 999 1020.0  16.4  16.5  14.6 99.0 99.00
2015 10 07 13 50 343  3.9  4.7  0.11 99.00  2.70 999 1020.5  16.4  16.5  13.3 99.0 99.00
2015 10 07 14 50 355  4.0  4.8  0.19 99.00  2.44 999 1021.1  15.8  16.5  13.4 99.0 99.00
2015 10 07 15 50 352  4.7  5.7  0.27  2.94  2.73 338 1021.4  15.7  16.5  13.6 99.0 99.00
2015 10 07 16 50   5  5.4  6.6  0.39  3.45  3.10 344 1021.6  15.5  16.6  13.3 99.0 99.00
2015 10 07 17 50 354  5.8  7.0  0.48  3.70  3.26 340 1021.7  15.4  16.6  13.1 99.0 99.00
2015 10 07 18 50 355  5.8  7.0  0.63  3.85  3.47 347 1021.7  15.1  16.6  12.2 99.0 99.00
2015 10 07 19 50 352  6.1  6.9  0.75  4.55  3.72 352 1021.3  14.9  16.6  11.8 99.0 99.00
2015 10 07 20 50 352  6.2  8.0  0.88  4.55  3.98 344 1021.3  14.4  16.7  10.7 99.0 99.00
2015 10 07 21 50   5  7.3  8.6  0.81  5.00  3.99 355 1021.1  14.3  16.7  10.3 99.0 99.00
2015 10 07 22 50  11  8.0  9.2  0.87  5.00  3.94 351 1020.9  14.2  16.6   9.9 99.0 99.00
2015 10 07 23 50  14  8.0  9.6  0.99  4.76  4.14 351 1020.9  14.4  16.6   9.2 99.0 99.00
2015 10 08 00 50  19  8.0  9.2  1.10  5.00  4.15   6 1021.0  14.7  16.6   8.5 99.0 99.00
2015 10 08 01 50  23  6.7  7.9  1.07  5.56  4.31 359 1021.0  14.6  16.6   9.4 99.0 99.00
2015 10 08 02 50  32  5.6  6.8  1.12  5.56  4.30 357 1021.1  14.4  16.6   9.1 99.0 99.00
2015 10 08 03 50  40  4.0  4.9  1.00  5.26  4.28 358 1021.0  14.3  16.6   8.8 99.0 99.00
2015 10 08 04 50  61  3.9  4.6  0.83  5.26  4.18   4 1020.7  14.1  16.6   8.7 99.0 99.00
2015 10 08 05 50  94  4.2  4.9 99.00 99.00 99.00 999 9999.0  14.0  16.6  10.1 99.0 99.00
2015 10 08 07 50 130  4.9  5.8 99.00 99.00 99.00 999 1018.7  14.1  16.5  10.6 99.0 99.00
2015 10 08 08 50 156  4.2  4.9 99.00 99.00 99.00 999 1018.6  13.9  16.5  10.5 99.0 99.00
2015 10 08 09 50 173  3.5  4.3 99.00 99.00 99.00 999 1018.2  14.6  16.5  11.1 99.0 99.00
2015 10 08 11 50 164  4.8  5.6 99.00 99.00 99.00 999 1017.5  14.7  16.5  11.9 99.0 99.00
2015 10 08 12 50 178  5.4  6.1 99.00 99.00 99.00 999 1017.6  15.4  16.5  12.3 99.0 99.00
2015 10 08 13 50 172  5.9  6.9  0.38  2.74  2.95 166 1016.9  15.8  16.5  12.8 99.0 99.00
2015 10 08 14 50 174  8.4 10.1  0.40  2.94  2.94 172 1015.9  16.1  16.5  12.8 99.0 99.00
2015 10 08 15 50 179  8.7 10.3  0.57  3.33  3.02 182 1015.0  16.3  16.6  13.6 99.0 99.00
2015 10 08 16 50 185  8.8  9.9  0.66  3.57  3.22 183 1013.9  16.6  16.6  14.1 99.0 99.00
2015 10 08 17 50 189  7.3  8.6 99.00 99.00 99.00 999 1013.4  16.8  16.6  14.8 99.0 99.00
2015 10 08 18 50 190  6.5  7.6  0.70  3.85  3.40 182 1012.3  17.2  16.6  15.0 99.0 99.00
2015 10 08 19 50 185  6.3  7.4  0.64  3.85  3.41 192 1011.3  17.8  16.6  15.5 99.0 99.00
2015 10 08 20 50 181  7.2  8.3  0.58  3.85  3.32 196 1010.4  18.2  16.6  15.4 99.0 99.00
2015 10 08 21 50 190  6.4  7.5  0.52  3.57  3.28 189 1009.9  18.3  16.6  15.2 99.0 99.00
2015 10 08 22 50 195  6.4  7.3 99.00 99.00 99.00 999 1009.8  18.4  16.5  15.3 99.0 99.00
2015 10 08 23 50 216  6.8  8.0  0.50  3.57  3.24 190 1010.0  18.7  16.5  15.4 99.0 99.00
2015 10 09 00 50 253  6.1  7.8  0.44  3.57  3.12 180 1011.0  17.9  16.5  16.1 99.0 99.00
2015 10 09 01 50 238  4.0  4.5  0.42  3.70  3.18 181 1010.6  17.4  16.5  16.2 99.0 99.00
2015 10 09 02 50 257  2.4  2.7  0.34  3.57  3.12 187 1010.8  16.9  16.4  16.4 99.0 99.00
2015 10 09 04 50 339  5.6  6.8  0.27  3.45  3.10 191 1012.2  17.2  16.4  16.2 99.0 99.00
2015 10 09 05 50 347 10.6 12.2  0.39  2.60  2.69 332 1012.4  15.8  16.4  14.2 99.0 99.00
2015 10 09 06 50 342 10.5 12.2 99.00 99.00 99.00 999 1012.8  15.7  16.4  12.6 99.0 99.00
2015 10 09 08 50 332  9.0 10.5 99.00 99.00 99.00 999 1013.7  15.8 999.0  13.3 99.0 99.00
2015 10 09 09 50 336 10.0 11.9 99.00 99.00 99.00 999 1014.3  14.9  16.4  12.5 99.0 99.00
2015 10 09 10 50 324 10.9 12.4 99.00 99.00 99.00 999 1015.6  14.2  16.4  11.1 99.0 99.00
2015 10 09 11 50 331 10.9 12.4 99.00 99.00 99.00 999 1016.2  14.1  16.4  10.1 99.0 99.00
2015 10 09 12 50 328 10.2 99.0 99.00 99.00 99.00 999 1017.1  14.0  16.4  11.7 99.0 99.00
2015 10 09 13 50 343 11.5 13.9  1.75  6.25  4.90 340 1018.3  13.3  16.4  11.9 99.0 99.00
2015 10 09 14 50 360 11.5 13.4  1.95  6.67  5.12 335 1019.3  13.5  16.4  10.9 99.0 99.00
2015 10 09 15 50 356 11.8 13.8  2.09  6.67  5.26 344 1019.6  13.8  16.4   9.3 99.0 99.00
2015 10 09 16 50 349  9.8 12.1  1.95  7.14  5.20 358 1020.6  13.7  16.4   9.2 99.0 99.00
2015 10 09 17 50 353  8.7 10.4  1.97  6.67  5.19 355 1021.1  13.2  16.5   9.9 99.0 99.00
2015 10 09 18 50 345 10.0 12.0  1.86  7.14  5.14 352 1020.9  13.7  16.5   9.0 99.0 99.00
2015 10 09 20 50 339  9.3 11.3 99.00 99.00 99.00 999 1021.3  13.8  16.5   7.8 99.0 99.00
2015 10 09 21 50 345 10.0 12.2  1.65  6.67  4.96 356 1021.6  13.7  16.5   7.3 99.0 99.00
2015 10 09 22 50 355  9.0 10.9  1.66  5.56  4.94 359 1022.1  13.7  16.5   6.6 99.0 99.00
2015 10 09 23 50   4  8.9 11.0 99.00 99.00 99.00 999 1022.4  13.7 999.0   6.7 99.0 99.00
2015 10 10 00 50   6  8.2  9.6 99.00 99.00 99.00 999 1022.7  13.8  16.4   6.6 99.0 99.00
2015 10 10 01 50  21  8.4 10.1 99.00 99.00 99.00 999 1022.9  14.0  16.4   5.5 99.0 99.00
2015 10 10 02 50  30  7.2  8.9 99.00 99.00 99.00 999 1023.4  13.9  16.4   5.0 99.0 99.00
2015 10 10 03 50  50  6.2  8.1  1.04  5.26  4.41 356 1023.6  13.9  16.4   5.0 99.0 99.00
2015 10 10 04 50  68  5.0  5.9 99.00 99.00 99.00 999 1023.5  13.8  16.3   5.1 99.0 99.00
2015 10 10 05 50  78  4.0  4.9  0.69  5.56  4.12 359 1023.8  13.8  16.3   4.8 99.0 99.00
2015 10 10 06 50  81  2.5  3.9  0.60  5.88  4.05 352 1023.9  13.6  16.3   4.5 99.0 99.00
2015 10 10 07 50 121  2.6  3.7 99.00 99.00 99.00 999 1023.7  13.5  16.3   5.5 99.0 99.00
2015 10 10 08 50 141  2.7  3.8 99.00 99.00 99.00 999 1023.1  13.3  16.3   6.7 99.0 99.00
2015 10 10 09 50 172  2.8  4.0 99.00 99.00 99.00 999 1023.0  13.4  16.3   6.5 99.0 99.00
2015 10 10 10 50 180  3.6  4.5 99.00 99.00 99.00 999 1022.7  13.3  16.2   5.2 99.0 99.00
2015 10 10 11 50 999 99.0  4.7 99.00 99.00 99.00 999 1023.1  13.6  16.2 999.0 99.0 99.00
2015 10 10 12 50 200  3.9  6.3 99.00 99.00 99.00 999 1023.4  13.5  16.2   6.4 99.0 99.00
2015 10 10 13 50 202  5.0  6.0 99.00 99.00 99.00 999 1023.4  13.5  16.3   6.9 99.0 99.00
2015 10 10 14 50 201  5.0  6.0  0.27  4.35  3.08 354 1022.8  13.6  16.3   6.8 99.0 99.00
2015 10 10 15 50 226  6.0  7.0  0.33  2.74  2.90 206 1022.2  13.5  16.3   8.9 99.0 99.00
2015 10 10 16 50 209  6.4  7.9  0.47  3.03  2.93 210 1021.7  13.5  16.3   8.4 99.0 99.00
2015 10 10 17 50 210  6.4  8.0  0.50  3.45  3.15 231 1021.0  13.4  16.4   8.0 99.0 99.00
2015 10 10 18 50 205  6.6  8.1  0.60  3.33  3.27 222 1019.7  13.4  16.4   8.2 99.0 99.00
2015 10 10 19 50 187  7.2  8.5  0.60  3.85  3.35 216 1017.9  13.7  16.4   8.7 99.0 99.00
2015 10 10 20 50 182  7.6  8.6 99.00 99.00 99.00 999 1017.3  14.2  16.4   9.1 99.0 99.00
2015 10 10 21 50 179  8.5  9.8  0.61  3.57  3.31 207 1016.1  14.9  16.4   9.5 99.0 99.00
2015 10 10 22 50 179  8.2  9.7  0.69  3.85  3.42 193 1015.4  15.3  16.3  10.4 99.0 99.00
2015 10 10 23 50 186  8.1  9.8  0.65  3.85  3.37 193 1014.9  15.7  16.3  11.2 99.0 99.00
2015 10 11 00 50 190  8.1  9.7 99.00 99.00 99.00 999 1014.3  16.0  16.3  11.8 99.0 99.00
2015 10 11 01 50 212  8.1  9.2 99.00 99.00 99.00 999 1014.1  16.5  16.2  11.4 99.0 99.00
2015 10 11 02 50 215  9.5 11.6  0.64  3.85  3.39 198 1013.4  16.5  16.2  10.4 99.0 99.00
2015 10 11 03 50 218 10.4 12.7  0.77  4.00  3.50 208 1012.9  16.2  16.2  10.4 99.0 99.00
2015 10 11 04 50 218 11.0 13.3  0.95  4.55  3.73 212 1012.2  16.0  16.2  10.6 99.0 99.00
2015 10 11 05 50 223 10.4 12.2  1.09  4.55  3.99 218 1011.9  15.9  16.2  10.6 99.0 99.00
2015 10 11 06 50 222 10.6 12.6  1.20  4.76  4.08 220 1011.7  15.8  16.2  10.6 99.0 99.00
2015 10 11 07 50 220 10.0 11.8 99.00 99.00 99.00 999 1011.2  15.7  16.3  10.5 99.0 99.00
2015 10 11 08 50 218 10.1 99.0 99.00 99.00 99.00 999 1010.4  15.6 999.0  11.0 99.0 99.00
2015 10 11 10 50 212  9.6 11.7  1.26  5.26  4.29 207 1009.8  15.5  16.1  11.2 99.0 99.00
2015 10 11 11 50 216 10.0 11.7 99.00 99.00 99.00 999 1009.6  15.4  16.1  11.2 99.0 99.00
2015 10 11 12 50 210 10.4 12.2  1.31  5.00  4.32 205 1009.4  15.2  16.1  11.2 99.0 99.00
2015 10 11 13 50 213 11.3 13.7  1.47  5.00  4.42 208 1008.8  15.2  16.2  11.3 99.0 99.00
2015 10 11 14 50 214 11.6 13.7 99.00 99.00 99.00 999 1008.5  15.4  16.2  11.7 99.0 99.00
2015 10 11 15 50 209 10.0 12.2  1.42  5.00  4.40 197 1008.5  15.6  16.2  11.9 99.0 99.00
2015 10 11 16 50 202 10.6 13.5  1.54  5.56  4.41 194 1007.8  15.9  16.2  12.1 99.0 99.00
2015 10 11 17 50 192 10.1 11.7 99.00 99.00 99.00 999 1007.1  16.5  16.2  12.5 99.0 99.00
2015 10 11 18 50 189  9.7 11.5  1.45  5.56  4.42 186 1006.1  17.2  16.2  12.9 99.0 99.00
2015 10 11 19 50 184  8.8 10.6  1.17  5.26  4.17 190 1005.4  17.6  16.2  13.5 99.0 99.00
2015 10 11 20 50 184  8.7 10.2  1.01  5.00  3.92 192 1004.9  18.0  16.2  13.8 99.0 99.00
2015 10 11 21 50 184  8.8 10.3  0.88  4.76  3.78 192 1004.1  18.2  16.2  14.0 99.0 99.00
2015 10 11 22 50 184  8.6 10.2  0.85  4.55  3.72 189 1003.5  18.5  16.2  14.2 99.0 99.00
2015 10 11 23 50 189  8.1  9.3 99.00 99.00 99.00 999 1003.7  18.6  16.2 999.0 99.0 99.00
2015 10 12 00 50 188  7.3 99.0 99.00 99.00 99.00 999 1003.8  18.3  16.2  14.0 99.0 99.00
2015 10 12 01 50 186  8.8 10.3 99.00 99.00 99.00 999 1003.7  18.5  16.1  13.3 99.0 99.00
2015 10 12 02 50 188  9.3 10.8  0.94  4.55  3.84 181 1003.7  18.4  16.1  13.0 99.0 99.00
2015 10 12 03 50 192 10.2 12.4  1.12  4.55  4.04 189 1003.4  18.2  16.1  12.8 99.0 99.00
2015 10 12 04 50 188  9.6 11.4  1.20  5.00  4.18 184 1002.9  17.8  16.1  13.0 99.0 99.00
2015 10 12 05 50 191 10.1 12.1 99.00 99.00 99.00 999 1002.1  17.7  16.1  12.7 99.0 99.00
2015 10 12 06 50 184  9.9 11.7 99.00 99.00 99.00 999 1001.4  17.2  16.0  13.5 99.0 99.00
2015 10 12 07 50 183 10.2 12.0 99.00 99.00 99.00 999 1000.6  16.9  16.0  13.4 99.0 99.00
2015 10 12 08 50 185 11.1 13.0 99.00 99.00 99.00 999  999.1  17.0 999.0  13.3 99.0 99.00
2015 10 12 09 50 188 11.5 13.4 99.00 99.00 99.00 999  998.2  16.8  16.0  13.7 99.0 99.00
2015 10 12 10 50 194 12.1 13.9  1.43  5.26  4.29 184  998.0  16.7  16.0  13.6 99.0 99.00
2015 10 12 11 50 194 10.5 12.5  1.49  5.56  4.55 186  997.8  16.5  16.1  13.8 99.0 99.00
2015 10 12 12 50 200  9.9 11.7  1.43  5.56  4.44 189  997.8  16.5  16.1  14.1 99.0 99.00
2015 10 12 13 50 200  8.4  9.8  1.25  5.56  4.40 182  998.0  16.5  16.1  14.4 99.0 99.00
2015 10 12 14 50 219  8.5 10.0 99.00 99.00 99.00 999  998.5  16.7  16.1  14.4 99.0 99.00
2015 10 12 15 50 223  6.1  7.2 99.00 99.00 99.00 999  998.7  16.6  16.1  14.7 99.0 99.00
2015 10 12 16 50 208  5.1  5.8 99.00 99.00 99.00 999  998.6  16.7  16.1  14.7 99.0 99.00
2015 10 12 17 50 239  6.1 99.0 99.00 99.00 99.00 999  998.5  17.2  16.1  13.8 99.0 99.00
2015 10 12 18 50 205  5.5  6.2 99.00 99.00 99.00 999  997.6  16.8  16.1  14.5 99.0 99.00
2015 10 12 19 50 199  6.6  7.4  0.54  5.00  3.56 179  996.7  17.1  16.2  13.6 99.0 99.00
2015 10 12 20 50 195  7.8  9.1  0.54  3.03  3.28 194  996.6  17.4  16.2  13.1 99.0 99.00
2015 10 12 21 50 196  8.5  9.6  0.57  3.70  3.28 189  996.0  17.9  16.2  12.1 99.0 99.00
2015 10 12 22 50 257  9.1 11.0 99.00 99.00 99.00 999  996.2  18.5  16.2  11.2 99.0 99.00
2015 10 12 23 50 258 13.4 16.7 99.00 99.00 99.00 999 9999.0  18.2  16.1  10.1 99.0 99.00
2015 10 13 00 50 263 13.3 16.2 99.00 99.00 99.00 999  997.1  17.3  16.1   9.4 99.0 99.00
2015 10 13 01 50 283 10.3 12.3 99.00 99.00 99.00 999  997.6  15.5  16.1   9.8 99.0 99.00
2015 10 13 02 50 278 12.9 16.2 99.00 99.00 99.00 999  997.7  15.3  16.1   9.2 99.0 99.00
2015 10 13 03 50 278 12.7 15.2 99.00 99.00 99.00 999  998.3  13.8  16.0   8.2 99.0 99.00
2015 10 13 04 50 281 11.9 14.1  2.01  5.56  4.86 293  998.7  13.2  16.0   7.5 99.0 99.00
2015 10 13 05 50 272 12.2 15.0 99.00 99.00 99.00 999  999.0  12.9  16.0   8.1 99.0 99.00
2015 10 13 06 50 275 11.5 14.2 99.00 99.00 99.00 999  999.5  12.4  16.0   7.3 99.0 99.00
2015 10 13 07 50 281 11.7 14.5 99.00 99.00 99.00 999  999.4  12.2  15.9   7.6 99.0 99.00
2015 10 13 08 50 281 11.3 13.3 99.00 99.00 99.00 999  999.8  12.0  15.9   7.7 99.0 99.00
2015 10 13 09 50 283 11.7 14.0 99.00 99.00 99.00 999 1000.1  12.0  15.9   8.1 99.0 99.00
2015 10 13 10 50 287 12.4 15.2 99.00 99.00 99.00 999 1000.7  11.8  15.9   7.7 99.0 99.00
2015 10 13 11 50 294 12.1 14.9  2.01  6.25  5.04 308 1001.3  11.8  15.8   7.9 99.0 99.00
2015 10 13 12 50 294 10.8 12.9  2.11  6.67  5.21 311 1002.1  11.8  15.8   8.1 99.0 99.00
2015 10 13 13 50 290 10.9 13.1  1.87  7.14  5.15 328 1003.0  11.7  15.8   7.9 99.0 99.00
2015 10 13 14 50 291 10.9 13.0 99.00 99.00 99.00 999 1003.5  11.8  15.8   7.9 99.0 99.00
2015 10 13 15 50 295 10.4 12.2 99.00 99.00 99.00 999 1004.4  11.6  15.8   7.4 99.0 99.00
2015 10 13 16 50 288 10.2 12.3 99.00 99.00 99.00 999 1005.1  11.6  15.7   7.1 99.0 99.00
2015 10 13 17 50 297  9.4 11.5 99.00 99.00 99.00 999 1005.4  12.2  15.7   7.0 99.0 99.00
2015 10 13 18 50 299  8.9 10.7 99.00 99.00 99.00 999 1005.8  12.6 999.0   7.8 99.0 99.00
2015 10 13 19 50 300  7.9  9.5 99.00 99.00 99.00 999 1006.2  12.8  15.7   7.6 99.0 99.00
2015 10 13 20 50 295  5.2  6.9  1.36  5.88  4.81 340 1006.7  13.6  15.7   8.3 99.0 99.00
2015 10 13 21 50 290  4.2  5.1  1.12  5.56  4.59 339 1007.0  14.1  15.8   8.0 99.0 99.00
2015 10 13 22 50 262  3.8  4.7  0.97  6.25  4.45 349 1007.4  14.2  15.8   8.0 99.0 99.00
2015 10 13 23 50 215  5.4  6.6  0.92  5.26  4.32 343 1007.9  13.9  15.7   9.2 99.0 99.00
2015 10 14 00 50 281  6.1  7.1  0.76  5.56  4.30 358 1008.3  14.8  15.7   8.3 99.0 99.00
2015 10 14 01 50 316  7.7  9.3  0.91  5.56  4.15 352 1008.9  14.2  15.7   9.7 99.0 99.00
2015 10 14 02 50 311 11.2 13.7 99.00 99.00 99.00 999 1009.2  13.0 999.0   8.2 99.0 99.00
2015 10 14 03 50 313 10.9 12.6 99.00 99.00 99.00 999 1009.7  12.8  15.7   7.5 99.0 99.00
2015 10 14 04 50 317  8.9 10.2  1.34  5.56  4.38 359 1009.9  12.5  15.7   6.8 99.0 99.00
2015 10 14 05 50 332  8.0 10.1 99.00 99.00 99.00 999 1009.7  12.5  15.7   6.5 99.0 99.00
2015 10 14 06 50 332  8.0 10.0 99.00 99.00 99.00 999 1010.0  12.3  15.6   6.0 99.0 99.00
2015 10 14 07 50 327  8.6 10.6  1.37  5.88  4.62   1 1010.3  12.0  15.6   5.0 99.0 99.00
2015 10 14 08 50 321  7.5  9.2  1.33  6.25  4.73   1 1010.8  11.9  15.6   4.8 99.0 99.00
2015 10 14 09 50 321  7.4  8.5  1.25  5.88  4.55 359 1011.2  11.9  15.6   4.8 99.0 99.00
2015 10 14 10 50 315  6.9  8.1  1.05  6.25  4.40   4 1011.8  11.6  15.6   6.6 99.0 99.00
2015 10 14 11 50 342  7.2  8.9  1.05  5.26  4.27 359 1012.4  11.5  15.6   5.7 99.0 99.00
2015 10 14 12 50 332  6.3  8.1  1.20  6.25  4.54   4 1013.2  11.1  15.6   4.8 99.0 99.00
2015 10 14 13 50 327  5.3  7.3  1.07  6.25  4.45 356 1014.3  11.0  15.6   5.2 99.0 99.00
2015 10 14 14 50 329  5.9  7.7  1.02  5.56  4.46 359 1015.4  11.0  15.6   4.6 99.0 99.00
2015 10 14 15 50 334  4.5  5.6  0.93  5.26  4.37 360 1015.5  10.9  15.6   4.6 99.0 99.00
2015 10 14 16 50 294  4.2  6.1  0.83  5.88  4.28   4 1016.1  10.8  15.7   5.3 99.0 99.00
2015 10 14 17 50 289  4.0  5.3  0.82  5.56  4.34   5 1016.2  10.8  15.7   5.6 99.0 99.00
2015 10 14 18 50 278  4.4  5.7  0.71  5.56  4.29   6 1015.9  10.9  15.8   5.4 99.0 99.00
2015 10 14 19 50 244  4.4  5.4  0.74  5.88  4.39   6 1015.6  11.4  15.8   5.1 99.0 99.00
2015 10 14 20 50 217  4.4  5.6  0.65  5.88  4.29   8 1015.1  12.3  15.8   6.3 99.0 99.00
2015 10 14 21 50 211  5.3  6.2  0.63  5.56  4.16  15 1014.8  13.1  15.8   7.6 99.0 99.00
2015 10 14 22 50 213  5.8  6.7  0.59  5.56  3.97  12 1014.5  14.0  15.8   7.9 99.0 99.00
2015 10 14 23 50 210  6.2  7.2  0.53  5.26  3.45  22 1014.7  14.2  15.7   9.1 99.0 99.00
2015 10 15 00 50 217  6.7  7.8 99.00 99.00 99.00 999 1015.1  14.7  15.7  10.1 99.0 99.00
2015 10 15 01 50 216  6.9  8.5  0.53  3.45  3.35 220 1015.1  15.0  15.6  10.6 99.0 99.00
2015 10 15 02 50 223  7.0  8.6  0.55  3.70  3.41 218 1015.0  15.5  15.6   9.7 99.0 99.00
2015 10 15 03 50 238  8.0 10.1  0.59  3.45  3.27 219 1014.6  15.7  15.6   9.0 99.0 99.00
2015 10 15 04 50 239  9.2 10.6 99.00 99.00 99.00 999 1014.3  15.5  15.6   9.0 99.0 99.00
2015 10 15 06 50 254  8.9 10.5 99.00 99.00 99.00 999 1014.5  14.7  15.6   9.1 99.0 99.00
2015 10 15 07 50 249  8.1  9.4 99.00 99.00 99.00 999 1014.4  14.4  15.6   8.9 99.0 99.00
2015 10 15 08 50 232  7.4  8.9 99.00 99.00 99.00 999 1013.9  14.4  15.6   9.8 99.0 99.00
2015 10 15 09 50 235  9.2 10.9  0.99  4.55  3.88 233 1013.9  14.2  15.6   9.3 99.0 99.00
2015 10 15 10 50 238  9.2 10.7 99.00 99.00 99.00 999 1013.6  15.1  15.6   8.7 99.0 99.00
2015 10 15 11 50 237 10.0 12.3 99.00 99.00 99.00 999 1013.2  15.1  15.5   8.8 99.0 99.00
2015 10 15 13 50 244 10.2 13.1 99.00 99.00 99.00 999 1013.4  14.3 999.0   8.8 99.0 99.00
2015 10 15 14 50 256  9.1 10.5  1.38  5.26  4.23 232 1014.2  14.0  15.5   8.5 99.0 99.00
2015 10 15 15 50 254  8.4 10.0  1.20  5.26  4.08 228 1014.2  14.2  15.5   8.9 99.0 99.00
2015 10 15 16 50 236  8.4 10.3 99.00 99.00 99.00 999 1013.9  14.4  15.5   9.4 99.0 99.00
2015 10 15 17 50 243  8.5  9.9 99.00 99.00 99.00 999 1012.9  15.1  15.5   9.0 99.0 99.00
2015 10 15 18 50 240 10.1 11.8 99.00 99.00 99.00 999 1012.1  15.4  15.6   8.8 99.0 99.00
2015 10 15 19 50 240  8.8 10.5  1.11  4.35  4.10 236 1012.0  15.6  15.6   9.5 99.0 99.00
2015 10 15 20 50 252  7.8  9.4  1.07  4.76  4.17 221 1012.1  16.3  15.7   9.3 99.0 99.00
2015 10 15 21 50 313 10.3 11.8  0.96  4.76  3.95 214 1012.5  16.4  15.6   7.0 99.0 99.00
2015 10 15 22 50 304 11.1 13.5  1.23  4.35  3.85 302 1013.7  15.7  15.6   4.2 99.0 99.00
2015 10 15 23 50 309 13.5 16.2  1.53  5.00  4.35 306 1014.9  14.9  15.6   4.9 99.0 99.00
2015 10 16 00 50 315 12.2 14.5  1.95  5.88  4.90 308 1016.5  14.5  15.6   5.0 99.0 99.00
2015 10 16 01 50 320 11.7 14.3  2.10  6.25  5.31 319 1017.2  14.3  15.5   4.6 99.0 99.00
2015 10 16 02 50 319 12.6 15.7  2.00  6.25  5.14 330 1017.5  14.1  15.5   4.5 99.0 99.00
2015 10 16 03 50 321 10.4 12.7  1.83  6.25  4.90 338 1018.3  13.9  15.5   5.5 99.0 99.00
2015 10 16 04 50 305 10.6 12.9 99.00 99.00 99.00 999 1018.7  13.5  15.5   4.7 99.0 99.00
2015 10 16 05 50 318  9.9 99.0 99.00 99.00 99.00 999 1019.1  13.1  15.5   4.9 99.0 99.00
2015 10 16 06 50 303  7.7  9.2 99.00 99.00 99.00 999 1019.5  12.9  15.5   4.8 99.0 99.00
2015 10 16 07 50 285  8.3  9.7 99.00 99.00 99.00 999 1019.4  12.4  15.5   5.4 99.0 99.00
2015 10 16 08 50 300  9.0 99.0 99.00 99.00 99.00 999 1019.6  12.1  15.5   5.3 99.0 99.00
2015 10 16 09 50 303  9.3 11.1 99.00 99.00 99.00 999 1020.1  11.5  15.5   6.4 99.0 99.00
2015 10 16 10 50 312 10.1 12.2 99.00 99.00 99.00 999 1020.9  11.1  15.5   6.1 99.0 99.00
2015 10 16 11 50 314 10.5 13.0  1.50  5.26  4.50 341 1021.5  10.5  15.4   5.7 99.0 99.00
2015 10 16 12 50 316 10.3 12.6  1.60  5.26  4.56 334 1022.2  10.2  15.4   5.3 99.0 99.00
2015 10 16 13 50 314 10.8 13.0  1.71  5.88  4.83 347 1022.9  10.0  15.4   4.7 99.0 99.00
2015 10 16 14 50 313 10.3 13.1  1.93  5.88  5.08 339 1023.7   9.4  15.4   2.0 99.0 99.00
2015 10 16 15 50 319 10.3 12.4  1.83  6.67  5.03 350 1024.0   8.8  15.4   0.5 99.0 99.00
2015 10 16 16 50 314  9.1 12.1 99.00 99.00 99.00 999 1024.6   8.5  15.3   0.3 99.0 99.00
2015 10 16 17 50 311  8.0 10.3 99.00 99.00 99.00 999 1024.5   8.5  15.3   1.0 99.0 99.00
2015 10 16 18 50 307  8.8 10.9 99.00 99.00 99.00 999 1024.2   8.7  15.3  -0.3 99.0 99.00
2015 10 16 19 50 300  8.2 10.7 99.00 99.00 99.00 999 1024.5   8.9  15.3   0.1 99.0 99.00
2015 10 16 20 50 309  7.3  9.4  1.56  6.25  4.92   7 1024.8   8.8  15.3  -0.9 99.0 99.00
2015 10 16 21 50 319  7.0  9.3 99.00 99.00 99.00 999 1024.8   9.1  15.3   0.1 99.0 99.00
2015 10 16 22 50 323  7.8  9.6 99.00 99.00 99.00 999 1024.7   9.2 999.0   0.2 99.0 99.00
2015 10 16 23 50 327  8.3 10.3 99.00 99.00 99.00 999 1024.8   9.5  15.3   0.8 99.0 99.00
2015 10 17 00 50 323  8.3 99.0 99.00 99.00 99.00 999 1025.2   9.5  15.3  -0.2 99.0 99.00
2015 10 17 01 50 321  8.5 10.7 99.00 99.00 99.00 999 1025.2   9.3  15.3  -0.7 99.0 99.00
2015 10 17 02 50 999 99.0 99.0 99.00 99.00 99.00 999 9999.0   9.3 999.0  -0.5 99.0 99.00
2015 10 17 03 50 320  7.1  8.8 99.00 99.00 99.00 999 1025.6   9.1  15.2  -1.4 99.0 99.00
2015 10 17 04 50 310  7.8  9.5 99.00 99.00 99.00 999 1025.7   9.0  15.2  -1.2 99.0 99.00
2015 10 17 06 50 325  6.7  9.5 99.00 99.00 99.00 999 1026.2   8.4  15.2  -1.8 99.0 99.00
2015 10 17 07 50 329  8.4 11.8  1.13  5.56  4.24   9 1026.3   8.2  15.1  -0.5 99.0 99.00
2015 10 17 08 50 324  9.8 12.8  1.22  5.88  4.29   6 1026.7   7.5  15.1  -0.7 99.0 99.00
2015 10 17 09 50 318 10.0 13.3 99.00 99.00 99.00 999 1027.2   7.0  15.1  -2.4 99.0 99.00
2015 10 17 10 50 321 10.0 12.8 99.00 99.00 99.00 999 1027.8   6.7  15.1  -3.0 99.0 99.00
2015 10 17 11 50 310  8.5 12.1 99.00 99.00 99.00 999 1028.7   6.2  15.0  -3.9 99.0 99.00
2015 10 17 12 50 324 10.2 14.2 99.00 99.00 99.00 999 1029.0   6.5  15.0  -2.4 99.0 99.00
2015 10 17 13 50 329  8.1 11.8  1.32  5.88  4.44 357 1029.8   6.6  15.0  -2.6 99.0 99.00
2015 10 17 14 50 323  9.7 13.1  1.40  5.56  4.47   3 1030.2   6.7  15.0  -1.1 99.0 99.00
2015 10 17 15 50 316  8.5 10.8  1.36  5.88  4.49 360 1030.6   6.9  15.0  -1.8 99.0 99.00
2015 10 17 16 50 317  7.6  9.8  1.46  6.25  4.66   6 1030.8   6.8  15.0  -2.1 99.0 99.00
2015 10 17 17 50 298  6.5  8.5  1.30  6.67  4.70  15 1030.6   6.8  15.0  -1.6 99.0 99.00
2015 10 17 18 50 284  6.0  8.3 99.00 99.00 99.00 999 1029.9   7.0  15.0  -1.6 99.0 99.00
2015 10 17 19 50 267  4.7  6.5  1.16  6.25  4.73  12 1029.7   7.5  15.0  -2.4 99.0 99.00
2015 10 17 20 50 243  2.7  3.9  1.11  6.67  4.87  11 1029.2   7.8  15.1  -3.4 99.0 99.00
2015 10 17 21 50 220  3.3  4.6  1.01  6.67  4.78   7 1028.7   8.3  15.1  -1.9 99.0 99.00
2015 10 17 22 50 207  3.6  4.9  0.93  6.67  5.01  14 1028.4   8.5  15.1  -0.9 99.0 99.00
2015 10 17 23 50 240  3.2  6.4 99.00 99.00 99.00 999 1028.4   9.2 999.0  -0.4 99.0 99.00
2015 10 18 00 50 298  3.1  5.7 99.00 99.00 99.00 999 1028.6   9.6  15.1   0.3 99.0 99.00
2015 10 18 01 50 999 99.0  7.9 99.00 99.00 99.00 999 1028.8   9.7  15.0  -0.7 99.0 99.00
2015 10 18 02 50 304  5.2  7.4 99.00 99.00 99.00 999 1028.7   9.8  15.0  -1.2 99.0 99.00
2015 10 18 03 50 306  7.3  9.4  0.78  5.56  3.83  15 1028.8  10.1  15.0  -1.4 99.0 99.00
2015 10 18 04 50 307  7.8  9.5 99.00 99.00 99.00 999 1028.5  10.2  15.0  -1.3 99.0 99.00
2015 10 18 05 50 309  8.3 11.0 99.00 99.00 99.00 999 1028.5  10.5  15.0  -0.5 99.0 99.00
2015 10 18 06 50 314  7.4 10.3 99.00 99.00 99.00 999 1028.6  10.1  14.9  -0.6 99.0 99.00
2015 10 18 07 50 316  7.0  9.1 99.00 99.00 99.00 999 1028.8  10.0  14.9  -0.6 99.0 99.00
2015 10 18 08 50 305  6.2  7.6 99.00 99.00 99.00 999 1028.8   9.9  14.9   0.2 99.0 99.00
2015 10 18 09 50 303  6.3  8.5 99.00 99.00 99.00 999 1029.2  10.0  14.9   4.0 99.0 99.00
2015 10 18 10 50 304  6.7  8.4  0.65  4.35  3.44 341 1029.9   9.7  14.9   1.6 99.0 99.00
2015 10 18 11 50 317  5.9  7.3  0.66  4.00  3.46 338 1030.5   9.6  14.9   0.8 99.0 99.00
2015 10 18 12 50 299  5.6  7.0 99.00 99.00 99.00 999 1031.4   9.7  14.9   1.3 99.0 99.00
2015 10 18 13 50 333  4.1  5.9  0.59  3.85  3.43 336 1031.9   9.5  14.9   2.1 99.0 99.00
2015 10 18 14 50  18  3.0  4.2  0.47  4.55  3.40 343 1032.6   8.9  14.9   2.9 99.0 99.00
2015 10 18 15 50  52  2.2  3.9  0.45  3.57  3.60 335 1032.9   8.8  14.9   2.5 99.0 99.00
2015 10 18 16 50  19  1.9  2.7  0.43  4.35  3.47 347 1032.7   9.0  15.0   2.7 99.0 99.00
2015 10 18 17 50 346  0.9  1.4  0.47  4.55  3.61 360 1032.3   9.2  15.1   2.7 99.0 99.00
2015 10 18 18 50  80  0.8  1.3  0.45  4.76  3.77 359 1031.6   9.6  15.3   2.8 99.0 99.00
2015 10 18 19 50 144  1.8  3.6  0.53  4.76  4.16 359 1031.2   9.2  15.4   3.3 99.0 99.00
2015 10 18 20 50 119  2.9  4.1  0.51  5.26  4.05  10 1030.5   9.2  15.4   3.7 99.0 99.00
2015 10 18 21 50 137  4.0  5.2  0.49  5.00  4.06  13 1029.7   9.3  15.2   4.2 99.0 99.00
2015 10 18 22 50 140  4.8  6.3  0.49  5.00  4.08   8 1029.1   9.5  15.1   4.8 99.0 99.00
2015 10 18 23 50 144  6.0  7.3  0.41  5.00  3.48  15 1028.3  10.0  15.1   5.2 99.0 99.00
2015 10 19 00 50 156  6.5  7.7  0.43  5.00  3.25   5 1027.9  10.7  15.0   4.8 99.0 99.00
2015 10 19 01 50 160  7.2 99.0 99.00 99.00 99.00 999 1027.3  12.0 999.0   5.6 99.0 99.00
2015 10 19 02 50 168  8.4 10.1 99.00 99.00 99.00 999 1026.7  12.4  15.0   6.3 99.0 99.00
2015 10 19 03 50 178  9.2 11.1  0.74  3.70  3.41 172 1026.3  13.0  15.0   5.6 99.0 99.00
2015 10 19 04 50 185  9.8 11.4 99.00 99.00 99.00 999 1025.7  13.3  15.0   5.4 99.0 99.00
2015 10 19 05 50 194 10.0 11.6 99.00 99.00 99.00 999 1025.3  13.6  14.9   6.2 99.0 99.00
2015 10 19 06 50 197 11.0 13.5  1.32  4.55  4.26 186 1024.6  13.6  14.9   5.3 99.0 99.00
2015 10 19 07 50 201 11.1 13.1  1.37  5.00  4.23 186 1024.0  13.6  14.9   4.9 99.0 99.00
2015 10 19 08 50 199 11.4 13.7  1.52  5.26  4.39 193 1023.7  13.4  14.9   5.7 99.0 99.00
2015 10 19 09 50 200 13.1 99.0 99.00 99.00 99.00 999 9999.0  13.5 999.0 999.0 99.0 99.00
2015 10 19 11 50 198 12.9 15.6 99.00 99.00 99.00 999 1021.6  13.1  14.9   5.5 99.0 99.00
2015 10 19 12 50 201 14.0 16.3 99.00 99.00 99.00 999 1020.7  13.4  14.8   5.1 99.0 99.00
2015 10 19 13 50 200 13.9 16.7 99.00 99.00 99.00 999 1020.1  13.1  14.8   5.8 99.0 99.00
2015 10 19 14 50 200 15.2 18.1  2.58  7.14  5.52 185 1019.1  13.3  14.8   5.2 99.0 99.00
2015 10 19 15 50 205 13.8 16.7  2.51  6.67  5.56 190 1018.6  13.7  14.8   5.7 99.0 99.00
2015 10 19 16 50 999 99.0 16.2 99.00 99.00 99.00 999 1017.8  14.3  14.8   5.8 99.0 99.00
2015 10 19 17 50 197 12.9 15.7 99.00 99.00 99.00 999 1016.8  14.8  14.8   7.7 99.0 99.00
2015 10 19 18 50 195 11.7 14.6  2.17  7.14  5.44 190 1015.8  15.6  14.8   8.8 99.0 99.00
2015 10 19 19 50 197 11.6 99.0 99.00 99.00 99.00 999 1014.9  16.3  14.8   9.1 99.0 99.00
2015 10 19 20 50 195 10.2 11.8  1.89  5.88  5.14 196 1014.5  16.6  14.8  10.0 99.0 99.00
2015 10 19 21 50 192 10.0 11.9 99.00 99.00 99.00 999 1014.1  17.1  14.8 999.0 99.0 99.00
2015 10 19 22 50 191 10.5 12.2 99.00 99.00 99.00 999 1014.0  17.1  14.8  10.8 99.0 99.00
2015 10 19 23 50 192 10.5 12.3 99.00 99.00 99.00 999 1014.2  17.2  14.8  11.0 99.0 99.00
2015 10 20 00 50 195 11.1 13.1  1.56  5.88  4.63 180 1014.1  17.1  14.8  11.0 99.0 99.00
2015 10 20 01 50 199 12.0 13.8  1.45  5.88  4.44 185 1014.2  17.1  14.8  10.2 99.0 99.00
2015 10 20 02 50 202 12.1 14.6  1.61  5.56  4.63 183 1014.6  17.0  14.7   9.6 99.0 99.00
2015 10 20 03 50 202 10.9 12.6  1.66  5.56  4.63 194 1015.3  16.6  14.7   9.7 99.0 99.00
2015 10 20 04 50 205  9.2 10.8  1.52  5.88  4.55 193 1016.1  16.2  14.7  10.1 99.0 99.00
2015 10 20 05 50 201  8.6  9.7  1.40  5.56  4.46 193 1016.2  16.0  14.6  10.2 99.0 99.00
2015 10 20 06 50 204  9.4 11.0 99.00 99.00 99.00 999 1016.2  15.8  14.6  10.1 99.0 99.00
2015 10 20 07 50 202  8.7 99.0 99.00 99.00 99.00 999 1016.5  15.6  14.6  10.1 99.0 99.00
2015 10 20 09 50 202  9.7 11.8 99.00 99.00 99.00 999 1016.5  15.5  14.6   9.8 99.0 99.00
2015 10 20 10 50 205  9.6 11.3 99.00 99.00 99.00 999 1016.7  15.4  14.6   9.8 99.0 99.00
2015 10 20 11 50 205  9.6 11.8 99.00 99.00 99.00 999 1016.9  15.4  14.6   9.6 99.0 99.00
2015 10 20 12 50 210 10.2 12.1 99.00 99.00 99.00 999 1017.2  15.5  14.6   9.1 99.0 99.00
2015 10 20 13 50 202  8.2  9.5  1.34  5.26  4.53 198 1018.0  14.9  14.6  10.3 99.0 99.00
2015 10 20 14 50 205  9.1 10.7  1.28  5.88  4.46 184 1018.3  14.7  14.6   9.4 99.0 99.00
2015 10 20 15 50 206  8.8 10.5  1.41  5.88  4.52 189 1018.3  14.6  14.6   9.5 99.0 99.00
2015 10 20 16 50 202  8.8 10.4  1.40  5.88  4.61 187 1018.5  14.6  14.6   9.6 99.0 99.00
2015 10 20 17 50 194  8.1  9.4  1.22  5.88  4.27 186 1018.4  14.9  14.6   9.8 99.0 99.00
2015 10 20 18 50 191  8.1  9.4  1.07  5.26  4.20 189 1018.0  15.3  14.6   9.8 99.0 99.00
2015 10 20 19 50 188  5.4  6.1  0.94  5.00  3.83 189 1018.0  14.9  14.6  10.8 99.0 99.00
2015 10 20 20 50 170  5.5  6.6  0.72  5.00  3.87 188 1017.9  15.3  14.6  10.7 99.0 99.00
2015 10 20 21 50 169  6.2  7.0  0.62  4.76  3.69 189 1017.5  15.6  14.6  11.3 99.0 99.00
2015 10 20 22 50 150  3.5  4.9 99.00 99.00 99.00 999 1017.5  15.9  14.6  11.5 99.0 99.00
2015 10 20 23 50 154  4.2  4.8  0.48  4.35  3.21 192 1017.7  15.3  14.6  12.0 99.0 99.00
2015 10 21 00 50 211  5.8  9.7  0.40  3.85  3.15 187 1018.8  16.9  14.6  11.3 99.0 99.00
2015 10 21 01 50 131  2.8  3.4  0.38  3.13  3.12 169 1019.1  17.2  14.6  10.3 99.0 99.00
2015 10 21 02 50 159  4.5  6.3  0.41  3.33  3.11 173 1019.5  17.5  14.6  10.0 99.0 99.00
2015 10 21 03 50 169  7.4  8.8  0.41  3.23  3.08 167 1019.3  16.7  14.6  11.3 99.0 99.00
2015 10 21 04 50 220 10.0 11.4 99.00 99.00 99.00 999 1020.0  15.4  14.6  12.3 99.0 99.00
2015 10 21 05 50 206  9.1 11.1 99.00 99.00 99.00 999 1020.4  14.2  14.6  12.8 99.0 99.00
2015 10 21 06 50 189  5.7 99.0 99.00 99.00 99.00 999 1020.3  14.3  14.6  12.5 99.0 99.00
2015 10 21 07 50 166  6.9  7.9 99.00 99.00 99.00 999 9999.0  14.4  14.6  12.9 99.0 99.00
2015 10 21 08 50 168  6.9  7.8  0.56  4.00  3.49 194 1019.5  14.8  14.6  11.6 99.0 99.00
2015 10 21 09 50 170  7.3  8.4  0.49  3.70  3.30 199 1019.3  15.0  14.5  11.7 99.0 99.00
2015 10 21 10 50 178  7.9  9.0 99.00 99.00 99.00 999 1019.3  15.2  14.5  11.5 99.0 99.00
2015 10 21 11 50 173  8.8 10.1 99.00 99.00 99.00 999 1019.1  15.1  14.5  11.2 99.0 99.00
2015 10 21 12 50 171  8.2 10.1  0.68  3.85  3.43 181 1019.0  14.9  14.5  11.3 99.0 99.00
2015 10 21 13 50 174  8.8 10.3  0.70  4.00  3.40 182 1018.9  14.7  14.5  11.8 99.0 99.00
2015 10 21 14 50 177  8.9 10.5 99.00 99.00 99.00 999 1018.7  14.9  14.5  12.0 99.0 99.00
2015 10 21 15 50 180  9.5 11.5 99.00 99.00 99.00 999 1018.0  14.9  14.5  12.1 99.0 99.00
2015 10 21 16 50 185  9.2 10.7  1.04  4.55  3.74 181 1017.4  15.3  14.6  12.5 99.0 99.00
2015 10 21 17 50 188  9.3 11.0  1.05  4.55  3.83 188 1016.8  15.6  14.6  12.7 99.0 99.00
2015 10 21 18 50 197  7.6  8.7 99.00 99.00 99.00 999 1016.6  15.8  14.6  13.2 99.0 99.00
2015 10 21 19 50 204  7.3  8.3  0.87  4.55  3.80 187 1016.3  16.2  14.6  13.4 99.0 99.00
2015 10 21 20 50 188  7.2  8.2  0.75  4.55  3.75 187 1015.3  16.3  14.6  13.7 99.0 99.00
2015 10 21 21 50 201  7.0  8.0  0.70  4.35  3.53 186 1015.2  16.8  14.5  13.7 99.0 99.00
2015 10 21 22 50 217  6.3  7.4  0.66  4.17  3.49 185 1015.6  16.7  14.5  13.8 99.0 99.00
2015 10 21 23 50 230  7.0  8.5  0.57  4.00  3.45 189 1016.7  16.6  14.5  14.2 99.0 99.00
2015 10 22 00 50 248  7.9  9.0  0.58  4.17  3.31 191 1017.4  17.8  14.5  14.2 99.0 99.00
2015 10 22 01 50 233  7.2  8.1  0.58  3.85  3.32 206 1017.3  17.5  14.5  14.3 99.0 99.00
2015 10 22 02 50 257  6.3  7.2  0.54  3.70  3.32 208 1018.1  16.2  14.5  14.4 99.0 99.00
2015 10 22 03 50 258  6.3 99.0 99.00 99.00 99.00 999 9999.0  16.2 999.0  14.5 99.0 99.00
2015 10 22 04 50 271  5.3  6.2 99.00 99.00 99.00 999 1019.2  15.7  14.6  14.6 99.0 99.00
2015 10 22 05 50 310  6.8  8.3  0.43  3.23  3.07 253 1019.3  15.5  14.6  12.6 99.0 99.00
2015 10 22 06 50 323  6.5  8.5 99.00 99.00 99.00 999 1019.8  14.8  14.6  11.3 99.0 99.00
2015 10 22 07 50 324  6.8  7.8 99.00 99.00 99.00 999 1020.0  14.6  14.6  10.3 99.0 99.00
2015 10 22 08 50 314  6.3  7.1 99.00 99.00 99.00 999 1020.4  14.2  14.5  10.9 99.0 99.00
2015 10 22 09 50 322  8.4  9.7 99.00 99.00 99.00 999 1021.0  13.7  14.5   9.9 99.0 99.00
2015 10 22 10 50 323  7.4  8.5 99.00 99.00 99.00 999 9999.0  13.3  14.5   9.0 99.0 99.00
2015 10 22 11 50 334  7.2  8.4 99.00 99.00 99.00 999 9999.0  12.9  14.5   8.9 99.0 99.00
2015 10 22 12 50 341  6.8  7.9  1.01  4.76  4.07 331 1023.7  12.6  14.5   8.2 99.0 99.00
2015 10 22 13 50 354  5.1  6.1  0.96  5.00  4.16 341 1024.8  12.3  14.5   8.2 99.0 99.00
2015 10 22 14 50 350  5.4  6.4  0.99  4.76  4.13 341 1025.2  12.2  14.5   7.3 99.0 99.00
2015 10 22 15 50 346  4.2  5.0  0.84  5.26  4.11 344 1025.9  12.3  14.5   7.0 99.0 99.00
2015 10 22 16 50 352  3.9  5.0  0.77  4.76  4.01 345 1026.0  12.6  14.5   5.8 99.0 99.00
2015 10 22 17 50 357  3.4  4.6 99.00 99.00 99.00 999 1025.9  12.6  14.6   4.8 99.0 99.00
2015 10 22 18 50 344  4.7  5.7 99.00 99.00 99.00 999 1025.3  12.5  14.6   6.6 99.0 99.00
2015 10 22 19 50 347  4.3 99.0 99.00 99.00 99.00 999 1025.1  12.6  14.7   6.7 99.0 99.00
2015 10 22 20 50 347  2.9  3.8  0.49  4.76  3.84 360 1025.4  12.8  14.7   5.0 99.0 99.00
2015 10 22 21 50 360  3.8  4.7  0.44  4.55  3.78 357 1025.5  12.9  14.7   5.1 99.0 99.00
2015 10 22 22 50  23  4.2  4.9  0.49  5.56  4.09   5 1025.8  12.8  14.7   5.7 99.0 99.00
2015 10 22 23 50  45  4.5  5.6  0.52  5.26  4.18   3 1026.0  12.6  14.6   7.3 99.0 99.00
2015 10 23 00 50 999 99.0  8.7 99.00 99.00 99.00 999 1026.0  12.5  14.6   7.1 99.0 99.00
2015 10 23 01 50  42  7.8  9.0 99.00 99.00 99.00 999 1026.0  12.7  14.6   7.1 99.0 99.00
2015 10 23 02 50  54  7.7 99.0 99.00 99.00 99.00 999 1026.2  12.7 999.0   5.8 99.0 99.00
2015 10 23 03 50  59  6.5  7.5 99.00 99.00 99.00 999 1026.6  12.7  14.5   6.5 99.0 99.00
2015 10 23 04 50  65  8.1  9.5  0.76  3.85  3.64  11 1026.4  12.0  14.5   7.5 99.0 99.00
2015 10 23 05 50  75  9.5 11.2 99.00 99.00 99.00 999 1026.0  11.2  14.5   6.9 99.0 99.00
2015 10 23 07 50  88  9.7 11.4 99.00 99.00 99.00 999 9999.0  10.7  14.4   6.6 99.0 99.00
2015 10 23 08 50  88 10.0 99.0 99.00 99.00 99.00 999 1025.2  10.5  14.4   6.7 99.0 99.00
2015 10 23 09 50  93  9.5 11.4  1.18  4.76  3.97  54 1025.4  10.5  14.4   7.0 99.0 99.00
2015 10 23 10 50  99  9.9 12.2  1.24  5.00  4.20  70 1025.4  10.4  14.4   7.4 99.0 99.00
2015 10 23 11 50 109  9.3 11.0  1.39  4.76  4.36  75 1025.8  10.5  14.4   7.6 99.0 99.00
2015 10 23 12 50 113 10.0 12.1  1.24  5.00  4.13  86 1025.0  10.5  14.4   8.1 99.0 99.00
2015 10 23 13 50 113 10.4 12.3  1.29  4.76  4.18  93 1024.7  10.4  14.4   8.4 99.0 99.00
2015 10 23 14 50 120  9.7 11.5  1.33  5.00  4.27  81 1024.3  10.7  14.4   8.8 99.0 99.00
2015 10 23 15 50 120  9.7 11.9  1.30  5.26  4.18  89 1023.4  11.3  14.4   9.3 99.0 99.00
2015 10 23 16 50 126  9.4 11.6  1.24  4.55  4.12 112 1022.8  12.0  14.4   9.3 99.0 99.00
2015 10 23 17 50 114  9.9 11.5  1.39  5.00  4.18 115 1021.2  12.2  14.4   9.4 99.0 99.00
2015 10 23 18 50 114  9.1 10.6  1.34  5.00  4.24 110 1020.1  13.1  14.4   9.9 99.0 99.00
2015 10 23 19 50 111  8.7  9.9  1.01  5.00  4.06 111 1018.5  14.0  14.4  10.4 99.0 99.00
2015 10 23 20 50 111 10.4 12.5  0.99  5.00  3.90 135 1016.4  14.4  14.3  10.3 99.0 99.00
2015 10 23 21 50 129  9.2 11.3 99.00 99.00 99.00 999 1016.9  14.4  14.3  10.4 99.0 99.00
2015 10 23 22 50 131 10.0 11.5 99.00 99.00 99.00 999 1016.0  14.5  14.3  10.4 99.0 99.00
2015 10 23 23 50 134 10.4 12.7 99.00 99.00 99.00 999 1015.8  14.8  14.3  10.3 99.0 99.00
2015 10 24 00 50 137 10.8 12.7  1.34  4.76  4.28 138 1015.1  14.1  14.3  10.3 99.0 99.00
2015 10 24 01 50 134 11.7 14.5 99.00 99.00 99.00 999 1014.0  13.4  14.3  10.6 99.0 99.00
2015 10 24 02 50 143 10.0 12.0 99.00 99.00 99.00 999 1013.8  14.4  14.3  10.5 99.0 99.00
2015 10 24 03 50 158 10.3 12.8 99.00 99.00 99.00 999 1013.1  15.3  14.3  10.9 99.0 99.00
2015 10 24 04 50 161 10.7 13.1 99.00 99.00 99.00 999 1012.5  14.7  14.3  12.2 99.0 99.00
2015 10 24 05 50 162  9.9 11.5 99.00 99.00 99.00 999 1011.7  14.5  14.2  13.6 99.0 99.00
2015 10 24 06 50 164  9.6 10.9 99.00 99.00 99.00 999 1011.1  14.5  14.2  13.5 99.0 99.00
2015 10 24 07 50 163  9.3 10.9 99.00 99.00 99.00 999 1010.2  14.7  14.2  13.1 99.0 99.00
2015 10 24 08 50 167  9.1 10.8 99.00 99.00 99.00 999 1009.2  15.2 999.0  13.6 99.0 99.00
2015 10 24 09 50 173  9.1 10.7 99.00 99.00 99.00 999 1008.5  15.9  14.1  14.2 99.0 99.00
2015 10 24 11 50 179  8.0  9.3 99.00 99.00 99.00 999 1008.0  16.1  14.1  15.3 99.0 99.00
2015 10 24 12 50 178  8.7  9.9 99.00 99.00 99.00 999 1007.6  15.8  14.1  15.2 99.0 99.00
2015 10 24 13 50 182  8.8 10.0  0.95  4.55  3.86 178 1007.5  15.8  14.2  15.2 99.0 99.00
2015 10 24 14 50 186  9.7 11.3  0.94  4.17  3.84 173 1007.5  15.7  14.2  15.3 99.0 99.00
2015 10 24 15 50 187  9.1 10.7  1.05  4.55  3.90 176 1007.1  15.7  14.3  15.3 99.0 99.00
2015 10 24 16 50 204  8.1  9.2  0.93  4.76  3.85 173 1007.2  15.6  14.3  15.5 99.0 99.00
2015 10 24 17 50 238  5.8  6.7  0.83  4.76  3.88 178 1007.6  15.4  14.3  13.9 99.0 99.00
2015 10 24 18 50 244  9.8 11.4 99.00 99.00 99.00 999 1007.7  15.5  14.3  12.8 99.0 99.00
2015 10 24 19 50 237  9.3 11.0  0.80  4.76  3.64 175 1008.1  15.3  14.3  12.7 99.0 99.00
2015 10 24 20 50 252 10.1 12.3  1.10  4.35  3.88 239 1009.1  15.0  14.3  12.7 99.0 99.00
2015 10 24 21 50 294 10.6 12.7  1.21  4.76  4.04 236 1010.4  14.2  14.3  11.7 99.0 99.00
2015 10 24 22 50 297 12.3 14.7 99.00 99.00 99.00 999 1011.7  13.5  14.3  10.6 99.0 99.00
2015 10 24 23 50 302 12.2 14.5  1.60  5.00  4.33 280 1013.5  13.0  14.3   9.2 99.0 99.00
2015 10 25 00 50 315 11.6 13.7  1.48  5.56  4.38 294 1014.9  12.7  14.3   8.9 99.0 99.00
2015 10 25 01 50 312 11.5 14.0  1.79  5.26  4.70 300 9999.0  12.7 999.0   8.2 99.0 99.00
2015 10 25 02 50 306 10.7 12.4 99.00 99.00 99.00 999 1017.1  12.6  14.2   8.6 99.0 99.00
2015 10 25 03 50 319 11.5 13.5 99.00 99.00 99.00 999 1018.4  12.5  14.2   6.5 99.0 99.00
2015 10 25 04 50 317 10.9 12.9 99.00 99.00 99.00 999 1019.1  12.3  14.2   5.9 99.0 99.00
2015 10 25 05 50 321 10.8 12.9 99.00 99.00 99.00 999 1019.6  12.0  14.2   5.7 99.0 99.00
2015 10 25 06 50 326  8.9 99.0 99.00 99.00 99.00 999 1020.9  12.1  14.1   5.4 99.0 99.00
2015 10 25 07 50 331  8.6 11.0  1.70  6.67  5.12 351 1021.6  11.7  14.1   5.2 99.0 99.00
2015 10 25 10 50 333  5.8  8.1  1.31  6.67  4.81   1 1023.9  11.7  14.0   6.0 99.0 99.00
2015 10 25 11 50 326  3.9  5.3  1.18  6.25  4.72 356 1024.8  11.8  14.0   5.1 99.0 99.00
2015 10 25 12 50 303  3.3  4.5  1.02  5.88  4.57 359 1025.5  11.7  14.0   6.1 99.0 99.00
2015 10 25 13 50 280  2.2  3.3 99.00 99.00 99.00 999 1026.7  11.7  14.0   6.6 99.0 99.00
2015 10 25 14 50 248  3.4  4.9 99.00 99.00 99.00 999 1027.5  11.7  14.0   7.2 99.0 99.00
2015 10 25 15 50 244  4.2  4.9 99.00 99.00 99.00 999 1027.8  11.5  14.1   8.0 99.0 99.00
2015 10 25 16 50 254  4.2  5.0 99.00 99.00 99.00 999 1028.3  11.3  14.2   7.9 99.0 99.00
2015 10 25 17 50 246  5.2  6.0  0.68  6.25  4.27   5 1028.2  11.5  14.2   7.8 99.0 99.00
2015 10 25 18 50 239  5.3  6.1 99.00 99.00 99.00 999 1027.8  12.2  14.3   6.4 99.0 99.00
2015 10 25 19 50 256  3.4  4.0  0.51  5.88  3.83 360 1027.5  12.8  14.3   5.3 99.0 99.00
2015 10 25 20 50 999 99.0  2.6 99.00 99.00 99.00 999 1027.5  13.3  14.3   4.5 99.0 99.00
2015 10 25 21 50 338  0.9  1.3  0.43  5.00  3.85 356 1027.8  13.2  14.3   5.6 99.0 99.00
2015 10 25 22 50  15  2.0  2.5 99.00 99.00 99.00 999 1028.4  12.7 999.0   5.9 99.0 99.00
2015 10 25 23 50  35  2.5  3.1  0.40  4.76  3.82 357 1028.6  12.5  14.2   6.5 99.0 99.00
2015 10 26 00 50  68  2.3  2.9 99.00 99.00 99.00 999 1029.1  12.2  14.2   8.1 99.0 99.00
2015 10 26 01 50  65  3.3  4.1 99.00 99.00 99.00 999 1028.6  11.7  14.2   8.7 99.0 99.00
2015 10 26 02 50  78  3.9  4.5  0.32  4.35  3.88 357 1028.9  11.5  14.1   8.6 99.0 99.00
2015 10 26 03 50  83  4.1  5.0  0.31  4.55  3.69   4 1028.9  11.8  14.0   7.4 99.0 99.00
2015 10 26 05 50 104  4.1  5.0 99.00 99.00 99.00 999 1029.4  11.9  14.0   7.4 99.0 99.00
2015 10 26 06 50 111  5.8  6.9  0.28  4.17  3.21 359 1029.1  11.4  14.0   7.3 99.0 99.00
2015 10 26 07 50 120  5.8  6.7 99.00 99.00 99.00 999 1029.0  11.4  14.0   6.8 99.0 99.00
2015 10 26 08 50 126  7.0  8.0 99.00 99.00 99.00 999 1028.9  11.3  14.0   6.5 99.0 99.00
2015 10 26 09 50 123  7.1  8.3 99.00 99.00 99.00 999 1029.3  11.0  14.0   6.6 99.0 99.00
2015 10 26 10 50 128  6.6  7.6 99.00 99.00 99.00 999 1029.6  11.1  14.0   6.8 99.0 99.00
2015 10 26 11 50 133  6.5  8.0 99.00 99.00 99.00 999 1029.9  11.1  14.0   6.7 99.0 99.00
2015 10 26 12 50 129  6.3  7.6 99.00 99.00 99.00 999 1030.1  11.4  14.0   6.5 99.0 99.00
2015 10 26 13 50 130  6.4  7.2 99.00 99.00 99.00 999 1030.4  11.8  14.0   6.0 99.0 99.00
2015 10 26 14 50 132  6.6  7.7 99.00 99.00 99.00 999 1030.6  12.1  14.0 999.0 99.0 99.00
2015 10 26 15 50 123  5.1  6.0  0.60  4.35  3.48 123 9999.0  11.5  14.1   5.9 99.0 99.00
2015 10 26 16 50 113  5.1  6.0  0.56  4.00  3.44 119 1030.2  11.6  14.1   4.8 99.0 99.00
2015 10 26 17 50 124  4.4  5.3  0.45  3.85  3.18 133 1029.5  11.7  14.1   4.9 99.0 99.00
2015 10 26 18 50 120  3.2  4.2  0.45  3.70  3.36 123 1029.1  11.6  14.2   4.9 99.0 99.00
2015 10 26 19 50 122  2.6  3.3  0.40  3.70  3.27 130 1028.7  11.8  14.2   4.8 99.0 99.00
2015 10 26 20 50  62  2.1  2.7  0.30  3.33  3.08 115 1028.4  12.0  14.2   5.1 99.0 99.00
2015 10 26 21 50  63  2.7  3.1  0.27  3.13  3.08 120 1028.1  12.1  14.2   5.3 99.0 99.00
2015 10 26 22 50  61  2.6  3.1  0.23 99.00  2.97 999 1027.9  12.6  14.1   4.9 99.0 99.00
2015 10 26 23 50  59  2.4  2.8  0.19 99.00  2.98 999 1027.9  13.0  14.1   4.6 99.0 99.00
2015 10 27 00 50  55  4.6  5.2  0.16 99.00  3.11 999 1027.7  13.0  14.1   6.3 99.0 99.00
2015 10 27 01 50  63  5.7  6.6  0.14 99.00  2.61 999 1027.3  13.0  14.1   8.1 99.0 99.00
2015 10 27 02 50 103  7.0  8.4 99.00 99.00 99.00 999 1027.3  13.6  14.1   7.3 99.0 99.00
2015 10 27 03 50 119  7.5  8.4 99.00 99.00 99.00 999 1027.5  13.6  14.0   7.1 99.0 99.00
2015 10 27 04 50 125  6.1 99.0 99.00 99.00 99.00 999 1027.6  13.3  14.0   7.6 99.0 99.00
2015 10 27 05 50 129  6.4  7.3 99.00 99.00 99.00 999 1027.3  13.0  14.0   7.0 99.0 99.00
2015 10 27 06 50 118  6.9  7.9  0.50  3.85  3.30  82 1027.1  12.7  14.0   6.9 99.0 99.00
2015 10 27 07 50 123  6.5  7.6  0.54  3.70  3.21  84 1026.8  12.2  14.0   6.5 99.0 99.00
2015 10 27 08 50 107  6.3  7.6  0.59  3.70  3.29  98 1026.4  11.8  14.0   6.7 99.0 99.00
2015 10 27 09 50  97  7.1  8.2 99.00 99.00 99.00 999 1026.0  11.7  14.0   7.3 99.0 99.00
2015 10 27 10 50  96  7.9  9.4 99.00 99.00 99.00 999 1025.7  11.4  14.0   7.6 99.0 99.00
2015 10 27 11 50 105  9.5 11.0 99.00 99.00 99.00 999 1025.5  11.5  14.0   8.2 99.0 99.00
2015 10 27 12 50 113  9.9 11.8 99.00 99.00 99.00 999 1025.4  11.7  13.9   7.9 99.0 99.00
2015 10 27 13 50 116 10.0 11.8 99.00 99.00 99.00 999 1025.6  11.9  13.9   7.5 99.0 99.00
2015 10 27 14 50 111  9.6 11.5 99.00 99.00 99.00 999 1025.4  11.7  13.9   6.9 99.0 99.00
2015 10 27 15 50 106  9.4 11.0  1.14  4.76  3.93  91 1024.8  12.0  13.9   6.4 99.0 99.00
2015 10 27 16 50 103  8.9 10.6  1.11  4.76  3.99  96 1024.0  12.5  13.9   6.8 99.0 99.00
2015 10 27 17 50  90  8.8 10.2  1.03  4.55  3.82  97 1022.3  13.0  13.9   6.8 99.0 99.00
2015 10 27 18 50  89  7.8  8.9  0.94  4.76  3.88  92 1020.7  13.6  13.9   7.8 99.0 99.00
2015 10 27 19 50  88  8.6 10.0 99.00 99.00 99.00 999 1019.1  14.2  13.9   7.7 99.0 99.00
2015 10 27 20 50  88  9.3 11.3  0.98  4.55  3.88  92 1017.7  14.4  13.9   7.8 99.0 99.00
2015 10 27 21 50 101 10.4 12.4 99.00 99.00 99.00 999 1017.2  14.9  13.9   6.4 99.0 99.00
2015 10 27 22 50  98 10.8 13.2 99.00 99.00 99.00 999 1016.3  14.8  13.9 999.0 99.0 99.00
2015 10 28 00 50 101 12.3 15.1  1.52  5.56  4.38  93 1014.1  14.1  13.9   6.4 99.0 99.00
2015 10 28 01 50 107 12.9 15.5  1.65  5.56  4.61  96 1013.0  13.8  13.9   6.6 99.0 99.00
2015 10 28 02 50 108 13.9 16.5  1.79  5.56  4.74  98 1012.3  11.9  13.9   8.1 99.0 99.00
2015 10 28 03 50 104 14.0 16.9  2.11  5.88  4.95 100 1010.7  11.7  13.9   8.8 99.0 99.00
2015 10 28 04 50 104 13.6 16.0 99.00 99.00 99.00 999 1009.1  11.3  13.8  10.2 99.0 99.00
2015 10 28 05 50 104 13.4 16.2 99.00 99.00 99.00 999 1007.1  11.2  13.8  10.3 99.0 99.00
2015 10 28 06 50 104 12.7 15.2 99.00 99.00 99.00 999 1005.3  11.4 999.0  10.5 99.0 99.00
2015 10 28 07 50 114 11.9 13.9 99.00 99.00 99.00 999 9999.0  11.5  13.8  11.5 99.0 99.00
2015 10 28 08 50 117 11.3 13.4 99.00 99.00 99.00 999 1001.7  11.7  13.8  11.2 99.0 99.00
2015 10 28 09 50 125 10.8 13.7  1.67  5.26  4.61 109 1000.2  12.0  13.7  11.8 99.0 99.00
2015 10 28 10 50 138 10.2 12.2  1.45  5.26  4.45 104  998.7  12.3  13.7  12.3 99.0 99.00
2015 10 28 11 50 143  9.7 11.6  1.34  5.00  4.34 106  996.9  12.6  13.7  12.2 99.0 99.00
2015 10 28 12 50 163 10.3 12.9  1.32  5.00  4.33 121  996.1  12.9  13.7  12.5 99.0 99.00
2015 10 28 13 50 178  9.7 11.4  1.33  5.26  4.33 135  995.3  13.0  13.7  12.8 99.0 99.00
2015 10 28 14 50 189 10.0 11.8  1.24  5.26  4.23 154  994.7  13.2  13.7  13.0 99.0 99.00
2015 10 28 15 50 200  9.3 11.3  1.20  5.00  4.26 155  994.1  13.4  13.7  13.1 99.0 99.00
2015 10 28 16 50 211  8.5 10.0  1.12  5.00  4.18 167  993.7  13.6  13.7  13.1 99.0 99.00
2015 10 28 17 50 233 10.1 11.6  1.11  4.76  4.15 175  993.4  12.8  13.7  12.3 99.0 99.00
2015 10 28 18 50 243 10.6 12.0 99.00 99.00 99.00 999  993.0  12.7  13.7  11.2 99.0 99.00
2015 10 28 19 50 236 11.4 14.0  1.13  5.00  4.02 195  993.2  12.6  13.7  10.6 99.0 99.00
2015 10 28 20 50 241 11.6 14.5  1.40  4.76  4.28 207  993.7  12.5  13.7  10.2 99.0 99.00
2015 10 28 21 50 235 12.5 15.0  1.62  5.00  4.64 221  994.4  12.4  13.7   9.4 99.0 99.00
2015 10 28 22 50 231 10.5 13.8  1.67  5.88  4.88 225  994.7  12.4  13.7   9.5 99.0 99.00
2015 10 28 23 50 220 11.1 13.6  1.79  5.56  4.78 221  994.6  12.3  13.7   9.8 99.0 99.00
2015 10 29 00 50 254 15.1 18.8  1.94  5.56  4.78 236  995.8   9.0  13.7   6.4 99.0 99.00
2015 10 29 01 50 250 15.8 18.7  2.20  6.25  5.03 216  996.1   8.3  13.6   2.4 99.0 99.00
2015 10 29 02 50 254 14.9 17.7  2.47  6.67  5.30 231  996.5   7.8  13.6   2.3 99.0 99.00
2015 10 29 03 50 242 14.4 17.8  2.42  6.67  5.17 243  996.4   7.4  13.5   2.3 99.0 99.00
2015 10 29 04 50 247 14.0 17.0  2.34  6.67  5.26 244  996.5   6.3  13.5   1.6 99.0 99.00
2015 10 29 05 50 244 15.6 18.4  2.35  6.67  5.21 241  996.5   6.2  13.4   0.7 99.0 99.00
2015 10 29 06 50 242 14.6 18.0  2.54  6.67  5.27 238  996.4   6.4  13.4   1.4 99.0 99.00
2015 10 29 07 50 244 15.2 18.4  2.40  6.67  5.29 226  996.3   5.9  13.3   1.3 99.0 99.00
2015 10 29 08 50 236 15.8 19.2 99.00 99.00 99.00 999  996.2   5.9  13.2   1.9 99.0 99.00
2015 10 29 09 50 999 99.0 18.3 99.00 99.00 99.00 999  996.1   5.9  13.2   2.0 99.0 99.00
2015 10 29 10 50 242 15.7 99.0  2.57  7.14  5.54 217  996.5   6.1  13.3   2.7 99.0 99.00
2015 10 29 11 50 239 15.0 99.0 99.00 99.00 99.00 999  996.8   6.1  13.3   2.5 99.0 99.00
2015 10 29 12 50 247 15.4 99.0 99.00 99.00 99.00 999  997.4   6.3  13.2   3.1 99.0 99.00
2015 10 29 13 50 254 14.8 18.6  2.75  6.67  5.66 224  998.9   6.5  13.2   3.1 99.0 99.00
2015 10 29 14 50 252 14.8 17.7  2.37  7.14  5.33 224 1000.0   6.4  13.1   3.4 99.0 99.00
2015 10 29 15 50 256 14.6 17.7 99.00 99.00 99.00 999 1001.2   6.6  13.1   3.3 99.0 99.00
2015 10 29 16 50 254 13.2 16.4 99.00 99.00 99.00 999 1002.4   7.0  13.1   3.7 99.0 99.00
2015 10 29 17 50 254 12.3 14.5 99.00 99.00 99.00 999 1003.3   7.8  13.0   4.4 99.0 99.00
2015 10 29 18 50 266 12.2 15.1 99.00 99.00 99.00 999 1004.1   8.1  13.0   4.3 99.0 99.00
2015 10 29 19 50 271 11.9 14.0  1.92  5.88  4.84 235 1005.2   8.4  13.0   4.6 99.0 99.00
2015 10 29 20 50 272 10.9 13.1  1.81  5.56  4.80 251 1006.3   8.6  13.0   4.2 99.0 99.00
2015 10 29 21 50 289 11.6 13.6  1.88  5.88  4.77 256 1007.3   8.9  13.0   4.6 99.0 99.00
2015 10 29 22 50 268  9.9 11.8 99.00 99.00 99.00 999 1008.6   8.8  12.9   3.9 99.0 99.00
2015 10 30 00 50 295  9.9 11.4 99.00 99.00 99.00 999 1010.7   9.1  12.9   4.5 99.0 99.00
2015 10 30 01 50 305  8.9 10.7 99.00 99.00 99.00 999 1011.4   9.3 999.0   5.0 99.0 99.00
2015 10 30 02 50 318  8.4 10.1 99.00 99.00 99.00 999 1012.2   9.5  12.9   5.3 99.0 99.00
2015 10 30 03 50 326  8.4 11.1 99.00 99.00 99.00 999 1013.1   9.6  12.9   5.3 99.0 99.00
2015 10 30 04 50 326  6.7  8.3 99.00 99.00 99.00 999 1013.9   9.7 999.0   5.3 99.0 99.00
2015 10 30 05 50 324  6.0  7.3 99.00 99.00 99.00 999 1014.7   9.6  12.8   4.8 99.0 99.00
2015 10 30 06 50 324  5.1  6.3 99.00 99.00 99.00 999 1015.4   9.7  12.8   4.3 99.0 99.00
2015 10 30 07 50 293  3.0 99.0 99.00 99.00 99.00 999 1016.0   9.7  12.8   3.7 99.0 99.00
2015 10 30 08 50 285  4.9  5.9 99.00 99.00 99.00 999 1016.4   9.5  12.8   5.5 99.0 99.00
2015 10 30 09 50 282  5.0  6.1 99.00 99.00 99.00 999 1017.4   9.9  12.8   4.5 99.0 99.00
2015 10 30 10 50 268  4.4  5.5  0.69  4.76  3.99 357 1018.2   9.7  12.7   5.3 99.0 99.00
2015 10 30 11 50 266  4.5  5.6  0.62  5.56  3.89 358 1018.6   9.6  12.7   6.4 99.0 99.00
2015 10 30 12 50 283  3.7  5.3 99.00 99.00 99.00 999 1018.9   9.3  12.7   6.9 99.0 99.00
2015 10 30 13 50 248  4.4  5.3 99.00 99.00 99.00 999 1019.8   9.4  12.7   7.1 99.0 99.00
2015 10 30 14 50 254  3.7  5.0  0.58  5.88  4.00   2 1020.2   9.0  12.7   7.0 99.0 99.00
2015 10 30 15 50 250  2.6  3.6 99.00 99.00 99.00 999 1020.4   8.7  12.7   6.6 99.0 99.00
2015 10 30 16 50 253  3.5  4.2 99.00 99.00 99.00 999 1020.6   8.9  12.8   6.9 99.0 99.00
2015 10 30 17 50 243  3.9  4.9  0.47  5.56  4.01   7 1020.4   9.4  12.8   6.9 99.0 99.00
2015 10 30 18 50 235  3.6  4.3  0.49  5.26  4.16   4 1019.9   9.8  12.9   7.1 99.0 99.00
2015 10 30 19 50 211  3.6  4.2 99.00 99.00 99.00 999 1019.5  10.4 999.0   6.8 99.0 99.00
2015 10 30 20 50 187  4.6  5.4 99.00 99.00 99.00 999 1019.4  10.9  12.9   6.8 99.0 99.00
2015 10 30 21 50 175  5.8  6.9  0.36  5.26  3.85   6 1018.7  11.0  12.9   5.5 99.0 99.00
2015 10 30 22 50 167  5.0  6.3 99.00 99.00 99.00 999 1017.6  11.2  12.8   6.1 99.0 99.00
2015 10 30 23 50 174  6.2  7.4 99.00 99.00 99.00 999 1017.7  11.8 999.0   6.2 99.0 99.00
2015 10 31 00 50 180  7.2  8.7 99.00 99.00 99.00 999 1017.5  12.0  12.8   5.9 99.0 99.00
2015 10 31 01 50 178  7.5  9.1 99.00 99.00 99.00 999 1017.3  11.7  12.7   6.6 99.0 99.00
2015 10 31 02 50 178  8.8 10.1 99.00 99.00 99.00 999 1018.0  11.7  12.7   7.7 99.0 99.00
2015 10 31 03 50 196 10.1 11.6 99.00 99.00 99.00 999 1017.7  11.9  12.7   7.1 99.0 99.00
2015 10 31 04 50 198 10.5 12.2  0.99  4.35  3.78 207 1017.2  11.7  12.7   7.1 99.0 99.00
2015 10 31 05 50 205  9.8 11.9  1.19  4.55  4.09 198 1016.8  11.5  12.7   6.5 99.0 99.00
2015 10 31 06 50 190  9.1 11.0  1.26  5.26  4.35 197 1016.6  11.4  12.7   6.5 99.0 99.00
2015 10 31 07 50 186  9.5 11.3 99.00 99.00 99.00 999 1016.2  11.3  12.7   6.5 99.0 99.00
2015 10 31 08 50 177  9.5 99.0  1.21  5.00  4.21 184 1015.7  10.8  12.7   6.5 99.0 99.00
2015 10 31 10 50 170  6.0  7.7 99.00 99.00 99.00 999 1015.2  10.0  12.7   7.4 99.0 99.00
2015 10 31 11 50 167  9.2 10.8 99.00 99.00 99.00 999 1014.5  10.1  12.7   6.7 99.0 99.00
2015 10 31 12 50 168  9.7 11.6 99.00 99.00 99.00 999 1014.2  10.1  12.7   6.7 99.0 99.00
2015 10 31 13 50 169  9.8 11.6  1.15  5.00  4.16 186 1013.6   9.8  12.7   6.5 99.0 99.00
2015 10 31 14 50 170  9.9 11.9  1.25  5.26  4.24 181 1013.3   9.4  12.7   7.2 99.0 99.00
2015 10 31 15 50 159 10.5 12.6  1.31  5.56  4.40 188 1012.0   8.9  12.7   6.9 99.0 99.00
2015 10 31 16 50 166 11.3 13.1  1.35  5.26  4.36 178 1011.0   9.2  12.6   7.5 99.0 99.00
2015 10 31 17 50 168 12.2 14.5 99.00 99.00 99.00 999 1009.1   9.4  12.6   8.3 99.0 99.00
2015 10 31 19 50 154 13.1 16.2 99.00 99.00 99.00 999 1005.3   9.3  12.6   8.5 99.0 99.00
2015 10 31 20 50 168 13.2 99.0 99.00 99.00 99.00 999 1004.3  10.0 999.0   8.8 99.0 99.00
2015 10 31 21 50 999 99.0 99.0 99.00 99.00 99.00 999 9999.0  10.5  12.7   9.4 99.0 99.00
2015 10 31 22 50 198 13.1 15.6 99.00 99.00 99.00 999 1003.6  11.2  12.7   9.9 99.0 99.00
2015 10 31 23 50 208 11.9 14.1 99.00 99.00 99.00 999 1004.0  11.5  12.7  10.2 99.0 99.00
2015 11 01 00 50 222 10.8 99.0 99.00 99.00 99.00 999 9999.0  11.5 999.0  10.8 99.0 99.00
2015 11 01 01 50 228 10.4 99.0 99.00 99.00 99.00 999 1003.9  11.7  12.7  11.0 99.0 99.00
2015 11 01 02 50 239 10.2 12.3 99.00 99.00 99.00 999 1004.0  11.8 999.0  10.2 99.0 99.00
2015 11 01 04 50 253 11.8 99.0 99.00 99.00 99.00 999 1004.8  11.7  12.7   8.7 99.0 99.00
2015 11 01 05 50 240 10.1 12.5 99.00 99.00 99.00 999 1004.8  11.5  12.6   8.3 99.0 99.00
2015 11 01 06 50 240 12.1 14.4 99.00 99.00 99.00 999 1005.0  11.1  12.6   8.3 99.0 99.00
2015 11 01 07 50 233 12.4 14.6 99.00 99.00 99.00 999 1005.2  10.7  12.5   8.5 99.0 99.00
2015 11 01 08 50 999 99.0 13.9 99.00 99.00 99.00 999 1005.2  10.8  12.4   8.7 99.0 99.00
2015 11 01 09 50 235 12.0 15.2 99.00 99.00 99.00 999 9999.0  10.9  12.3   8.6 99.0 99.00
2015 11 01 10 50 232 11.3 13.1 99.00 99.00 99.00 999 1006.6  10.9 999.0   8.9 99.0 99.00
2015 11 01 11 50 237 11.3 13.4 99.00 99.00 99.00 999 1006.8  10.9  12.2   8.4 99.0 99.00
2015 11 01 12 50 243 11.8 14.5 99.00 99.00 99.00 999 1007.8  11.4  12.2 999.0 99.0 99.00
2015 11 01 13 50 255 12.5 14.8  1.54  5.26  4.49 226 1008.8  11.3  12.2   5.9 99.0 99.00
2015 11 01 14 50 263 10.1 12.0  1.46  5.26  4.41 217 1010.3  10.6  12.2   6.0 99.0 99.00
2015 11 01 15 50 262  9.4 11.2  1.32  5.26  4.16 208 1011.3  10.9  12.2   5.5 99.0 99.00
2015 11 01 16 50 264  7.8  9.2  1.04  5.00  3.95 214 1012.3  11.2  12.3   5.5 99.0 99.00
2015 11 01 17 50 281  6.5  7.6  0.93  3.85  3.77 255 1012.1  11.1  12.4   5.6 99.0 99.00
2015 11 01 18 50 254  4.9  5.9  0.83  4.35  3.88 236 1012.7  11.4  12.4   5.9 99.0 99.00
2015 11 01 19 50 246  3.4  4.0  0.69  4.00  3.71 273 1012.8  11.9  12.5   5.8 99.0 99.00
2015 11 01 20 50 210  2.1  3.1  0.61  4.17  3.65 261 1012.6  12.4  12.5   6.5 99.0 99.00
2015 11 01 21 50 165  2.2  2.5  0.49  3.85  3.61 239 1013.0  12.0  12.5   7.1 99.0 99.00
2015 11 01 22 50 146  2.3  2.7  0.40  4.17  3.53 285 1013.6  12.0  12.4   8.0 99.0 99.00
2015 11 01 23 50 165  3.2  3.7  0.37  3.85  3.52 224 1013.8  12.3  12.4   9.4 99.0 99.00
2015 11 02 00 50 162  3.7  4.3  0.28  3.45  3.41 238 1014.2  12.4  12.3  10.0 99.0 99.00
2015 11 02 01 50 167  3.0  3.6 99.00 99.00 99.00 999 1014.7  12.7  12.2  10.9 99.0 99.00
2015 11 02 02 50 176  2.8  3.1 99.00 99.00 99.00 999 1014.7  12.9  12.1  10.5 99.0 99.00
2015 11 02 03 50 192  4.3  4.9 99.00 99.00 99.00 999 1014.7  13.4  12.1  10.0 99.0 99.00
2015 11 02 04 50 193  4.0  4.7 99.00 99.00 99.00 999 1014.6  13.5  12.1 999.0 99.0 99.00
2015 11 02 05 50 195  5.2  5.7 99.00 99.00 99.00 999 1014.0  13.9  12.1  11.0 99.0 99.00
2015 11 02 06 50 182  5.7  6.5  0.22 99.00  2.63 999 1014.1  13.3  12.1  11.3 99.0 99.00
2015 11 02 07 50 182  6.9  8.1  0.32  2.60  2.65 196 1013.9  13.2  12.2  11.2 99.0 99.00
2015 11 02 08 50 185  7.2  8.4  0.44  3.13  2.87 198 1013.8  13.1  12.3  11.0 99.0 99.00
2015 11 02 09 50 179  7.0  8.1  0.46  3.13  3.01 194 1013.9  13.1  12.3  10.8 99.0 99.00
2015 11 02 10 50 182  7.9  9.4 99.00 99.00 99.00 999 1014.2  13.0  12.4  10.9 99.0 99.00
2015 11 02 11 50 186  8.4  9.7 99.00 99.00 99.00 999 1013.7  12.9  12.4  10.5 99.0 99.00
2015 11 02 12 50 189  8.7 10.3 99.00 99.00 99.00 999 9999.0  13.0  12.4  10.2 99.0 99.00
2015 11 02 13 50 194  8.4  9.8  0.83  4.00  3.63 184 1014.0  12.9  12.4  10.5 99.0 99.00
2015 11 02 14 50 193  9.5 11.1  0.99  4.55  3.86 190 1013.9  13.0  12.4  10.3 99.0 99.00
2015 11 02 15 50 194  8.2  9.4  0.89  4.55  3.84 186 1014.2  12.8  12.4  10.4 99.0 99.00
2015 11 02 16 50 193  9.3 10.7  0.91  4.55  3.85 187 1013.8  13.2  12.5  10.2 99.0 99.00
2015 11 02 17 50 185  8.0  9.3 99.00 99.00 99.00 999 1013.4  13.8  12.4  10.2 99.0 99.00
2015 11 02 18 50 187  7.2  8.3 99.00 99.00 99.00 999 1013.3  14.4  12.5   9.9 99.0 99.00
2015 11 02 19 50 184  7.6  8.7 99.00 99.00 99.00 999 1012.9  15.1  12.5   9.3 99.0 99.00
2015 11 02 20 50 187  7.0  7.7  0.75  4.55  3.68 189 1013.1  15.0  12.5   9.8 99.0 99.00
2015 11 02 21 50 184  7.7  8.7  0.68  4.17  3.40 199 1013.1  14.7  12.5  10.4 99.0 99.00
2015 11 02 22 50 185  7.7  8.7  0.63  4.00  3.42 184 1013.3  14.9  12.5  10.7 99.0 99.00
2015 11 02 23 50 187  7.9  9.3  0.65  4.00  3.33 187 1013.8  15.1  12.5  10.7 99.0 99.00
2015 11 03 00 50 192  8.6  9.8  0.68  3.85  3.41 188 1014.3  15.5  12.5  10.4 99.0 99.00
2015 11 03 02 50 196  7.3  8.2  0.71  4.00  3.49 199 1015.0  14.9  12.5  10.8 99.0 99.00
2015 11 03 03 50 193  7.5  8.5  0.65  4.17  3.50 198 1015.2  14.4  12.5  11.2 99.0 99.00
2015 11 03 04 50 195  7.4  8.3 99.00 99.00 99.00 999 1015.2  14.2  12.5  11.3 99.0 99.00
2015 11 03 05 50 196  6.3  7.1  0.52  3.70  3.25 197 1015.9  13.8  12.5  11.5 99.0 99.00
2015 11 03 06 50 206  5.0  6.0 99.00 99.00 99.00 999 1016.4  13.8 999.0  11.7 99.0 99.00
2015 11 03 07 50 192  4.1  4.7 99.00 99.00 99.00 999 1016.8  13.4  12.5  11.6 99.0 99.00
2015 11 03 08 50 208  3.9  4.4 99.00 99.00 99.00 999 1017.3 999.0  12.5 999.0 99.0 99.00
2015 11 03 09 50 186  4.2  4.8  0.35  3.45  3.20 191 1017.6  13.0  12.5  11.7 99.0 99.00
2015 11 03 10 50 188  3.8  4.2  0.34  3.57  3.15 192 1018.3  13.1  12.5  11.5 99.0 99.00
2015 11 03 11 50 189  4.3  4.9  0.31  3.45  3.14 189 1018.8  13.1  12.5  11.4 99.0 99.00
2015 11 03 12 50 180  4.7  5.4  0.28  3.23  3.01 184 1019.3  13.1  12.5  11.5 99.0 99.00
2015 11 03 13 50 175  5.3  6.0  0.27  3.33  2.94 185 1019.7  13.1  12.5  11.6 99.0 99.00
2015 11 03 14 50 182  5.9  6.5  0.31  3.23  2.82 188 1020.0  13.1  12.5  11.5 99.0 99.00
2015 11 03 15 50 185  5.0  6.3  0.32  2.86  2.76 187 1020.4  13.1  12.5  11.4 99.0 99.00
2015 11 03 16 50 172  3.6  4.2  0.31  2.74  2.80 182 1020.4  13.1  12.6  11.5 99.0 99.00
2015 11 03 17 50 166  5.2  5.8  0.26  2.86  2.80 190 1019.7  13.1  12.6  11.4 99.0 99.00
2015 11 03 18 50 159  4.0  4.7  0.23 99.00  2.65 999 1019.3  13.3  12.7  11.6 99.0 99.00
2015 11 03 19 50 159  4.9  5.6  0.18 99.00  2.59 999 1018.9  13.3  12.8  11.4 99.0 99.00
2015 11 03 20 50 159  4.6  5.3  0.19 99.00  2.57 999 1018.8  13.8  12.8  11.4 99.0 99.00
2015 11 03 21 50 133  3.4  3.9  0.18 99.00  2.62 999 1018.8  13.7  12.8  11.9 99.0 99.00
2015 11 03 22 50 143  4.0  4.4  0.15 99.00  2.66 999 1018.8  14.3  12.8  11.5 99.0 99.00
2015 11 03 23 50 156  4.0  4.4 99.00 99.00 99.00 999 9999.0  14.6  12.8 999.0 99.0 99.00
2015 11 04 00 50 148  3.5  4.0 99.00 99.00 99.00 999 1019.6  13.9 999.0  11.2 99.0 99.00
2015 11 04 01 50 157  3.6  4.1  0.10 99.00  2.77 999 1019.6  14.1  12.7  11.1 99.0 99.00
2015 11 04 02 50 168  5.2  6.0 99.00 99.00 99.00 999 1019.6  14.5  12.7  10.9 99.0 99.00
2015 11 04 03 50 162  5.0  5.6 99.00 99.00 99.00 999 1019.2  14.4  12.7  10.9 99.0 99.00
2015 11 04 04 50 165  5.0  5.6 99.00 99.00 99.00 999 1019.1  14.4  12.7  10.9 99.0 99.00
2015 11 04 05 50 161  5.2 99.0 99.00 99.00 99.00 999 1019.1  14.2  12.7  10.8 99.0 99.00
2015 11 04 06 50 167  5.3  6.3 99.00 99.00 99.00 999 1019.1  13.9  12.6  11.0 99.0 99.00
2015 11 04 07 50 172  5.8  6.5  0.27  2.74  2.70 167 1019.2  13.9  12.6  10.8 99.0 99.00
2015 11 04 08 50 174  5.3  5.8 99.00 99.00 99.00 999 1019.4  13.7  12.6  10.7 99.0 99.00
2015 11 04 09 50 181  4.9  5.6  0.29  3.03  2.79 161 1019.6  13.4  12.6  11.1 99.0 99.00
2015 11 04 10 50 177  4.5  5.1 99.00 99.00 99.00 999 1019.9  13.1  12.6  11.3 99.0 99.00
2015 11 04 11 50 184  4.6  5.3 99.00 99.00 99.00 999 1019.8  13.1  12.6  11.3 99.0 99.00
2015 11 04 13 50 194  4.9  5.7 99.00 99.00 99.00 999 1020.5  13.2  12.6  11.2 99.0 99.00
2015 11 04 14 50 189  5.9  6.6 99.00 99.00 99.00 999 1020.5  13.0  12.6  11.3 99.0 99.00
2015 11 04 15 50 208  6.5  7.5 99.00 99.00 99.00 999 1020.7  12.4  12.7  12.1 99.0 99.00
2015 11 04 16 50 194  5.5  6.4 99.00 99.00 99.00 999 1020.3  12.3  12.7  12.3 99.0 99.00
2015 11 04 17 50 187  6.0  7.0 99.00 99.00 99.00 999 1019.6  12.5  12.7  12.5 99.0 99.00
2015 11 04 18 50 179  5.8  6.8  0.41  3.23  2.94 207 1019.2  12.5  12.7  12.5 99.0 99.00
2015 11 04 19 50 169  3.5  4.3 99.00 99.00 99.00 999 1018.6  12.1  12.7  12.1 99.0 99.00
2015 11 04 20 50 164  4.4  5.1 99.00 99.00 99.00 999 1018.0  13.8  12.8  12.1 99.0 99.00
2015 11 04 21 50 165  5.6  6.2 99.00 99.00 99.00 999 1017.6  14.6  12.8  12.6 99.0 99.00
2015 11 04 22 50 171  5.5  6.0  0.28  3.23  2.81 201 1017.3  15.3  12.7  13.4 99.0 99.00
2015 11 04 23 50 172  5.0  5.9  0.20 99.00  2.71 999 1017.7  14.7  12.7  13.3 99.0 99.00
2015 11 05 00 50 171  5.0  6.3  0.16 99.00  2.68 999 1017.8  14.5  12.7  13.3 99.0 99.00
2015 11 05 01 50 169  4.1  4.7 99.00 99.00 99.00 999 1017.6  14.6  12.7  13.4 99.0 99.00
2015 11 05 02 50 170  4.0  4.5 99.00 99.00 99.00 999 1017.7  14.3  12.7  13.3 99.0 99.00
2015 11 05 03 50 175  5.3  6.1 99.00 99.00 99.00 999 1017.7  14.2  12.7  13.3 99.0 99.00
2015 11 05 04 50 175  5.3  5.8 99.00 99.00 99.00 999 1017.6  14.4  12.7  13.6 99.0 99.00
2015 11 05 05 50 173  5.4  6.0  0.18 99.00  2.55 999 1017.5  14.4  12.6  13.8 99.0 99.00
2015 11 05 06 50 174  5.0  5.9  0.23 99.00  2.60 999 1017.5  14.0  12.6  13.6 99.0 99.00
2015 11 05 07 50 173  4.7  5.3  0.25  2.86  2.68 197 1017.5  13.8  12.6  13.5 99.0 99.00
2015 11 05 08 50 183  5.7  6.7  0.24 99.00  2.80 999 1017.3  14.0  12.6  13.7 99.0 99.00
2015 11 05 09 50 180  5.2  5.9  0.24 99.00  2.74 999 1017.2  14.0  12.7  13.8 99.0 99.00
2015 11 05 10 50 179  5.3  6.0 99.00 99.00 99.00 999 1017.0  13.8  12.6  13.7 99.0 99.00
2015 11 05 11 50 183  5.3  6.0  0.20 99.00  2.70 999 1017.0  13.7  12.6  13.7 99.0 99.00
2015 11 05 12 50 184  5.9  6.7  0.24 99.00  2.81 999 1017.1  13.8  12.6  13.7 99.0 99.00
2015 11 05 13 50 185  5.8  6.4  0.33  3.03  2.81 188 1017.2  13.7  12.6  13.6 99.0 99.00
2015 11 05 14 50 189  6.4  7.2  0.39  3.13  2.94 185 1016.9  13.9  12.6  13.6 99.0 99.00
2015 11 05 15 50 181  6.9  8.2  0.43  3.23  3.04 185 1016.1  14.0  12.6  13.4 99.0 99.00
2015 11 05 16 50 173  8.0  9.1  0.50  3.70  3.13 177 1014.9  14.3  12.7  13.2 99.0 99.00
2015 11 05 17 50 171  8.2  9.4  0.58  3.70  3.26 180 1013.6  14.5  12.7  13.1 99.0 99.00
2015 11 05 18 50 168  9.3 10.6  0.66  3.85  3.37 180 1012.6  14.6  12.7  13.1 99.0 99.00
2015 11 05 19 50 169  8.5  9.6  0.72  3.57  3.45 177 1011.2  14.9  12.7  12.9 99.0 99.00
2015 11 05 20 50 178  9.0 10.2  0.80  3.85  3.47 180 1010.9  14.9  12.7  12.8 99.0 99.00
2015 11 05 21 50 184  7.7  9.1  0.76  4.00  3.51 182 1011.1  14.6  12.7  12.6 99.0 99.00
2015 11 05 22 50 189  7.5  8.5 99.00 99.00 99.00 999 1010.7  15.2  12.6  12.8 99.0 99.00
2015 11 05 23 50 175  7.7  8.6  0.78  4.00  3.56 192 1010.2  14.8  12.6  13.0 99.0 99.00
2015 11 06 00 50 184 10.1 11.9  0.71  4.00  3.41 191 1009.4  15.4  12.6  13.7 99.0 99.00
2015 11 06 02 50 184  9.5 11.3 99.00 99.00 99.00 999 1007.8  14.6  12.6  13.7 99.0 99.00
2015 11 06 03 50 181 10.0 11.7 99.00 99.00 99.00 999 1006.4  14.6 999.0  14.0 99.0 99.00
2015 11 06 04 50 183  9.9 11.8  1.23  5.26  4.22 191 1005.4  14.5  12.6  14.1 99.0 99.00
2015 11 06 05 50 181  9.3 10.9  1.35  5.26  4.34 195 1004.0  14.6  12.6  14.0 99.0 99.00
2015 11 06 06 50 191  9.3 10.7  1.22  5.00  4.26 191 1003.1  14.5  12.6  14.1 99.0 99.00
2015 11 06 07 50 193  7.7  9.1  1.09  5.56  4.24 191 1002.4  14.2  12.6  14.1 99.0 99.00
2015 11 06 08 50 239  5.4  6.3  0.98  5.26  4.17 197 1003.7  12.9  12.6  12.8 99.0 99.00
2015 11 06 09 50 223  6.6  8.5  0.91  5.26  4.26 187 1004.4  12.9  12.5  12.9 99.0 99.00
2015 11 06 10 50 265 13.3 17.6  0.93  5.00  3.88 187 1005.3  12.9  12.5   9.6 99.0 99.00
2015 11 06 11 50 274 12.5 15.4  1.17  4.17  4.01 237 1007.0  11.4  12.5   8.0 99.0 99.00
2015 11 06 12 50 255 12.8 16.1  1.47  4.76  4.27 265 1008.8  10.4  12.4   7.5 99.0 99.00
2015 11 06 13 50 267 11.6 15.2 99.00 99.00 99.00 999 1010.7   9.8  12.4   6.4 99.0 99.00
2015 11 06 14 50 266  9.8 12.0 99.00 99.00 99.00 999 1011.9   9.6 999.0 999.0 99.0 99.00
2015 11 06 15 50 272  9.5 11.8 99.00 99.00 99.00 999 1013.4   8.9 999.0   5.2 99.0 99.00
2015 11 06 16 50 282  9.1 99.0 99.00 99.00 99.00 999 9999.0   9.2 999.0   5.1 99.0 99.00
2015 11 06 17 50 268  8.4 10.0  1.55  5.00  4.52 264 1014.9   9.6  12.3   5.2 99.0 99.00
2015 11 06 18 50 266  8.8 10.3  1.32  5.00  4.29 269 1015.3  10.0  12.3   5.1 99.0 99.00
2015 11 06 19 50 266  9.1 10.5 99.00 99.00 99.00 999 1015.4  10.3  12.3   5.8 99.0 99.00
2015 11 06 20 50 286  7.2  8.4 99.00 99.00 99.00 999 1016.3  10.2  12.3   5.6 99.0 99.00
2015 11 06 21 50 266  8.1 10.1 99.00 99.00 99.00 999 1016.8  10.3  12.2   4.5 99.0 99.00
2015 11 06 22 50 271  9.1 11.1 99.00 99.00 99.00 999 1017.3  10.2  12.2   5.2 99.0 99.00
2015 11 06 23 50 270  8.4 99.0 99.00 99.00 99.00 999 9999.0  10.2 999.0   4.3 99.0 99.00
2015 11 07 01 50 262  9.4 11.2 99.00 99.00 99.00 999 1019.0   9.4  12.2   4.7 99.0 99.00
2015 11 07 02 50 275  7.8  9.1 99.00 99.00 99.00 999 1019.6   9.3  12.2   3.8 99.0 99.00
2015 11 07 03 50 263  8.3  9.8 99.00 99.00 99.00 999 1020.4   9.4 999.0   3.9 99.0 99.00
2015 11 07 04 50 999 99.0  9.8 99.00 99.00 99.00 999 1020.4   9.0  12.2   4.0 99.0 99.00
2015 11 07 05 50 287  8.7 99.0 99.00 99.00 99.00 999 1020.4   8.9  12.1   3.7 99.0 99.00
2015 11 07 06 50 283  8.0 99.0 99.00 99.00 99.00 999 1020.7   8.8  12.1   4.0 99.0 99.00
2015 11 07 07 50 284  8.8 10.8 99.00 99.00 99.00 999 1021.2   8.7  12.1 999.0 99.0 99.00
2015 11 07 08 50 275  9.0 10.4 99.00 99.00 99.00 999 1021.5   8.8  12.1   3.2 99.0 99.00
2015 11 07 09 50 289  8.7 11.1 99.00 99.00 99.00 999 1021.6   8.6  12.1   3.2 99.0 99.00
2015 11 07 10 50 291  8.6 10.3 99.00 99.00 99.00 999 9999.0   8.2  12.1   3.2 99.0 99.00
2015 11 07 12 50 276  7.5  8.6 99.00 99.00 99.00 999 1023.4   7.9  12.0   3.4 99.0 99.00
2015 11 07 13 50 279  7.8  9.2 99.00 99.00 99.00 999 1024.0   8.0  12.0   3.4 99.0 99.00
2015 11 07 14 50 275  8.2  9.7  0.95  4.55  3.88 314 1024.4   8.0  12.0   3.5 99.0 99.00
2015 11 07 15 50 263  7.8  9.6  0.89  4.17  3.71 288 1024.4   7.9  12.1   3.8 99.0 99.00
2015 11 07 16 50 264  7.1  9.6  0.92  4.55  3.87 304 1024.9   8.2  12.1   3.3 99.0 99.00
2015 11 07 17 50 271  8.1  9.3  0.85  4.17  3.71 264 1024.7   8.3  12.1   2.5 99.0 99.00
2015 11 07 18 50 280  9.1 11.1  0.90  4.00  3.71 264 1024.3   8.8  12.1   2.3 99.0 99.00
2015 11 07 19 50 284  8.9 11.1  1.01  4.55  3.77 305 1024.2   9.1  12.1   2.1 99.0 99.00
2015 11 07 20 50 283  7.9  9.5  1.19  4.35  4.00 288 1024.7   9.4  12.1   1.5 99.0 99.00
2015 11 07 21 50 287  7.5  8.7 99.00 99.00 99.00 999 1025.2   9.5  12.1   1.2 99.0 99.00
2015 11 07 22 50 299  7.8  9.0  0.95  4.76  3.99 299 1025.7   9.6  12.1   0.7 99.0 99.00
2015 11 07 23 50 305  7.6  9.6 99.00 99.00 99.00 999 1026.4   9.4  12.1   0.8 99.0 99.00
2015 11 08 00 50 299  7.7 10.2  0.96  4.76  3.85 316 1027.1   9.2  12.0   0.1 99.0 99.00
2015 11 08 01 50 305  7.9  9.7  1.10  4.76  3.94 317 1027.6   8.8  12.0  -0.4 99.0 99.00
2015 11 08 02 50 310  7.2  9.0  1.01  4.55  4.02 318 1028.3   8.5  12.0  -0.4 99.0 99.00
2015 11 08 03 50 309  6.4  7.7 99.00 99.00 99.00 999 1029.1   8.3  12.0  -0.8 99.0 99.00
2015 11 08 04 50 303  5.2  6.9  0.95  4.76  4.07 319 1029.4   8.0  12.0  -1.5 99.0 99.00
2015 11 08 05 50 297  5.4  7.6  0.85  5.00  4.00 341 1029.5   8.0  12.0  -1.6 99.0 99.00
2015 11 08 06 50 301  5.0  6.1  0.75  5.00  3.92 341 1029.6   8.1  12.0  -1.6 99.0 99.00
2015 11 08 07 50 313  5.1  6.6  0.69  4.76  3.84 343 1029.5   8.0  12.0  -1.2 99.0 99.00
2015 11 08 08 50 301  4.1  5.2  0.63  4.35  3.69 336 1029.5   8.0  12.0  -1.5 99.0 99.00
2015 11 08 09 50 307  3.2  5.0 99.00 99.00 99.00 999 9999.0   8.0  12.0  -1.4 99.0 99.00
2015 11 08 10 50 283  2.1  3.2 99.00 99.00 99.00 999 1030.0   8.1  12.0  -1.7 99.0 99.00
2015 11 08 11 50 231  1.8 99.0 99.00 99.00 99.00 999 1030.3   8.1  11.9  -0.8 99.0 99.00
2015 11 08 12 50 241  2.6  3.8 99.00 99.00 99.00 999 1030.6   8.2  11.9  -0.7 99.0 99.00
2015 11 08 13 50 219  3.2  4.6 99.00 99.00 99.00 999 1031.0   8.6  11.9  -0.3 99.0 99.00
2015 11 08 14 50 210  4.4  5.7  0.32  5.88  3.76   2 1031.0   8.7  12.0   0.0 99.0 99.00
2015 11 08 15 50 207  5.4  6.7  0.33  5.00  3.46  17 1030.8   8.8  12.0   0.2 99.0 99.00
2015 11 08 16 50 209  6.2  7.0  0.35  2.47  2.97 248 1030.7   8.9  12.0   0.3 99.0 99.00
2015 11 08 17 50 206  6.7  8.3  0.41  2.94  3.00 249 1029.8   9.0  12.0   0.6 99.0 99.00
2015 11 08 18 50 212  5.8  7.5  0.51  3.33  3.13 250 1029.2   9.1  12.0   0.4 99.0 99.00
2015 11 08 19 50 210  5.8  7.2 99.00 99.00 99.00 999 1028.5   9.3  12.0   0.9 99.0 99.00
2015 11 08 20 50 207  4.7  5.9 99.00 99.00 99.00 999 1027.9   9.4  12.1  -0.2 99.0 99.00
2015 11 08 21 50 191  5.1  6.4 99.00 99.00 99.00 999 1027.4   9.4  12.0  -0.3 99.0 99.00
2015 11 08 22 50 187  4.7 99.0 99.00 99.00 99.00 999 1027.1   9.5  12.0   0.4 99.0 99.00
2015 11 08 23 50 181  5.5  6.5 99.00 99.00 99.00 999 1026.9   9.7  12.0   0.7 99.0 99.00
2015 11 09 00 50 184  5.8  6.9  0.37  3.33  3.06 192 1026.7  10.0  12.0   1.8 99.0 99.00
2015 11 09 01 50 188  6.0  7.5  0.34  3.23  2.98 192 1026.7  10.3  12.0   1.7 99.0 99.00
2015 11 09 02 50 193  5.8  6.9  0.34  3.23  2.88 192 1026.4  10.7  12.0   1.6 99.0 99.00
2015 11 09 03 50 212  6.2  7.3 99.00 99.00 99.00 999 1026.5  10.8  12.0   0.5 99.0 99.00
2015 11 09 04 50 203  7.3  8.5 99.00 99.00 99.00 999 1026.4  10.7  12.0   2.0 99.0 99.00
2015 11 09 05 50 204  6.7  8.7  0.54  3.45  3.15 190 1026.3  10.6  11.9   2.4 99.0 99.00
2015 11 09 06 50 204  6.4  7.6  0.50  3.57  3.14 201 1026.0  10.5  11.9   1.9 99.0 99.00
2015 11 09 07 50 212  5.4  6.5  0.44  3.70  3.11 204 1025.9  10.5  11.9   1.9 99.0 99.00
2015 11 09 08 50 206  5.3  6.6  0.42  3.57  3.14 208 1025.6  10.4  11.9   2.3 99.0 99.00
2015 11 09 09 50 205  5.3  6.5 99.00 99.00 99.00 999 1025.7  10.7  11.9   2.4 99.0 99.00
2015 11 09 10 50 215  4.9  6.0 99.00 99.00 99.00 999 1025.9  10.4  12.0   1.8 99.0 99.00
2015 11 09 11 50 214  4.2  5.2 99.00 99.00 99.00 999 1025.7  10.3  12.0   1.6 99.0 99.00
2015 11 09 12 50 204  3.7  4.6 99.00 99.00 99.00 999 1025.9  10.4  12.0   1.7 99.0 99.00
2015 11 09 13 50 203  2.7  4.1  0.24 99.00  2.86 999 1026.0  10.5  12.0   2.1 99.0 99.00
2015 11 09 14 50 192  3.1  4.0  0.27  3.03  3.00 179 1025.8  10.5  12.0   2.5 99.0 99.00
2015 11 09 15 50 178  3.9  4.9 99.00 99.00 99.00 999 1025.7  10.4  12.0   3.2 99.0 99.00
2015 11 09 16 50 182  3.9  5.3  0.25  3.13  2.89 170 1025.4  10.6  12.1   3.1 99.0 99.00
2015 11 09 17 50 185  4.2  5.3 99.00 99.00 99.00 999 1024.6  10.4  12.1   3.6 99.0 99.00
2015 11 09 18 50 189  3.4  4.3 99.00 99.00 99.00 999 9999.0  10.3  12.1   2.6 99.0 99.00
2015 11 09 19 50 193  2.9  3.9  0.30  3.03  2.97 172 1023.4  10.5  12.2   1.6 99.0 99.00
2015 11 09 20 50 177  2.2  3.2  0.26  3.23  2.89 173 1023.2  10.3  12.2   1.2 99.0 99.00
2015 11 09 21 50 189  0.7  1.2  0.24 99.00  2.91 999 1022.9  10.3  12.2   0.0 99.0 99.00
2015 11 09 22 50 212  0.4  1.2  0.19 99.00  2.86 999 1022.5   9.9  12.1   0.4 99.0 99.00
2015 11 09 23 50 194  0.1  0.4 99.00 99.00 99.00 999 1022.6   9.8  12.1   0.4 99.0 99.00
2015 11 10 00 50  39  1.3  1.8 99.00 99.00 99.00 999 1022.3  10.2  12.1   1.3 99.0 99.00
2015 11 10 01 50  32  2.8 99.0 99.00 99.00 99.00 999 1021.8  10.0  12.0   1.9 99.0 99.00
2015 11 10 02 50  88  3.1  3.5 99.00 99.00 99.00 999 1022.1  10.1  12.0   2.5 99.0 99.00
2015 11 10 03 50  94  3.6  4.2 99.00 99.00 99.00 999 1021.6  10.2  12.0   3.5 99.0 99.00
2015 11 10 04 50  90  2.7  3.7 99.00 99.00 99.00 999 1020.9  10.2  12.0   4.7 99.0 99.00
2015 11 10 05 50  90  2.7  3.3  0.06 99.00  2.61 999 1020.6  10.4  12.0   5.4 99.0 99.00
2015 11 10 06 50  88  1.1  1.8  0.09 99.00  2.44 999 1020.2  10.5  12.0   4.9 99.0 99.00
2015 11 10 07 50  90  2.4  3.1 99.00 99.00 99.00 999 1020.3  10.3  12.0   5.8 99.0 99.00
2015 11 10 08 50  89  1.3  1.9  0.13 99.00  2.55 999 1019.9  10.1  12.0   5.3 99.0 99.00
2015 11 10 09 50  70  0.9  1.3  0.14 99.00  2.62 999 1019.8  10.1  12.0   5.3 99.0 99.00
2015 11 10 10 50  71  0.8  1.2 99.00 99.00 99.00 999 1019.7  10.1  12.0   5.4 99.0 99.00
2015 11 10 11 50 292  1.5  1.9  0.13 99.00  2.64 999 1019.9  10.1  12.0   4.8 99.0 99.00
2015 11 10 12 50 359  1.1  1.7  0.11 99.00  2.63 999 1019.9  10.0  11.9   5.2 99.0 99.00
2015 11 10 13 50 328  2.3  3.1  0.09 99.00  2.68 999 1020.6  10.2  11.9   5.3 99.0 99.00
2015 11 10 14 50 333  2.5  3.2  0.12 99.00  2.60 999 1020.2  10.2  12.0   5.1 99.0 99.00
2015 11 10 15 50 320  2.5  3.2  0.14 99.00  2.76 999 1019.6  10.2  12.0   4.3 99.0 99.00
2015 11 10 16 50 319  2.9  3.6  0.14 99.00  2.79 999 1019.2  10.1  12.1   4.3 99.0 99.00
2015 11 10 17 50 312  2.4  3.2  0.12 99.00  2.75 999 1018.5  10.0  12.1   5.1 99.0 99.00
2015 11 10 18 50 304  2.6  3.2  0.13 99.00  2.80 999 1018.1  10.0  12.2   6.1 99.0 99.00
2015 11 10 19 50 283  2.0  2.5  0.12 99.00  2.74 999 1017.5  10.3  12.3   5.3 99.0 99.00
2015 11 10 20 50 260  1.1  1.5 99.00 99.00 99.00 999 1017.2  10.8  12.3   5.1 99.0 99.00
2015 11 10 21 50 162  0.5  0.9 99.00 99.00 99.00 999 9999.0  10.2  12.3   3.8 99.0 99.00
2015 11 10 22 50 134  0.9  1.3  0.08 99.00  2.57 999 1017.0  10.0  12.2   4.2 99.0 99.00
2015 11 10 23 50 136  2.9  3.7  0.06 99.00  2.65 999 1016.6  10.0  12.1   4.9 99.0 99.00
2015 11 11 00 50 145  3.4  4.0  0.05 99.00  2.62 999 1016.3  10.0  12.0   5.9 99.0 99.00
2015 11 11 01 50 161  4.0  4.9  0.10 99.00  3.16 999 1016.3  10.1  12.0   5.8 99.0 99.00
2015 11 11 02 50 169  4.6  5.3 99.00 99.00 99.00 999 1016.0  10.4  11.9   6.0 99.0 99.00
2015 11 11 03 50 172  5.1  6.2  0.17 99.00  2.39 999 1015.8  10.6  12.0   6.4 99.0 99.00
2015 11 11 04 50 183  5.2  6.0  0.20 99.00  2.46 999 1015.1  10.8  12.0   6.6 99.0 99.00
2015 11 11 05 50 184  5.7  6.8 99.00 99.00 99.00 999 1015.0  11.0  12.0   7.3 99.0 99.00
2015 11 11 06 50 187  5.6  6.5 99.00 99.00 99.00 999 1015.2  11.1  12.0   7.4 99.0 99.00
2015 11 11 07 50 202  6.2  7.4 99.00 99.00 99.00 999 1015.1  11.4  12.0   6.1 99.0 99.00
2015 11 11 08 50 209  5.6  6.7 99.00 99.00 99.00 999 1014.8  11.6  12.0   4.8 99.0 99.00
2015 11 11 09 50 183  4.8  5.6  0.45  3.33  3.08 189 1014.2  11.4  12.0   5.2 99.0 99.00
2015 11 11 10 50 178  6.3  7.4  0.44  3.57  3.13 198 1014.2  11.4  12.0   5.5 99.0 99.00
2015 11 11 11 50 168  6.6  7.8 99.00 99.00 99.00 999 1013.5  11.2  12.0   6.4 99.0 99.00
2015 11 11 12 50 159  8.1  9.2 99.00 99.00 99.00 999 1013.1  11.1  11.9   6.3 99.0 99.00
2015 11 11 13 50 166  8.5 10.5  0.72  4.00  3.46 178 1013.2  11.2  11.9   6.7 99.0 99.00
2015 11 11 14 50 159  8.6 10.4  0.91  4.35  3.74 181 1012.6  11.1  11.9   7.1 99.0 99.00
2015 11 11 15 50 160  8.3 10.0  1.05  4.55  3.91 188 1012.2  11.1  12.0   7.4 99.0 99.00
2015 11 11 16 50 160  9.0 10.3  0.99  4.55  3.91 183 1011.4  11.4  12.0   7.6 99.0 99.00
2015 11 11 17 50 161  9.1 10.5  1.06  4.76  4.10 177 1010.2  11.8  12.0   8.0 99.0 99.00
2015 11 11 18 50 151  8.3  9.7  1.24  5.00  4.23 182 1009.0  12.2  12.0   8.3 99.0 99.00
2015 11 11 19 50 150  8.2 10.0  1.13  5.00  4.15 184 1007.7  12.8  12.0   9.0 99.0 99.00
2015 11 11 20 50 148  9.7 11.7  0.94  5.00  3.82 179 1006.1  13.7  12.0   8.5 99.0 99.00
2015 11 11 21 50 138 10.6 12.2 99.00 99.00 99.00 999 1004.9  13.8  12.0   8.9 99.0 99.00
2015 11 11 22 50 139  9.9 11.2  0.96  5.00  3.81 191 1004.4  13.8  12.0   9.1 99.0 99.00
2015 11 11 23 50 138 11.8 14.6  0.97  4.55  3.70 184 1002.6  13.9  12.0   8.5 99.0 99.00
2015 11 12 00 50 131 11.8 14.1  1.09  4.55  3.77 177 1000.9  13.3  12.0   8.3 99.0 99.00
2015 11 12 01 50 134 13.1 16.1  1.27  4.76  3.95 164  997.9  13.2  12.0   8.2 99.0 99.00
2015 11 12 02 50 144 14.4 17.1  1.62  5.26  4.34 148  995.5  13.0  12.0   8.6 99.0 99.00
2015 11 12 03 50 159 16.7 22.2  2.28  5.88  4.99 152  994.1  12.8  12.0  10.0 99.0 99.00
2015 11 12 04 50 231  8.9 10.7  2.66  7.14  5.56 154  996.5  11.2  12.0  11.0 99.0 99.00
2015 11 12 05 50 136  9.9 11.4  2.37  7.14  5.67 166  992.7  11.2  12.0  10.9 99.0 99.00
2015 11 12 06 50 157 10.6 13.2 99.00 99.00 99.00 999  990.9  12.3  12.0  10.7 99.0 99.00
2015 11 12 07 50 154 13.4 15.4 99.00 99.00 99.00 999  989.3  12.6  12.0  10.8 99.0 99.00
2015 11 12 08 50 185 15.1 19.5 99.00 99.00 99.00 999  987.7  13.5  12.0   9.3 99.0 99.00
2015 11 12 09 50 223 16.9 20.3  2.20  6.67  5.11 180  987.8  10.8  11.9   6.8 99.0 99.00
2015 11 12 10 50 210 16.8 20.1 99.00 99.00 99.00 999  988.8   8.4  11.8   5.3 99.0 99.00
2015 11 12 11 50 219 16.5 99.0 99.00 99.00 99.00 999  988.7   8.0 999.0   6.0 99.0 99.00
2015 11 12 12 50 227 16.7 19.9 99.00 99.00 99.00 999  989.3   8.0  11.6   6.4 99.0 99.00
2015 11 12 13 50 233 14.4 18.3 99.00 99.00 99.00 999  990.4   8.6  11.6   7.1 99.0 99.00
2015 11 12 14 50 249 13.3 99.0 99.00 99.00 99.00 999  991.6   9.1 999.0 999.0 99.0 99.00
2015 11 12 15 50 255 14.3 17.9 99.00 99.00 99.00 999  992.7   9.8  11.5   8.6 99.0 99.00
2015 11 12 16 50 243 14.1 17.5 99.00 99.00 99.00 999  994.2  10.2  11.6   8.5 99.0 99.00
2015 11 12 17 50 259 14.5 17.4 99.00 99.00 99.00 999  995.3  10.6  11.6   7.7 99.0 99.00
2015 11 12 18 50 262 15.8 19.0 99.00 99.00 99.00 999  996.6  10.7  11.6   6.8 99.0 99.00
2015 11 12 19 50 263 15.4 18.8 99.00 99.00 99.00 999 9999.0  10.8  11.6   6.8 99.0 99.00
2015 11 12 20 50 261 13.0 15.6  2.87  6.67  5.60 273 1000.5   9.8  11.6   7.3 99.0 99.00
2015 11 12 21 50 253 14.0 16.9  2.84  6.67  5.62 261 1002.3   8.9  11.6   6.8 99.0 99.00
2015 11 12 22 50 256 14.1 17.2  2.82  6.67  5.63 256 1003.4   8.9  11.5   6.0 99.0 99.00
2015 11 12 23 50 261 15.9 19.3  2.64  6.67  5.53 272 1004.5   8.7  11.5   5.4 99.0 99.00
2015 11 13 00 50 263 12.9 15.7  2.49  6.67  5.33 257 1005.8   8.8  11.5   4.7 99.0 99.00
2015 11 13 01 50 259 16.6 19.7  2.54  5.88  5.13 264 1005.5   8.3  11.4   3.9 99.0 99.00
2015 11 13 02 50 268 17.1 20.6 99.00 99.00 99.00 999 9999.0   7.5  11.4   2.2 99.0 99.00
2015 11 13 03 50 272 15.0 17.9 99.00 99.00 99.00 999 1007.4   7.5  11.4   1.9 99.0 99.00
2015 11 13 05 50 270 14.4 18.4 99.00 99.00 99.00 999 1007.6   7.5  11.4   1.5 99.0 99.00
2015 11 13 08 50 278 13.5 16.8 99.00 99.00 99.00 999 1008.9   7.1 999.0   1.9 99.0 99.00
2015 11 13 09 50 269 15.1 18.7 99.00 99.00 99.00 999 1009.3   6.5  11.3   0.9 99.0 99.00
2015 11 13 10 50 281 14.2 16.8 99.00 99.00 99.00 999 1010.3   6.1  11.2   0.3 99.0 99.00
2015 11 13 11 50 271 12.5 15.3 99.00 99.00 99.00 999 1010.5   6.2  11.2   1.2 99.0 99.00
2015 11 13 12 50 270 14.5 17.7 99.00 99.00 99.00 999 1010.6   6.1  11.2   0.4 99.0 99.00
2015 11 13 14 50 271 13.6 17.5 99.00 99.00 99.00 999 1012.2   5.7  11.1  -1.0 99.0 99.00
2015 11 13 15 50 258 13.7 17.3 99.00 99.00 99.00 999 1012.7   5.3  11.1   0.8 99.0 99.00
2015 11 13 16 50 269 13.9 17.1 99.00 99.00 99.00 999 1013.3   5.4  11.1   0.4 99.0 99.00
2015 11 13 17 50 285 14.4 18.5 99.00 99.00 99.00 999 1013.7   5.6  11.1   0.3 99.0 99.00
2015 11 13 18 50 285 13.7 16.7 99.00 99.00 99.00 999 1014.3   5.9  11.1  -0.3 99.0 99.00
2015 11 13 19 50 287 13.5 17.7 99.00 99.00 99.00 999 9999.0   6.1  11.1  -0.5 99.0 99.00
2015 11 13 20 50 245 14.2 99.0 99.00 99.00 99.00 999 1016.4   5.9 999.0  -1.0 99.0 99.00
2015 11 13 21 50 282 12.7 15.1 99.00 99.00 99.00 999 1017.7   6.1  11.0  -0.4 99.0 99.00
2015 11 13 22 50 276 12.1 15.1 99.00 99.00 99.00 999 1018.7   6.1  11.0  -0.8 99.0 99.00
2015 11 13 23 50 294 11.0 13.3 99.00 99.00 99.00 999 1019.7   6.2  11.0  -0.2 99.0 99.00
2015 11 14 00 50 284 10.4 12.8 99.00 99.00 99.00 999 1020.4   6.2 999.0  -0.4 99.0 99.00
2015 11 14 01 50 310 10.9 13.3 99.00 99.00 99.00 999 1020.6   6.1  10.9  -0.6 99.0 99.00
2015 11 14 02 50 303 10.5 99.0 99.00 99.00 99.00 999 1021.1   5.9  10.9  -0.7 99.0 99.00
2015 11 14 03 50 318  9.7 11.5 99.00 99.00 99.00 999 1021.6   6.0  10.9  -0.3 99.0 99.00
2015 11 14 04 50 316  8.4 10.0 99.00 99.00 99.00 999 1022.3   6.0 999.0   0.2 99.0 99.00
2015 11 14 05 50 301  8.4 10.6 99.00 99.00 99.00 999 1022.8   6.2  10.8  -0.3 99.0 99.00
2015 11 14 06 50 296  8.0 10.1 99.00 99.00 99.00 999 1023.1   6.1  10.8  -0.5 99.0 99.00
2015 11 14 07 50 291  8.1 10.1  1.28  5.88  4.73 351 1023.6   5.9  10.8   0.4 99.0 99.00
2015 11 14 08 50 285  7.7  9.5  1.32  7.14  4.85  10 9999.0   5.7 999.0  -1.4 99.0 99.00
2015 11 14 09 50 283  6.5  8.2 99.00 99.00 99.00 999 9999.0   5.6  10.8  -0.8 99.0 99.00
2015 11 14 10 50 288  6.1  8.4 99.00 99.00 99.00 999 1024.5   5.4 999.0  -2.0 99.0 99.00
2015 11 14 11 50 275  5.2  7.0 99.00 99.00 99.00 999 1025.0   5.6  10.8  -2.1 99.0 99.00
2015 11 14 12 50 265  4.2  5.6  1.12  6.67  4.71   3 1025.4   5.7  10.8  -2.2 99.0 99.00
2015 11 14 13 50 236  4.7  6.2  1.00  6.67  4.61  10 1026.1   6.1  10.8  -1.8 99.0 99.00
2015 11 14 14 50 204  3.8  4.9  0.87  6.67  4.54   5 1025.6   6.5  10.8  -1.3 99.0 99.00
2015 11 14 15 50 199  6.5  8.0  0.76  5.88  4.37 360 1025.7   7.0  10.8   0.1 99.0 99.00
2015 11 14 16 50 195  7.9  9.4  0.73  6.25  3.95  12 1025.4   7.5  10.9   0.8 99.0 99.00
2015 11 14 17 50 187  8.6 10.5  0.73  3.33  3.62 217 1024.2   7.9  10.9   1.4 99.0 99.00
2015 11 14 18 50 175 10.0 11.4  0.88  4.17  3.79 200 1022.6   8.4  10.9   1.8 99.0 99.00
2015 11 14 19 50 180 12.0 13.6  1.09  4.55  3.98 195 1021.2   8.9  10.9   1.9 99.0 99.00
2015 11 14 20 50 183 11.5 13.9 99.00 99.00 99.00 999 1020.8  10.0  10.9   3.0 99.0 99.00
2015 11 14 21 50 188  9.7 11.3 99.00 99.00 99.00 999 1021.2  10.7  10.9   5.0 99.0 99.00
2015 11 14 22 50 184  8.2  9.5 99.00 99.00 99.00 999 1021.1  11.2  10.9   6.1 99.0 99.00
2015 11 14 23 50 186  7.2  8.5 99.00 99.00 99.00 999 1021.4  11.5  10.9   7.1 99.0 99.00
2015 11 15 00 50 183  6.9 99.0 99.00 99.00 99.00 999 1021.4  11.7  10.9   7.5 99.0 99.00
2015 11 15 01 50 189  6.6  7.7 99.00 99.00 99.00 999 1021.2  11.6 999.0   8.4 99.0 99.00
2015 11 15 04 50 197  8.1  9.4 99.00 99.00 99.00 999 1020.9  12.0  10.8   7.5 99.0 99.00
2015 11 15 05 50 205  8.0  9.9 99.00 99.00 99.00 999 1021.2  12.0  10.8   7.4 99.0 99.00
2015 11 15 06 50 213  8.2  9.7  0.76  4.17  3.51 185 1021.3  11.8  10.8   6.8 99.0 99.00
2015 11 15 07 50 216  8.2  9.8  0.84  4.35  3.63 183 1021.4  11.6  10.8   6.9 99.0 99.00
2015 11 15 08 50 217  7.9  9.2  0.83  4.55  3.69 185 1021.6  11.5  10.8   6.7 99.0 99.00
2015 11 15 09 50 227  8.8 10.4 99.00 99.00 99.00 999 1021.4  11.3  10.8   6.5 99.0 99.00
2015 11 15 10 50 227  7.9  9.4 99.00 99.00 99.00 999 1021.8  11.3 999.0   7.3 99.0 99.00
2015 11 15 12 50 226  7.6  9.0 99.00 99.00 99.00 999 1022.4  11.0  10.8   6.4 99.0 99.00
2015 11 15 13 50 223  8.0 99.0 99.00 99.00 99.00 999 1022.9  10.9  10.8   6.2 99.0 99.00
2015 11 15 14 50 227  7.3  8.5 99.00 99.00 99.00 999 1023.1  10.9  10.8   5.9 99.0 99.00
2015 11 15 15 50 217  8.1  9.3  0.91  4.55  3.93 202 1023.2  10.9  10.8   6.1 99.0 99.00
2015 11 15 16 50 213  7.8  9.4  0.90  5.00  3.90 190 1023.1  11.1  10.8   6.4 99.0 99.00
2015 11 15 17 50 202  7.2  8.5  0.90  4.76  3.90 194 1022.7  11.4  10.9   6.6 99.0 99.00
2015 11 15 18 50 198  7.8  9.7  0.85  4.55  3.80 199 1022.3  11.5  10.9   7.6 99.0 99.00
2015 11 15 19 50 199  6.8  7.8 99.00 99.00 99.00 999 1021.8  12.1  10.9   7.5 99.0 99.00
2015 11 15 20 50 193  6.1  7.0 99.00 99.00 99.00 999 1021.5  12.2  10.9   7.7 99.0 99.00
2015 11 15 21 50 183  5.5  6.3  0.64  4.35  3.53 187 1021.2  12.1  10.9   8.3 99.0 99.00
2015 11 15 22 50 191  6.6  7.6  0.50  4.17  3.31 188 1021.0  12.3  10.9   8.1 99.0 99.00
2015 11 15 23 50 198  6.8  7.6 99.00 99.00 99.00 999 1021.3  12.6  10.8   8.3 99.0 99.00
2015 11 16 00 50 193  6.9  7.8 99.00 99.00 99.00 999 1021.1  12.8 999.0   7.8 99.0 99.00
2015 11 16 01 50 187  6.9  8.0 99.00 99.00 99.00 999 1020.9  12.8  10.8   7.6 99.0 99.00
2015 11 16 02 50 195  7.3  8.6 99.00 99.00 99.00 999 1021.1  12.6  10.8   7.5 99.0 99.00
2015 11 16 03 50 193  8.4  9.4  0.68  3.57  3.31 190 1021.1  12.5  10.8   7.4 99.0 99.00
2015 11 16 04 50 197  8.2  9.4  0.73  4.00  3.38 193 1021.0  12.1  10.8   7.6 99.0 99.00
2015 11 16 05 50 198  6.8 99.0 99.00 99.00 99.00 999 1021.5  12.0  10.8   7.6 99.0 99.00
2015 11 16 07 50 198  5.2  5.9 99.00 99.00 99.00 999 1021.7  11.6  10.8 999.0 99.0 99.00
2015 11 16 08 50 192  4.8  5.6 99.00 99.00 99.00 999 1021.7  11.5  10.8   8.1 99.0 99.00
2015 11 16 09 50 186  6.3  7.1 99.00 99.00 99.00 999 1021.4  11.3  10.8   7.7 99.0 99.00
2015 11 16 10 50 184  6.2  7.2 99.00 99.00 99.00 999 1021.4  11.3  10.8   7.8 99.0 99.00
2015 11 16 11 50 168  4.9  5.8 99.00 99.00 99.00 999 1021.3  11.0  10.8   8.2 99.0 99.00
2015 11 16 12 50 162  5.9  6.7 99.00 99.00 99.00 999 1021.2  11.1  10.8   7.3 99.0 99.00
2015 11 16 13 50 159  7.2  8.4 99.00 99.00 99.00 999 1021.3  11.2  10.8   7.1 99.0 99.00
2015 11 16 14 50 157  6.9  8.4  0.53  4.17  3.29 178 1021.1  11.4  10.8   6.7 99.0 99.00
2015 11 16 16 50 162  7.3  8.6  0.68  3.85  3.36 178 1021.1  11.3  10.8   6.5 99.0 99.00
2015 11 16 17 50 160  7.5  8.9  0.69  4.00  3.44 181 1020.3  11.3  10.8   5.8 99.0 99.00
2015 11 16 18 50 162  7.4  8.4  0.79  4.00  3.57 170 1019.8  11.6  10.8   6.4 99.0 99.00
2015 11 16 19 50 155  7.5  8.6  0.70  4.17  3.53 169 1019.2  12.0  10.8   6.2 99.0 99.00
2015 11 16 20 50 161  7.6  8.9  0.70  4.17  3.48 181 1019.3  12.0  10.7   7.2 99.0 99.00
2015 11 16 21 50 165  7.8  9.4  0.67  3.85  3.36 170 1019.5  12.2  10.7   6.5 99.0 99.00
2015 11 16 22 50 170  8.9 10.4  0.75  3.70  3.50 177 1019.6  12.4  10.7   6.0 99.0 99.00
2015 11 16 23 50 175 10.5 12.6  0.87  4.17  3.64 184 1019.7  11.8  10.7   5.7 99.0 99.00
2015 11 17 00 50 176  9.6 11.7 99.00 99.00 99.00 999 1020.2  11.4  10.7   5.8 99.0 99.00
2015 11 17 01 50 167  8.9 10.8 99.00 99.00 99.00 999 1020.0  11.1  10.7   5.8 99.0 99.00
2015 11 17 02 50 158  7.9  9.5 99.00 99.00 99.00 999 9999.0  10.9  10.7   6.5 99.0 99.00
2015 11 17 03 50 159  7.9  9.8  1.09  4.76  4.08 178 1019.5  10.8  10.7   7.0 99.0 99.00
2015 11 17 04 50 155  9.0 10.4  1.15  5.26  4.18 188 1019.1  10.4  10.7   7.8 99.0 99.00
2015 11 17 05 50 149  8.6 10.1  1.15  5.26  4.16 184 1019.1   9.9  10.7   8.3 99.0 99.00
2015 11 17 06 50 147  9.2 10.6  1.06  5.26  4.04 187 1018.8   9.7  10.7   8.4 99.0 99.00
2015 11 17 07 50 149  9.5 11.3  0.96  4.55  3.89 169 1018.6   9.9  10.6   8.6 99.0 99.00
2015 11 17 08 50 137  8.7 10.1  0.99  4.76  3.84 182 1018.3   9.3  10.6   9.0 99.0 99.00
2015 11 17 09 50 121  8.6  9.9  0.98  5.00  3.81 192 1017.7   9.9  10.6   9.1 99.0 99.00
2015 11 17 10 50 130  9.4 10.8 99.00 99.00 99.00 999 1017.7  10.6  10.7   8.9 99.0 99.00
2015 11 17 11 50 137  9.6 11.4 99.00 99.00 99.00 999 1017.2  11.0  10.7   9.1 99.0 99.00
2015 11 17 12 50 136  9.1 11.1  1.16  4.55  3.98 155 1017.0  11.1  10.7   8.9 99.0 99.00
2015 11 17 13 50 136 10.9 12.7  1.19  5.00  4.10 150 1016.7  11.1  10.7   8.5 99.0 99.00
2015 11 17 14 50 135 10.3 12.1  1.27  4.76  4.08 152 1016.3  11.1  10.7   8.4 99.0 99.00
2015 11 17 15 50 127  9.9 12.0  1.26  5.00  4.29 146 1015.8  11.2 999.0   8.4 99.0 99.00
2015 11 17 16 50 124  9.2 10.8 99.00 99.00 99.00 999 1014.7  11.4  10.7   8.5 99.0 99.00
2015 11 17 17 50 131  8.4  9.7  1.06  4.55  4.03 149 1014.0  11.8  10.7   8.8 99.0 99.00
2015 11 17 18 50 123  9.0 10.3 99.00 99.00 99.00 999 1012.4  12.3  10.7   9.0 99.0 99.00
2015 11 17 19 50 121  8.9 10.3 99.00 99.00 99.00 999 1011.6  12.3 999.0   9.2 99.0 99.00
2015 11 17 20 50 123 10.8 12.3 99.00 99.00 99.00 999 1010.4  12.6  10.7   9.5 99.0 99.00
2015 11 17 21 50 134 11.9 14.5 99.00 99.00 99.00 999 1010.0  12.6  10.7  10.0 99.0 99.00
2015 11 17 22 50 125 11.7 14.1 99.00 99.00 99.00 999 1009.2  11.8  10.7  10.8 99.0 99.00
2015 11 17 23 50 129 11.7 13.6  1.45  5.56  4.30 147 1008.4  12.1  10.7  11.1 99.0 99.00
2015 11 18 00 50 140 11.6 13.5  1.72  5.56  4.58 147 1008.2  12.8  10.7  10.7 99.0 99.00
2015 11 18 01 50 146 10.8 13.3  1.92  5.88  4.92 159 1008.0  13.2  10.6  10.4 99.0 99.00
2015 11 18 02 50 154 10.7 13.3  1.82  5.88  4.80 158 1008.2  13.5  10.6   9.5 99.0 99.00
2015 11 18 03 50 149 12.0 13.9  1.97  5.88  5.05 150 1007.4  13.6  10.6   9.1 99.0 99.00
2015 11 18 04 50 150 11.7 13.8  1.97  6.25  5.02 150 1006.6  13.6  10.6   9.0 99.0 99.00
2015 11 18 05 50 150 10.9 12.6 99.00 99.00 99.00 999 1006.1  13.4  10.6   8.7 99.0 99.00
2015 11 18 06 50 157 10.2 12.0 99.00 99.00 99.00 999 1005.9  13.3  10.6   9.2 99.0 99.00
2015 11 18 07 50 154  9.4 11.3 99.00 99.00 99.00 999 1005.6  13.3  10.5   9.4 99.0 99.00
2015 11 18 08 50 151 10.8 13.1  1.59  5.88  4.78 161 1004.2  13.4  10.5   9.8 99.0 99.00
2015 11 18 09 50 148 11.9 14.1  1.65  5.88  4.74 166 1003.5  13.6  10.4  10.0 99.0 99.00
2015 11 18 10 50 151 11.3 13.0  1.74  5.88  4.90 168 1003.2  13.3  10.3  11.0 99.0 99.00
2015 11 18 11 50 141 11.8 14.3  1.67  6.25  4.78 162 1002.1  13.1  10.3  11.2 99.0 99.00
2015 11 18 12 50 128 12.5 14.6  1.85  5.88  4.85 160 1000.5  12.9  10.4  10.7 99.0 99.00
2015 11 18 13 50 133 15.4 18.7 99.00 99.00 99.00 999  998.5  13.4  10.4  10.8 99.0 99.00
2015 11 18 14 50 158 12.6 15.1 99.00 99.00 99.00 999 1000.0  13.8 999.0  11.4 99.0 99.00
2015 11 18 15 50 154 12.6 15.3 99.00 99.00 99.00 999  999.7  13.7  10.3  11.8 99.0 99.00
2015 11 18 16 50 152 11.7 99.0 99.00 99.00 99.00 999  998.3  13.1  10.4  11.3 99.0 99.00
2015 11 18 17 50 176 13.3 14.5 99.00 99.00 99.00 999  998.2  12.8  10.3 999.0 99.0 99.00
2015 11 18 18 50 170 10.3 12.0 99.00 99.00 99.00 999  996.9  13.1  10.3  11.7 99.0 99.00
2015 11 18 19 50 177  9.0 10.9 99.00 99.00 99.00 999  996.9  13.0  10.4  11.1 99.0 99.00
2015 11 18 20 50 189 10.2 11.9 99.00 99.00 99.00 999  997.1  13.1  10.4   9.1 99.0 99.00
2015 11 18 21 50 185 11.5 13.3 99.00 99.00 99.00 999  997.7  12.6  10.2   8.7 99.0 99.00
2015 11 18 22 50 183 10.9 12.8 99.00 99.00 99.00 999  998.8  12.3  10.2   9.2 99.0 99.00
2015 11 18 23 50 182 10.3 12.0  1.73  5.88  4.82 185  999.7  12.0  10.2   9.5 99.0 99.00
2015 11 19 00 50 186 10.0 11.5 99.00 99.00 99.00 999 1000.1  12.1  10.2   9.9 99.0 99.00
2015 11 19 01 50 206  8.0  9.8 99.00 99.00 99.00 999 1001.0  11.5  10.3   9.4 99.0 99.00
2015 11 19 02 50 227  9.4 11.9 99.00 99.00 99.00 999 1001.8  11.1  10.2   7.7 99.0 99.00
2015 11 19 03 50 223 11.3 13.7 99.00 99.00 99.00 999 1001.8  10.6  10.2   5.8 99.0 99.00
2015 11 19 04 50 215 12.2 15.2 99.00 99.00 99.00 999 1002.3  10.5  10.2   5.5 99.0 99.00
2015 11 19 05 50 209 11.7 14.5 99.00 99.00 99.00 999 1002.7  10.3 999.0   5.8 99.0 99.00
2015 11 19 06 50 230 12.0 14.2  1.50  5.56  4.55 201 1002.8   9.8  10.3   6.0 99.0 99.00
2015 11 19 07 50 225 11.4 13.7  1.59  5.88  4.66 205 1003.6   9.5  10.3   5.1 99.0 99.00
2015 11 19 08 50 220 11.7 14.5 99.00 99.00 99.00 999 1003.7   9.5  10.3   5.8 99.0 99.00
2015 11 19 09 50 220 12.6 15.2 99.00 99.00 99.00 999 1003.9   9.3  10.3   5.4 99.0 99.00
2015 11 19 10 50 219 12.0 14.4 99.00 99.00 99.00 999 1004.0   9.0  10.3   5.6 99.0 99.00
2015 11 19 12 50 999 99.0 18.5 99.00 99.00 99.00 999 1005.0   8.8  10.1   4.5 99.0 99.00
2015 11 19 13 50 243 15.3 18.1 99.00 99.00 99.00 999 1006.3   7.6  10.1   1.9 99.0 99.00
2015 11 19 14 50 260 14.8 18.1 99.00 99.00 99.00 999 1007.9   5.9  10.1  -0.2 99.0 99.00
2015 11 19 15 50 241 13.5 99.0 99.00 99.00 99.00 999 9999.0 999.0 999.0 999.0 99.0 99.00
2015 11 19 16 50 246 13.7 17.3 99.00 99.00 99.00 999 1009.9   5.3  10.1  -1.4 99.0 99.00
2015 11 19 17 50 240 13.7 15.9 99.00 99.00 99.00 999 1010.2   5.6  10.0  -2.4 99.0 99.00
2015 11 19 18 50 240 13.5 16.2 99.00 99.00 99.00 999 1010.8   5.7   9.8  -3.6 99.0 99.00
2015 11 19 19 50 244 15.5 18.6 99.00 99.00 99.00 999 1011.5   5.8   9.8  -4.8 99.0 99.00
2015 11 19 20 50 242 14.1 17.4  2.13  6.67  5.12 231 1012.5   5.8   9.8  -4.4 99.0 99.00
2015 11 19 21 50 248 14.8 17.5 99.00 99.00 99.00 999 1013.1   5.9   9.8  -3.1 99.0 99.00
2015 11 19 22 50 251 16.7 21.1 99.00 99.00 99.00 999 1013.7   5.7   9.9  -4.2 99.0 99.00
2015 11 19 23 50 235 15.8 99.0 99.00 99.00 99.00 999 9999.0 999.0 999.0 999.0 99.0 99.00
2015 11 20 00 50 248 15.0 18.6 99.00 99.00 99.00 999 1015.7   5.3   9.8  -3.0 99.0 99.00
2015 11 20 01 50 255 15.4 20.6 99.00 99.00 99.00 999 1016.0   5.3   9.8  -2.8 99.0 99.00
2015 11 20 02 50 248 14.0 17.1 99.00 99.00 99.00 999 1016.5   5.3   9.7  -2.6 99.0 99.00
2015 11 20 03 50 251 13.8 19.3 99.00 99.00 99.00 999 1016.5   5.4   9.7  -2.3 99.0 99.00
2015 11 20 04 50 260 15.1 18.7 99.00 99.00 99.00 999 1016.8   5.1   9.7  -4.0 99.0 99.00
2015 11 20 05 50 262 13.7 18.6 99.00 99.00 99.00 999 1017.4   4.9   9.6  -3.3 99.0 99.00
2015 11 20 06 50 259 12.8 15.9  2.21  5.88  5.02 248 1017.9   4.5   9.6  -4.2 99.0 99.00
2015 11 20 07 50 257 13.9 17.1  2.14  6.25  4.98 226 1018.6   4.2   9.6  -5.2 99.0 99.00
2015 11 20 08 50 255 13.2 16.2  2.05  5.88  4.86 224 1018.9   3.9   9.6  -5.4 99.0 99.00
2015 11 20 09 50 260 12.6 15.8  2.02  6.25  4.88 228 1019.4   3.9   9.5  -5.3 99.0 99.00
2015 11 20 10 50 261 13.3 16.1  1.92  5.88  4.70 245 1020.0   3.7   9.5  -6.4 99.0 99.00
2015 11 20 11 50 254 12.9 16.2  2.05  5.88  4.97 253 1020.7   3.5   9.5  -5.5 99.0 99.00
2015 11 20 12 50 259 13.5 16.6  2.01  5.88  4.97 248 1021.5   3.0   9.5  -5.6 99.0 99.00
2015 11 20 13 50 264 13.4 16.5  1.97  5.88  4.84 248 1022.4   3.0   9.4  -5.8 99.0 99.00
2015 11 20 14 50 264 11.1 13.1  1.95  5.88  4.94 251 1023.2   2.9   9.6  -5.6 99.0 99.00
2015 11 20 15 50 270  9.5 11.5  1.57  5.26  4.64 260 1023.6   2.8   9.7  -5.9 99.0 99.00
2015 11 20 16 50 267  8.7 11.3  1.38  5.26  4.42 258 1024.6   3.0   9.7  -6.3 99.0 99.00
2015 11 20 17 50 243  8.1 10.0  1.35  5.00  4.34 264 1024.6   3.5   9.8  -6.0 99.0 99.00
2015 11 20 18 50 250  7.3  8.6 99.00 99.00 99.00 999 1024.4   3.7   9.8  -6.8 99.0 99.00
2015 11 20 19 50 244  6.6  8.1 99.00 99.00 99.00 999 1024.1   4.2   9.8  -6.7 99.0 99.00
2015 11 20 20 50 240  5.6  6.6 99.00 99.00 99.00 999 1024.0   4.6   9.9  -6.2 99.0 99.00
2015 11 20 21 50 238  4.7  6.0  0.76  4.17  3.84 264 1023.7   4.7   9.9  -6.3 99.0 99.00
2015 11 20 22 50 245  5.2  6.8  0.70  4.00  3.74 267 1023.8   5.1   9.9  -6.8 99.0 99.00
2015 11 20 23 50 253  3.9  5.3  0.57  3.85  3.60 276 1024.0   5.3   9.8  -6.6 99.0 99.00
2015 11 21 00 50 287  4.0  5.4  0.49  3.45  3.43 252 1023.8   5.3   9.8  -6.9 99.0 99.00
2015 11 21 01 50 288  4.9  6.4  0.40  3.57  3.34 303 1024.1   5.2   9.8  -5.8 99.0 99.00
2015 11 21 02 50  29  3.8  5.9  0.37  3.33  3.11 274 1024.6   4.7   9.8  -6.5 99.0 99.00
2015 11 21 03 50 142  3.2  5.1  0.34  3.03  3.17 259 1025.2   3.3   9.7  -3.4 99.0 99.00
2015 11 21 04 50 213  2.3  3.6  0.34  3.03  3.17 279 1025.8   2.1   9.7  -0.9 99.0 99.00
2015 11 21 05 50 209  1.5  2.5  0.30  3.03  3.06 279 1025.7   1.1   9.6   0.7 99.0 99.00
2015 11 21 06 50 176  0.1  0.5  0.24 99.00  3.07 999 1025.3   1.1   9.6   0.6 99.0 99.00
2015 11 21 07 50  67  1.4  2.0  0.24 99.00  3.07 999 1024.2   1.3   9.5   0.7 99.0 99.00
2015 11 21 08 50  55  2.9  4.2  0.22 99.00  3.02 999 1023.3   1.7   9.6   1.2 99.0 99.00
2015 11 21 09 50  69  5.6  6.9  0.21 99.00  3.12 999 1021.9   2.2   9.6   1.2 99.0 99.00
2015 11 21 10 50  75  5.2  6.4  0.27  3.45  2.75 313 1021.6   2.2   9.7   1.6 99.0 99.00
2015 11 21 11 50  86  6.6  7.8  0.38  2.60  2.68  53 1020.1   2.2   9.7   1.5 99.0 99.00
2015 11 21 12 50  90  9.5 11.0  0.64  3.57  3.16 117 1018.6   2.8   9.7   1.8 99.0 99.00
2015 11 21 13 50  91  8.9 10.4  0.97  3.85  3.59  99 1019.2   2.5   9.7   1.4 99.0 99.00
2015 11 21 14 50  71 10.0 11.8  1.15  4.55  3.94  93 1018.4   2.1   9.7   1.8 99.0 99.00
2015 11 21 15 50  69  9.9 12.1  1.40  5.00  4.19  65 1017.8   2.1   9.7   1.7 99.0 99.00
2015 11 21 16 50  48 10.1 12.0  1.46  5.26  4.39  56 1016.6   1.8   9.7   1.6 99.0 99.00
2015 11 21 17 50  35 11.1 13.0  1.48  5.00  4.41  30 1014.9   1.5   9.6   1.5 99.0 99.00
2015 11 21 18 50  22 11.8 13.8  1.70  5.56  4.67  27 1014.3   1.5   9.5   1.5 99.0 99.00
2015 11 21 19 50  13 11.0 13.0  1.70  5.88  4.66   8 1014.0   1.7   9.5   0.8 99.0 99.00
2015 11 21 20 50  10 10.1 13.2  1.75  5.56  4.68  11 1014.1   1.5   9.4   0.5 99.0 99.00
2015 11 21 21 50   2 10.5 13.2  1.70  5.88  4.76   1 1014.2   2.6   9.3  -0.9 99.0 99.00
2015 11 21 22 50 342 10.9 12.8  1.75  5.56  4.82 357 1014.9   2.8   9.3  -1.6 99.0 99.00
2015 11 21 23 50 322 14.3 17.4  2.44  7.14  5.33 328 1015.3   1.8   9.2  -0.4 99.0 99.00
2015 11 22 00 50 319 12.7 16.5  2.70  7.14  5.70 336 1016.3   1.3   9.2  -2.6 99.0 99.00
2015 11 22 01 50 320 12.6 14.8  2.50  7.14  5.45 347 1016.9   1.0   9.2  -4.0 99.0 99.00
2015 11 22 02 50 311 11.9 15.5  2.31  6.67  5.39 347 1017.2   1.0   9.2  -4.3 99.0 99.00
2015 11 22 03 50 303 10.8 12.9  2.03  6.25  5.10 340 1017.9  -0.1   9.2  -4.2 99.0 99.00
2015 11 22 04 50 304 10.3 13.4  1.88  6.25  5.03 349 1018.4  -0.4   9.3  -4.4 99.0 99.00
2015 11 22 05 50 305 10.8 14.5  1.86  6.67  4.94 350 1018.7  -0.7   9.3  -4.4 99.0 99.00
2015 11 22 06 50 295 10.1 12.2  1.76  6.25  4.93 342 1019.0  -1.1   9.3  -5.9 99.0 99.00
2015 11 22 07 50 290  9.7 11.6  1.91  6.67  5.17 352 1019.6  -1.6   9.4  -5.9 99.0 99.00
2015 11 22 08 50 293  9.6 11.6  1.83  6.25  5.06 340 1019.9  -1.9   9.4  -6.1 99.0 99.00
2015 11 22 09 50 292  9.5 11.7  1.72  6.67  4.95 353 1020.4  -2.0   9.3  -6.0 99.0 99.00
2015 11 22 10 50 290  9.5 12.3  1.58  6.67  4.80 356 1021.0  -2.3   9.3  -6.1 99.0 99.00
2015 11 22 11 50 281  8.7 10.6  1.61  6.67  4.75 356 1021.6  -2.6   9.2  -5.4 99.0 99.00
2015 11 22 12 50 282  8.1 10.5  1.50  5.88  4.73 344 1021.8  -2.3   9.2  -6.2 99.0 99.00
2015 11 22 13 50 283  8.2 10.6  1.44  6.67  4.68   3 1022.0  -2.1   9.2  -5.7 99.0 99.00
2015 11 22 14 50 270  7.4  9.6  1.36  6.25  4.57 359 1022.4  -2.1   9.2  -7.0 99.0 99.00
2015 11 22 15 50 272  6.4  8.5  1.33  6.67  4.60   4 1022.5  -1.9   9.3  -7.8 99.0 99.00
2015 11 22 16 50 257  6.2  7.9  1.23  6.67  4.54   4 1022.1  -1.6   9.3  -7.8 99.0 99.00
2015 11 22 17 50 259  6.4  8.3  1.08  5.88  4.36  11 1021.6  -1.4   9.3  -7.3 99.0 99.00
2015 11 22 18 50 253  5.2  6.8  0.95  6.25  4.31   8 1021.1  -0.8   9.4  -6.6 99.0 99.00
2015 11 22 19 50 222  6.6  8.8  0.96  6.67  4.44   7 1020.3  -0.6   9.4  -6.8 99.0 99.00
2015 11 22 20 50 200  7.0  8.9  0.85  5.88  4.04   8 1019.7   0.0   9.5  -6.3 99.0 99.00
2015 11 22 21 50 193  8.3 10.7  0.79  6.25  3.83  10 1019.4   0.5   9.4  -5.2 99.0 99.00
2015 11 22 22 50 198 10.3 12.5  0.88  3.85  3.81 232 1018.9   1.0   9.4  -4.1 99.0 99.00
2015 11 22 23 50 195 11.0 13.8  1.20  4.55  4.01 211 1018.6   1.2   9.3  -3.3 99.0 99.00
2015 11 23 00 50 199 11.2 13.5  1.33  5.26  4.31 198 1018.6   1.3   9.3  -3.0 99.0 99.00
2015 11 23 01 50 208 12.0 14.6  1.65  5.88  4.52 188 1018.3   1.5   9.3  -2.9 99.0 99.00
2015 11 23 02 50 211 11.6 14.0  1.75  5.88  4.66 198 1018.4   1.6   9.3  -3.1 99.0 99.00
2015 11 23 03 50 212 11.9 14.7 99.00 99.00 99.00 999 1018.0   1.7   9.2  -2.6 99.0 99.00
2015 11 23 04 50 212 12.0 13.9  1.99  6.25  4.92 189 1017.4   2.3   9.2  -2.1 99.0 99.00
2015 11 23 05 50 207 11.7 13.8  1.81  6.25  4.86 188 1016.7   2.6   9.2  -2.4 99.0 99.00
2015 11 23 06 50 205 11.0 13.2  1.96  6.25  5.01 199 1015.9   2.9   9.2  -1.9 99.0 99.00
2015 11 23 07 50 205 10.6 12.7  2.03  6.25  4.99 188 1015.6   3.0   9.3  -1.8 99.0 99.00
2015 11 23 08 50 202  9.8 12.3  1.93  6.67  5.03 179 1015.2   3.1   9.3  -1.0 99.0 99.00
2015 11 23 09 50 200  9.6 12.0  1.72  6.67  5.05 181 1014.6   3.1   9.2  -1.3 99.0 99.00
2015 11 23 10 50 202  9.9 12.2  1.75  6.67  5.10 186 1014.4   3.5   9.1  -0.4 99.0 99.00
2015 11 23 11 50 202 10.2 14.1  1.67  6.25  4.92 181 1014.2   3.3   9.1  -0.4 99.0 99.00
2015 11 23 12 50 222  9.1 11.1  1.66  6.67  4.96 179 1014.4   2.9   9.1  -1.0 99.0 99.00
2015 11 23 13 50 237  8.3  9.9  1.69  6.67  5.09 181 1014.7   2.3   9.2  -1.1 99.0 99.00
2015 11 23 14 50 246  6.7  8.8  1.50  6.25  4.89 180 1014.9   1.9   9.2  -1.1 99.0 99.00
2015 11 23 15 50 250  5.8  7.4  1.30  5.88  4.78 184 1015.4   1.5   9.2  -1.3 99.0 99.00
2015 11 23 16 50 257  7.2  8.5  1.22  5.88  4.72 185 1015.6   1.5   9.2  -0.7 99.0 99.00
2015 11 23 17 50 270  6.7  7.8  1.12  5.88  4.41 185 1015.7   2.5   9.2  -0.1 99.0 99.00
2015 11 23 18 50 265  5.5  7.3  1.09  5.26  4.27 186 1015.8   2.8   9.2  -0.7 99.0 99.00
2015 11 23 19 50 261  5.6  7.3  0.91  5.26  4.00 187 1016.0   3.6   9.2  -0.6 99.0 99.00
2015 11 23 20 50 251  6.2  7.5  0.80  4.76  3.80 194 1016.4   4.5   9.3   1.1 99.0 99.00
2015 11 23 21 50 265  5.0  6.4  0.68  4.76  3.68 183 1016.8   5.0   9.3   1.8 99.0 99.00
2015 11 23 22 50 266  5.4  6.2  0.61  3.57  3.49 272 1017.5   5.4   9.3   2.1 99.0 99.00
2015 11 23 23 50 259  7.2  8.6  0.58  4.00  3.46 203 1018.4   5.6   9.3   1.5 99.0 99.00
2015 11 24 00 50 264  6.9  7.9  0.64  4.00  3.42 223 1019.2   4.9   9.3   1.2 99.0 99.00
2015 11 24 01 50 271  7.4  8.8  0.66  3.57  3.32 249 1019.9   4.8   9.3   1.3 99.0 99.00
2015 11 24 02 50 289  6.7  7.7  0.75  4.17  3.51 242 1020.4   4.6   9.3   1.5 99.0 99.00
2015 11 24 03 50 302  7.5  8.7  0.75  3.85  3.60 264 1020.9   5.2   9.3   1.8 99.0 99.00
2015 11 24 04 50 297  5.3  6.4  0.69  3.85  3.50 265 1021.5   5.6   9.3   2.0 99.0 99.00
2015 11 24 05 50 286  5.3  7.0  0.57  3.85  3.39 267 1021.7   5.6   9.3   2.4 99.0 99.00
2015 11 24 06 50 291  5.0  6.1  0.55  3.85  3.28 257 1022.2   5.6   9.3   2.9 99.0 99.00
2015 11 24 07 50 297  5.0  6.2  0.54  3.85  3.33 278 1022.9   5.7   9.3   2.5 99.0 99.00
2015 11 24 08 50 312  5.3  6.5  0.58  3.85  3.45 282 1023.3   5.9   9.3   1.1 99.0 99.00
2015 11 24 09 50 318  5.6  6.8  0.48  3.70  3.35 289 1024.0   5.6   9.3   1.7 99.0 99.00
2015 11 24 10 50 329  4.3  5.6  0.50  3.70  3.29 283 1024.7   5.6   9.3   1.6 99.0 99.00
2015 11 24 11 50 333  3.1  4.1  0.46  3.85  3.26 303 1025.6   5.6   9.3   0.9 99.0 99.00
2015 11 24 12 50 325  2.8  3.6  0.39  3.57  3.25 305 1026.2   5.8   9.3   0.2 99.0 99.00
2015 11 24 13 50 342  2.2  3.2  0.37  3.23  3.18 315 1026.8   6.0   9.3  -1.1 99.0 99.00
2015 11 24 14 50  33  1.1  1.9  0.32  3.57  3.19 327 1027.1   6.4   9.3  -1.0 99.0 99.00
2015 11 24 15 50  87  1.3  2.1  0.33  3.33  3.25 314 1027.6   6.5   9.3  -0.7 99.0 99.00
2015 11 24 16 50 146  2.0  3.1  0.28  3.45  3.30 344 1027.8   6.8   9.4  -0.5 99.0 99.00
2015 11 24 17 50 163  2.8  3.8  0.27  3.70  3.28 349 1027.5   6.9   9.5   0.0 99.0 99.00
2015 11 24 18 50 166  3.7  4.6  0.22 99.00  3.29 999 1027.0   7.0   9.5   1.3 99.0 99.00
2015 11 24 19 50 173  4.3  5.1  0.19 99.00  3.26 999 1026.4   7.1   9.4   1.4 99.0 99.00
2015 11 24 20 50 177  5.5  6.6 99.00 99.00 99.00 999 1026.4   6.7   9.4   3.4 99.0 99.00
2015 11 24 21 50 161  5.6  6.7  0.33  2.86  2.77 189 1026.3   6.9   9.4   2.9 99.0 99.00
2015 11 24 22 50 158  6.9  7.9  0.41  3.03  2.99 180 1026.2   7.2   9.4   2.0 99.0 99.00
2015 11 24 23 50 140  7.4  8.5 99.00 99.00 99.00 999 1026.1   7.2   9.3   1.7 99.0 99.00
2015 11 25 00 50 142  8.7  9.8  0.63  3.85  3.38 158 1026.1   7.3   9.3   2.5 99.0 99.00
2015 11 25 01 50 146  9.4 11.5  0.73  3.85  3.44 159 1025.9   6.9   9.3   2.9 99.0 99.00
2015 11 25 02 50 145 10.1 12.1  0.94  4.00  3.73 158 1025.4   6.9   9.3   3.3 99.0 99.00
2015 11 25 03 50 147 10.8 12.7  1.18  4.76  3.95 153 1024.9   6.8   9.3   3.7 99.0 99.00
2015 11 25 04 50 148 10.1 11.7  1.41  5.00  4.22 155 1024.9   7.2   9.3   4.6 99.0 99.00
2015 11 25 05 50 149 10.0 11.6  1.44  5.00  4.37 160 1024.7   7.3   9.3   4.5 99.0 99.00
2015 11 25 06 50 158 10.4 11.9  1.36  5.26  4.33 153 1024.5   8.0   9.3   4.4 99.0 99.00
2015 11 25 07 50 164  9.8 11.4  1.47  5.26  4.36 158 1024.5   7.9   9.3   5.0 99.0 99.00
2015 11 25 08 50 165 10.3 11.9  1.30  5.26  4.29 159 1024.2   8.5   9.2   5.2 99.0 99.00
2015 11 25 09 50 166  9.9 11.7  1.41  5.26  4.35 163 1024.1   8.8   9.1   5.2 99.0 99.00
2015 11 25 10 50 163  9.8 12.2  1.37  5.26  4.30 159 1023.6   8.6   9.0   5.5 99.0 99.00
2015 11 25 11 50 166 10.2 11.8  1.30  5.26  4.24 171 1023.6   8.6   8.9   5.2 99.0 99.00
2015 11 25 12 50 171 10.3 12.5  1.24  5.00  4.26 168 1023.7   8.9   8.9   5.2 99.0 99.00
2015 11 25 13 50 172 10.6 12.8  1.48  5.26  4.52 179 1024.0   8.9   8.8   4.7 99.0 99.00
2015 11 25 14 50 174 10.1 12.6  1.53  5.26  4.54 178 1024.4   8.9   8.7   4.6 99.0 99.00
2015 11 25 15 50 173 10.7 12.6  1.65  5.56  4.69 180 1023.9   8.9   8.8   4.6 99.0 99.00
2015 11 25 16 50 176 11.2 13.9  1.75  5.88  4.82 181 1023.2   9.2   8.8   4.1 99.0 99.00
2015 11 25 17 50 174 10.2 12.5  1.64  5.56  4.70 184 1022.9   9.1   8.8   4.8 99.0 99.00
2015 11 25 18 50 171 11.3 13.1  1.69  5.88  4.74 168 1022.4   9.2   8.9   4.2 99.0 99.00
2015 11 25 19 50 170 10.8 12.5  1.73  5.88  4.85 176 1021.6   9.3   8.9   4.5 99.0 99.00
2015 11 25 20 50 169 10.5 12.5  1.66  5.88  4.71 185 1021.7   9.5   8.9   5.0 99.0 99.00
2015 11 25 21 50 166 10.7 12.7  1.61  5.88  4.53 184 1021.6   9.9   8.9   5.4 99.0 99.00
2015 11 25 22 50 164 10.9 13.0  1.57  5.56  4.66 182 1021.7  10.0   8.9   5.8 99.0 99.00
2015 11 25 23 50 166 10.6 12.5  1.56  5.56  4.55 185 1021.9  10.1   8.9   6.2 99.0 99.00
2015 11 26 00 50 172 10.8 13.0  1.49  5.26  4.41 176 1022.4  10.5   8.8   5.8 99.0 99.00
2015 11 26 01 50 178 10.6 13.5  1.45  5.56  4.34 181 1022.6   9.8   8.8   6.1 99.0 99.00
2015 11 26 02 50 184 11.0 13.4  1.48  5.56  4.39 176 1022.6  10.4   8.8   5.7 99.0 99.00
2015 11 26 03 50 184 11.9 13.8  1.47  5.56  4.33 178 1022.2  10.2   8.8   5.7 99.0 99.00
2015 11 26 04 50 192 10.5 13.1  1.65  5.26  4.66 184 1023.2  10.3   8.8   6.1 99.0 99.00
2015 11 26 05 50 185 10.9 12.9  1.64  6.25  4.67 184 1022.4  10.2   8.9   6.7 99.0 99.00
2015 11 26 06 50 190 10.4 12.6  1.66  5.88  4.78 178 1022.6  10.2   8.9   7.1 99.0 99.00
2015 11 26 07 50 193  9.4 10.6  1.53  5.88  4.68 177 1023.2   9.9   8.8   8.0 99.0 99.00
2015 11 26 08 50 192  8.8 10.5  1.52  5.56  4.61 185 1023.3   9.2   8.7   8.7 99.0 99.00
2015 11 26 09 50 195  8.7 10.4  1.42  5.88  4.65 175 1023.3   9.3   8.7   9.0 99.0 99.00
2015 11 26 10 50 196  8.0  9.3  1.20  5.56  4.30 180 1023.6   9.3   8.7   9.3 99.0 99.00
2015 11 26 11 50 188  7.8  9.4  1.12  5.26  4.25 172 1023.4   9.6   8.7   9.3 99.0 99.00
2015 11 26 12 50 187  7.8  9.3  0.96  5.26  4.09 176 1024.0   9.6   8.7   9.4 99.0 99.00
2015 11 26 13 50 185  8.0  9.4  0.93  5.00  4.01 181 1023.9   9.9   8.7   9.2 99.0 99.00
2015 11 26 14 50 187  8.8 10.0  0.98  5.00  4.00 182 1024.2  10.1   8.7   9.2 99.0 99.00
2015 11 26 15 50 186  9.1 10.4  1.04  5.00  4.00 186 1024.1  10.3   8.7   9.2 99.0 99.00
2015 11 26 16 50 185  9.9 11.8  1.09  4.76  4.05 187 1023.8  10.6   8.8   9.2 99.0 99.00
2015 11 26 17 50 185  9.6 11.4  1.09  5.26  4.00 187 1022.8  10.4   8.8   9.3 99.0 99.00
2015 11 26 18 50 182  9.8 11.3  1.08  5.26  3.94 188 1021.9  10.5   8.8   9.5 99.0 99.00
2015 11 26 19 50 182 10.2 11.8  1.26  5.26  4.11 187 1020.9  10.3   8.8  10.0 99.0 99.00
2015 11 26 20 50 179  9.9 11.6  1.05  4.76  3.98 196 1020.3  10.8   8.8  10.1 99.0 99.00
2015 11 26 21 50 180 10.2 11.9  1.09  5.00  3.95 190 1020.0  11.2   8.9  10.5 99.0 99.00
2015 11 26 22 50 185 10.3 11.9  1.21  5.26  4.07 184 1020.3  11.8   9.0  10.5 99.0 99.00
2015 11 26 23 50 185  9.7 11.2  1.26  5.00  4.15 182 1020.7  11.7   9.1  10.3 99.0 99.00
2015 11 27 00 50 182 10.4 12.4  1.20  5.00  4.13 186 1020.5  12.0   9.1  10.3 99.0 99.00
2015 11 27 01 50 184 10.4 12.2  1.14  5.00  4.00 193 1020.9  11.5   9.1  10.0 99.0 99.00
2015 11 27 02 50 184 10.2 12.4  1.15  5.26  4.14 202 1020.7  11.5   9.1   9.9 99.0 99.00
2015 11 27 03 50 185  9.9 11.7  1.24  5.00  4.16 189 1020.7  11.3   9.1   9.8 99.0 99.00
2015 11 27 04 50 190 10.1 11.5  1.24  5.00  4.26 193 1020.5  11.5   9.1   9.6 99.0 99.00
2015 11 27 05 50 194  8.7 10.2  1.20  5.00  4.15 193 1020.7  10.9   9.1   9.5 99.0 99.00
2015 11 27 06 50 219  5.4  6.1  1.14  5.00  4.27 189 1021.0  10.1   9.0  10.0 99.0 99.00
2015 11 27 07 50 352  6.1  7.5  0.97  5.00  4.26 188 1021.1   8.1   9.0   8.1 99.0 99.00
2015 11 27 08 50 340 11.7 13.4  0.90  5.00  3.79 183 1021.9   6.8   9.0   6.5 99.0 99.00
2015 11 27 09 50 357 11.5 13.3  1.61  6.25  4.60 316 1021.7   6.3   8.9   5.6 99.0 99.00
2015 11 27 10 50 345 12.1 14.6  2.08  6.25  5.22 339 1022.7   6.4   8.8   5.3 99.0 99.00
2015 11 27 11 50 348 13.7 16.6  2.48  7.14  5.50 346 1023.6   5.2   8.8   4.8 99.0 99.00
2015 11 27 12 50 350 13.9 16.9  3.11  7.69  6.18 348 1024.9   5.6   8.8   4.0 99.0 99.00
2015 11 27 13 50 351 12.8 15.6  3.11  8.33  6.14 356 1026.3   5.5   8.8   4.0 99.0 99.00
2015 11 27 14 50 358 12.4 15.1  3.04  7.69  6.22 352 1026.8   5.4   8.8   3.8 99.0 99.00
2015 11 27 15 50 350 12.6 15.0  3.01  8.33  6.18 355 1027.8   5.0   8.8   3.4 99.0 99.00
2015 11 27 16 50 351 12.9 15.6  2.97  7.14  6.13 352 1028.1   4.5   8.8   2.7 99.0 99.00
2015 11 27 17 50 351 13.1 15.3  2.85  8.33  6.16 359 1028.0   4.4   8.8   2.1 99.0 99.00
2015 11 27 18 50 352 13.4 15.9  2.99  7.69  6.23 355 1028.0   4.1   8.8   1.8 99.0 99.00
2015 11 27 19 50 352 13.4 16.4  2.89  8.33  6.22 354 1028.2   4.1   8.8   1.9 99.0 99.00
2015 11 27 20 50 349 13.3 16.5  3.15  7.69  6.17 356 1029.0   3.9   8.8   1.5 99.0 99.00
2015 11 27 21 50 359 12.6 15.7  3.54  8.33  6.63 360 1028.9   4.0   8.8   1.7 99.0 99.00
2015 11 27 22 50   2 12.1 14.4  3.08  8.33  6.19 355 1029.6   4.0   8.8   1.3 99.0 99.00
2015 11 27 23 50  14 11.4 14.2  2.67  8.33  5.88 355 1029.8   3.9   8.9   0.9 99.0 99.00
2015 11 28 00 50  20  9.9 12.2  2.35  7.69  5.69 354 1030.0   3.5   8.9  -0.5 99.0 99.00
2015 11 28 01 50  15  8.6 10.3  2.17  7.69  5.62 356 1030.6   3.2   8.9  -0.4 99.0 99.00
2015 11 28 02 50  22  9.0 11.3  1.88  7.69  5.45 351 1030.1   3.0   8.9  -0.1 99.0 99.00
2015 11 28 03 50  26  8.0  9.7  1.79  7.14  5.36 350 1030.3   2.8   8.9  -0.8 99.0 99.00
2015 11 28 04 50  23  7.8  9.8  1.58  7.69  5.06 352 1030.3   2.6   9.0  -0.7 99.0 99.00
2015 11 28 05 50  24  7.7  9.4  1.56  6.67  5.19 351 1030.0   2.5   9.0  -0.9 99.0 99.00
2015 11 28 06 50  24  7.3  8.6  1.48  7.14  5.10 351 1029.8   2.4   9.0  -0.9 99.0 99.00
2015 11 28 07 50  20  7.4  9.7  1.36  6.67  4.86 352 1030.0   2.3   9.0  -1.0 99.0 99.00
2015 11 28 08 50  23  7.8  9.5  1.27  6.67  4.67 352 1029.6   2.2   9.0  -1.0 99.0 99.00
2015 11 28 09 50  30  6.9  8.6  1.19  6.67  4.65 354 1029.8   2.0   9.0  -1.7 99.0 99.00
2015 11 28 10 50  34  7.1  8.4  1.17  6.67  4.52 342 1029.8   2.0   8.9  -1.6 99.0 99.00
2015 11 28 11 50  37  7.0  8.8  1.13  5.56  4.50 349 1030.1   1.9   8.9  -1.3 99.0 99.00
2015 11 28 12 50  36  5.8  7.8  1.08  5.00  4.29 346 1030.5   1.6   8.9  -2.1 99.0 99.00
2015 11 28 13 50  17  6.1  8.3  0.98  5.56  4.24 344 1030.6   1.5   8.9  -2.5 99.0 99.00
2015 11 28 14 50  14  6.7  8.6  0.95  5.56  4.20 349 1030.7   1.3   8.9  -2.7 99.0 99.00
2015 11 28 15 50  26  6.2  8.0  0.92  5.26  4.11 356 1030.5   1.0   8.9  -2.6 99.0 99.00
2015 11 28 16 50  23  5.6  7.6  0.85  4.76  3.98 356 1030.3   0.9   8.9  -2.5 99.0 99.00
2015 11 28 17 50  15  5.6  6.8  0.83  5.00  4.09 354 1029.7   1.1   8.9  -2.2 99.0 99.00
2015 11 28 18 50  10  6.2  7.3  0.74  4.76  3.93 352 1028.8   1.4   8.9  -2.5 99.0 99.00
2015 11 28 19 50  13  6.4  8.6  0.70  4.55  3.75 351 1028.7   1.7   8.9  -3.4 99.0 99.00
2015 11 28 20 50   8  5.3  6.7  0.68  4.55  3.67 353 1029.0   1.8   8.9  -2.4 99.0 99.00
2015 11 28 21 50   2  4.7  6.4  0.61  4.17  3.63 350 1028.8   1.9   8.9  -2.0 99.0 99.00
2015 11 28 22 50   3  5.0  6.5  0.55  4.00  3.57 342 1028.6   2.3   8.9  -1.6 99.0 99.00
2015 11 28 23 50   7  5.5  7.3  0.53  4.76  3.64 344 1028.8   2.7   8.9  -1.2 99.0 99.00
2015 11 29 00 50 359  5.2  7.0  0.52  4.17  3.47 344 1028.5   2.7   8.8  -1.1 99.0 99.00
2015 11 29 01 50 359  5.5  7.2  0.53  4.00  3.44 345 1028.5   2.5   8.8  -1.1 99.0 99.00
2015 11 29 02 50   2  4.1  5.7  0.50  3.85  3.39 349 1028.8   2.5   8.8  -2.9 99.0 99.00
2015 11 29 03 50 354  3.9  5.1  0.41  4.17  3.30 349 1029.0   2.6   8.8  -4.2 99.0 99.00
2015 11 29 04 50 351  3.9  5.7  0.32  3.70  3.17 353 1029.2   2.9   8.8  -3.1 99.0 99.00
2015 11 29 05 50 352  3.9  5.4  0.30  3.70  3.09 341 1028.8   3.1   8.8  -2.9 99.0 99.00
2015 11 29 06 50 358  4.3  5.6  0.28  3.13  3.10 357 1028.3   3.3   8.8  -3.2 99.0 99.00
2015 11 29 07 50 347  4.3  5.9  0.27  2.74  2.87 349 1028.4   3.2   8.8  -2.7 99.0 99.00
2015 11 29 08 50 343  4.2  5.5  0.26  2.86  2.86 345 1028.7   3.2   8.8  -2.1 99.0 99.00
2015 11 29 09 50 342  3.9  5.0  0.25 99.00  2.94 999 1028.8   3.2   8.8  -2.6 99.0 99.00
2015 11 29 10 50 346  3.9  5.0  0.28  2.94  2.99 341 1028.7   3.3   8.8  -2.9 99.0 99.00
2015 11 29 11 50 355  4.0  4.9  0.27  3.03  2.96 343 1028.5   3.2   8.8  -2.2 99.0 99.00
2015 11 29 12 50  15  3.1  5.3  0.34  3.70  3.26 329 1028.8   3.4   8.8  -1.7 99.0 99.00
2015 11 29 13 50  46  3.1  4.2  0.34  3.45  3.33 339 1028.9   3.6   8.8  -2.1 99.0 99.00
2015 11 29 14 50  61  1.0  1.9  0.33  3.85  3.36 340 1029.5   4.2   8.8  -2.3 99.0 99.00
2015 11 29 15 50 317  1.8  2.6  0.29  3.85  3.34 338 1029.9   4.0   8.9  -1.8 99.0 99.00
2015 11 29 16 50  10  3.8  5.1  0.32  3.70  3.43 343 1029.0   4.0   8.9  -1.5 99.0 99.00
2015 11 29 17 50  34  3.6  5.4  0.27  3.85  3.42 339 1028.1   4.2   8.9  -0.8 99.0 99.00
2015 11 29 18 50  85  4.4  5.5  0.30  3.85  3.40 341 1027.6   4.2   8.9   1.1 99.0 99.00
2015 11 29 19 50  52  2.7  4.2  0.27  4.00  3.15 343 1027.5   3.6   9.0   0.3 99.0 99.00
2015 11 29 20 50  36  3.7  5.4  0.28  3.85  3.09 337 1027.4   3.8   8.9   0.0 99.0 99.00
2015 11 29 21 50  44  3.2  4.7  0.30  3.85  3.00 337 1027.7   3.9   8.9  -0.1 99.0 99.00
2015 11 29 22 50  26  4.4  5.4  0.28  2.74  3.00  51 1028.1   4.4   8.9  -0.6 99.0 99.00
2015 11 29 23 50  48  5.2  6.3  0.27  4.00  3.05 353 1027.7   4.7   8.9  -0.9 99.0 99.00
2015 11 30 00 50  73  5.1  6.4  0.28  2.74  3.00  59 1027.7   5.2   8.9  -1.4 99.0 99.00
2015 11 30 01 50  86  6.2  7.1  0.33  2.60  2.76  54 1027.3   5.3   8.9  -1.7 99.0 99.00
2015 11 30 02 50 101  7.3  8.9  0.40  2.94  2.82  66 1026.9   5.0   8.9  -1.5 99.0 99.00
2015 11 30 03 50 108  7.0  8.9  0.52  3.13  3.04  83 1027.2   4.7   8.9  -2.3 99.0 99.00
2015 11 30 04 50 117  7.2  8.7  0.61  3.57  3.29  89 1026.9   4.5   8.8  -1.3 99.0 99.00
2015 11 30 05 50 113  8.1  9.3  0.63  4.00  3.43  95 1026.2   4.4   8.8  -1.7 99.0 99.00
2015 11 30 06 50 108  8.2  9.8  0.71  4.17  3.47  87 1025.8   4.4   8.8  -1.3 99.0 99.00
2015 11 30 07 50 107  7.6  9.2  0.73  4.17  3.63  91 1025.5   4.2   8.8  -0.7 99.0 99.00
2015 11 30 08 50 100  6.4  7.8  0.78  4.55  3.74  94 1024.9   4.3   8.8  -0.2 99.0 99.00
2015 11 30 09 50  98  5.4  6.6  0.73  4.35  3.72  98 1024.7   4.0   8.8   0.2 99.0 99.00
2015 11 30 10 50 107  6.1  7.2  0.66  4.55  3.75  97 1024.0   4.0   8.8   0.6 99.0 99.00
2015 11 30 11 50 115  4.6  5.7  0.64  4.00  3.69 105 1024.8   4.2   8.8   0.9 99.0 99.00
2015 11 30 12 50 107  5.4  6.6  0.61  4.00  3.58 104 1024.5   4.2   8.8   1.6 99.0 99.00
2015 11 30 13 50  92  5.1  6.2  0.57  4.00  3.58  99 1024.7   4.3   8.8   1.7 99.0 99.00
2015 11 30 14 50  86  8.2  9.8  0.55  3.85  3.42  83 1023.9   4.3   8.8   2.1 99.0 99.00
2015 11 30 15 50 103  7.8  9.4  0.64  3.57  3.34  88 1023.8   4.4   8.8   2.1 99.0 99.00
2015 11 30 16 50  99  7.7  9.7  0.74  3.85  3.50  94 1023.4   4.6   8.8   2.0 99.0 99.00
2015 11 30 17 50  83  7.8  9.2  0.70  4.17  3.47  86 1022.3   4.9   8.8   2.0 99.0 99.00
2015 11 30 18 50  73  9.1 10.8  0.76  3.85  3.49  84 1020.8   5.6   8.7   2.6 99.0 99.00
2015 11 30 19 50  78 10.4 12.6  0.87  4.17  3.68  69 1019.4   6.2   8.7   2.5 99.0 99.00
2015 11 30 20 50  76 11.8 14.1  1.10  4.55  3.82  58 1017.9   6.6   8.6   2.3 99.0 99.00
2015 11 30 21 50  89 10.5 12.2  1.30  4.55  4.16  68 1017.9   6.9   8.5   2.2 99.0 99.00
2015 11 30 22 50  93 12.0 14.4  1.31  5.00  4.26  72 1016.9   7.0   8.4   2.7 99.0 99.00
2015 11 30 23 50  98 12.4 14.6  1.34  5.00  4.30  78 1016.4   7.0   8.4   2.4 99.0 99.00
2015 12 01 00 50  96 12.0 13.6  1.52  5.26  4.45  79 1016.0   6.8   8.5   2.5 99.0 99.00
2015 12 01 01 50 100 12.6 14.8  1.53  5.26  4.47  76 1015.0   6.9   8.6   2.2 99.0 99.00
2015 12 01 02 50 101 12.7 15.1  1.54  5.26  4.50  75 1014.0   6.9   8.6   1.9 99.0 99.00
2015 12 01 03 50 111 12.1 15.1  1.72  5.56  4.67  73 1013.3   7.2   8.7   1.9 99.0 99.00
2015 12 01 04 50 121 10.5 12.2  1.78  5.56  4.73  90 1012.9   6.7   8.7   3.5 99.0 99.00
2015 12 01 05 50 124  6.2  7.7  1.56  5.88  4.64  93 1013.7   5.6   8.7   4.9 99.0 99.00
2015 12 01 06 50 114  7.3  8.4  1.77  5.56  4.91 104 1012.8   5.9   8.7   5.5 99.0 99.00
2015 12 01 07 50 118  6.5  7.7  1.44  5.56  4.65 101 1012.1   6.1   8.8   5.9 99.0 99.00
2015 12 01 08 50 111  9.0 10.8  1.29  5.26  4.45 116 1010.1   6.4   8.8   6.2 99.0 99.00
2015 12 01 09 50 126  8.0  9.2  1.20  5.00  4.23 115 1009.7   6.4   8.7   6.3 99.0 99.00
2015 12 01 10 50 144  8.0  9.2  1.12  4.55  4.13 131 1009.4   6.8   8.7   6.7 99.0 99.00
2015 12 01 11 50 158  8.1  9.3  0.92  4.76  3.97 137 1008.7   7.2   8.7   7.1 99.0 99.00
2015 12 01 12 50 182  8.6 11.1  0.99  4.55  3.89 154 1008.2   7.6   8.7   7.5 99.0 99.00
2015 12 01 13 50 227  9.0 10.5  0.88  4.76  3.79 171 1008.3   7.0   8.7   6.3 99.0 99.00
2015 12 01 14 50 228  9.8 11.8  0.81  4.76  3.61 165 1008.9   6.9   8.7   5.2 99.0 99.00
2015 12 01 15 50 237 11.7 14.0  1.04  4.00  3.72 226 1009.3   6.3   8.7   3.0 99.0 99.00
2015 12 01 16 50 232  9.2 11.2  1.11  4.76  3.89 206 1009.2   6.2   8.7   2.4 99.0 99.00
2015 12 01 17 50 221 10.1 11.8  1.18  4.76  4.06 223 1009.0   5.2   8.7   1.3 99.0 99.00
2015 12 01 18 50 232  8.9 10.8  1.25  5.26  4.16 212 1009.2   4.8   8.7   0.9 99.0 99.00
2015 12 01 19 50 226  8.5 10.3  1.12  5.26  4.05 210 1009.5   5.2   8.7  -0.6 99.0 99.00
2015 12 01 20 50 235  7.9  9.5  1.07  5.26  4.00 205 1009.5   5.5   8.7  -0.4 99.0 99.00
2015 12 01 21 50 216  7.2  8.9  0.93  5.00  3.88 211 1009.8   5.7   8.7  -0.7 99.0 99.00
2015 12 01 22 50 218  7.8 10.6  0.92  4.76  3.78 206 1010.3   5.9   8.7  -0.2 99.0 99.00
2015 12 01 23 50 212  7.6  9.0  0.89  4.55  3.72 218 1010.7   6.2   8.7   0.3 99.0 99.00
2015 12 02 00 50 211  8.0  9.9  0.83  4.76  3.67 203 1010.4   6.4   8.7   0.6 99.0 99.00
2015 12 02 01 50 198  6.7  8.8  0.77  4.76  3.65 196 1010.1   6.5   8.7   0.6 99.0 99.00
2015 12 02 02 50 193  9.8 11.2  0.79  4.55  3.51 208 1009.5   6.6   8.6   1.5 99.0 99.00
2015 12 02 03 50 183  9.7 11.1  0.97  4.55  3.81 194 1009.1   6.7   8.6   2.7 99.0 99.00
2015 12 02 04 50 193 10.6 12.9  1.15  4.76  4.05 192 1008.9   6.7   8.6   3.3 99.0 99.00
2015 12 02 05 50 202 10.8 13.1  1.32  5.26  4.32 189 1008.7   6.3   8.6   3.3 99.0 99.00
2015 12 02 06 50 216  8.6 10.6  1.38  5.56  4.43 192 1008.6   5.7   8.6   2.6 99.0 99.00
2015 12 02 07 50 278  4.7  6.1  1.35  5.56  4.67 188 1008.4   4.1   8.6   2.7 99.0 99.00
2015 12 02 08 50 297  3.7  4.6  1.10  5.56  4.47 181 1008.2   3.5   8.6   2.3 99.0 99.00
2015 12 02 09 50 296  2.8  4.0  0.93  5.56  4.38 184 1007.7   3.0   8.6   2.0 99.0 99.00
2015 12 02 10 50 303  3.9  4.9  0.84  5.26  4.16 180 1007.2   2.5   8.6   1.7 99.0 99.00
2015 12 02 11 50 305  4.7  5.7  0.71  5.26  4.11 179 1007.1   1.8   8.5   1.3 99.0 99.00
