#YY  MM DD hh mm WDIR WSPD GST  WVHT   DPD   APD MWD   PRES  ATMP  WTMP  DEWP  VIS  TIDE
#yr  mo dy hr mn degT m/s  m/s     m   sec   sec degT   hPa  degC  degC  degC   mi    ft
2016 04 19 23 50  47  4.4  5.2 99.00 99.00 99.00 999 1023.8   7.2   7.1   4.3 99.0 99.00
2016 04 20 00 50  53  9.1 10.4  0.58  5.56  3.73  29 1022.4   7.2   5.9   4.0 99.0 99.00
2016 04 20 01 50  69  7.9  9.0  0.59  5.00  3.52  23 1022.9   7.6   5.4   4.0 99.0 99.00
2016 04 20 02 50  76  6.1  7.1  0.61  5.00  3.44  19 1023.2   7.7   5.3   4.0 99.0 99.00
2016 04 20 03 50  76  4.4  5.5  0.57  5.00  3.46  27 1023.5   7.4   5.2   4.0 99.0 99.00
2016 04 20 04 50  69  6.7  8.1  0.52  5.00  3.64  29 1023.3   8.9   5.1   4.0 99.0 99.00
2016 04 20 05 50  86  5.5  6.6  0.51  5.00  3.58  12 1023.0   7.2   5.0   4.4 99.0 99.00
2016 04 20 06 50  90  5.7  6.2  0.49  5.00  3.66  12 1022.5   7.1   5.0   4.6 99.0 99.00
2016 04 20 07 50 213  2.3  3.3  0.54  5.00  3.49   5 1022.4   7.2   4.9   4.2 99.0 99.00
2016 04 20 08 50  91  4.1  4.4  0.49  5.00  3.68   9 1021.9   7.6   4.9   4.2 99.0 99.00
2016 04 20 09 50  85  4.8  5.2  0.49  4.35  3.53   8 1021.8   7.5   4.8   3.9 99.0 99.00
2016 04 20 10 50  92  5.2  5.7  0.43  4.76  3.42  11 1021.7   7.1   4.8   3.9 99.0 99.00
2016 04 20 11 50  91  5.5  6.1  0.52  3.33  3.47  75 1021.3   6.6   4.8   4.0 99.0 99.00
2016 04 20 12 50  96  6.1  7.0  0.46  3.13  3.39  72 1020.9   6.8   4.8   3.6 99.0 99.00
2016 04 20 13 50 102  5.4  6.0  0.44  3.33  3.22  56 1020.6   6.9   4.8   3.5 99.0 99.00
2016 04 20 14 50 103  5.0  5.6  0.44  3.33  3.17  64 1020.6   6.8   4.8   3.8 99.0 99.00
2016 04 20 15 50 100  5.5  6.0  0.42  3.13  3.10 108 1020.1   7.3   4.9   3.4 99.0 99.00
2016 04 20 16 50 108  4.3  5.0  0.42  3.03  3.05 112 1019.6   7.6   4.9   3.0 99.0 99.00
2016 04 20 17 50 107  3.8  4.1  0.45  3.70  3.21 128 1019.0   7.7   5.0   2.9 99.0 99.00
2016 04 20 18 50  95  3.7  3.9  0.44  4.17  3.38 105 1018.1   8.9   5.0   2.3 99.0 99.00
2016 04 20 19 50  98  2.4  3.1  0.45  4.00  3.46 129 1017.3   9.0   5.1   2.5 99.0 99.00
2016 04 20 20 50  98  3.4  3.8  0.45  4.00  3.46 141 1016.3   8.2   5.1   3.1 99.0 99.00
2016 04 20 21 50  90  4.0  4.9  0.38  3.57  3.43 133 1015.5   8.1   5.2   3.4 99.0 99.00
2016 04 20 22 50 108  4.5  4.7  0.31  3.70  3.29 142 1015.1  10.2   5.1   3.1 99.0 99.00
2016 04 20 23 50 115  3.5  3.8  0.27  3.33  3.17 133 1014.8   9.3   5.1   3.6 99.0 99.00
2016 04 21 00 50 131  3.7  4.3  0.23 99.00  3.08 999 1014.3   8.8   5.1   4.5 99.0 99.00
2016 04 21 01 50 134  3.8  4.1  0.20 99.00  3.01 999 1014.2   8.7   5.1   5.0 99.0 99.00
2016 04 21 02 50 197  5.5  6.2  0.20 99.00  3.00 999 1015.2   8.6   5.0   5.7 99.0 99.00
2016 04 21 03 50 185  2.5  2.8  0.18 99.00  3.02 999 1014.8   8.0   5.0   6.9 99.0 99.00
2016 04 21 04 50 132  3.7  3.9  0.17 99.00  3.02 999 1014.4   7.1   5.0   6.7 99.0 99.00
2016 04 21 05 50 126  3.6  4.0  0.16 99.00  2.86 999 1013.7   7.3   5.0   7.3 99.0 99.00
2016 04 21 06 50 121  4.8  5.3  0.13 99.00  2.81 999 1013.0   7.1   5.0   7.1 99.0 99.00
2016 04 21 07 50 117  5.0  5.5  0.13 99.00  2.78 999 1011.9   7.0   4.9   7.0 99.0 99.00
2016 04 21 08 50 116  5.1  6.2  0.16 99.00  2.42 999 1011.5   7.1   4.9   7.1 99.0 99.00
2016 04 21 09 50 116  4.4  4.8  0.21 99.00  2.49 999 1011.0   6.5   4.9   6.5 99.0 99.00
2016 04 21 10 50 131  5.0  5.7  0.18 99.00  2.46 999 1011.0   6.8   4.9   6.8 99.0 99.00
2016 04 21 11 50 126  4.9  5.5  0.16 99.00  2.45 999 1011.0   6.8   4.9   6.8 99.0 99.00
2016 04 21 12 50 120  4.0  4.7  0.26  2.94  2.86 114 1010.6   6.5   4.8   6.5 99.0 99.00
2016 04 21 13 50 128  4.0  4.5  0.22 99.00  2.78 999 1010.5   6.2   4.8   6.2 99.0 99.00
2016 04 21 14 50 146  3.1  4.1  0.21 99.00  2.72 999 1010.5   6.3   4.8   6.3 99.0 99.00
2016 04 21 15 50 168  3.2  3.7  0.18 99.00  2.69 999 1010.4   6.7   4.8   6.7 99.0 99.00
2016 04 21 16 50 152  3.3  3.6  0.18 99.00  2.70 999 1010.2   6.8   4.9   6.8 99.0 99.00
2016 04 21 17 50 165  2.8  3.4  0.12 99.00  2.61 999 1010.0   6.4   5.0   6.4 99.0 99.00
2016 04 21 18 50 162  1.6  1.9  0.11 99.00  2.66 999 1009.3   6.7   5.1   6.7 99.0 99.00
2016 04 21 19 50 134  2.5  2.9  0.10 99.00  2.68 999 1008.9   6.5   5.2   6.5 99.0 99.00
2016 04 21 20 50 141  1.5  2.1  0.08 99.00  2.50 999 1008.5   6.2   5.4   6.2 99.0 99.00
2016 04 21 21 50 115  1.2  1.8  0.05 99.00  2.67 999 1008.6   6.1   5.5   6.1 99.0 99.00
2016 04 21 22 50 100  2.2  2.5  0.06 99.00  2.64 999 1008.9   6.2   5.6   6.2 99.0 99.00
2016 04 21 23 50 105  2.1  2.4  0.05 99.00  2.51 999 1009.1   6.1   5.6   6.1 99.0 99.00
2016 04 22 00 50 119  3.1  3.4  0.05 99.00  2.68 999 1009.2   6.2   5.5   6.2 99.0 99.00
2016 04 22 01 50 134  2.3  2.6  0.03 99.00  2.78 999 1009.4   5.8   5.4   5.8 99.0 99.00
2016 04 22 02 50 148  1.6  2.4  0.04 99.00  2.94 999 1009.6   6.1   5.3   6.1 99.0 99.00
2016 04 22 03 50 190  3.3  3.6  0.03 99.00  3.09 999 1009.5   7.0   5.2   7.0 99.0 99.00
2016 04 22 04 50 226  1.9  2.1 99.00 99.00 99.00 999 1010.2   7.8   5.1   7.8 99.0 99.00
2016 04 22 05 50 172  2.8  4.1  0.04 99.00  3.03 999 1010.2   8.1   5.1   8.1 99.0 99.00
2016 04 22 06 50 213  2.3  2.6  0.04 99.00  2.98 999 1010.1   6.5   5.1   6.5 99.0 99.00
2016 04 22 07 50  19  5.1  7.0  0.03 99.00  3.34 999 1010.6   6.5   5.0   6.5 99.0 99.00
2016 04 22 08 50  57  4.2  4.8  0.03 99.00  4.19 999 1010.5   5.8   5.0   5.8 99.0 99.00
2016 04 22 09 50  96  1.2  1.8  0.06 99.00  2.30 999 1011.0   5.7   5.0   5.7 99.0 99.00
2016 04 22 10 50   7  8.8 10.4  0.23 99.00  2.44 999 1012.2   4.5   5.0   4.5 99.0 99.00
2016 04 22 11 50  12 11.0 13.4  0.72  3.33  3.16  35 1013.1   4.2   4.9   4.2 99.0 99.00
2016 04 22 12 50  17 11.3 13.6  1.19  4.35  4.02  31 1014.1   4.3   4.8   4.3 99.0 99.00
2016 04 22 13 50  21 10.8 13.7  1.77  5.88  4.85  39 1015.2   4.2   4.7   4.2 99.0 99.00
2016 04 22 14 50  17 11.7 14.5  1.86  6.67  5.05  40 1016.0   4.1   4.7   4.1 99.0 99.00
2016 04 22 15 50  15 12.3 14.9  2.36  6.67  5.32  37 1016.5   4.1   4.6   3.6 99.0 99.00
2016 04 22 16 50  14 12.4 14.7  2.37  7.14  5.52  36 1017.4   4.1   4.5   3.1 99.0 99.00
2016 04 22 17 50  14 11.7 13.9  2.30  7.14  5.45  45 1018.0   4.0   4.4   3.0 99.0 99.00
2016 04 22 18 50  11 10.8 13.0  2.20  7.14  5.39  41 1018.2   3.9   4.4   3.1 99.0 99.00
2016 04 22 19 50   8 10.9 12.9  2.35  7.14  5.49  48 1018.5   3.8   4.4   2.9 99.0 99.00
2016 04 22 20 50   6 11.1 13.6  2.06  7.14  5.32  46 1018.4   3.9   4.4   3.0 99.0 99.00
2016 04 22 21 50   6 11.5 13.6  2.20  7.14  5.53  44 1018.7   3.9   4.3   2.7 99.0 99.00
2016 04 22 22 50   3 11.0 12.8  2.08  7.69  5.44  43 1019.3   4.0   4.3   2.8 99.0 99.00
2016 04 22 23 50   7 10.7 12.9  1.99  7.69  5.29  47 1019.4   4.1   4.3   2.7 99.0 99.00
2016 04 23 00 50   9 10.1 12.7  1.88  6.67  5.13  53 1019.5   4.2   4.2   2.8 99.0 99.00
2016 04 23 01 50   6  9.0 10.8  1.98  7.14  5.32  49 1019.9   4.4   4.2   2.8 99.0 99.00
2016 04 23 02 50  13  8.3  9.7  1.59  6.67  4.98  41 1020.4   4.5   4.1   2.7 99.0 99.00
2016 04 23 03 50  16  7.9  9.1  1.51  6.67  4.91  47 1020.7   4.6   4.1   2.9 99.0 99.00
2016 04 23 04 50  14  7.3  8.5  1.40  6.25  4.85  43 1020.8   4.5   4.1   3.2 99.0 99.00
2016 04 23 05 50  26  6.0  6.9  1.12  6.25  4.55  44 1021.1   4.7   4.1   3.6 99.0 99.00
2016 04 23 06 50  33  6.3  7.3  1.08  5.56  4.52  38 1021.1   4.8   4.1   3.6 99.0 99.00
2016 04 23 07 50  40  5.3  6.1  0.91  6.25  4.38  34 1021.1   4.9   4.1   3.7 99.0 99.00
2016 04 23 08 50  39  5.3  6.1  0.77  5.88  4.10  34 1021.2   4.8   4.1   3.6 99.0 99.00
2016 04 23 09 50  42  6.0  6.9  0.79  5.56  4.12  39 1021.6   4.7   4.1   3.5 99.0 99.00
2016 04 23 10 50  61  5.4  6.0  0.68  5.88  3.92  27 1021.9   4.7   4.1   3.5 99.0 99.00
2016 04 23 11 50  74  4.1  4.7  0.65  5.56  3.94  22 1022.7   4.8   4.1   3.8 99.0 99.00
2016 04 23 12 50  93  3.7  4.1  0.53  5.26  3.82  13 1023.4   5.1   4.1   4.0 99.0 99.00
2016 04 23 13 50  98  3.3  3.8  0.47  5.00  3.81  12 1023.7   5.1   4.2   3.8 99.0 99.00
2016 04 23 14 50  92  2.4  2.7  0.41  4.55  3.80  10 1024.2   5.1   4.3   3.7 99.0 99.00
2016 04 23 15 50  82  2.2  2.6  0.40  5.00  3.96   9 1024.2   4.9   4.4   3.8 99.0 99.00
2016 04 23 16 50  84  2.0  2.2  0.36  4.76  3.74   7 1023.6   5.1   4.5   3.8 99.0 99.00
2016 04 23 17 50  45  1.9  2.2  0.32  4.55  3.72  28 1023.3   5.0   4.7   4.0 99.0 99.00
2016 04 23 18 50  29  2.3  2.5  0.31  4.55  3.75  29 1023.0   5.1   4.8   4.5 99.0 99.00
2016 04 23 19 50 348  2.4  2.7  0.30  4.17  3.70  29 1022.4   5.1   4.9   4.7 99.0 99.00
2016 04 23 20 50  33  2.7  3.0  0.31  4.35  3.77  35 1020.9   5.0   5.0   4.6 99.0 99.00
2016 04 23 21 50  43  2.2  2.5  0.30  4.76  3.77  30 1020.1   5.2   5.1   4.2 99.0 99.00
2016 04 23 22 50  55  3.2  3.5  0.30  4.55  3.87  18 1019.3   5.3   5.0   4.3 99.0 99.00
2016 04 23 23 50  65  3.3  3.9  0.27  5.00  3.83  29 1018.8   5.1   5.0   4.3 99.0 99.00
2016 04 24 00 50  61  2.7  3.3  0.28  4.55  3.94  24 1018.7   5.0   4.8   4.3 99.0 99.00
2016 04 24 01 50  54  2.0  2.3  0.27  4.76  3.97  32 1019.1   4.8   4.7   4.2 99.0 99.00
2016 04 24 02 50  76  3.9  4.4  0.24 99.00  3.88 999 1018.9   4.9   4.6   4.1 99.0 99.00
2016 04 24 03 50  67  3.1  3.4  0.22 99.00  3.76 999 1018.8   5.1   4.5   4.0 99.0 99.00
2016 04 24 04 50  80  3.5  3.9  0.22 99.00  3.67 999 1018.3   5.2   4.5   4.2 99.0 99.00
2016 04 24 05 50  87  3.4  3.7  0.19 99.00  3.64 999 1018.1   5.8   4.4   4.1 99.0 99.00
2016 04 24 06 50 103  4.4  4.9  0.18 99.00  3.49 999 1017.7   5.8   4.4   4.2 99.0 99.00
2016 04 24 07 50 119  4.3  5.2  0.16 99.00  3.35 999 1017.7   6.1   4.4   4.1 99.0 99.00
2016 04 24 08 50 140  4.3  5.5  0.16 99.00  3.39 999 1017.8   6.4   4.4   4.2 99.0 99.00
2016 04 24 09 50 148  6.0  6.7  0.16 99.00  3.02 999 1017.1   6.6   4.3   4.1 99.0 99.00
2016 04 24 10 50 159  4.4  4.9  0.24 99.00  2.67 999 1018.2   6.6   4.3   4.0 99.0 99.00
2016 04 24 11 50 150  6.2  7.0  0.26  2.60  2.64 133 1017.9   6.6   4.3   3.8 99.0 99.00
2016 04 24 12 50 149  7.5  8.3  0.28  2.86  2.69 127 1017.1   6.7   4.3   3.6 99.0 99.00
2016 04 24 13 50 145  6.0  6.8  0.35  3.03  2.80 138 1016.9   6.1   4.3   3.9 99.0 99.00
2016 04 24 14 50 135  5.4  6.4  0.37  2.94  2.87 138 1016.4   6.2   4.3   3.9 99.0 99.00
2016 04 24 15 50 133  4.5  5.1  0.35  3.23  2.96 143 1015.9   6.3   4.4   4.2 99.0 99.00
2016 04 24 16 50 128  4.0  4.4  0.32  3.13  2.99 139 1015.6   6.1   4.4   4.4 99.0 99.00
2016 04 24 17 50 123  2.7  3.0  0.27  3.23  2.92 132 1015.5   6.6   4.5   4.6 99.0 99.00
2016 04 24 18 50 102  4.3  4.6  0.21 99.00  2.84 999 1014.6   7.1   4.6   4.8 99.0 99.00
2016 04 24 19 50 115  4.7  5.2  0.19 99.00  2.80 999 1013.8   7.6   4.6   5.1 99.0 99.00
2016 04 24 20 50  71  4.3  5.1  0.16 99.00  2.78 999 1013.3   7.1   4.7   5.2 99.0 99.00
2016 04 24 21 50  72  6.5  7.2  0.18 99.00  2.87 999 1012.5   7.5   4.7   4.8 99.0 99.00
2016 04 24 22 50  74  6.5  7.2  0.26  2.35  2.59  90 1011.9   8.4   4.7   5.6 99.0 99.00
2016 04 24 23 50  75  6.8  7.3  0.30  2.60  2.62  99 1010.8   8.6   4.6   5.3 99.0 99.00
2016 04 25 00 50  80  6.9  7.7  0.35  2.74  2.72  90 1010.6   9.1   4.6   5.0 99.0 99.00
2016 04 25 01 50  96  7.3  8.1  0.41  3.03  2.82  69 1010.2   9.5   4.5   5.4 99.0 99.00
2016 04 25 02 50 105  6.1  7.0  0.31  2.86  2.78  75 1010.3   8.6   4.5   6.1 99.0 99.00
2016 04 25 03 50 114  5.7  6.4  0.26  2.86  2.74  49 1010.4   8.3   4.5   6.3 99.0 99.00
2016 04 25 04 50 123  4.0  4.4  0.23 99.00  2.75 999 1010.7   7.3   4.4   6.1 99.0 99.00
2016 04 25 05 50 146  5.4  5.9  0.23 99.00  2.79 999 1010.4   7.9   4.4   6.7 99.0 99.00
2016 04 25 06 50 151  6.2  6.8  0.24 99.00  2.70 999 1009.7   8.7   4.4   7.2 99.0 99.00
2016 04 25 07 50 132  4.6  5.1  0.33  2.74  2.72 138 1009.6   7.1   4.4   6.1 99.0 99.00
2016 04 25 08 50 131  5.6  6.2  0.28  2.74  2.73 133 1009.0   7.5   4.4   6.3 99.0 99.00
2016 04 25 09 50 133  6.2  6.9  0.29  2.74  2.76 140 1008.2   8.0   4.4   6.5 99.0 99.00
2016 04 25 10 50 139  6.7  8.1  0.38  2.74  2.75 138 1007.7   8.1   4.3   6.4 99.0 99.00
2016 04 25 11 50 148  7.3  8.2  0.39  2.94  2.86 129 1007.5   8.7   4.4   6.0 99.0 99.00
2016 04 25 12 50 152  7.4  8.2  0.44  3.23  2.97 146 1007.2   8.7   4.4   6.0 99.0 99.00
2016 04 25 13 50 151  6.5  7.4  0.46  3.45  3.08 156 1006.9   8.0   4.4   5.9 99.0 99.00
2016 04 25 14 50 163  6.9  7.6  0.49  3.33  3.05 147 1006.9   7.9   4.4   6.2 99.0 99.00
2016 04 25 15 50 158  5.6  6.2  0.47  3.45  3.14 146 1006.7   7.7   4.4   6.3 99.0 99.00
2016 04 25 16 50 158  5.2  5.7  0.37  3.33  3.08 142 1006.6   7.7   4.5   6.5 99.0 99.00
2016 04 25 17 50 152  4.6  4.9  0.36  3.33  3.08 153 1006.2   8.0   4.5   6.7 99.0 99.00
2016 04 25 18 50 149  5.7  6.3  0.36  3.23  3.07 149 1005.4   8.8   4.6   7.1 99.0 99.00
2016 04 25 19 50 138  5.4  5.9  0.31  3.33  3.03 158 1004.7   8.9   4.6   7.1 99.0 99.00
2016 04 25 20 50 136  5.7  6.1  0.30  3.13  3.05 165 1003.5   9.2   4.7   7.2 99.0 99.00
2016 04 25 21 50 134  5.8  6.6  0.30  3.03  3.07 172 1002.5   9.4   4.7   7.2 99.0 99.00
2016 04 25 22 50 158  6.6  7.4  0.31  2.86  2.96 149 1001.9   9.8   4.7   7.4 99.0 99.00
2016 04 25 23 50 169  7.7  9.9  0.51  2.94  2.91 153 1000.9  11.3   4.7  10.1 99.0 99.00
2016 04 26 00 50 177  5.3  6.7 99.00 99.00 99.00 999 1001.5  12.1   4.7   9.2 99.0 99.00
2016 04 26 01 50 239  4.2  7.1  0.41  3.13  3.13 164 1002.6  11.7   4.7   9.9 99.0 99.00
2016 04 26 02 50 245  5.4  5.6  0.33  2.86  3.13 153 1001.8  13.4   4.7   9.6 99.0 99.00
2016 04 26 03 50 314  7.6  8.9  0.39  3.57  3.39 160 1002.9   8.1   4.6   7.1 99.0 99.00
2016 04 26 04 50 348  9.1 11.0  0.48  4.17  3.04 217 1004.1   5.0   4.6   5.0 99.0 99.00
2016 04 26 05 50 340  7.4  8.6  0.66  3.33  3.21   9 1004.8   4.8   4.6   4.8 99.0 99.00
2016 04 26 06 50 336  8.5 10.5  0.82  4.00  3.57  16 1005.2   4.6   4.5   4.6 99.0 99.00
2016 04 26 07 50 339  9.7 11.3  1.13  5.26  4.03   8 1005.6   4.2   4.5   4.2 99.0 99.00
2016 04 26 08 50 346 10.1 12.1  1.32  5.26  4.40  18 1006.2   4.3   4.5   4.3 99.0 99.00
2016 04 26 09 50 347 10.0 11.8  1.48  5.26  4.54  25 1007.2   4.2   4.4   4.2 99.0 99.00
2016 04 26 10 50 357  9.1 11.3  1.49  5.26  4.62  20 1008.3   4.1   4.4   4.1 99.0 99.00
2016 04 26 11 50 352  9.2 10.7  1.56  5.88  4.76  23 1009.3   4.1   4.4   4.1 99.0 99.00
2016 04 26 12 50 341  9.4 11.5  1.53  6.67  4.80  26 1010.0   4.0   4.3   4.0 99.0 99.00
2016 04 26 13 50 347  9.4 10.9  1.38  5.88  4.62  33 1010.6   4.0   4.3   4.0 99.0 99.00
2016 04 26 14 50 354  8.2 10.2  1.42  6.25  4.70  29 1011.2   3.9   4.3   3.9 99.0 99.00
2016 04 26 15 50   3  8.5 10.2  1.38  5.88  4.77  29 1011.5   4.1   4.3   4.1 99.0 99.00
2016 04 26 16 50 360  7.8  9.0  1.36  6.25  4.76  26 1012.5   4.1   4.3   4.1 99.0 99.00
2016 04 26 17 50   9  8.7 10.3  1.36  5.88  4.66  32 1012.6   4.1   4.3   4.1 99.0 99.00
2016 04 26 18 50  10  8.4 10.1  1.38  5.56  4.67  23 1013.2   4.0   4.3   4.0 99.0 99.00
2016 04 26 19 50  17  7.9  9.5  1.34  5.88  4.62  35 1013.5   4.1   4.3   4.1 99.0 99.00
2016 04 26 20 50  23  7.2  8.5  1.34  6.25  4.78  32 1013.4   4.3   4.3   4.3 99.0 99.00
2016 04 26 21 50  22  8.2  9.4  1.32  5.26  4.70  33 1013.0   4.5   4.3   4.3 99.0 99.00
2016 04 26 22 50  31  6.6  7.8  1.23  6.25  4.75  30 1013.3   4.8   4.3   4.6 99.0 99.00
2016 04 26 23 50  40  6.3  7.4  1.22  5.88  4.76  17 1012.7   4.9   4.3   4.8 99.0 99.00
2016 04 27 00 50  31  6.5  7.6  1.12  5.88  4.70  22 1012.7   4.5   4.3   4.5 99.0 99.00
2016 04 27 01 50  52  6.4  7.3  1.21  5.88  4.98  18 1012.7   5.0   4.3   4.7 99.0 99.00
2016 04 27 02 50  69  6.0  6.9  1.15  6.67  4.87  13 1014.5   5.7   4.3   4.2 99.0 99.00
2016 04 27 03 50  68  6.6  8.0  1.05  6.25  4.67  17 1014.9   5.7   4.3   4.0 99.0 99.00
2016 04 27 04 50  60  4.4  5.1  1.00  6.67  4.65  15 1015.3   5.2   4.2   4.2 99.0 99.00
2016 04 27 05 50  54  4.9  5.5  1.05  6.67  4.84  22 1014.9   4.9   4.2   4.1 99.0 99.00
2016 04 27 06 50  62  5.3  6.2  1.02  6.67  4.67  20 1014.8   4.8   4.2   4.0 99.0 99.00
2016 04 27 07 50  70  6.7  7.7  0.90  5.88  4.18  16 1015.1   5.0   4.2   0.7 99.0 99.00
2016 04 27 08 50  73  7.1  8.1  0.89  6.25  4.16  17 1015.2   4.6   4.2   0.8 99.0 99.00
2016 04 27 09 50  77  7.3  8.6  0.75  5.88  3.86  19 1015.2   4.4   4.1   1.4 99.0 99.00
2016 04 27 10 50  76  7.5  9.1  0.80  3.57  3.67  80 1014.8   4.3   4.1   0.6 99.0 99.00
2016 04 27 11 50  80  7.6  9.0  0.82  3.57  3.63  91 1015.5   4.4   4.1  -0.2 99.0 99.00
2016 04 27 12 50  73  7.8  9.4  0.79  3.70  3.68  91 1014.6   4.2   4.1   0.9 99.0 99.00
2016 04 27 13 50  70  8.2  9.5  0.79  4.00  3.74  79 1013.8   4.4   4.2   1.3 99.0 99.00
2016 04 27 14 50  72  6.4  8.3  0.76  4.17  3.62  72 1014.3   4.6   4.2   1.0 99.0 99.00
2016 04 27 15 50  46  4.6  5.7  0.77  4.17  3.66  86 1014.9   4.8   4.3   2.3 99.0 99.00
2016 04 27 16 50  37  4.5  5.3  0.58  4.17  3.58  59 1014.6   4.9   4.3   2.8 99.0 99.00
2016 04 27 17 50  41  3.9  4.9  0.59  3.85  3.66  65 1014.4   5.2   4.3   2.6 99.0 99.00
2016 04 27 18 50  45  6.7  7.5  0.52  4.17  3.47  31 1012.8   5.7   4.4   2.0 99.0 99.00
2016 04 27 19 50  31  6.8  8.0  0.56  3.23  3.50  78 1013.1   4.9   4.4   3.0 99.0 99.00
2016 04 27 20 50  20  6.0  7.3  0.57  4.00  3.39  47 1013.7   5.0   4.4   2.9 99.0 99.00
2016 04 27 21 50  18  6.9  8.0  0.57  3.33  3.43  79 1013.3   4.8   4.4   3.2 99.0 99.00
2016 04 27 22 50  32  7.1  8.3  0.59  4.00  3.40  28 1012.0   5.0   4.4   3.4 99.0 99.00
2016 04 27 23 50  53  9.9 11.5  0.71  4.00  3.46  28 1009.4   6.2   4.4   2.9 99.0 99.00
2016 04 28 00 50  42  3.5  3.9  0.77  4.35  3.69  15 1011.6   6.5   4.3   3.1 99.0 99.00
2016 04 28 01 50  24  3.2  4.0  0.85  5.00  4.01  33 1012.2   6.0   4.3   3.6 99.0 99.00
2016 04 28 02 50  69  5.2  5.8  0.88  5.56  4.14   8 1011.7   6.3   4.3   3.7 99.0 99.00
2016 04 28 03 50  77  1.8  2.3  1.06  6.25  4.81  13 1012.6   6.4   4.3   3.8 99.0 99.00
2016 04 28 04 50  87  5.4  6.2  1.05  6.25  4.93   9 1011.3   6.2   4.3   4.1 99.0 99.00
2016 04 28 05 50  94  6.3  7.1  1.04  6.25  4.85   4 1011.8   6.5   4.3   3.9 99.0 99.00
2016 04 28 06 50  91  6.2  7.0  0.95  6.67  4.60   9 1011.4   6.6   4.3   3.4 99.0 99.00
2016 04 28 07 50  69  4.2  5.5  0.91  6.25  4.22  13 1011.6   6.7   4.3   3.3 99.0 99.00
2016 04 28 08 50  81  3.0  3.9  0.90  6.25  4.37  24 1012.4   6.2   4.3   2.9 99.0 99.00
2016 04 28 09 50  80  9.0 11.2  0.82  5.88  3.87  25 1011.9   5.1   4.3   2.0 99.0 99.00
2016 04 28 10 50  80 10.8 12.7  0.91  4.00  3.73  66 1011.9   3.6   4.2   1.7 99.0 99.00
2016 04 28 11 50  80 11.9 14.8  1.20  4.35  3.91  85 1011.7   3.8   4.2   1.3 99.0 99.00
2016 04 28 12 50  79 11.7 14.0  1.36  4.76  4.17  82 1011.4   3.8   4.2   1.0 99.0 99.00
2016 04 28 13 50  83 11.0 13.0  1.50  4.76  4.25  84 1011.7   3.9   4.2   0.7 99.0 99.00
2016 04 28 14 50  90 10.2 12.9  1.51  5.26  4.45  81 1013.1   3.8   4.1   1.0 99.0 99.00
2016 04 28 15 50  86  8.7 10.6  1.34  5.26  4.38  72 1013.7   3.9   4.2   2.2 99.0 99.00
2016 04 28 16 50  82  8.3  9.6  1.26  5.26  4.39  75 1013.7   4.1   4.2   2.7 99.0 99.00
2016 04 28 17 50  71  6.4  7.6  1.02  5.26  4.08  92 1014.0   4.3   4.2   3.4 99.0 99.00
2016 04 28 18 50  69  7.6  8.8  0.98  5.00  4.03  81 1014.0   4.3   4.2   3.8 99.0 99.00
2016 04 28 19 50  63  7.3  8.5  0.86  4.55  3.81  86 1014.0   4.3   4.2   4.3 99.0 99.00
2016 04 28 20 50  61  7.6  8.9  0.82  4.35  3.83  83 1013.9   4.3   4.2   4.3 99.0 99.00
2016 04 28 21 50  58  6.3  7.3  0.78  4.17  3.69  69 1014.4   4.5   4.3   4.5 99.0 99.00
2016 04 28 22 50  57  5.5  6.2  0.72  4.00  3.70  71 1014.9   4.8   4.3   4.6 99.0 99.00
2016 04 28 23 50  66  5.9  6.5  0.70  4.17  3.63  67 1015.1   4.7   4.3   4.7 99.0 99.00
2016 04 29 00 50  70  6.6  7.6  0.65  4.00  3.68  67 1015.2   4.7   4.3   4.7 99.0 99.00
2016 04 29 01 50  77  6.4  7.5  0.62  3.85  3.49  67 1015.9   4.7   4.3   4.7 99.0 99.00
2016 04 29 02 50  77  5.7  6.8  0.63  3.85  3.52  65 1016.4   4.8   4.2   4.8 99.0 99.00
2016 04 29 03 50  84  4.6  5.5  0.59  3.57  3.58  78 1016.5   5.2   4.2   4.4 99.0 99.00
2016 04 29 04 50  79  4.0  4.5  0.59  4.00  3.60  64 1016.4   5.1   4.2   4.5 99.0 99.00
2016 04 29 05 50  33  4.2  4.9  0.49  3.85  3.50  96 1016.6   4.7   4.2   4.6 99.0 99.00
2016 04 29 06 50  52  4.2  4.8  0.46  3.57  3.43  78 1016.3   4.9   4.2   4.6 99.0 99.00
2016 04 29 07 50  62  3.6  4.1  0.43  3.70  3.37  59 1016.3   4.8   4.3   4.6 99.0 99.00
2016 04 29 08 50  43  4.2  4.6  0.38  3.33  3.36  89 1016.7   4.8   4.3   4.4 99.0 99.00
2016 04 29 09 50  42  4.6  5.2  0.33  3.33  3.28  84 1017.1   4.5   4.3   4.5 99.0 99.00
2016 04 29 10 50  58  4.4  5.1  0.34  3.13  3.17  87 1017.2   4.3   4.3   4.3 99.0 99.00
2016 04 29 11 50  38  3.3  3.9  0.32  3.03  3.09  73 1018.3   4.4   4.3   4.4 99.0 99.00
2016 04 29 12 50  17  4.4  5.1  0.29  2.94  3.09  68 1018.9   4.3   4.3   4.3 99.0 99.00
2016 04 29 13 50  32  4.2  4.8  0.30  3.03  3.04  95 1018.9   4.2   4.3   4.1 99.0 99.00
2016 04 29 14 50  31  5.1  6.1  0.33  3.03  2.99  73 1018.7   4.3   4.3   3.9 99.0 99.00
2016 04 29 15 50  35  4.6  5.3  0.38  3.03  2.98  80 1020.0   4.3   4.3   4.0 99.0 99.00
2016 04 29 16 50  35  4.8  5.4  0.33  3.03  3.05  43 1019.7   4.3   4.4   4.0 99.0 99.00
2016 04 29 17 50  36  4.7  5.9  0.34  3.13  3.07  34 1019.2   4.4   4.4   3.9 99.0 99.00
2016 04 29 18 50  32  2.3  2.8  0.33  3.03  3.18  35 1019.6   4.6   4.4   4.0 99.0 99.00
2016 04 29 19 50 357  4.3  5.1  0.28  3.13  3.08  42 1020.0   4.5   4.5   4.1 99.0 99.00
2016 04 29 20 50 356  4.9  5.6  0.32  2.74  3.01  54 1020.0   4.4   4.6   4.0 99.0 99.00
2016 04 29 21 50 355  4.9  5.6  0.34  3.70  3.09  40 1020.4   4.3   4.5   4.1 99.0 99.00
2016 04 29 22 50   8  4.4  5.1  0.34  3.85  3.07  34 1020.7   4.5   4.5   4.2 99.0 99.00
2016 04 29 23 50  24  4.6  5.3  0.32  3.57  3.07  32 1020.5   4.7   4.5   3.9 99.0 99.00
2016 04 30 00 50  31  5.7  6.8  0.32  3.45  2.92  24 1020.4   4.7   4.5   3.4 99.0 99.00
2016 04 30 01 50  44  4.1  5.1  0.36  2.94  2.96  34 1021.2   4.9   4.5   3.2 99.0 99.00
2016 04 30 02 50  58  4.5  5.3  0.34  3.03  2.97  40 1020.7   4.9   4.4   3.3 99.0 99.00
2016 04 30 03 50  66  4.2  4.8  0.28  3.13  2.97  28 1020.9   5.1   4.4   3.4 99.0 99.00
2016 04 30 04 50  62  4.0  4.6  0.26  3.13  2.93  19 1020.6   5.1   4.4   3.1 99.0 99.00
2016 04 30 05 50  65  4.2  4.8  0.25 99.00  2.90 999 1020.1   5.4   4.4   3.3 99.0 99.00
2016 04 30 06 50  70  3.9  4.4  0.22 99.00  3.15 999 1020.0   5.4   4.4   3.7 99.0 99.00
2016 04 30 07 50  60  5.0  5.6  0.19 99.00  2.85 999 1019.5   5.7   4.4   4.1 99.0 99.00
2016 04 30 08 50  63  5.3  6.4  0.19 99.00  2.65 999 1018.8   5.4   4.4   4.4 99.0 99.00
2016 04 30 09 50  74  4.7  5.4  0.23 99.00  2.55 999 1019.4   5.4   4.4   4.6 99.0 99.00
2016 04 30 10 50  74  5.6  6.3  0.22 99.00  2.60 999 1019.4   5.2   4.4   4.7 99.0 99.00
2016 04 30 11 50  78  6.2  7.1  0.28  2.60  2.63  77 1019.5   5.4   4.4   4.6 99.0 99.00
2016 04 30 12 50  85  5.4  6.2  0.33  2.86  2.79  69 1019.6   5.4   4.4   4.5 99.0 99.00
2016 04 30 14 50  74  5.7  6.5  0.34  3.03  2.89  64 1018.9   5.3   4.4   4.6 99.0 99.00
2016 04 30 15 50  78  4.1  4.9  0.39  3.23  3.00  67 1019.4   5.6   4.4   4.5 99.0 99.00
2016 04 30 16 50  70  5.8  6.6  0.38  3.45  3.04  71 1018.5   5.9   4.4   4.4 99.0 99.00
2016 04 30 17 50  71  5.7  6.7  0.35  3.13  2.93  83 1017.3   5.8   4.4   4.0 99.0 99.00
2016 04 30 18 50  77  5.8  6.5  0.35  3.45  2.99  64 1016.9   6.0   4.4   4.0 99.0 99.00
2016 04 30 19 50  74  5.8  6.6  0.34  2.94  2.81  78 1016.5   6.0   4.5   4.6 99.0 99.00
2016 04 30 20 50  69  6.9  7.8  0.33  3.13  2.76  61 1015.5   6.1   4.5   4.8 99.0 99.00
2016 04 30 21 50  70  5.7  6.5  0.35  2.94  2.84  76 1015.6   6.1   4.4   5.2 99.0 99.00
2016 04 30 22 50  74  5.1  5.9  0.31  3.03  2.84  82 1015.4   5.9   4.5   5.6 99.0 99.00
2016 04 30 23 50  57  5.2  5.7  0.29  2.86  2.81  97 1015.0   5.9   4.4   5.8 99.0 99.00
2016 05 01 00 50  34  5.1  6.0  0.33  3.03  2.90 104 1015.8   5.8   4.4   5.8 99.0 99.00
2016 05 01 01 50  50  9.5 11.2  0.44  3.23  2.82  97 1014.0   6.4   4.5   6.4 99.0 99.00
2016 05 01 02 50  36  7.1  8.9  0.61  3.23  3.18  83 1015.1   5.9   4.5   5.9 99.0 99.00
2016 05 01 03 50  54  9.5 11.2  0.71  3.57  3.29  64 1014.1   5.9   4.5   5.9 99.0 99.00
2016 05 01 04 50  61  7.6  8.6  0.80  3.70  3.45  54 1014.0   6.0   4.5   6.0 99.0 99.00
2016 05 01 05 50  58  7.3  8.2  0.82  4.00  3.53  55 1013.7   5.9   4.4   5.9 99.0 99.00
2016 05 01 06 50  54  7.0  8.3  0.87  4.17  3.71  64 1013.3   5.8   4.4   5.8 99.0 99.00
2016 05 01 07 50  39  7.3  8.2  0.74  4.00  3.69  68 1013.5   5.4   4.4   5.4 99.0 99.00
2016 05 01 08 50  42  6.9  8.0  0.73  4.35  3.59  13 1014.0   5.3   4.4   5.3 99.0 99.00
2016 05 01 09 50  41  6.8  7.8  0.69  4.35  3.52  20 1014.1   5.1   4.4   5.1 99.0 99.00
2016 05 01 10 50  43  6.6  8.0  0.66  4.55  3.49  20 1014.3   5.2   4.4   5.2 99.0 99.00
2016 05 01 11 50  41  6.7  8.1  0.73  4.17  3.56  37 1015.0   5.1   4.4   5.1 99.0 99.00
2016 05 01 12 50  42  8.5  9.9  0.79  4.35  3.63  39 1014.8   5.3   4.4   5.3 99.0 99.00
2016 05 01 13 50  37  6.5  7.5  0.84  4.35  3.71  31 1016.0   5.5   4.4   5.5 99.0 99.00
2016 05 01 14 50  37  6.2  7.4  0.83  4.17  3.84  30 1016.3   5.3   4.4   5.3 99.0 99.00
2016 05 01 15 50  39  6.9  8.4  0.80  4.76  3.82  23 1016.0   5.6   4.4   5.5 99.0 99.00
2016 05 01 16 50  39  5.1  6.0  0.82  5.26  3.75  24 1016.5   5.7   4.5   5.7 99.0 99.00
2016 05 01 17 50  33  4.5  5.1  0.74  5.00  3.98  29 1016.2   5.5   4.5   5.5 99.0 99.00
2016 05 01 18 50  23  4.8  5.4  0.69  4.35  3.96  37 1016.0   5.5   4.5   5.5 99.0 99.00
2016 05 01 19 50  21  5.0  5.5  0.66  5.56  3.86  30 1016.3   5.3   4.5   5.3 99.0 99.00
2016 05 01 20 50  18  4.7  5.4  0.60  4.76  3.80  30 1016.4   5.4   4.6   5.1 99.0 99.00
2016 05 01 21 50  18  3.9  4.7  0.65  4.55  3.86  28 1016.6   5.1   4.6   5.0 99.0 99.00
2016 05 01 22 50  15  5.3  5.8  0.56  5.26  3.81  36 1015.9   5.0   4.5   5.0 99.0 99.00
2016 05 01 23 50  26  4.9  5.8  0.52  4.35  3.70  28 1015.8   5.5   4.5   5.5 99.0 99.00
2016 05 02 00 50  44  6.5  7.3  0.50  4.35  3.60  21 1015.7   6.4   4.5   6.3 99.0 99.00
2016 05 02 01 50  59  7.2  8.4  0.53  4.35  3.39  18 1015.1   6.7   4.5   6.0 99.0 99.00
2016 05 02 02 50  51  4.5  5.4  0.57  5.00  3.41  17 1016.2   6.6   4.5   5.3 99.0 99.00
2016 05 02 03 50  52  3.6  4.2  0.54  4.55  3.60   7 1016.8   5.8   4.5   5.4 99.0 99.00
2016 05 02 04 50  50  4.9  5.7  0.49  4.76  3.47  22 1016.6   5.7   4.5   5.3 99.0 99.00
2016 05 02 05 50  53  3.3  4.0  0.49  4.35  3.49  25 1017.1   5.7   4.5   4.9 99.0 99.00
2016 05 02 06 50  35  4.1  5.0  0.59  4.17  3.61  55 1017.0   5.7   4.5   4.5 99.0 99.00
2016 05 02 07 50  22  4.0  4.5  0.53  4.00  3.58  67 1017.3   5.5   4.5   4.4 99.0 99.00
2016 05 02 08 50   6  4.2  4.6  0.52  4.55  3.56  33 1017.5   5.3   4.5   4.3 99.0 99.00
2016 05 02 09 50  26  5.1  6.0  0.42  4.35  3.47  22 1017.1   5.7   4.4   3.9 99.0 99.00
2016 05 02 10 50  34  4.6  5.5  0.39  4.55  3.40  20 1017.4   5.7   4.4   3.8 99.0 99.00
2016 05 02 11 50  22  5.8  6.5  0.37  4.55  3.24  27 1017.7   5.6   4.4   3.8 99.0 99.00
2016 05 02 12 50  43  3.5  4.3  0.35  4.17  3.15  30 1018.1   5.9   4.5   3.3 99.0 99.00
2016 05 02 13 50  32  3.1  3.5  0.34  4.17  3.18  28 1017.9   5.6   4.5   3.8 99.0 99.00
2016 05 02 14 50   3  3.5  3.8  0.30  4.17  3.23  40 1018.1   5.1   4.6   4.1 99.0 99.00
2016 05 02 15 50 343  3.5  3.8  0.30  4.17  3.22  41 1018.3   5.1   4.7   4.2 99.0 99.00
2016 05 02 16 50 352  2.8  3.3  0.27  4.17  3.22  40 1018.2   5.0   4.8   4.4 99.0 99.00
2016 05 02 17 50 357  4.4  5.1  0.26  4.00  3.13  46 1017.8   5.1   4.9   4.5 99.0 99.00
2016 05 02 18 50 351  2.3  2.9  0.32  3.13  3.02  26 1018.1   5.2   4.9   4.6 99.0 99.00
2016 05 02 19 50 314  1.3  1.6  0.30  2.74  3.02  30 1018.0   5.3   5.0   4.5 99.0 99.00
2016 05 02 20 50 339  2.3  2.6  0.32  3.13  3.14  30 1017.5   5.5   5.1   4.5 99.0 99.00
2016 05 02 21 50 342  2.1  2.5  0.30  3.70  3.20  25 1017.0   5.5   5.2   4.4 99.0 99.00
2016 05 02 22 50 344  1.6  1.8  0.27  3.70  3.23  37 1016.8   5.5   5.3   4.5 99.0 99.00
2016 05 02 23 50 353  1.2  1.6  0.26  3.23  3.19  32 1016.6   5.6   5.3   4.5 99.0 99.00
2016 05 03 00 50 313  1.4  1.7  0.26  3.45  3.18  40 1016.5   5.7   5.2   4.0 99.0 99.00
2016 05 03 01 50 313  3.4  3.9  0.25  3.57  3.28  25 1016.3   5.8   5.2   3.8 99.0 99.00
2016 05 03 02 50 348  2.3  2.7  0.25 99.00  3.26 999 1016.4   6.2   5.1   3.3 99.0 99.00
2016 05 03 03 50 349  1.8  2.1  0.25 99.00  3.32 999 1016.0   5.7   5.0   3.8 99.0 99.00
2016 05 03 04 50 326  2.1  2.4  0.25 99.00  3.24 999 1015.7   5.4   5.0   4.0 99.0 99.00
2016 05 03 05 50 317  2.6  3.7  0.21 99.00  3.27 999 1015.5   5.5   5.0   4.0 99.0 99.00
2016 05 03 06 50 284  1.2  1.5  0.21 99.00  3.20 999 1015.3   5.3   4.9   4.0 99.0 99.00
2016 05 03 07 50 255  1.6  1.8  0.18 99.00  3.18 999 1015.0   5.2   4.9   3.8 99.0 99.00
2016 05 03 08 50 228  1.5  1.8  0.17 99.00  3.15 999 1014.9   5.3   4.9   3.9 99.0 99.00
2016 05 03 09 50 257  1.5  2.1  0.14 99.00  3.11 999 1014.6   5.5   4.8   3.8 99.0 99.00
2016 05 03 10 50 234  1.6  1.8  0.15 99.00  3.11 999 1014.5   5.3   4.8   3.7 99.0 99.00
2016 05 03 11 50 188  2.2  2.5  0.13 99.00  3.08 999 1014.7   5.6   4.8   4.2 99.0 99.00
2016 05 03 12 50 168  2.4  2.7  0.11 99.00  3.23 999 1014.5   5.6   4.9   4.4 99.0 99.00
2016 05 03 14 50 194  3.5  3.9  0.10 99.00  3.35 999 1013.8   6.4   5.1   3.7 99.0 99.00
2016 05 03 15 50 186  4.7  5.2  0.09 99.00  3.36 999 1013.3   6.3   5.2   4.0 99.0 99.00
2016 05 03 16 50 192  4.5  4.9  0.08 99.00  2.97 999 1012.7   6.8   5.3   4.0 99.0 99.00
2016 05 03 17 50 181  5.0  5.5  0.12 99.00  2.43 999 1012.0   7.1   5.3   4.2 99.0 99.00
2016 05 03 18 50 171  5.2  5.9  0.16 99.00  2.46 999 1010.9   7.0   5.4   4.0 99.0 99.00
2016 05 03 19 50 172  6.0  6.7  0.23 99.00  2.48 999 1010.0   7.4   5.4   3.8 99.0 99.00
2016 05 03 20 50 168  5.6  6.1  0.23 99.00  2.56 999 1009.3   7.5   5.4   3.6 99.0 99.00
2016 05 03 21 50 169  6.4  7.0  0.26  2.86  2.73 160 1008.5   7.8   5.3   3.4 99.0 99.00
2016 05 03 22 50 171  6.5  7.3  0.37  2.94  2.82 162 1007.8   8.0   5.3   3.5 99.0 99.00
2016 05 03 23 50 173  6.5  7.2  0.39  3.13  2.89 164 1007.1   8.4   5.2   3.7 99.0 99.00
2016 05 04 00 50 179  6.3  7.1  0.43  3.23  3.27 163 1006.6   8.0   5.1   4.0 99.0 99.00
2016 05 04 01 50 181  5.5  6.1  0.38  3.03  3.04 153 1006.1   7.6   5.1   4.4 99.0 99.00
2016 05 04 02 50 190  5.0  6.2  0.31  3.13  2.92 156 1005.5   7.7   5.0   4.7 99.0 99.00
2016 05 04 03 50 199  5.2  5.8  0.30  3.13  2.86 160 1004.5   7.7   5.0   4.7 99.0 99.00
2016 05 04 04 50 190  5.6  6.4  0.27  2.94  2.79 161 1003.1   8.0   4.9   4.7 99.0 99.00
2016 05 04 05 50 205  6.0  6.7  0.33  3.03  2.83 152 1002.4   7.9   4.9   4.7 99.0 99.00
2016 05 04 06 50 285  5.3  6.7  0.34  2.74  2.83 177 1002.7   7.3   4.9   6.1 99.0 99.00
2016 05 04 07 50  12  6.8  7.8  0.29  3.13  2.82 241 1002.5   7.1   4.9   6.3 99.0 99.00
2016 05 04 08 50  14  6.1  7.1  0.44  2.74  2.71  11 1002.6   6.0   4.9   6.0 99.0 99.00
2016 05 04 09 50 357  9.1 11.3  0.49  3.13  2.84  15 1003.0   5.8   4.9   5.8 99.0 99.00
2016 05 04 10 50   4 12.4 15.2  0.90  3.70  3.42  23 1003.4   5.3   4.8   4.1 99.0 99.00
2016 05 04 11 50 359 12.5 16.1  1.32  4.35  4.06  33 1004.1   5.3   4.7   4.1 99.0 99.00
2016 05 04 12 50 354 11.8 13.9  1.72  5.00  4.56  29 1004.9   5.1   4.7   3.9 99.0 99.00
2016 05 04 13 50 347 11.6 14.4  1.78  5.88  4.69  31 1005.3   5.2   4.7   3.8 99.0 99.00
2016 05 04 14 50 347 11.6 13.6  1.93  5.88  4.96  39 1005.8   5.2   4.7   3.4 99.0 99.00
2016 05 04 15 50 353 12.1 14.7  1.95  6.25  5.00  38 1006.3   5.2   4.7   3.2 99.0 99.00
2016 05 04 16 50 357 13.3 16.4  2.08  6.25  5.23  36 1006.7   4.9   4.7   2.6 99.0 99.00
2016 05 04 17 50 358 13.2 16.1  2.30  7.14  5.22  51 1007.1   4.9   4.7   2.1 99.0 99.00
2016 05 04 18 50   1 13.2 16.8  2.36  7.14  5.51  46 1007.3   5.1   4.7   2.0 99.0 99.00
2016 05 04 19 50 358 10.8 13.4  2.29  7.69  5.65  58 1007.7   5.2   4.7   2.4 99.0 99.00
2016 05 04 20 50   2 11.2 14.2  2.22  6.67  5.48  51 1007.8   5.2   4.6   2.3 99.0 99.00
2016 05 04 21 50   6 11.9 15.1  2.38  7.69  5.70  51 1008.1   5.3   4.6   1.9 99.0 99.00
2016 05 04 22 50  13 12.1 14.6  2.43  8.33  5.72  60 1008.5   5.3   4.6   2.0 99.0 99.00
2016 05 04 23 50  18 12.6 15.2  2.73  7.69  5.90  51 1008.9   5.4   4.5   1.8 99.0 99.00
2016 05 05 00 50  20 13.2 16.4  3.01  8.33  6.31  52 1009.3   5.3   4.5   1.6 99.0 99.00
2016 05 05 01 50  13 14.3 17.3  2.66  7.69  5.84  56 1009.6   5.2   4.5   1.4 99.0 99.00
2016 05 05 02 50  13 14.2 16.8  2.77  7.69  5.85  45 1010.1   4.8   4.5   1.9 99.0 99.00
2016 05 05 03 50  11 13.4 17.4  2.67  7.14  5.79  42 1010.3   4.5   4.5   2.6 99.0 99.00
2016 05 05 04 50   9 14.2 18.2  2.92  7.69  5.93  53 1010.2   4.5   4.5   2.6 99.0 99.00
2016 05 05 05 50  15 13.0 16.3  2.88  7.69  5.94  47 1010.8   4.8   4.4   2.5 99.0 99.00
2016 05 05 06 50  21 11.9 14.3  2.66  7.69  5.90  45 1011.1   4.7   4.4   2.4 99.0 99.00
2016 05 05 07 50  19 10.8 12.9  2.39  7.14  5.71  40 1011.2   4.6   4.4   2.8 99.0 99.00
2016 05 05 08 50  19  9.6 11.9  2.18  7.69  5.48  38 1011.5   4.5   4.4   3.0 99.0 99.00
2016 05 05 09 50  17 10.2 11.8  2.13  7.14  5.44  42 1011.9   4.4   4.4   3.2 99.0 99.00
2016 05 05 10 50  15  9.3 10.7  1.82  7.14  5.12  42 1012.6   4.4   4.4   3.4 99.0 99.00
2016 05 05 11 50  11  9.2 11.2  1.70  6.67  5.02  51 1013.5   4.5   4.4   3.5 99.0 99.00
2016 05 05 12 50  17  9.0 10.7  1.68  6.25  4.93  41 1014.2   4.6   4.4   3.6 99.0 99.00
2016 05 05 13 50  17  7.7  9.2  1.54  6.25  4.83  53 1015.0   4.6   4.5   3.8 99.0 99.00
2016 05 05 14 50   7  8.5  9.8  1.42  6.67  4.70  43 1015.6   4.6   4.5   3.9 99.0 99.00
2016 05 05 15 50   6  7.9  9.1  1.27  6.25  4.64  42 1015.9   4.6   4.5   4.0 99.0 99.00
2016 05 05 16 50 358  7.9  9.2  1.22  5.56  4.42  46 1016.0   4.6   4.6   4.1 99.0 99.00
2016 05 05 17 50 360  7.1  8.5  1.24  5.88  4.43  42 1016.1   4.6   4.6   4.2 99.0 99.00
2016 05 05 18 50 353  7.0  8.1  1.06  6.25  4.25  41 1016.0   4.7   4.6   4.2 99.0 99.00
2016 05 05 19 50 357  5.9  7.1  1.03  5.56  4.33  32 1016.0   5.0   4.6   4.3 99.0 99.00
2016 05 05 20 50   6  5.0  5.8  0.92  5.26  4.21  47 1015.6   5.5   4.7   4.2 99.0 99.00
2016 05 05 21 50  26  3.5  4.3  0.84  5.56  4.19  38 1015.2   5.9   4.7   4.1 99.0 99.00
2016 05 05 22 50  28  2.4  2.9  0.71  5.00  4.07  45 1014.9   5.9   4.7   4.0 99.0 99.00
2016 05 05 23 50  22  2.1  2.5  0.62  4.76  4.02  40 1014.7   5.9   4.7   3.8 99.0 99.00
2016 05 06 00 50 318  0.9  1.4  0.60  5.00  4.15  49 1014.7   5.7   4.7   3.6 99.0 99.00
2016 05 06 01 50 297  1.6  1.8  0.54  5.00  4.01  13 1014.8   5.9   4.7   3.5 99.0 99.00
2016 05 06 02 50 258  2.7  3.0  0.50  5.00  4.00 345 1015.4   5.1   4.6   4.1 99.0 99.00
2016 05 06 03 50 254  2.8  3.1  0.45  5.00  4.03 335 1015.4   4.9   4.6   4.5 99.0 99.00
2016 05 06 04 50 236  2.2  2.6  0.39  5.00  3.86 326 1015.2   5.0   4.6   4.4 99.0 99.00
2016 05 06 05 50 237  3.1  3.6  0.38  4.55  3.90 329 1015.2   5.2   4.6   4.2 99.0 99.00
2016 05 06 06 50 234  2.5  2.9  0.34  4.55  4.05 322 1015.0   5.2   4.5   4.3 99.0 99.00
2016 05 06 07 50 223  2.4  2.7  0.28  4.76  3.79 322 1014.7   5.6   4.5   3.9 99.0 99.00
2016 05 06 08 50 224  2.6  2.9  0.27  4.76  3.87 322 1014.4   5.6   4.5   3.9 99.0 99.00
2016 05 06 09 50 215  3.9  4.3  0.25 99.00  3.80 999 1014.2   6.5   4.5   3.3 99.0 99.00
2016 05 06 10 50 216  3.1  3.6  0.21 99.00  3.77 999 1014.8   6.4   4.5   3.5 99.0 99.00
2016 05 06 11 50 173  3.1  3.5  0.21 99.00  3.65 999 1015.2   6.3   4.5   4.1 99.0 99.00
2016 05 06 12 50 191  3.9  4.2  0.19 99.00  3.80 999 1015.2   6.4   4.6   4.5 99.0 99.00
2016 05 06 14 50 166  3.6  4.0  0.15 99.00  3.89 999 1014.9   6.4   4.7   5.0 99.0 99.00
2016 05 06 15 50 160  3.7  3.9  0.13 99.00  3.87 999 1014.9   6.3   4.8   5.0 99.0 99.00
2016 05 06 16 50 162  4.8  5.5  0.12 99.00  3.32 999 1014.1   6.5   4.9   5.1 99.0 99.00
2016 05 06 17 50 159  4.8  5.4  0.15 99.00  2.73 999 1013.2   6.7   5.0   5.1 99.0 99.00
2016 05 06 18 50 147  5.9  6.8  0.19 99.00  2.62 999 1012.3   7.3   5.0   5.1 99.0 99.00
2016 05 06 19 50 147  5.7  6.2  0.23 99.00  2.65 999 1011.6   7.8   5.0   4.8 99.0 99.00
2016 05 06 20 50 139  5.3  5.9  0.28  2.74  2.59 156 1010.7   8.2   5.1   4.5 99.0 99.00
2016 05 06 21 50 137  6.1  6.6  0.27  2.74  2.74 157 1009.5   8.9   5.1   3.8 99.0 99.00
2016 05 06 22 50 138  6.4  7.1  0.26  2.74  2.65 148 1008.6   9.8   5.1   3.1 99.0 99.00
2016 05 06 23 50 137  5.8  6.5  0.25  2.60  2.63 144 1008.0   9.5   5.1   3.8 99.0 99.00
2016 05 07 00 50 149  5.7  6.3  0.24 99.00  2.65 999 1007.5   9.6   5.0   4.2 99.0 99.00
2016 05 07 01 50 150  5.3  5.8  0.23 99.00  2.72 999 1007.5   9.2   5.0   4.6 99.0 99.00
2016 05 07 02 50 158  5.8  6.4  0.21 99.00  2.73 999 1007.3   9.7   5.0   5.1 99.0 99.00
2016 05 07 03 50 158  5.1  5.4  0.25 99.00  2.70 999 1006.5   8.5   5.0   5.3 99.0 99.00
2016 05 07 04 50 165  5.5  6.2  0.21 99.00  2.69 999 1005.8   8.5   4.9   5.6 99.0 99.00
2016 05 07 05 50 181  5.4  6.2  0.22 99.00  2.69 999 1004.9   8.7   4.9   5.7 99.0 99.00
2016 05 07 06 50 201  5.1  5.6  0.23 99.00  2.70 999 1004.2   9.4   4.9   6.0 99.0 99.00
2016 05 07 07 50 259  8.0  9.5  0.23 99.00  2.61 999 1004.0  11.6   4.9   6.2 99.0 99.00
2016 05 07 08 50 291  7.0  8.0  0.23 99.00  2.55 999 1004.2  12.3   4.9   6.6 99.0 99.00
2016 05 07 09 50 304  3.7  4.5  0.29  2.74  2.58 288 1004.2  11.7   4.9   6.8 99.0 99.00
2016 05 07 10 50 322  3.1  3.9  0.25 99.00  2.65 999 1004.2  11.9   4.9   6.9 99.0 99.00
2016 05 07 11 50 355  7.5 13.0  0.20 99.00  2.60 999 1004.7  10.7   4.9   6.7 99.0 99.00
2016 05 07 12 50  13 10.9 12.8  0.49  2.94  2.89   1 1005.6   6.9   4.9   5.2 99.0 99.00
2016 05 07 13 50   5 11.7 13.6  0.99  3.70  3.50  30 1006.2   6.8   4.9   4.0 99.0 99.00
2016 05 07 14 50   5 12.6 15.0  1.47  5.00  4.33  37 1006.4   6.7   4.8   3.3 99.0 99.00
2016 05 07 15 50 360 12.9 16.1  1.84  6.25  4.82  40 1007.4   6.6   4.8   3.0 99.0 99.00
2016 05 07 16 50 357 12.5 15.2  2.26  6.25  5.32  38 1008.1   6.4   4.8   2.8 99.0 99.00
2016 05 07 17 50   3 12.3 15.0  2.08  6.67  5.17  45 1008.4   6.6   4.8   2.4 99.0 99.00
2016 05 07 18 50 359 12.3 14.5  2.27  7.14  5.42  44 1008.7   6.7   4.8   2.3 99.0 99.00
2016 05 07 19 50 356 10.0 11.9  2.36  6.67  5.55  36 1009.3   6.7   4.8   2.1 99.0 99.00
2016 05 07 20 50 359 10.0 12.2  1.91  6.67  5.11  37 1009.4   7.0   4.8   1.7 99.0 99.00
2016 05 07 21 50 339  9.0 10.5  1.83  6.67  5.07  54 1010.7   7.2   4.8   1.6 99.0 99.00
2016 05 07 22 50   8  6.9  7.9  1.58  6.67  5.04  48 1010.3   7.5   4.8   0.9 99.0 99.00
2016 05 07 23 50  22  4.4  5.0  1.35  6.25  4.99  42 1009.9   6.8   4.7   1.7 99.0 99.00
2016 05 08 00 50  23  3.5  4.2  1.17  5.88  4.77  47 1009.9   6.4   4.7   2.4 99.0 99.00
2016 05 08 01 50   2  2.8  3.2  1.04  6.25  4.80  45 1010.4   6.1   4.7   3.0 99.0 99.00
2016 05 08 02 50 343  3.4  3.8  0.93  6.25  4.68  45 1011.4   6.1   4.7   3.3 99.0 99.00
2016 05 08 03 50 330  3.5  3.9  0.83  6.25  4.66  40 1011.7   5.7   4.7   3.7 99.0 99.00
2016 05 08 04 50 303  3.1  3.6  0.68  5.56  4.25  26 1011.8   5.5   4.7   3.9 99.0 99.00
2016 05 08 05 50 323  3.7  4.3  0.63  5.26  4.21  36 1012.2   5.5   4.7   4.0 99.0 99.00
2016 05 08 06 50 350  3.5  3.9  0.54  4.76  4.17  48 1012.2   5.4   4.6   4.0 99.0 99.00
2016 05 08 07 50 336  2.4  2.8  0.48  4.35  4.03  45 1012.4   5.3   4.6   4.1 99.0 99.00
2016 05 08 08 50 323  1.7  1.9  0.45  5.26  4.00  44 1012.4   5.4   4.6   4.2 99.0 99.00
2016 05 08 09 50 241  1.9  2.1  0.42  5.26  3.96 323 1012.2   5.6   4.6   3.9 99.0 99.00
2016 05 08 10 50 212  2.7  3.4  0.38  5.26  3.94 320 1012.4   7.1   4.6   2.3 99.0 99.00
2016 05 08 11 50 196  4.1  4.5  0.33  5.00  3.98 341 1012.7   6.9   4.6   2.3 99.0 99.00
2016 05 08 12 50 202  3.5  3.8  0.30  5.00  3.91 322 1013.0   6.6   4.6   2.6 99.0 99.00
2016 05 08 13 50 208  4.3  5.3  0.27  5.00  3.99 323 1013.5   6.1   4.7   3.4 99.0 99.00
2016 05 08 14 50 211  5.3  6.3  0.24 99.00  3.97 999 1013.8   6.2   4.8   3.5 99.0 99.00
2016 05 08 15 50 205  4.6  5.1  0.26  5.00  3.05 332 1014.1   6.4   4.8   3.5 99.0 99.00
2016 05 08 16 50 196  3.9  4.2  0.24 99.00  3.06 999 1013.9   6.5   4.9   3.5 99.0 99.00
2016 05 08 17 50 186  3.4  4.0  0.23 99.00  3.15 999 1013.5   6.7   5.0   3.7 99.0 99.00
2016 05 08 18 50 168  3.3  3.6  0.19 99.00  3.44 999 1013.1   7.1   5.1   3.7 99.0 99.00
2016 05 08 19 50  31  2.5  5.5  0.16 99.00  3.50 999 1013.5   9.0   5.2   2.3 99.0 99.00
2016 05 08 20 50  81  2.0  2.6  0.15 99.00  3.62 999 1013.5   8.0   5.5   3.1 99.0 99.00
2016 05 08 21 50  58  3.2  3.6  0.16 99.00  3.86 999 1013.8   7.7   5.7   3.7 99.0 99.00
2016 05 08 22 50  71  1.7  1.9  0.15 99.00  3.73 999 1014.3   7.6   5.6   3.5 99.0 99.00
2016 05 08 23 50  93  2.3  2.5  0.14 99.00  3.76 999 1014.4   7.5   5.6   3.2 99.0 99.00
2016 05 09 00 50 112  1.3  1.8  0.13 99.00  3.80 999 1014.7   7.1   5.6   3.5 99.0 99.00
2016 05 09 01 50 126  2.3  2.5  0.12 99.00  3.61 999 1014.7   6.8   5.5   3.9 99.0 99.00
2016 05 09 02 50 141  3.2  3.7  0.11 99.00  3.72 999 1014.5   6.8   5.4   3.8 99.0 99.00
2016 05 09 03 50 139  2.6  2.8  0.10 99.00  3.66 999 1014.3   6.7   5.3   3.9 99.0 99.00
2016 05 09 04 50 129  3.0  3.3  0.10 99.00  3.63 999 1014.5   7.3   5.2   3.4 99.0 99.00
2016 05 09 05 50 125  2.5  2.7  0.09 99.00  3.38 999 1014.9   7.4   5.2   3.1 99.0 99.00
2016 05 09 06 50 135  3.2  3.4  0.12 99.00  3.20 999 1015.2   7.7   5.1   3.0 99.0 99.00
2016 05 09 07 50 149  3.1  3.3  0.11 99.00  3.10 999 1015.2   6.8   5.1   4.1 99.0 99.00
2016 05 09 08 50 133  2.5  2.6  0.10 99.00  2.90 999 1014.7   7.5   5.1   3.8 99.0 99.00
2016 05 09 09 50 105  2.7  2.8  0.08 99.00  2.97 999 1014.9   7.2   5.0   3.9 99.0 99.00
2016 05 09 10 50  91  3.9  4.4  0.07 99.00  2.90 999 1015.4   6.8   5.0   4.2 99.0 99.00
2016 05 09 11 50 107  4.3  4.8  0.08 99.00  3.15 999 1015.8   7.3   5.0   3.4 99.0 99.00
2016 05 09 12 50 100  5.4  6.0  0.11 99.00  2.50 999 1016.4   7.1   5.0   3.2 99.0 99.00
2016 05 09 14 50 114  5.1  5.8  0.19 99.00  2.47 999 1016.3   7.3   5.0   3.4 99.0 99.00
2016 05 09 15 50 107  2.9  3.2  0.17 99.00  2.44 999 1017.4   7.1   5.1   4.1 99.0 99.00
2016 05 09 16 50  98  3.4  3.9  0.14 99.00  2.40 999 1017.0   7.5   5.1   4.6 99.0 99.00
2016 05 09 17 50  98  3.8  4.2  0.11 99.00  2.43 999 1017.0   7.7   5.2   4.8 99.0 99.00
2016 05 09 18 50  97  3.8  4.1  0.10 99.00  2.63 999 1016.7   7.6   5.2   4.8 99.0 99.00
2016 05 09 19 50  99  5.4  5.8  0.08 99.00  2.44 999 1016.0   8.0   5.2   4.6 99.0 99.00
2016 05 09 20 50 103  5.3  5.8  0.14 99.00  2.51 999 1015.6   8.1   5.3   4.5 99.0 99.00
2016 05 09 21 50 118  4.1  4.7  0.21 99.00  2.95 999 1015.8   8.1   5.3   4.7 99.0 99.00
2016 05 09 22 50 110  5.6  6.2  0.18 99.00  2.80 999 1015.4   8.8   5.2   4.4 99.0 99.00
2016 05 09 23 50 114  6.3  7.3  0.26  3.57  2.87 159 1014.8   9.1   5.2   4.4 99.0 99.00
2016 05 10 00 50 109  5.3  6.1  0.31  3.57  3.04 159 1015.1   8.1   5.2   5.0 99.0 99.00
2016 05 10 01 50 108  7.0  7.9  0.38  3.57  2.98 158 1015.1   8.4   5.1   5.2 99.0 99.00
2016 05 10 02 50 119 10.0 11.7  0.42  3.45  2.98 136 1015.8   8.1   5.1   7.3 99.0 99.00
2016 05 10 03 50 108  9.2 11.3  0.58  3.45  3.12 133 1015.6   7.4   5.1   7.4 99.0 99.00
2016 05 10 04 50 101  8.4  9.6  0.72  3.57  3.42 125 1015.2   7.2   5.0   7.2 99.0 99.00
2016 05 10 05 50 101  8.4 10.0  0.78  4.00  3.56 138 1014.6   7.2   5.0   7.2 99.0 99.00
2016 05 10 06 50 104  9.2 10.5  0.80  3.85  3.55 119 1014.1   7.5   5.0   7.5 99.0 99.00
2016 05 10 07 50 105  8.6 10.5  0.83  4.00  3.64 115 1014.1   7.4   4.9   7.4 99.0 99.00
2016 05 10 08 50 102  8.4  9.7  0.94  4.35  3.81 126 1014.1   7.1   4.9   7.1 99.0 99.00
2016 05 10 09 50  98  8.4  9.6  0.94  4.76  3.86 121 1013.9   7.1   4.9   7.1 99.0 99.00
2016 05 10 10 50 100  9.8 11.3  1.06  4.76  3.95 121 1013.9   7.3   4.8   6.6 99.0 99.00
2016 05 10 11 50  96  9.9 11.4  1.15  4.55  3.97 108 1013.8   7.4   4.8   6.2 99.0 99.00
2016 05 10 12 50  99  9.1 11.0  1.16  4.76  4.06 104 1014.0   7.4   4.8   5.9 99.0 99.00
2016 05 10 13 50  99  8.3  9.7  1.15  5.00  4.16 105 1014.0   7.4   4.8   6.0 99.0 99.00
2016 05 10 14 50  97  9.0 10.3  1.09  4.76  4.10 108 1013.6   7.4   4.8   6.7 99.0 99.00
2016 05 10 15 50  99  9.4 11.1  1.08  5.00  4.02 109 1013.6   7.7   4.7   7.3 99.0 99.00
2016 05 10 16 50  94  8.9 10.3  1.03  4.55  3.84 116 1013.6   7.4   4.8   7.4 99.0 99.00
2016 05 10 17 50  92  8.0  9.2  1.06  5.00  3.98  92 1013.7   6.9   4.8   6.9 99.0 99.00
2016 05 10 18 50  93  7.6  9.0  0.94  4.55  3.84  84 1013.8   7.1   4.8   7.1 99.0 99.00
2016 05 10 19 50  89  8.1  9.6  0.99  4.76  3.92  93 1013.5   7.1   4.8   7.1 99.0 99.00
2016 05 10 20 50  88  7.9  9.3  0.95  4.17  3.81  99 1013.6   7.2   4.8   7.2 99.0 99.00
2016 05 10 21 50  92  8.4 10.7  0.89  4.76  3.81  82 1013.5   7.5   4.8   7.5 99.0 99.00
2016 05 10 22 50  91  7.0  7.8  0.94  4.76  3.88  73 1014.0   7.2   4.8   7.2 99.0 99.00
2016 05 10 23 50  94  7.7  8.5  0.85  4.55  3.75  77 1014.2   7.3   4.8   7.3 99.0 99.00
2016 05 11 00 50  90  7.4  8.3  0.84  4.55  3.76  88 1014.6   7.4   4.8   7.4 99.0 99.00
2016 05 11 01 50  89  6.6  7.4  0.78  4.17  3.77  97 1014.9   7.1   4.8   7.1 99.0 99.00
2016 05 11 02 50  91  6.1  7.0  0.61  4.17  3.56  94 1015.4   7.0   4.7   7.0 99.0 99.00
2016 05 11 03 50  89  4.9  5.4  0.50  4.00  3.42  88 1015.8   6.8   4.7   6.8 99.0 99.00
2016 05 11 04 50  89  5.4  6.2  0.50  4.00  3.34  88 1016.2   7.1   4.7   7.1 99.0 99.00
2016 05 11 05 50  86  6.3  6.9  0.45  4.00  3.24  79 1016.3   7.0   4.7   7.0 99.0 99.00
2016 05 11 06 50  89  6.3  7.1  0.42  3.70  3.24  80 1016.4   7.2   4.7   7.2 99.0 99.00
2016 05 11 07 50  91  5.9  6.7  0.39  3.45  3.20  95 1016.3   7.1   4.7   7.1 99.0 99.00
2016 05 11 08 50  91  6.4  7.2  0.40  3.03  2.99  96 1016.4   7.1   4.7   7.1 99.0 99.00
2016 05 11 09 50  95  3.9  4.5  0.37  3.45  3.00  77 1017.2   6.8   4.7   6.8 99.0 99.00
2016 05 11 10 50  68  3.4  4.0  0.33  3.23  3.02  95 1017.6   6.8   4.7   6.8 99.0 99.00
2016 05 11 11 50  87  4.5  5.2  0.29  3.03  3.09  90 1017.7   6.7   4.7   6.7 99.0 99.00
2016 05 11 12 50  94  3.8  4.3  0.26  3.23  3.03  66 1017.8   7.0   4.7   7.0 99.0 99.00
2016 05 11 13 50  93  4.1  4.6  0.24 99.00  3.00 999 1017.7   6.8   4.7   6.8 99.0 99.00
2016 05 11 14 50  86  4.2  4.7  0.21 99.00  3.09 999 1018.4   7.1   4.7   7.1 99.0 99.00
2016 05 11 15 50  97  2.0  2.4  0.21 99.00  3.12 999 1018.9   7.5   4.8   7.5 99.0 99.00
2016 05 11 16 50  85  2.0  2.3  0.21 99.00  3.09 999 1018.8   7.6   4.9   7.6 99.0 99.00
2016 05 11 17 50  58  2.7  3.0  0.21 99.00  3.28 999 1018.3   6.6   5.0   6.6 99.0 99.00
2016 05 11 18 50 318  1.2  1.4  0.18 99.00  3.30 999 1018.1   6.8   5.2   6.8 99.0 99.00
2016 05 11 19 50 338  1.3  1.5  0.18 99.00  3.37 999 1017.9   6.9   5.4   6.9 99.0 99.00
2016 05 11 20 50  46  2.7  3.1  0.17 99.00  3.43 999 1016.8   7.1   5.6   7.1 99.0 99.00
2016 05 11 21 50 339  0.7  1.3  0.18 99.00  3.51 999 1017.1   7.6   5.8   7.6 99.0 99.00
2016 05 11 22 50  37  3.1  3.5  0.16 99.00  3.68 999 1016.4   7.1   5.9   7.1 99.0 99.00
2016 05 11 23 50  44  2.6  3.1  0.16 99.00  3.79 999 1016.4   6.8   5.8   6.8 99.0 99.00
2016 05 12 00 50  53  3.4  4.0  0.15 99.00  3.83 999 1016.3   6.7   5.6   6.7 99.0 99.00
2016 05 12 01 50  37  3.6  4.5  0.15 99.00  3.69 999 1016.0   6.7   5.4   6.7 99.0 99.00
2016 05 12 02 50  70  3.2  3.5  0.14 99.00  3.43 999 1016.6   6.5   5.2   6.5 99.0 99.00
2016 05 12 03 50  83  4.1  4.4  0.14 99.00  3.14 999 1016.1   6.5   5.1   6.5 99.0 99.00
2016 05 12 04 50  86  4.5  5.0  0.13 99.00  3.51 999 1015.5   7.2   5.1   7.2 99.0 99.00
2016 05 12 05 50  97  4.2  4.5  0.11 99.00  3.44 999 1015.0   8.1   5.1   8.1 99.0 99.00
2016 05 12 06 50 103  3.9  4.3  0.10 99.00  3.30 999 1014.5   8.5   5.0   8.5 99.0 99.00
2016 05 12 07 50 118  5.0  5.9  0.10 99.00  3.63 999 1013.8   9.6   5.0   9.6 99.0 99.00
2016 05 12 08 50 125  7.0  7.9  0.13 99.00  2.52 999 1012.8   9.2   5.0   9.2 99.0 99.00
2016 05 12 09 50 148  6.8  8.2  0.15 99.00  2.46 999 1011.7  10.2   5.0  10.2 99.0 99.00
2016 05 12 10 50 207  4.5  5.5  0.14 99.00  2.51 999 1013.0   9.0   5.0   9.0 99.0 99.00
2016 05 12 11 50 208  2.3  2.9  0.17 99.00  2.48 999 1012.9   8.8   5.0   8.8 99.0 99.00
2016 05 12 12 50 161  2.9  3.7  0.15 99.00  2.48 999 1013.0   9.3   5.0   9.3 99.0 99.00
2016 05 12 14 50 135  4.1  4.5  0.12 99.00  2.71 999 1012.9   9.1   5.0   9.1 99.0 99.00
2016 05 12 15 50 172  3.1  3.5  0.14 99.00  2.68 999 1012.9   8.3   5.1   8.3 99.0 99.00
2016 05 12 16 50 227  1.4  1.8  0.16 99.00  2.89 999 1013.0   7.8   5.2   7.8 99.0 99.00
2016 05 12 17 50 238  3.2  4.0  0.16 99.00  2.84 999 1013.1   7.8   5.3   7.8 99.0 99.00
2016 05 12 18 50 166  2.9  3.5  0.10 99.00  2.91 999 1012.3   7.9   5.3   7.9 99.0 99.00
2016 05 12 19 50 192  3.0  3.3  0.09 99.00  2.86 999 1012.7   7.5   5.3   7.5 99.0 99.00
2016 05 12 20 50 229  3.6  3.9  0.09 99.00  2.90 999 1012.0   7.2   5.3   7.2 99.0 99.00
2016 05 12 21 50 235  3.1  3.4  0.10 99.00  3.31 999 1011.6   7.8   5.3   7.8 99.0 99.00
2016 05 12 22 50 174  3.6  4.1  0.11 99.00  2.93 999 1011.3   7.3   5.4   7.3 99.0 99.00
2016 05 12 23 50 198  3.7  4.3  0.12 99.00  2.90 999 1011.4   7.8   5.4   7.8 99.0 99.00
2016 05 13 00 50 251  4.8  5.7  0.10 99.00  3.07 999 1011.5   9.2   5.4   9.1 99.0 99.00
2016 05 13 01 50 251  7.0  7.7  0.14 99.00  2.44 999 1011.9   9.3   5.3   6.7 99.0 99.00
2016 05 13 02 50 248  7.0  7.8  0.33  2.74  2.68 210 1012.5   9.3   5.2   6.3 99.0 99.00
2016 05 13 03 50 250  6.3  7.0  0.38  3.13  2.85 208 1012.6   7.9   5.1   6.2 99.0 99.00
2016 05 13 04 50 285  7.6  8.8  0.48  3.57  3.26 227 1012.3   8.7   5.1   6.2 99.0 99.00
2016 05 13 05 50 274  6.8  8.1  0.45  3.45  3.06 246 1012.5   8.0   5.0   6.2 99.0 99.00
2016 05 13 06 50 264  6.5  7.2  0.56  3.70  3.43 230 1012.7   7.7   5.0   5.8 99.0 99.00
2016 05 13 07 50 256  5.3  5.8  0.52  3.70  3.35 240 1012.8   7.2   5.0   5.8 99.0 99.00
2016 05 13 08 50 259  6.4  7.3  0.50  3.85  3.29 242 1012.9   7.2   4.9   5.8 99.0 99.00
2016 05 13 09 50 264  6.4  7.4  0.47  3.57  3.08 250 1013.2   7.0   4.9   5.8 99.0 99.00
2016 05 13 10 50 256  6.7  7.8  0.48  3.33  3.08 239 1013.8   6.9   4.9   5.8 99.0 99.00
2016 05 13 11 50 258  5.8  6.7  0.51  3.45  3.07 253 1014.4   6.9   4.9   5.8 99.0 99.00
2016 05 13 12 50 258  6.0  6.9  0.46  3.33  3.13 240 1014.5   7.0   4.9   5.9 99.0 99.00
2016 05 13 13 50 254  6.9  7.9  0.48  3.45  3.14 259 1015.6   6.8   4.9   6.0 99.0 99.00
2016 05 13 14 50 244  5.1  5.8  0.40  3.45  3.11 264 1015.6   6.8   5.0   6.2 99.0 99.00
2016 05 13 15 50 214  3.4  4.0  0.36  3.45  3.08 281 1015.6   6.5   5.1   6.2 99.0 99.00
2016 05 13 16 50 194  3.3  3.6  0.32  3.57  3.10 297 1015.5   6.8   5.2   6.3 99.0 99.00
2016 05 13 17 50 175  3.9  4.3  0.28  3.70  3.11 306 1014.8   7.0   5.4   6.2 99.0 99.00
2016 05 13 18 50 171  6.0  6.8  0.25  3.57  3.14 308 1014.0   7.5   5.5   6.0 99.0 99.00
2016 05 13 19 50 177  4.9  5.7  0.26  3.70  2.76 314 1013.9   7.4   5.4   5.8 99.0 99.00
2016 05 13 20 50 173  5.0  5.7  0.27  2.60  2.70 196 1013.3   7.5   5.4   5.7 99.0 99.00
2016 05 13 21 50 171  4.0  4.4  0.22 99.00  2.74 999 1013.1   7.3   5.4   5.5 99.0 99.00
2016 05 13 22 50 263  1.2  1.6  0.21 99.00  2.68 999 1012.7   7.3   5.3   5.5 99.0 99.00
2016 05 13 23 50  37  1.8  2.1  0.23 99.00  2.74 999 1012.1   6.9   5.3   5.8 99.0 99.00
2016 05 14 00 50  62  2.5  3.3  0.21 99.00  2.80 999 1011.7   7.1   5.3   6.4 99.0 99.00
2016 05 14 01 50  36  4.2  4.7  0.16 99.00  2.78 999 1010.8   6.5   5.3   6.5 99.0 99.00
2016 05 14 02 50  46  4.6  5.2  0.15 99.00  2.70 999 1010.5   6.4   5.3   6.4 99.0 99.00
2016 05 14 03 50  11  5.9  6.8  0.10 99.00  2.73 999 1010.2   6.3   5.2   6.3 99.0 99.00
2016 05 14 04 50 333  9.5 11.2  0.29  2.25  2.39  32 1009.6   6.0   5.2   6.0 99.0 99.00
2016 05 14 05 50 340  6.7  8.0  0.56  3.13  3.02  15 1009.5   5.4   5.2   5.2 99.0 99.00
2016 05 14 06 50 301  6.8  8.0  0.55  3.33  3.18 350 1009.0   5.7   5.1   5.5 99.0 99.00
2016 05 14 07 50 307 10.0 11.8  0.65  3.70  3.20 339 1009.0   5.8   5.1   4.5 99.0 99.00
2016 05 14 08 50 322  9.6 12.2  0.92  3.70  3.63 352 1009.7   5.7   5.1   4.7 99.0 99.00
2016 05 14 09 50 329  7.9  9.5  1.17  4.35  3.96 353 1010.6   4.8   5.0   4.4 99.0 99.00
2016 05 14 10 50 323  8.4 10.6  1.28  5.00  4.19 342 1011.0   5.1   5.0   2.7 99.0 99.00
2016 05 14 11 50 301  9.5 11.4  1.26  5.26  4.39 322 1011.6   5.2   5.0   2.5 99.0 99.00
2016 05 14 12 50 301 10.1 12.7  1.08  5.26  4.01 344 1012.3   5.2   5.0   1.9 99.0 99.00
2016 05 14 13 50 300 10.4 12.2  1.27  5.26  4.20 342 1012.7   5.1   5.0   1.4 99.0 99.00
2016 05 14 14 50 300  9.4 11.1  1.31  5.26  4.26 341 1013.4   5.1   5.0   1.6 99.0 99.00
2016 05 14 15 50 308  9.6 11.2  1.24  5.00  4.23 342 1013.9   5.1   5.0   0.9 99.0 99.00
2016 05 14 16 50 311  8.8 10.5  1.19  5.00  4.22 350 1014.5   5.1   5.0   0.7 99.0 99.00
2016 05 14 17 50 308  7.8  9.6  1.33  5.56  4.46 356 1014.7   5.2   5.0   0.3 99.0 99.00
2016 05 14 18 50 316  8.2  9.3  1.16  5.26  4.27  13 1015.1   5.0   5.0  -0.8 99.0 99.00
2016 05 14 19 50 303  7.0  8.1  1.10  5.56  4.36  12 1015.5   5.0   5.0  -0.2 99.0 99.00
2016 05 14 20 50 295  8.6 10.2  1.00  5.26  4.04 359 1015.5   5.1   5.0  -1.2 99.0 99.00
2016 05 14 21 50 305  8.5  9.9  1.15  4.35  4.09 326 1015.5   5.0   5.0  -1.3 99.0 99.00
2016 05 14 22 50 289  6.0  7.1  1.11  5.00  4.22 343 1015.9   5.2   5.0  -0.2 99.0 99.00
2016 05 14 23 50 307  6.1  7.0  1.06  5.00  4.21 351 1015.9   5.3   5.0   0.1 99.0 99.00
2016 05 15 00 50 293  6.0  7.4  0.96  5.56  4.19   6 1016.2   5.4   5.0   0.6 99.0 99.00
2016 05 15 01 50 296  7.1  8.5  0.91  5.00  4.08   3 1016.3   5.6   5.0  -0.6 99.0 99.00
2016 05 15 02 50 289  6.7  7.9  0.85  5.56  4.19   6 1016.8   5.6   4.9  -0.1 99.0 99.00
2016 05 15 03 50 298  7.1  9.2  0.79  5.88  4.02 360 1016.7   5.5   4.9  -0.5 99.0 99.00
2016 05 15 04 50 302  6.1  7.0  0.84  5.56  4.02  25 1016.5   5.4   4.9   0.4 99.0 99.00
2016 05 15 05 50 308  5.7  6.6  0.72  5.26  3.87  26 1016.5   5.2   4.9   0.4 99.0 99.00
2016 05 15 06 50 325  6.9  8.1  0.74  5.88  3.94  37 1016.5   4.9   4.9   0.5 99.0 99.00
2016 05 15 07 50 299  5.8  6.9  0.80  5.00  3.85  28 1016.7   4.7   4.9  -0.5 99.0 99.00
2016 05 15 08 50 300  5.9  6.8  0.70  5.56  3.78  13 1017.1   4.6   4.9  -0.2 99.0 99.00
2016 05 15 09 50 315  5.6  6.5  0.69  4.76  3.79  28 1017.2   4.7   4.9  -1.2 99.0 99.00
2016 05 15 10 50 319  6.5  7.5  0.62  4.17  3.61   6 1017.7   4.5   4.9  -1.2 99.0 99.00
2016 05 15 11 50 322  7.4  8.7  0.65  4.35  3.53  20 1018.2   4.3   4.9  -2.2 99.0 99.00
2016 05 15 12 50 328  8.3  9.7  0.75  4.00  3.54  15 1018.8   4.0   4.9  -2.3 99.0 99.00
2016 05 15 14 50 333  8.7  9.9  1.06  4.76  4.01  22 1019.8   3.4   4.9  -5.5 99.0 99.00
2016 05 15 15 50 324  7.8  9.1  1.11  5.26  4.11  30 1020.2   3.5   4.9  -5.8 99.0 99.00
2016 05 15 16 50 320  5.5  6.4  1.03  5.26  4.09  30 1020.4   3.6   4.9  -5.6 99.0 99.00
2016 05 15 17 50 298  3.1  3.7  0.90  5.26  4.18  16 1020.0   3.9   5.0  -6.0 99.0 99.00
2016 05 15 18 50 199  3.1  3.9  0.81  5.26  4.18 320 1020.0   4.2   5.1  -4.4 99.0 99.00
2016 05 15 19 50 177  5.0  5.6  0.70  5.56  4.21 329 1020.1   4.4   5.3  -3.4 99.0 99.00
2016 05 15 20 50 169  6.7  7.7  0.55  5.00  3.88 333 1019.8   4.5   5.3  -1.8 99.0 99.00
2016 05 15 21 50 168  6.9  8.0  0.54  5.26  3.48 335 1019.2   4.9   5.3   0.0 99.0 99.00
2016 05 15 22 50 174  7.4  8.4  0.56  5.56  3.33 342 1019.1   5.1   5.3   1.2 99.0 99.00
2016 05 15 23 50 175  7.2  8.3  0.56  3.13  3.29 153 1018.9   5.3   5.2   1.5 99.0 99.00
2016 05 16 00 50 177  6.9  8.0  0.51  3.45  3.28 157 1018.8   5.6   5.1   2.1 99.0 99.00
2016 05 16 01 50 184  6.7  7.7  0.57  3.33  3.24 155 1018.8   5.9   5.1   2.3 99.0 99.00
2016 05 16 02 50 193  6.6  8.0  0.56  3.45  3.34 158 1019.2   6.4   5.1   2.6 99.0 99.00
2016 05 16 03 50 201  6.4  7.1  0.49  3.33  3.18 159 1019.2   6.7   5.1   2.9 99.0 99.00
2016 05 16 04 50 204  7.2  8.0  0.52  3.45  3.17 157 1018.8   7.4   5.1   2.5 99.0 99.00
2016 05 16 05 50 205  6.9  8.0  0.56  3.45  3.20 161 1018.9   7.5   5.0   2.6 99.0 99.00
2016 05 16 06 50 205  7.5  8.6  0.56  3.45  3.18 173 1018.7   7.5   5.0   2.7 99.0 99.00
2016 05 16 07 50 198  7.5  8.6  0.58  3.57  3.27 167 1018.6   7.5   5.0   2.5 99.0 99.00
2016 05 16 08 50 193  7.6  8.7  0.59  3.70  3.30 163 1018.4   6.9   5.0   3.3 99.0 99.00
2016 05 16 09 50 186  8.0  9.5  0.65  3.70  3.38 163 1018.1   6.8   5.0   3.1 99.0 99.00
2016 05 16 10 50 186  8.4  9.6  0.72  4.00  3.51 156 1017.9   6.8   5.0   2.8 99.0 99.00
2016 05 16 11 50 186  8.6 10.7  0.90  4.17  3.78 156 1018.0   7.0   5.0   3.1 99.0 99.00
2016 05 16 12 50 189  8.7 10.3  0.88  4.55  3.73 154 1018.1   6.9   5.1   3.3 99.0 99.00
2016 05 16 13 50 191  8.8  9.9  0.99  4.55  3.93 148 1017.8   7.0   5.1   3.7 99.0 99.00
2016 05 16 14 50 189  7.4  8.4  1.06  4.76  4.03 140 1018.0   7.0   5.1   4.2 99.0 99.00
2016 05 16 15 50 190  7.6  8.8  0.94  4.76  3.89 140 1017.8   7.6   5.2   4.5 99.0 99.00
2016 05 16 16 50 188  7.5  8.3  0.83  4.76  3.85 140 1017.6   7.8   5.2   4.7 99.0 99.00
2016 05 16 17 50 198  6.8  7.6  0.85  4.76  3.76 143 1017.5   8.4   5.3   4.8 99.0 99.00
2016 05 16 18 50 189  6.4  7.1  0.69  4.76  3.69 146 1017.3   8.5   5.3   5.0 99.0 99.00
2016 05 16 19 50 187  6.2  6.8  0.63  4.35  3.59 156 1017.0   8.9   5.4   5.0 99.0 99.00
2016 05 16 20 50 217  7.3  8.3  0.57  4.35  3.43 147 1016.9  12.3   5.4   4.0 99.0 99.00
2016 05 16 21 50 203  7.1 13.4  0.51  4.00  3.47 154 1016.7  17.7   5.4   3.3 99.0 99.00
2016 05 16 22 50 253  4.8  5.4  0.38  4.17  3.29 151 1017.5  12.5   5.4   3.7 99.0 99.00
2016 05 16 23 50 353  4.7  5.7  0.33  4.00  3.23 215 1017.7  11.4   5.4   3.9 99.0 99.00
2016 05 17 00 50  87  2.9  3.4  0.28  3.57  3.23 196 1018.1   8.7   5.3   4.4 99.0 99.00
2016 05 17 01 50 154  1.8  2.1  0.33  3.57  3.15 217 1018.6   8.0   5.3   4.7 99.0 99.00
2016 05 17 02 50 197  1.9  2.3  0.31  3.23  3.03 194 1019.1   8.8   5.3   4.4 99.0 99.00
2016 05 17 03 50 179  4.0  4.4  0.27  3.45  3.02 227 1019.4   9.3   5.3   4.2 99.0 99.00
2016 05 17 04 50 247  2.9  4.2  0.23 99.00  2.94 999 1020.5   7.9   5.3   4.7 99.0 99.00
2016 05 17 05 50 335  5.0  8.4  0.22 99.00  2.95 999 1020.6   9.0   5.2   5.4 99.0 99.00
2016 05 17 06 50  20  2.8  3.1  0.19 99.00  3.01 999 1020.4   7.9   5.2   5.5 99.0 99.00
2016 05 17 07 50  24  3.0  3.6  0.19 99.00  3.03 999 1020.4   6.4   5.2   4.8 99.0 99.00
2016 05 17 08 50 345  1.7  2.9  0.19 99.00  2.80 999 1020.7   6.3   5.2   5.0 99.0 99.00
2016 05 17 09 50 313  2.8  3.7  0.25  2.86  2.75 317 1021.7   6.6   5.2   4.7 99.0 99.00
2016 05 17 10 50  26  4.3  5.4  0.41  3.57  3.09  16 1022.2   6.1   5.2   4.9 99.0 99.00
2016 05 17 11 50  37  5.6  6.5  0.52  3.70  3.38  19 1022.3   6.3   5.2   4.8 99.0 99.00
2016 05 17 12 50  22  7.4  8.7  0.74  5.26  3.82  30 1022.9   5.8   5.2   4.6 99.0 99.00
2016 05 17 13 50  25  6.2  7.2  0.73  4.76  3.70  30 1023.2   5.8   5.2   4.8 99.0 99.00
2016 05 17 14 50  19  6.1  7.1  0.77  4.35  3.70  36 1023.8   5.6   5.2   4.8 99.0 99.00
2016 05 17 15 50  12  7.1  8.2  0.74  4.55  3.61  31 1024.1   5.6   5.3   4.8 99.0 99.00
2016 05 17 16 50  10  7.2  9.0  0.71  4.76  3.67  35 1024.3   5.6   5.3   4.8 99.0 99.00
2016 05 17 17 50   5  7.7  9.2  0.76  4.76  3.73  39 1024.1   5.4   5.3   4.8 99.0 99.00
2016 05 17 18 50 359  7.2  8.5  0.82  4.35  3.77  41 1024.0   5.5   5.3   4.8 99.0 99.00
2016 05 17 19 50   2  7.9  9.1  0.86  4.76  3.88  38 1023.4   5.5   5.3   4.5 99.0 99.00
2016 05 17 20 50   4  7.2  8.6  0.88  4.76  3.79  40 1022.9   5.8   5.3   3.9 99.0 99.00
2016 05 17 21 50   5  7.1  8.4  0.85  4.76  3.78  31 1022.8   6.2   5.3   2.8 99.0 99.00
2016 05 17 22 50   1  7.4  8.8  0.88  4.76  3.87  40 1022.6   6.3   5.3   2.5 99.0 99.00
2016 05 17 23 50 359  6.2  7.1  0.82  4.35  3.76  38 1022.7   6.1   5.3   3.2 99.0 99.00
2016 05 18 00 50 348  6.0  7.0  0.74  4.55  3.81  44 1022.9   5.9   5.3   3.6 99.0 99.00
2016 05 18 01 50 348  5.3  6.2  0.66  4.55  3.66  43 1023.0   6.2   5.3   3.5 99.0 99.00
2016 05 18 02 50 350  4.1  4.7  0.56  4.55  3.65  45 1023.3   6.1   5.3   3.6 99.0 99.00
2016 05 18 03 50 341  3.5  3.8  0.52  4.76  3.64  46 1023.2   6.2   5.3   3.7 99.0 99.00
2016 05 18 04 50 295  2.7  3.2  0.50  4.76  3.69  44 1023.2   5.9   5.3   4.3 99.0 99.00
2016 05 18 05 50 350  1.9  2.3  0.43  4.55  3.57  50 1023.1   6.8   5.3   3.7 99.0 99.00
2016 05 18 06 50  31  2.2  2.6  0.39  4.76  3.61  47 1022.8   6.6   5.3   4.0 99.0 99.00
2016 05 18 07 50  45  5.1  5.8  0.45  4.55  3.61  35 1022.2   6.7   5.2   4.4 99.0 99.00
2016 05 18 08 50  44  3.7  4.0  0.42  4.00  3.48  36 1022.6   6.5   5.2   5.1 99.0 99.00
2016 05 18 09 50  52  3.5  4.1  0.44  3.70  3.40  31 1022.8   6.8   5.2   5.2 99.0 99.00
2016 05 18 10 50  86  2.1  2.7  0.40  4.55  3.46  22 1023.4   7.1   5.2   5.3 99.0 99.00
2016 05 18 11 50 105  1.8  2.3  0.40  4.17  3.59  25 1024.0   6.9   5.2   5.4 99.0 99.00
2016 05 18 12 50  27  3.1  4.9  0.36  4.17  3.53  26 1024.6   7.7   5.2   5.4 99.0 99.00
2016 05 18 13 50  25  3.3  3.8  0.32  4.00  3.35  31 1025.0   6.1   5.3   5.1 99.0 99.00
2016 05 18 14 50  37  2.9  3.1  0.31  3.13  3.21  38 1025.2   6.3   5.4   5.1 99.0 99.00
2016 05 18 15 50  37  3.8  4.4  0.33  3.03  3.20  69 1025.3   6.2   5.5   5.0 99.0 99.00
2016 05 18 16 50  26  3.5  3.9  0.29  2.86  3.09  64 1025.5   6.4   5.6   4.5 99.0 99.00
2016 05 18 17 50  34  3.9  4.4  0.27  3.85  3.20  17 1025.1   6.8   5.7   4.1 99.0 99.00
2016 05 18 18 50  25  3.6  3.9  0.27  3.70  3.19  19 1024.8   7.4   5.8   3.3 99.0 99.00
2016 05 18 19 50  12  2.6  2.9  0.25 99.00  3.11 999 1024.6   7.6   5.9   3.3 99.0 99.00
2016 05 18 20 50 359  3.2  3.5  0.22 99.00  2.98 999 1023.9   7.9   6.1   2.9 99.0 99.00
2016 05 18 21 50   8  3.5  4.0  0.21 99.00  2.95 999 1023.4   7.2   6.1   4.1 99.0 99.00
2016 05 18 22 50  13  3.6  4.1  0.17 99.00  2.99 999 1023.1   7.4   6.1   3.5 99.0 99.00
2016 05 18 23 50  15  2.8  3.1  0.15 99.00  2.84 999 1022.9   7.4   6.1   3.8 99.0 99.00
2016 05 19 00 50   8  2.3  2.5  0.13 99.00  2.90 999 1022.7   7.2   6.0   3.9 99.0 99.00
2016 05 19 01 50  33  1.2  1.5  0.14 99.00  2.90 999 1022.7   7.2   6.0   3.9 99.0 99.00
2016 05 19 02 50 338  1.1  1.3  0.13 99.00  3.01 999 1022.9   7.6   5.9   2.6 99.0 99.00
2016 05 19 03 50 300  1.7  2.0  0.10 99.00  2.80 999 1022.8   8.3   5.9   1.3 99.0 99.00
2016 05 19 04 50 273  2.3  2.9  0.10 99.00  2.84 999 1022.8   7.1   5.8   2.9 99.0 99.00
2016 05 19 05 50 160  1.1  1.7  0.11 99.00  2.84 999 1022.9   6.7   5.8   3.8 99.0 99.00
2016 05 19 06 50 286  0.9  1.3  0.10 99.00  2.77 999 1022.8   6.6   5.7   3.4 99.0 99.00
2016 05 19 07 50 259  2.1  2.4  0.09 99.00  2.78 999 1022.8   5.9   5.7   4.7 99.0 99.00
2016 05 19 08 50 219  1.1  1.6  0.08 99.00  2.83 999 1022.7   6.2   5.7   4.6 99.0 99.00
2016 05 19 09 50 323  1.9  2.3  0.08 99.00  2.85 999 1023.0   6.0   5.6   4.7 99.0 99.00
2016 05 19 10 50  24  1.2  1.4  0.07 99.00  2.96 999 1023.2   6.8   5.6   4.2 99.0 99.00
2016 05 19 11 50 207  0.4  1.0  0.06 99.00  3.04 999 1023.6   7.6   5.6   4.1 99.0 99.00
2016 05 19 12 50  46  0.6  0.9  0.07 99.00  3.01 999 1023.9   7.4   5.7   4.4 99.0 99.00
2016 05 19 13 50 103  1.1  1.4  0.06 99.00  3.00 999 1024.0   8.0   6.3   3.6 99.0 99.00
2016 05 19 14 50 180  1.0  1.2  0.05 99.00  3.13 999 1024.3   8.0   6.9   5.4 99.0 99.00
2016 05 19 15 50 182  1.2  1.4  0.06 99.00  3.45 999 1024.1   8.5   7.7   5.9 99.0 99.00
2016 05 19 16 50 180  1.5  1.8  0.06 99.00  3.26 999 1024.0   9.0   7.9   4.9 99.0 99.00
2016 05 19 17 50 199  2.2  2.4  0.07 99.00  3.45 999 1023.9   9.0   8.1   5.4 99.0 99.00
2016 05 19 18 50 197  2.3  2.6  0.09 99.00  3.58 999 1023.4   9.2   8.2   4.6 99.0 99.00
2016 05 19 19 50 179  1.6  1.8  0.07 99.00  3.22 999 1022.9   9.8   8.5   4.3 99.0 99.00
2016 05 19 20 50 182  1.7  2.0  0.05 99.00  3.26 999 1022.4  10.7   8.9   4.9 99.0 99.00
2016 05 19 21 50 192  2.4  2.7  0.05 99.00  3.66 999 1022.4  10.8   9.2   6.6 99.0 99.00
2016 05 19 22 50 246  0.6  0.7  0.04 99.00  3.38 999 1022.4  11.8   9.6   6.2 99.0 99.00
2016 05 19 23 50 351  0.3  0.5  0.04 99.00  3.23 999 1022.0  12.6   9.7   3.3 99.0 99.00
2016 05 20 00 50 101  2.6  2.8  0.05 99.00  4.39 999 1021.5  13.9   9.4  -2.4 99.0 99.00
2016 05 20 01 50 104  2.1  2.4  0.05 99.00  3.80 999 1021.3  12.0   9.0   1.9 99.0 99.00
2016 05 20 02 50 107  3.0  3.6  0.04 99.00  2.75 999 1021.7  10.3   8.8   5.0 99.0 99.00
2016 05 20 03 50 100  2.4  2.7  0.04 99.00  3.63 999 1021.5   8.5   8.3   6.5 99.0 99.00
2016 05 20 04 50 105  2.7  2.9  0.03 99.00  3.13 999 1021.4   8.4   7.8   6.1 99.0 99.00
2016 05 20 05 50  95  1.7  2.0  0.03 99.00  3.18 999 1021.8   8.7   7.5   5.2 99.0 99.00
2016 05 20 06 50 104  1.7  1.8  0.03 99.00  3.17 999 1021.6   8.8   7.2   5.1 99.0 99.00
2016 05 20 07 50 133  2.1  2.3  0.03 99.00  3.14 999 1021.7   9.0   7.2   5.2 99.0 99.00
2016 05 20 08 50 115  2.6  2.9  0.03 99.00  3.27 999 1021.7   8.8   7.1   5.8 99.0 99.00
2016 05 20 09 50 115  3.0  3.2  0.03 99.00  3.29 999 1021.9   9.5   6.9   5.1 99.0 99.00
2016 05 20 10 50  99  2.5  2.7 99.00 99.00 99.00 999 1022.2   9.9   6.9   5.0 99.0 99.00
2016 05 20 11 50 103  2.3  2.6  0.03 99.00  3.74 999 1022.9   9.3   6.8   5.4 99.0 99.00
2016 05 20 12 50 104  2.8  3.1  0.12 99.00  3.51 999 1023.3   8.8   6.8   6.0 99.0 99.00
2016 05 20 13 50 104  3.0  3.5  0.04 99.00  3.50 999 1023.1   8.6   7.0   6.5 99.0 99.00
2016 05 20 14 50  36  1.9  3.1  0.05 99.00  4.38 999 1023.0   8.9   7.2   6.8 99.0 99.00
2016 05 20 15 50  31  2.4  3.1  0.04 99.00  4.45 999 1023.0   8.6   7.6   7.1 99.0 99.00
2016 05 20 16 50  37  3.2  3.4 99.00 99.00 99.00 999 1022.5   8.5   7.7   7.4 99.0 99.00
2016 05 20 17 50  48  3.4  3.7  0.04 99.00  3.12 999 1021.8   8.6   7.8   7.5 99.0 99.00
2016 05 20 18 50  32  1.7  2.0  0.07 99.00  3.17 999 1021.6   8.9   7.7   7.4 99.0 99.00
2016 05 20 19 50  14  2.1  2.2  0.08 99.00  2.56 999 1020.8   9.5   7.9   7.2 99.0 99.00
2016 05 20 20 50 339  2.9  3.1  0.08 99.00  2.52 999 1020.3  10.0   8.0   7.0 99.0 99.00
2016 05 20 21 50   8  3.6  4.1  0.07 99.00  3.17 999 1020.2  10.0   8.0   6.4 99.0 99.00
2016 05 20 22 50  20  3.0  3.3  0.05 99.00  2.80 999 1019.8   9.3   7.9   6.5 99.0 99.00
2016 05 21 00 50  29  3.6  4.0  0.05 99.00  3.71 999 1019.2   9.2   7.8   6.1 99.0 99.00
2016 05 21 01 50  28  4.5  5.0  0.07 99.00  2.60 999 1019.2   9.8   7.6   5.1 99.0 99.00
2016 05 21 02 50  38  5.1  5.7  0.12 99.00  2.42 999 1019.4  10.1   7.4   4.1 99.0 99.00
2016 05 21 03 50  35  5.1  5.7  0.21 99.00  2.52 999 1019.1  10.0   7.1   4.0 99.0 99.00
2016 05 21 04 50  28  4.3  4.8  0.20 99.00  2.61 999 1019.0   9.8   7.0   4.2 99.0 99.00
2016 05 21 05 50  15  3.6  3.8  0.14 99.00  2.57 999 1019.0   9.5   6.9   4.8 99.0 99.00
2016 05 21 06 50   8  3.1  3.4  0.11 99.00  2.49 999 1018.8   9.1   6.8   5.3 99.0 99.00
2016 05 21 07 50  10  3.4  3.9  0.10 99.00  2.55 999 1018.7   8.8   6.7   5.6 99.0 99.00
2016 05 21 08 50  12  4.8  5.3  0.08 99.00  2.74 999 1018.5   8.7   6.7   5.1 99.0 99.00
2016 05 21 09 50  14  4.6  5.3  0.11 99.00  2.64 999 1018.5   8.7   6.7   5.1 99.0 99.00
2016 05 21 10 50   5  4.0  4.4  0.10 99.00  2.34 999 1019.0   8.6   6.6   5.1 99.0 99.00
2016 05 21 11 50 345  3.8  4.3  0.13 99.00  2.36 999 1019.4   8.1   6.6   5.7 99.0 99.00
2016 05 21 12 50 353  5.7  6.3  0.15 99.00  2.53 999 1019.4   8.5   6.6   5.4 99.0 99.00
2016 05 21 13 50 353  3.6  3.9  0.14 99.00  2.43 999 1020.0   8.6   6.7   5.4 99.0 99.00
2016 05 21 14 50 348  3.2  3.6  0.13 99.00  2.61 999 1019.9   8.4   6.8   5.5 99.0 99.00
2016 05 21 15 50 345  4.0  4.5  0.14 99.00  2.56 999 1020.1   8.4   7.0   6.0 99.0 99.00
2016 05 21 16 50 340  4.3  4.8  0.19 99.00  2.59 999 1020.1   8.5   7.1   6.4 99.0 99.00
2016 05 21 17 50 333  3.6  4.0  0.16 99.00  2.60 999 1019.8   8.9   7.2   6.5 99.0 99.00
2016 05 21 18 50 329  3.9  4.3  0.15 99.00  2.66 999 1019.5   8.9   7.3   6.0 99.0 99.00
2016 05 21 19 50 321  5.2  5.9  0.14 99.00  2.52 999 1019.3   9.2   7.4   5.6 99.0 99.00
2016 05 21 20 50 332  2.1  2.6  0.17 99.00  2.69 999 1019.1   9.2   7.4   5.6 99.0 99.00
2016 05 21 21 50 306  4.9  5.2  0.18 99.00  2.70 999 1018.6   9.6   7.6   5.5 99.0 99.00
2016 05 21 22 50 310  4.3  4.8  0.19 99.00  2.65 999 1018.2   9.9   7.6   5.1 99.0 99.00
2016 05 21 23 50 343  3.0  3.4  0.14 99.00  2.61 999 1018.1  10.4   7.6   5.1 99.0 99.00
2016 05 22 00 50 309  1.6  2.5  0.18 99.00  2.78 999 1018.1   9.7   7.6   5.7 99.0 99.00
2016 05 22 01 50 291  2.2  2.4  0.14 99.00  2.75 999 1017.9   9.5   7.5   6.0 99.0 99.00
2016 05 22 02 50 292  3.0  3.3  0.14 99.00  2.80 999 1018.0   9.5   7.5   6.2 99.0 99.00
2016 05 22 03 50 285  2.8  3.1  0.13 99.00  2.83 999 1017.9   9.9   7.4   5.9 99.0 99.00
2016 05 22 04 50 284  3.5  4.0  0.13 99.00  2.89 999 1017.7   9.7   7.4   5.9 99.0 99.00
2016 05 22 05 50 279  4.0  4.2  0.13 99.00  3.00 999 1017.5  10.3   7.4   5.1 99.0 99.00
2016 05 22 06 50 279  3.9  4.2  0.10 99.00  2.87 999 1017.3  10.4   7.4   5.6 99.0 99.00
2016 05 22 07 50 282  4.1  4.3  0.09 99.00  2.85 999 1017.2  10.4   7.4   6.0 99.0 99.00
2016 05 22 08 50 289  3.4  3.7  0.09 99.00  2.85 999 1017.4  10.2   7.3   6.3 99.0 99.00
2016 05 22 09 50 288  3.2  3.5  0.09 99.00  2.83 999 1017.2  10.1   7.3   6.5 99.0 99.00
2016 05 22 10 50 338  5.3  8.9  0.08 99.00  2.90 999 1018.0  13.6   7.3   5.4 99.0 99.00
2016 05 22 11 50 147  2.2  2.4  0.08 99.00  2.89 999 1018.7   9.6   7.3   6.1 99.0 99.00
2016 05 22 12 50 193  2.1  2.4  0.08 99.00  2.77 999 1018.9  10.5   7.3   5.4 99.0 99.00
2016 05 22 13 50 279  1.4  1.6  0.06 99.00  2.77 999 1018.9  10.1   7.6   6.1 99.0 99.00
2016 05 22 14 50  13  2.8  3.1  0.06 99.00  3.12 999 1019.2   9.4   8.1   7.3 99.0 99.00
2016 05 22 15 50  23  3.1  3.5  0.11 99.00  3.29 999 1019.2   9.3   8.0   7.1 99.0 99.00
2016 05 22 16 50 354  2.9  3.2  0.05 99.00  2.99 999 1018.8   9.2   8.2   7.5 99.0 99.00
2016 05 22 17 50 355  3.0  3.3  0.05 99.00  2.95 999 1019.0   9.3   8.4   7.7 99.0 99.00
2016 05 22 18 50 338  1.9  2.3  0.07 99.00  3.45 999 1018.8   9.3   8.5   8.2 99.0 99.00
2016 05 22 19 50 337  0.8  1.5  0.08 99.00  2.52 999 1018.4   9.6   8.9   8.5 99.0 99.00
2016 05 22 20 50 309  2.4  2.8  0.13 99.00  2.61 999 1018.1   9.7   9.1   8.6 99.0 99.00
2016 05 22 21 50 324  2.8  3.1  0.18 99.00  3.09 999 1017.5  10.0   9.2   8.5 99.0 99.00
2016 05 22 22 50 345  2.4  3.0  0.13 99.00  2.93 999 1016.8  10.1   9.2   8.4 99.0 99.00
2016 05 22 23 50 335  1.6  2.0  0.17 99.00  2.95 999 1016.6  10.4   9.0   8.1 99.0 99.00
2016 05 23 00 50 332  3.7  4.1  0.15 99.00  2.93 999 1016.2  10.9   8.9   7.7 99.0 99.00
2016 05 23 01 50  68  1.7  2.4  0.17 99.00  2.92 999 1016.3  11.0   8.8   7.5 99.0 99.00
2016 05 23 02 50 312  1.2  1.8  0.13 99.00  2.87 999 1016.7  10.1   8.6   8.0 99.0 99.00
2016 05 23 03 50 359  2.2  2.5  0.14 99.00  2.96 999 1016.4  11.3   8.5   7.4 99.0 99.00
2016 05 23 04 50 113  1.8  4.5  0.16 99.00  2.92 999 1016.4  10.6   8.5   7.6 99.0 99.00
2016 05 23 05 50 162  2.0  2.8  0.16 99.00  2.96 999 1016.3   9.1   8.4   8.1 99.0 99.00
2016 05 23 06 50 160  1.8  2.2  0.15 99.00  3.01 999 1015.6   9.3   8.3   8.2 99.0 99.00
2016 05 23 07 50 164  2.7  3.0  0.11 99.00  2.95 999 1015.8   9.6   8.3   8.4 99.0 99.00
2016 05 23 08 50 248  3.3  3.9  0.12 99.00  2.93 999 1016.7   9.4   8.2   8.6 99.0 99.00
2016 05 23 09 50 226  2.0  2.3  0.11 99.00  2.99 999 1016.9   9.0   8.2   8.3 99.0 99.00
2016 05 23 10 50 188  1.3  1.4  0.10 99.00  2.92 999 1017.6   9.3   8.1   8.2 99.0 99.00
2016 05 23 11 50 152  2.1  2.4  0.10 99.00  2.99 999 1018.0   9.3   8.1   7.9 99.0 99.00
2016 05 23 12 50 154  2.2  2.4  0.09 99.00  3.02 999 1017.9   9.8   8.1   7.9 99.0 99.00
2016 05 23 13 50 131  2.9  3.3  0.08 99.00  2.94 999 1017.7   9.9   8.3   8.5 99.0 99.00
2016 05 23 14 50 134  3.0  3.5  0.08 99.00  3.13 999 1017.8   9.6   8.5   8.8 99.0 99.00
2016 05 23 15 50 134  4.2  4.6  0.06 99.00  3.16 999 1017.3  10.3   8.6   8.9 99.0 99.00
2016 05 23 16 50 132  4.6  5.3  0.06 99.00  3.07 999 1017.0  10.7   8.8   8.7 99.0 99.00
2016 05 23 17 50 145  3.7  3.9  0.07 99.00  3.16 999 1016.8  11.4   8.9   8.8 99.0 99.00
2016 05 23 18 50 174  2.6  2.9  0.07 99.00  3.97 999 1016.3  11.9   9.1   8.6 99.0 99.00
2016 05 23 19 50 162  2.4  2.6  0.05 99.00  3.09 999 1015.7  12.8   9.9   8.6 99.0 99.00
2016 05 23 20 50 153  2.3  2.5  0.06 99.00  2.83 999 1014.6  14.4  10.4   8.7 99.0 99.00
2016 05 23 21 50 142  2.4  2.7  0.06 99.00  3.63 999 1014.1  15.9  11.2   8.6 99.0 99.00
2016 05 23 22 50 144  2.1  2.2  0.05 99.00  3.10 999 1014.0  16.0  11.5   9.6 99.0 99.00
2016 05 24 00 50 129  4.0  4.2  0.04 99.00  3.67 999 1013.3  15.6  10.8   7.3 99.0 99.00
2016 05 24 01 50 127  4.6  5.2  0.05 99.00  3.69 999 1013.0  14.3  10.5   7.7 99.0 99.00
2016 05 24 02 50 124  5.1  5.5  0.04 99.00  2.90 999 1013.2  12.9  10.1   9.2 99.0 99.00
2016 05 24 03 50 130  5.4  6.0  0.12 99.00  2.33 999 1013.4  13.6   9.8   7.7 99.0 99.00
2016 05 24 04 50 141  5.1  5.5  0.14 99.00  2.34 999 1013.6  13.3   9.7   8.0 99.0 99.00
2016 05 24 05 50 151  5.8  6.4  0.16 99.00  2.37 999 1013.6  13.2   9.5   7.8 99.0 99.00
2016 05 24 06 50 157  5.6  6.1  0.20 99.00  2.34 999 1013.6  12.7   9.3   7.3 99.0 99.00
2016 05 24 07 50 165  5.2  5.6  0.20 99.00  2.46 999 1013.8  12.1   9.1   7.0 99.0 99.00
2016 05 24 08 50 169  5.9  6.6  0.23 99.00  2.53 999 1013.8  12.0   8.9   6.9 99.0 99.00
2016 05 24 09 50 166  5.3  5.8  0.22 99.00  2.54 999 1014.3  11.4   8.8   7.3 99.0 99.00
2016 05 24 10 50 174  5.1  5.5  0.21 99.00  2.62 999 1014.6  10.9   8.5   7.6 99.0 99.00
2016 05 24 11 50 189  5.3  5.8  0.24 99.00  2.66 999 1014.9  11.3   8.4   7.8 99.0 99.00
2016 05 24 12 50 180  4.0  4.5  0.21 99.00  2.64 999 1015.6  10.6   8.3   8.0 99.0 99.00
2016 05 24 13 50 183  3.9  4.2  0.20 99.00  2.69 999 1015.8  10.7   8.4   8.2 99.0 99.00
2016 05 24 14 50 176  4.6  5.1  0.19 99.00  2.70 999 1015.5  10.8   8.5   8.2 99.0 99.00
2016 05 24 15 50 169  5.5  6.2  0.21 99.00  2.72 999 1015.6  11.5   8.6   8.3 99.0 99.00
2016 05 24 16 50 156  5.1  5.7  0.26  3.03  2.75 142 1015.5  11.5   8.7   8.4 99.0 99.00
2016 05 24 17 50 157  4.7  5.1  0.24 99.00  2.79 999 1015.4  11.6   8.8   8.8 99.0 99.00
2016 05 24 18 50 150  5.1  5.5  0.26  2.86  2.87 164 1015.1  12.0   8.8   9.0 99.0 99.00
2016 05 24 19 50 146  5.2  5.7  0.24 99.00  2.78 999 1014.4  13.2   9.0   9.2 99.0 99.00
2016 05 24 20 50 130  3.7  4.1  0.22 99.00  2.72 999 1014.0  13.0   9.1   9.2 99.0 99.00
2016 05 24 21 50 133  4.7  5.2  0.18 99.00  2.73 999 1013.8  14.6   9.3   9.2 99.0 99.00
2016 05 24 22 50 128  4.6  4.9  0.15 99.00  2.64 999 1013.5  13.8   9.3   9.3 99.0 99.00
2016 05 24 23 50 123  4.8  5.1  0.14 99.00  2.60 999 1013.1  14.3   9.3   9.1 99.0 99.00
2016 05 25 00 50 129  4.6  4.9  0.11 99.00  2.65 999 1013.2  13.6   9.3   9.2 99.0 99.00
2016 05 25 01 50 131  4.5  4.8  0.08 99.00  2.57 999 1013.6  13.6   9.2   9.4 99.0 99.00
2016 05 25 02 50 295  3.4  6.1  0.06 99.00  2.65 999 1014.5  16.4   9.2   9.2 99.0 99.00
2016 05 25 03 50  93  0.8  1.4  0.05 99.00  2.73 999 1014.7  17.0   9.2   8.3 99.0 99.00
2016 05 25 04 50 145  2.8  3.7  0.04 99.00  2.73 999 1014.5  16.1   9.2   9.2 99.0 99.00
2016 05 25 05 50 161  4.0  4.4  0.05 99.00  2.52 999 1014.3  15.0   9.2   9.8 99.0 99.00
2016 05 25 06 50 201  3.4  3.8  0.07 99.00  2.40 999 1015.0  14.9   9.2  10.6 99.0 99.00
2016 05 25 07 50 195  4.2  4.6  0.07 99.00  2.48 999 1015.2  13.2   9.2  10.7 99.0 99.00
2016 05 25 08 50 174  4.6  5.1  0.12 99.00  2.66 999 1015.0  12.1   9.2  10.6 99.0 99.00
2016 05 25 09 50 173  4.7  5.5  0.20 99.00  2.81 999 1014.8  12.5   9.2  11.3 99.0 99.00
2016 05 25 10 50 161  4.0  4.4  0.18 99.00  2.77 999 1014.4  12.0   9.2  11.2 99.0 99.00
2016 05 25 11 50 160  4.1  4.6  0.19 99.00  2.87 999 1015.0  11.9   9.2  11.4 99.0 99.00
2016 05 25 12 50 166  4.7  5.4  0.16 99.00  2.75 999 1016.2  11.8   9.2  11.1 99.0 99.00
2016 05 25 13 50 172  3.8  4.3  0.20 99.00  2.60 999 1016.6  11.9   9.3  11.0 99.0 99.00
2016 05 25 14 50 153  3.0  3.4  0.19 99.00  2.68 999 1016.2  12.1   9.4  11.2 99.0 99.00
2016 05 25 15 50 152  3.2  3.5  0.19 99.00  2.69 999 1016.2  12.2   9.6  11.1 99.0 99.00
2016 05 25 16 50 164  3.2  3.5  0.16 99.00  2.64 999 1016.0  12.3   9.9  11.4 99.0 99.00
2016 05 25 17 50 168  1.7  2.2  0.14 99.00  2.60 999 1016.0  12.9  10.3  11.8 99.0 99.00
2016 05 25 18 50 144  1.7  2.2  0.12 99.00  2.61 999 1015.0  15.2  11.8  13.9 99.0 99.00
2016 05 25 19 50 124  2.4  2.6  0.12 99.00  2.51 999 1014.3  15.6  11.8  14.1 99.0 99.00
2016 05 25 20 50 127  2.4  3.0  0.11 99.00  2.50 999 1013.4  15.6  12.1  14.5 99.0 99.00
2016 05 25 21 50  79  2.7  3.2  0.10 99.00  2.75 999 1012.6  14.0  11.9  13.7 99.0 99.00
2016 05 25 22 50  87  4.0  4.4  0.10 99.00  2.75 999 1012.0  14.2  11.9  13.9 99.0 99.00
2016 05 25 23 50  94  4.7  5.2  0.11 99.00  3.08 999 1011.9  14.0  11.4  13.8 99.0 99.00
2016 05 26 00 50 156  8.5  9.4  0.15 99.00  3.31 999 1013.2  14.0  10.9  14.0 99.0 99.00
2016 05 26 01 50 152  7.1  7.9  0.21 99.00  2.70 999 1013.4  14.5  10.5  14.5 99.0 99.00
2016 05 26 02 50 168  6.8  8.0  0.33  2.74  2.77 162 1014.1  14.0  10.1  14.0 99.0 99.00
2016 05 26 03 50 134  7.5  8.4  0.34  2.94  2.71 168 1013.4  14.1   9.7  14.1 99.0 99.00
2016 05 26 04 50 136  7.1  8.1  0.31  2.86  2.77 168 1012.9  13.0   9.5  13.0 99.0 99.00
2016 05 26 05 50 149  6.6  7.3  0.36  2.94  2.80 167 1012.4  12.9   9.3  12.9 99.0 99.00
2016 05 26 06 50 140  5.2  6.0  0.31  2.86  2.76 151 1012.7  12.1   9.3  12.1 99.0 99.00
2016 05 26 07 50 153  5.2  6.0  0.24 99.00  2.66 999 1012.5  12.0   9.3  12.0 99.0 99.00
2016 05 26 09 50 155  6.3  7.0  0.30  2.86  2.74 135 1011.6  12.2   9.2  12.2 99.0 99.00
2016 05 26 10 50 158  6.5  7.6  0.39  3.03  2.89 139 1011.9  12.5   9.2  12.5 99.0 99.00
2016 05 26 11 50 168  6.8  7.6  0.51  3.70  3.07 152 1012.8  12.4   9.2  12.4 99.0 99.00
2016 05 26 12 50 157  5.8  6.3  0.48  3.57  3.15 150 1012.6  12.0   9.2  12.0 99.0 99.00
2016 05 26 13 50 171  6.7  7.3  0.43  3.23  3.02 154 1012.9  12.1   9.3  12.1 99.0 99.00
2016 05 26 14 50 175  4.1  5.1  0.42  3.13  3.13 148 1012.9  11.9   9.3  11.9 99.0 99.00
2016 05 26 15 50 169  5.5  6.1  0.33  3.13  3.06 144 1012.9  11.8   9.4  11.8 99.0 99.00
2016 05 26 16 50 166  6.1  6.9  0.32  3.33  2.94 129 1012.5  12.4   9.4  12.4 99.0 99.00
2016 05 26 17 50 181  6.3  6.9  0.38  2.86  2.81 150 1012.0  13.4   9.5  13.4 99.0 99.00
2016 05 26 18 50 166  4.3  4.8  0.39  3.23  2.96 142 1011.3  12.7   9.5  12.7 99.0 99.00
2016 05 26 19 50 184  4.3  4.7  0.33  3.03  2.96 147 1011.6  13.0   9.7  13.0 99.0 99.00
2016 05 26 20 50 161  4.6  4.9  0.27  3.23  2.90 157 1010.9  13.6   9.8  13.6 99.0 99.00
2016 05 26 21 50 158  3.6  3.8  0.16 99.00  2.83 999 1010.6  14.4  10.0  14.4 99.0 99.00
2016 05 26 22 50 140  4.0  4.3  0.14 99.00  2.64 999 1009.7  13.7  10.1  13.7 99.0 99.00
2016 05 27 00 50 159  3.7  4.0  0.12 99.00  2.86 999 1011.4  14.1  10.1  13.8 99.0 99.00
2016 05 27 01 50 159  3.8  4.1  0.12 99.00  2.76 999 1011.8  13.3  10.1  13.3 99.0 99.00
2016 05 27 02 50 154  4.0  4.2  0.08 99.00  2.60 999 1012.5  13.8  10.0  13.1 99.0 99.00
2016 05 27 03 50 149  3.7  4.0  0.07 99.00  2.72 999 1011.7  13.9  10.0  13.0 99.0 99.00
2016 05 27 04 50 149  5.0  5.3  0.07 99.00  2.82 999 1011.5  14.0  10.0  13.3 99.0 99.00
2016 05 27 05 50 154  4.6  5.1  0.07 99.00  2.77 999 1011.5  14.5   9.9  13.9 99.0 99.00
2016 05 27 06 50 167  5.4  6.2  0.09 99.00  2.66 999 1011.6  13.4   9.9  13.4 99.0 99.00
2016 05 27 07 50 165  5.1  5.7  0.18 99.00  2.47 999 1011.9  12.7   9.9  12.7 99.0 99.00
2016 05 27 08 50 169  5.1  5.7  0.19 99.00  2.51 999 1011.7  12.8   9.9  12.8 99.0 99.00
2016 05 27 09 50 165  4.6  5.1  0.25 99.00  2.69 999 1012.2  12.2   9.9  12.2 99.0 99.00
2016 05 27 10 50 152  5.1  5.6  0.28  3.13  3.14 162 1012.0  12.1   9.9  12.1 99.0 99.00
2016 05 27 11 50 151  4.3  5.0  0.25 10.81  2.95 242 1011.9  12.0   9.9  12.0 99.0 99.00
2016 05 27 12 50 153  4.1  4.7  0.25  3.13  2.97 168 1012.0  12.0   9.9  12.0 99.0 99.00
2016 05 27 13 50 149  4.9  5.3  0.23 99.00  2.81 999 1012.2  12.1   9.9  12.1 99.0 99.00
2016 05 27 14 50 157  5.6  6.4  0.24 99.00  2.67 999 1012.4  12.7   9.9  12.7 99.0 99.00
2016 05 27 15 50 168  5.1  6.0  0.30  2.94  2.72 171 1013.1  12.4  10.0  12.4 99.0 99.00
2016 05 27 16 50 141  5.2  5.8  0.28  3.03  2.85 177 1013.1  12.2  10.0  12.2 99.0 99.00
2016 05 27 17 50 142  5.0  5.5  0.26  3.13  2.87 171 1012.9  13.3  10.0  13.3 99.0 99.00
2016 05 27 18 50 131  3.7  4.3  0.27  3.23  2.98 188 1012.3  13.2  10.1  13.2 99.0 99.00
2016 05 27 19 50 131  4.8  5.2  0.20 99.00  2.79 999 1011.9  13.7  10.2  13.7 99.0 99.00
2016 05 27 20 50 115  4.8  5.2  0.19 99.00  2.74 999 1011.1  14.0  10.3  14.0 99.0 99.00
2016 05 27 21 50 102  5.2  5.8  0.15 99.00  2.79 999 1010.3  13.8  10.3  13.8 99.0 99.00
2016 05 27 22 50 142  4.7  5.2  0.15 99.00  2.65 999 1010.8  14.1  10.3  14.1 99.0 99.00
2016 05 27 23 50 155  5.3  5.7  0.13 99.00  2.54 999 1010.6  14.9  10.3  14.6 99.0 99.00
2016 05 28 00 50 152  6.0  7.2  0.20 99.00  2.54 999 1010.7  14.6  10.3  14.6 99.0 99.00
2016 05 28 01 50 143  5.1  5.5  0.25 99.00  2.60 999 1010.6  13.6  10.2  13.6 99.0 99.00
2016 05 28 02 50 159  8.3  9.4  0.26  2.74  2.64 168 1011.6  14.5  10.2  14.5 99.0 99.00
2016 05 28 03 50 163  5.5  6.1  0.42  2.94  2.84 160 1011.9  13.8  10.1  13.8 99.0 99.00
2016 05 28 04 50 153  5.1  5.8  0.42  3.13  3.05 165 1011.7  13.1  10.1  13.1 99.0 99.00
2016 05 28 05 50 156  6.4  7.3  0.45  3.45  3.16 159 1011.4  13.5  10.0  13.5 99.0 99.00
2016 05 28 06 50 153  4.9  5.5  0.47  3.33  3.25 161 1011.3  12.8  10.0  12.8 99.0 99.00
2016 05 28 07 50 149  5.9  6.6  0.37  3.85  3.07 178 1011.5  13.0  10.0  13.0 99.0 99.00
2016 05 28 08 50 142  5.2  5.8  0.33  3.57  2.97 169 1011.6  12.8   9.9  12.8 99.0 99.00
2016 05 28 09 50 137  5.1  5.5  0.29  3.45  3.06 187 1011.4  13.5   9.9  13.5 99.0 99.00
2016 05 28 10 50 132  5.9  6.8  0.28  3.33  2.90 181 1011.3  13.4   9.9  13.4 99.0 99.00
2016 05 28 11 50 145  7.2  8.1  0.32  3.13  2.86 174 1011.1  14.4   9.9  14.4 99.0 99.00
2016 05 28 12 50 159  7.8  8.7  0.43  3.13  2.96 159 1011.7  13.8   9.9  13.6 99.0 99.00
2016 05 28 13 50 162  6.7  7.6  0.51  3.33  3.04 156 1012.2  13.0   9.9  13.0 99.0 99.00
2016 05 28 14 50 160  5.9  6.6  0.50  3.45  3.12 163 1012.4  13.2   9.9  13.2 99.0 99.00
2016 05 28 15 50 150  6.1  7.0  0.49  3.70  3.11 165 1013.0  12.8   9.9  12.8 99.0 99.00
2016 05 28 16 50 157  7.4  8.0  0.47  3.33  3.02 168 1013.1  13.8  10.0  13.8 99.0 99.00
2016 05 28 17 50 156  7.0  7.8  0.48  3.57  3.19 158 1013.1  13.8  10.0  13.7 99.0 99.00
2016 05 28 18 50 160  6.1  6.9  0.45  3.33  3.06 150 1013.2  13.3  10.0  13.3 99.0 99.00
2016 05 28 19 50 160  4.9  5.6  0.39  3.23  3.09 146 1013.2  12.8  10.0  12.8 99.0 99.00
2016 05 28 20 50 151  5.4  6.5  0.38  3.85  3.25 174 1012.7  13.5  10.0  13.4 99.0 99.00
2016 05 28 21 50 160  5.1  5.7  0.39  3.85  3.24 162 1012.5  14.2  10.0  13.7 99.0 99.00
2016 05 28 22 50 155  5.6  6.0  0.36  3.57  3.14 158 1012.1  14.1  10.1  13.7 99.0 99.00
2016 05 28 23 50 144  4.8  5.7  0.29  3.57  3.05 168 1012.2  14.2  10.0  13.4 99.0 99.00
2016 05 29 00 50 154  6.0  6.6  0.25 99.00  3.03 999 1012.2  14.8  10.0  13.1 99.0 99.00
2016 05 29 01 50 154  7.1  7.8  0.33  3.03  2.94 178 1011.9  14.8  10.0  13.1 99.0 99.00
2016 05 29 02 50 164  6.3  6.9  0.49  3.70  3.13 169 1012.7  14.8  10.0  13.0 99.0 99.00
2016 05 29 03 50 177  6.4  7.2  0.47  3.70  3.15 166 1013.7  14.7  10.0  13.1 99.0 99.00
2016 05 29 04 50 217  5.3  6.4  0.44  3.70  3.19 155 1014.8  13.8  10.0  13.1 99.0 99.00
2016 05 29 05 50 192  3.0  3.6  0.45  3.85  3.30 163 1013.7  13.3   9.9  12.8 99.0 99.00
2016 05 29 06 50 165  4.1  4.7  0.41  3.85  3.26 174 1013.7  12.2   9.9  12.2 99.0 99.00
2016 05 29 07 50 169  4.3  4.8  0.37  3.85  3.25 168 1013.3  12.3   9.9  12.3 99.0 99.00
2016 05 29 08 50 179  5.9  6.6  0.33  3.85  3.15 169 1013.2  13.1   9.9  12.4 99.0 99.00
2016 05 29 09 50 192  5.9  7.1  0.31  3.70  2.97 161 1013.6  13.1   9.9  11.6 99.0 99.00
2016 05 29 10 50 188  5.4  6.2  0.32  3.45  2.86 158 1014.1  13.0   9.9  11.9 99.0 99.00
2016 05 29 11 50 173  4.9  5.3  0.32  3.03  2.89 162 1014.6  12.2   9.9  11.9 99.0 99.00
2016 05 29 12 50 168  5.4  6.3  0.29  3.33  2.85 161 1014.7  12.2   9.9  12.2 99.0 99.00
2016 05 29 13 50 167  4.8  5.3  0.28  3.13  2.88 159 1014.7  12.2  10.0  12.2 99.0 99.00
2016 05 29 14 50 161  5.6  6.6  0.28  3.23  2.78 162 1014.7  12.2  10.1  12.2 99.0 99.00
2016 05 29 15 50 178  5.5  6.1  0.32  2.94  2.80 153 1015.0  12.5  10.1  12.5 99.0 99.00
2016 05 29 16 50 186  5.3  5.8  0.31  3.03  2.83 159 1015.2  12.7  10.2  12.6 99.0 99.00
2016 05 29 17 50 199  4.7  5.7  0.29  3.13  2.85 157 1014.9  13.9  10.3  12.8 99.0 99.00
2016 05 29 18 50 229  5.7  6.4  0.26  2.94  2.82 158 1015.2  14.0  10.5  12.8 99.0 99.00
2016 05 29 19 50 184  3.8  4.1  0.24 99.00  2.78 999 1015.1  13.7  10.6  12.7 99.0 99.00
2016 05 29 20 50 181  5.0  5.5  0.18 99.00  2.73 999 1014.6  14.5  10.7  12.7 99.0 99.00
2016 05 29 21 50 178  5.0  5.5  0.15 99.00  2.77 999 1014.2  14.4  10.8  12.5 99.0 99.00
2016 05 29 22 50 185  5.0  5.6  0.17 99.00  2.61 999 1014.0  14.3  10.8  12.2 99.0 99.00
2016 05 30 00 50 199  4.1  4.5  0.22 99.00  2.84 999 1013.9  13.7  10.7  12.0 99.0 99.00
2016 05 30 01 50 216  4.0  4.5  0.20 99.00  2.74 999 1014.0  13.9  10.7  11.8 99.0 99.00
2016 05 30 02 50 226  3.8  4.2  0.16 99.00  2.82 999 1014.3  13.9  10.7  11.9 99.0 99.00
2016 05 30 03 50 226  3.4  3.7  0.16 99.00  2.80 999 1014.6  14.1  10.7  11.8 99.0 99.00
2016 05 30 04 50 231  3.8  4.1  0.16 99.00  2.81 999 1014.7  13.9  10.7  11.9 99.0 99.00
2016 05 30 05 50 233  3.9  4.3  0.15 99.00  2.79 999 1014.8  13.6  10.7  11.9 99.0 99.00
2016 05 30 06 50 225  3.5  3.8  0.14 99.00  2.70 999 1014.8  13.5  10.7  12.3 99.0 99.00
2016 05 30 07 50 244  3.6  4.0  0.13 99.00  2.68 999 1014.7  14.3  10.6  12.8 99.0 99.00
2016 05 30 08 50 246  3.2  3.5  0.10 99.00  2.68 999 1014.8  13.6  10.6  12.6 99.0 99.00
2016 05 30 09 50 239  3.9  4.3  0.09 99.00  2.56 999 1015.2  14.2  10.6  13.2 99.0 99.00
2016 05 30 10 50 238  3.1  3.6  0.08 99.00  2.56 999 1015.7  13.1  10.6  12.6 99.0 99.00
2016 05 30 11 50 221  2.3  2.5  0.07 99.00  2.63 999 1016.1  13.1  10.6  12.7 99.0 99.00
2016 05 30 12 50 220  1.8  2.0  0.06 99.00  2.77 999 1016.3  13.3  10.7  12.9 99.0 99.00
2016 05 30 13 50 250  1.5  1.6  0.08 99.00  3.24 999 1016.5  13.6  11.1  13.2 99.0 99.00
2016 05 30 14 50 238  0.9  1.1  0.04 99.00  3.00 999 1016.4  14.3  12.0  13.7 99.0 99.00
2016 05 30 15 50 177  0.8  1.0  0.05 99.00  3.60 999 1016.5  15.5  12.5  14.7 99.0 99.00
2016 05 30 16 50 177  3.0  3.3  0.06 99.00  2.99 999 1017.2  13.8  12.3  13.8 99.0 99.00
2016 05 30 17 50 166  1.3  1.6  0.04 99.00  3.38 999 1016.7  14.2  12.7  13.9 99.0 99.00
2016 05 30 18 50 134  2.0  2.3  0.06 99.00  3.73 999 1016.1  15.2  13.6  14.9 99.0 99.00
2016 05 30 19 50 109  1.7  1.9  0.04 99.00  3.34 999 1015.5  15.3  14.1  15.2 99.0 99.00
2016 05 30 20 50 111  2.0  2.2  0.07 99.00  3.08 999 1015.6  15.8  14.8  15.6 99.0 99.00
2016 05 30 21 50  90  1.8  2.0  0.06 99.00  3.63 999 1015.2  16.0  14.9  15.7 99.0 99.00
2016 05 30 22 50  74  2.5  2.7  0.05 99.00  3.49 999 1015.0  16.1  15.0  15.9 99.0 99.00
2016 05 30 23 50  76  2.1  2.3  0.05 99.00  3.46 999 1015.2  16.3  14.9  15.6 99.0 99.00
2016 05 31 00 50  89  2.3  2.5  0.09 99.00  3.14 999 1015.2  16.3  14.6  15.6 99.0 99.00
2016 05 31 01 50  79  2.7  3.0  0.07 99.00  3.67 999 1015.3  16.1  14.4  15.2 99.0 99.00
2016 05 31 02 50  71  2.9  3.0  0.07 99.00  3.26 999 1015.4  16.1  14.2  15.1 99.0 99.00
2016 05 31 03 50 114  2.0  2.3  0.07 99.00  3.19 999 1015.5  15.6  14.2  14.5 99.0 99.00
2016 05 31 04 50 113  2.4  2.6  0.07 99.00  2.99 999 1015.6  16.9  14.1  14.5 99.0 99.00
2016 05 31 05 50 125  1.8  2.0  0.06 99.00  2.90 999 1015.5  15.9  13.9  14.2 99.0 99.00
2016 05 31 06 50 124  2.4  2.7  0.06 99.00  2.80 999 1015.4  15.9  13.7  13.9 99.0 99.00
2016 05 31 07 50 117  2.2  2.5  0.07 99.00  3.23 999 1015.7  15.4  13.4  14.1 99.0 99.00
2016 05 31 08 50 114  2.9  3.1  0.05 99.00  2.82 999 1015.1  15.1  13.3  13.7 99.0 99.00
2016 05 31 09 50 137  2.2  2.6  0.04 99.00  2.98 999 1015.5  14.6  13.1  13.5 99.0 99.00
2016 05 31 10 50 107  2.0  2.4  0.03 99.00  2.94 999 1015.9  15.0  13.0  13.0 99.0 99.00
2016 05 31 11 50 176  0.8  1.3  0.03 99.00  2.92 999 1016.5  15.0  12.9  13.1 99.0 99.00
2016 05 31 12 50  38  4.7  5.7  0.03 99.00  3.12 999 1017.0  14.5  12.9  13.3 99.0 99.00
2016 05 31 13 50  55  5.0  5.8  0.04 99.00  3.43 999 1016.8  13.9  12.7  13.0 99.0 99.00
2016 05 31 14 50  77  4.0  4.3  0.13 99.00  2.37 999 1016.3  13.7  12.5  13.0 99.0 99.00
2016 05 31 15 50  75  3.6  4.0  0.10 99.00  2.50 999 1016.1  13.6  12.3  13.2 99.0 99.00
2016 05 31 16 50  69  3.8  4.2  0.10 99.00  2.35 999 1015.9  13.8  12.3  13.1 99.0 99.00
2016 05 31 17 50  64  3.0  3.3  0.10 99.00  2.58 999 1016.1  14.0  12.6  12.9 99.0 99.00
2016 05 31 18 50  69  2.4  2.5  0.07 99.00  2.63 999 1015.8  14.8  13.0  13.0 99.0 99.00
2016 05 31 19 50  80  3.2  3.4  0.07 99.00  2.71 999 1015.2  15.8  13.1  12.8 99.0 99.00
2016 05 31 20 50  81  2.6  2.8  0.06 99.00  2.81 999 1014.5  15.9  13.4  13.3 99.0 99.00
2016 05 31 21 50 340  6.8  8.9  0.08 99.00  3.73 999 1015.1  15.1  13.4  11.9 99.0 99.00
2016 05 31 22 50 258  3.2  9.1  0.17 99.00  2.59 999 1016.1  13.9  13.2  12.4 99.0 99.00
2016 05 31 23 50 350  4.2  4.6  0.25  2.74  2.90  18 1015.3  13.6  12.9  12.5 99.0 99.00
2016 06 01 00 50 356  1.6  1.8  0.31  3.13  3.17  18 1015.4  13.5  12.8  12.5 99.0 99.00
2016 06 01 01 50  70  5.0  6.0  0.32  3.45  3.19   3 1014.6  13.4  12.7  12.4 99.0 99.00
2016 06 01 02 50  85  6.3  7.0  0.32  3.57  3.26 359 1014.3  14.3  12.6  12.1 99.0 99.00
2016 06 01 03 50  92  4.8  5.5  0.32  3.85  3.07   4 1014.4  14.7  12.4  11.9 99.0 99.00
2016 06 01 04 50 114  4.8  5.8  0.31  4.00  3.29 356 1014.6  14.3  12.2  12.2 99.0 99.00
2016 06 01 05 50 114  4.5  5.0  0.30  4.17  3.54 353 1014.1  14.8  12.1  12.6 99.0 99.00
2016 06 01 06 50 120  4.0  4.5  0.26  4.17  3.53 350 1013.8  14.5  12.1  12.4 99.0 99.00
2016 06 01 07 50 111  5.2  5.7  0.25 99.00  3.65 999 1013.3  14.8  12.1  12.6 99.0 99.00
2016 06 01 08 50 214  4.4  5.4  0.23 99.00  3.72 999 1014.0  14.2  12.1  12.5 99.0 99.00
2016 06 01 09 50 178  1.9  2.3  0.22 99.00  3.19 999 1014.5  13.8  12.1  12.6 99.0 99.00
2016 06 01 10 50 108  2.5  3.7  0.20 99.00  3.31 999 1014.2  16.4  12.0  13.1 99.0 99.00
2016 06 01 11 50 335  1.8  2.9  0.18 99.00  3.52 999 1014.8  14.7  12.1  12.9 99.0 99.00
2016 06 01 12 50 273  1.6  2.2  0.18 99.00  3.66 999 1015.3  14.0  12.2  12.7 99.0 99.00
2016 06 01 13 50  82  1.8  2.2  0.21 99.00  3.64 999 1014.7  13.9  12.2  12.7 99.0 99.00
2016 06 01 14 50 111  1.1  1.8  0.29  3.70  3.43 124 1014.7  13.8  12.1  13.2 99.0 99.00
2016 06 01 15 50 120  4.6  5.2  0.27  3.57  3.31 116 1014.5  13.8  12.1  13.2 99.0 99.00
2016 06 01 16 50 114  2.8  3.6  0.27  3.70  3.31 125 1014.2  13.9  12.1  13.1 99.0 99.00
2016 06 01 17 50 149  3.6  3.9  0.25  3.45  3.31 116 1014.3  14.0  12.1  13.1 99.0 99.00
2016 06 01 18 50 146  3.7  4.5  0.24 99.00  3.20 999 1014.3  13.7  12.4  13.4 99.0 99.00
2016 06 01 19 50 140  4.1  4.4  0.24 99.00  3.06 999 1013.6  14.1  12.6  13.7 99.0 99.00
2016 06 01 20 50 146  4.8  5.5  0.20 99.00  2.93 999 1013.0  14.8  12.7  14.4 99.0 99.00
2016 06 01 21 50 147  3.9  4.3  0.18 99.00  2.81 999 1012.7  14.9  12.7  14.4 99.0 99.00
2016 06 01 22 50 142  4.4  4.8  0.14 99.00  2.80 999 1012.1  14.6  12.8  14.3 99.0 99.00
2016 06 02 00 50 149  4.4  4.9  0.10 99.00  2.68 999 1012.3  15.1  12.7  15.0 99.0 99.00
2016 06 02 01 50 157  4.6  4.9  0.11 99.00  2.45 999 1012.7  15.2  12.6  15.1 99.0 99.00
2016 06 02 02 50 169  4.2  4.6  0.09 99.00  2.65 999 1013.2  14.8  12.6  14.8 99.0 99.00
2016 06 02 03 50 230  5.2  7.0  0.08 99.00  2.62 999 1013.5  15.9  12.6  15.0 99.0 99.00
2016 06 02 04 50 251  3.9  4.5  0.08 99.00  2.45 999 1013.8  15.1  12.5  13.7 99.0 99.00
2016 06 02 05 50 260  3.7  3.9  0.06 99.00  2.71 999 1013.9  15.4  12.4  12.7 99.0 99.00
2016 06 02 06 50 240  3.0  3.2  0.06 99.00  2.70 999 1014.1  14.9  12.4  12.7 99.0 99.00
2016 06 02 07 50 243  3.2  3.4  0.06 99.00  2.93 999 1013.9  14.5  12.3  12.6 99.0 99.00
2016 06 02 08 50 206  2.8  3.1  0.06 99.00  2.70 999 1014.2  14.0  12.2  12.7 99.0 99.00
2016 06 02 09 50 223  3.1  3.4  0.07 99.00  3.04 999 1014.7  13.9  12.1  12.9 99.0 99.00
2016 06 02 10 50 251  2.6  2.8  0.05 99.00  2.96 999 1015.4  14.2  12.1  12.4 99.0 99.00
2016 06 02 11 50 263  3.2  3.5  0.04 99.00  2.84 999 1015.9  14.0  12.1  12.3 99.0 99.00
2016 06 02 12 50 264  3.1  3.5  0.06 99.00  2.65 999 1016.4  13.9  12.2  12.5 99.0 99.00
2016 06 02 13 50 261  2.7  3.0  0.04 99.00  2.78 999 1016.5  13.7  12.3  12.7 99.0 99.00
2016 06 02 14 50 269  2.7  3.1  0.10 99.00  2.90 999 1016.6  13.8  12.6  12.9 99.0 99.00
2016 06 02 15 50 261  2.1  2.6  0.08 99.00  2.62 999 1016.8  14.1  12.9  13.2 99.0 99.00
2016 06 02 16 50 165  1.9  2.9  0.06 99.00  2.40 999 1017.2  15.1  13.5  12.9 99.0 99.00
2016 06 02 17 50 135  1.5  2.1  0.06 99.00  2.59 999 1016.8  15.2  14.4  13.9 99.0 99.00
2016 06 02 18 50  55  1.9  3.8  0.06 99.00  3.56 999 1016.7  15.9  15.2  13.6 99.0 99.00
2016 06 02 19 50  91  2.5  2.8  0.06 99.00  3.19 999 1016.6  15.5  15.5  14.3 99.0 99.00
2016 06 02 20 50  94  2.5  3.1  0.04 99.00  3.05 999 1016.2  15.7  15.3  14.7 99.0 99.00
2016 06 02 21 50 104  2.6  3.0  0.05 99.00  4.19 999 1016.2  15.8  15.3  14.6 99.0 99.00
2016 06 02 22 50 110  2.4  2.7  0.04 99.00  3.65 999 1016.1  15.7  15.0  14.4 99.0 99.00
2016 06 02 23 50 103  2.3  2.6  0.03 99.00  4.09 999 1016.0  15.7  14.9  14.2 99.0 99.00
2016 06 03 00 50 120  2.3  2.5  0.04 99.00  4.07 999 1016.3  15.5  14.8  14.0 99.0 99.00
2016 06 03 01 50 129  2.6  2.7  0.04 99.00  3.00 999 1016.6  15.7  14.4  12.8 99.0 99.00
2016 06 03 02 50 136  1.9  2.0  0.04 99.00  3.16 999 1016.7  15.5  14.2  12.4 99.0 99.00
2016 06 03 03 50 150  1.9  1.9  0.04 99.00  3.71 999 1017.0  15.3  14.1  12.5 99.0 99.00
2016 06 03 04 50 163  1.5  1.6  0.03 99.00  3.36 999 1017.3  15.4  13.9  12.2 99.0 99.00
2016 06 03 05 50 179  1.6  1.7  0.03 99.00  3.47 999 1017.5  15.2  13.9  12.5 99.0 99.00
2016 06 03 06 50 183  1.9  2.1  0.03 99.00  3.20 999 1017.3  15.0  13.8  12.3 99.0 99.00
2016 06 03 07 50 224  1.5  1.7  0.03 99.00  3.21 999 1017.4  14.8  13.6  11.9 99.0 99.00
2016 06 03 08 50 301  2.1  2.3  0.03 99.00  3.05 999 1017.5  14.0  13.3  12.4 99.0 99.00
2016 06 03 09 50 276  1.1  1.1  0.03 99.00  2.96 999 1017.5  14.2  13.2  12.2 99.0 99.00
2016 06 03 10 50 305  0.6  0.9  0.03 99.00  2.90 999 1017.9  14.6  13.1  12.3 99.0 99.00
2016 06 03 11 50  52  0.6  0.6  0.03 99.00  2.90 999 1018.2  15.4  13.1  12.0 99.0 99.00
2016 06 03 13 50 124  1.3  1.5  0.04 99.00  3.92 999 1018.5  14.6  13.6  12.9 99.0 99.00
2016 06 03 14 50 119  1.5  1.7  0.06 99.00  2.94 999 1018.8  14.9  14.2  13.3 99.0 99.00
2016 06 03 15 50 117  1.7  1.9  0.04 99.00  3.24 999 1018.7  15.2  14.8  14.0 99.0 99.00
2016 06 03 16 50 106  2.0  2.3  0.05 99.00  3.75 999 1018.6  15.6  15.2  14.5 99.0 99.00
2016 06 03 17 50 122  2.7  3.2  0.06 99.00  3.86 999 1018.4  15.8  15.5  14.7 99.0 99.00
2016 06 03 18 50 122  2.4  2.8  0.06 99.00  4.08 999 1018.0  16.0  15.5  14.7 99.0 99.00
2016 06 03 19 50 122  2.1  2.3  0.05 99.00  3.67 999 1017.5  16.3  15.6  14.7 99.0 99.00
2016 06 03 20 50 124  2.7  2.9  0.04 99.00  3.31 999 1017.1  16.9  15.9  14.5 99.0 99.00
2016 06 03 21 50 114  3.7  4.0  0.05 99.00  3.86 999 1016.3  17.1  15.8  14.3 99.0 99.00
2016 06 03 22 50 113  4.2  4.5  0.07 99.00  3.30 999 1015.6  17.2  15.3  14.0 99.0 99.00
2016 06 03 23 50 113  4.0  4.4  0.06 99.00  3.26 999 1014.9  16.9  15.1  14.7 99.0 99.00
2016 06 04 00 50 120  4.4  4.8  0.06 99.00  3.05 999 1014.8  16.9  15.0  14.8 99.0 99.00
2016 06 04 01 50 122  4.2  4.7  0.10 99.00  2.65 999 1015.0  16.6  14.7  14.9 99.0 99.00
2016 06 04 02 50 122  4.7  5.1  0.10 99.00  2.51 999 1015.2  16.4  14.5  15.1 99.0 99.00
2016 06 04 03 50 131  4.1  4.7  0.10 99.00  2.38 999 1015.1  16.6  14.4  14.3 99.0 99.00
2016 06 04 04 50 144  4.1  4.9  0.11 99.00  2.34 999 1014.7  16.5  14.3  13.9 99.0 99.00
2016 06 04 05 50 138  2.7  3.1  0.09 99.00  2.38 999 1014.2  16.7  14.2  13.0 99.0 99.00
2016 06 04 06 50 137  4.4  4.9  0.09 99.00  2.32 999 1013.4  17.1  14.2  12.8 99.0 99.00
2016 06 04 07 50 150  4.6  5.4  0.08 99.00  2.36 999 1013.3  16.4  14.1  13.6 99.0 99.00
2016 06 04 08 50 137  4.9  5.7  0.13 99.00  2.29 999 1012.9  16.7  14.1  13.8 99.0 99.00
2016 06 04 09 50 135  5.7  6.2  0.20 99.00  2.44 999 1012.2  17.0  14.1  13.4 99.0 99.00
2016 06 04 10 50 134  5.2  5.8  0.22 99.00  2.52 999 1012.0  16.1  14.1  14.0 99.0 99.00
2016 06 04 11 50 137  4.9  5.6  0.19 99.00  2.56 999 1011.6  16.0  14.1  14.3 99.0 99.00
2016 06 04 12 50 150  4.6  5.1  0.20 99.00  2.51 999 1011.0  16.2  14.1  13.8 99.0 99.00
2016 06 04 13 50 158  5.6  6.5  0.24 99.00  2.60 999 1010.7  16.1  14.2  14.1 99.0 99.00
2016 06 04 14 50 160  5.4  6.1  0.22 99.00  2.71 999 1010.2  16.1  14.2  14.2 99.0 99.00
2016 06 04 15 50 169  4.3  4.8  0.25 99.00  2.76 999 1010.2  16.2  14.3  13.9 99.0 99.00
2016 06 04 16 50 152  4.8  5.3  0.24 99.00  2.67 999 1010.0  16.1  14.2  14.0 99.0 99.00
2016 06 04 17 50 166  3.5  3.9  0.24 99.00  2.64 999 1009.8  16.1  14.1  14.4 99.0 99.00
2016 06 04 18 50 236  2.9  3.8  0.23 99.00  2.78 999 1009.5  15.6  14.1  14.7 99.0 99.00
2016 06 04 19 50 212  1.8  2.3  0.19 99.00  2.71 999 1009.1  15.2  14.1  15.2 99.0 99.00
2016 06 04 20 50 187  2.0  2.7  0.21 99.00  2.66 999 1008.6  15.6  14.2  15.6 99.0 99.00
2016 06 04 21 50 143  3.7  4.2  0.20 99.00  2.84 999 1007.5  15.6  14.2  15.6 99.0 99.00
2016 06 04 22 50 134  3.0  3.5  0.16 99.00  2.70 999 1006.9  15.3  14.2  15.3 99.0 99.00
2016 06 05 00 50 145  3.3  3.6  0.14 99.00  2.66 999 1006.2  15.1  14.1  15.1 99.0 99.00
2016 06 05 01 50 135  3.4  4.0  0.15 99.00  2.78 999 1005.9  15.1  14.1  15.1 99.0 99.00
2016 06 05 02 50 144  3.3  3.8  0.17 99.00  2.90 999 1005.9  15.2  14.1  15.2 99.0 99.00
2016 06 05 03 50 151  3.4  3.8  0.21 99.00  2.95 999 1005.1  15.1  14.1  15.1 99.0 99.00
2016 06 05 04 50 154  3.3  3.8  0.21 99.00  2.97 999 1004.3  14.8  14.1  14.8 99.0 99.00
2016 06 05 05 50 167  4.3  5.0  0.18 99.00  2.90 999 1003.5  14.9  14.1  14.9 99.0 99.00
2016 06 05 06 50 183  3.7  4.2  0.14 99.00  2.74 999 1003.0  14.7  14.1  14.7 99.0 99.00
2016 06 05 07 50 238  1.1  1.8  0.12 99.00  2.57 999 1002.4  14.7  14.0  14.7 99.0 99.00
2016 06 05 08 50 286  2.1  3.0  0.11 99.00  2.48 999 1002.0  14.6  14.0  14.6 99.0 99.00
2016 06 05 09 50 232  3.9  5.0  0.13 99.00  2.42 999 1002.5  15.3  14.0  15.3 99.0 99.00
2016 06 05 10 50 255  3.6  4.3  0.19 99.00  2.57 999 1002.4  14.8  14.0  14.8 99.0 99.00
2016 06 05 11 50 270  5.4  6.1  0.17 99.00  2.73 999 1002.4  14.9  14.0  14.9 99.0 99.00
2016 06 05 12 50 281  5.8  7.1  0.25 99.00  2.67 999 1002.8  15.1  13.9  15.1 99.0 99.00
2016 06 05 13 50 287  6.4  7.4  0.45  3.23  2.98 263 1003.1  15.2  13.9  14.8 99.0 99.00
2016 06 05 14 50 252  3.8  4.2  0.48  3.45  3.16 250 1003.3  14.8  13.9  14.4 99.0 99.00
2016 06 05 15 50 234  3.2  3.5  0.51  3.57  3.35 251 1003.7  14.9  14.0  14.6 99.0 99.00
2016 06 05 16 50 252  5.0  6.1  0.44  3.57  3.28 259 1003.8  15.5  14.1  14.8 99.0 99.00
2016 06 05 17 50 250  2.6  3.0  0.30  3.57  3.14 258 1003.8  15.3  14.1  14.5 99.0 99.00
2016 06 05 18 50 215  2.8  3.4  0.34  3.57  3.13 242 1003.6  15.3  14.4  14.5 99.0 99.00
2016 06 05 19 50 203  2.8  3.3  0.35  3.33  3.20 239 1003.2  15.8  14.7  14.6 99.0 99.00
2016 06 05 20 50 243  2.9  3.9  0.34  3.70  3.28 265 1003.1  17.1  15.0  13.2 99.0 99.00
2016 06 05 21 50 206  2.5  3.4  0.30  3.70  3.29 266 1002.9  16.9  15.1  13.5 99.0 99.00
2016 06 05 22 50 185  3.6  3.9  0.28  3.70  3.27 265 1002.8  16.8  15.2  13.7 99.0 99.00
2016 06 05 23 50 173  4.0  4.8  0.26  3.57  3.15 275 1002.4  16.8  15.1  14.2 99.0 99.00
2016 06 06 00 50 172  4.4  5.0  0.29  3.45  3.16 254 1001.9  16.4  15.0  14.5 99.0 99.00
2016 06 06 01 50 342  8.1 11.1  0.42  3.33  2.91 327 1004.2  15.8  14.7  15.1 99.0 99.00
2016 06 06 02 50 263  3.1  3.5  0.51  3.57  3.21 272 1004.4  15.1  14.4  15.1 99.0 99.00
2016 06 06 03 50 282  4.7  5.7  0.48  4.00  3.35 294 1004.3  15.6  14.3  15.4 99.0 99.00
2016 06 06 04 50 261  4.4  4.9  0.43  3.85  3.29 297 1004.5  15.7  14.3  14.3 99.0 99.00
2016 06 06 05 50 262  5.0  5.5  0.42  4.00  3.28 298 1004.5  15.4  14.2  14.3 99.0 99.00
2016 06 06 06 50 212  4.4  5.2  0.46  4.00  3.37 292 1004.7  15.0  14.2  14.6 99.0 99.00
2016 06 06 07 50 223  4.4  5.1  0.38  3.85  3.30 292 1004.5  15.3  14.1  14.4 99.0 99.00
2016 06 06 08 50 218  5.0  5.7  0.31  4.00  3.13 292 1004.0  15.7  14.1  14.0 99.0 99.00
2016 06 06 09 50 207  4.1  4.5  0.30  3.85  3.03 288 1004.1  15.3  14.0  14.2 99.0 99.00
2016 06 06 10 50 229  3.9  4.5  0.23 99.00  3.11 999 1004.3  15.6  14.0  14.0 99.0 99.00
2016 06 06 11 50 213  2.9  3.2  0.24 99.00  3.12 999 1004.3  15.3  14.0  14.4 99.0 99.00
2016 06 06 13 50 218  1.0  1.6  0.21 99.00  3.10 999 1003.7  15.9  14.1  13.8 99.0 99.00
2016 06 06 14 50 189  3.4  3.8  0.22 99.00  2.98 999 1003.1  15.8  14.5  14.0 99.0 99.00
2016 06 06 15 50 209  5.2  5.7  0.20 99.00  2.82 999 1002.6  16.4  14.4  15.0 99.0 99.00
2016 06 06 16 50 208  3.2  3.6  0.22 99.00  2.63 999 1002.4  17.2  14.4  13.9 99.0 99.00
2016 06 06 18 50 289  2.7  3.2  0.30  2.74  2.79 200 1002.7  17.2  14.6  13.0 99.0 99.00
2016 06 06 19 50 243  2.3  3.0  0.20 99.00  2.69 999 1002.7  17.7  15.2  12.9 99.0 99.00
2016 06 06 20 50 314  8.4 10.1  0.18 99.00  2.77 999 1002.4  17.8  15.4  11.9 99.0 99.00
2016 06 06 21 50 317  8.2  9.2  0.33  2.60  2.52 334 1002.8  17.5  14.9  11.8 99.0 99.00
2016 06 06 22 50 319  5.5  6.5  0.48  2.86  2.90 324 1003.3  16.9  14.7  12.2 99.0 99.00
2016 06 06 23 50   2  6.2  7.1  0.55  3.70  3.31 322 1004.0  16.1  14.7  12.4 99.0 99.00
2016 06 07 00 50  13  5.8  6.9  0.55  4.17  3.51 334 1004.5  15.0  14.6  12.5 99.0 99.00
2016 06 07 01 50 353  2.8  3.6  0.53  4.17  3.48 339 1004.8  14.6  14.5  13.5 99.0 99.00
2016 06 07 02 50 333  8.9 11.1  0.51  4.35  3.22 346 1005.4  14.6  14.3  12.5 99.0 99.00
2016 06 07 03 50 307  5.8  6.9  0.55  4.00  3.29 317 1005.4  14.5  14.1  12.7 99.0 99.00
2016 06 07 04 50 337  7.2  8.9  0.52  4.35  3.52 344 1005.6  15.0  14.1  12.7 99.0 99.00
2016 06 07 05 50 354  6.6  7.7  0.56  4.35  3.32 354 1005.8  14.6  14.0  12.4 99.0 99.00
2016 06 07 06 50 355  6.4  7.5  0.56  4.00  3.36   3 1006.0  14.3  14.0  10.7 99.0 99.00
2016 06 07 07 50 353  7.1  8.4  0.60  3.70  3.41  13 1006.3  13.9  13.8  10.0 99.0 99.00
2016 06 07 08 50 342  7.9  9.4  0.66  4.17  3.51  15 1006.7  13.4  13.7  10.2 99.0 99.00
2016 06 07 09 50 344  8.2  9.3  0.84  4.35  3.81   8 1007.2  13.0  13.6  10.4 99.0 99.00
2016 06 07 10 50 350  8.5 10.3  0.89  4.55  3.88  18 1008.0  12.9  13.5  10.5 99.0 99.00
2016 06 07 11 50 337  8.7 10.4  0.95  4.55  3.96  13 1008.6  12.9  13.4  10.6 99.0 99.00
2016 06 07 12 50 338  8.2  9.6  0.95  4.55  3.93  20 1009.0  13.0  13.3  10.5 99.0 99.00
2016 06 07 13 50 339  8.5 10.1  0.94  4.76  3.82  27 1009.6  12.8  13.3  10.5 99.0 99.00
2016 06 07 14 50 353  8.0  9.6  0.96  4.55  3.85  21 1009.8  12.8  13.2  10.2 99.0 99.00
2016 06 07 15 50 344  8.0  9.3  0.91  4.35  3.81  22 1010.5  12.7  13.3  10.1 99.0 99.00
2016 06 07 16 50 343  7.4  8.4  0.94  4.55  3.75  37 1010.8  12.7  13.3   9.8 99.0 99.00
2016 06 07 17 50 357  5.8  7.3  0.87  4.55  3.83  34 1011.0  12.6  13.4  10.3 99.0 99.00
2016 06 07 18 50 347  4.5  5.6  0.78  4.55  3.81  33 1011.1  12.4  13.5  10.4 99.0 99.00
2016 06 07 19 50   9  3.6  4.2  0.71  4.55  3.86  43 1011.2  12.3  13.5  10.3 99.0 99.00
2016 06 07 20 50   5  3.4  4.6  0.70  5.00  4.01  45 1011.3  12.3  13.6  10.4 99.0 99.00
2016 06 07 21 50  31  2.4  2.8  0.67  5.00  4.13  45 1011.4  12.3  13.5  10.2 99.0 99.00
2016 06 07 22 50  41  2.3  3.1  0.69  5.26  4.38  39 1011.4  12.2  13.5  10.0 99.0 99.00
2016 06 08 00 50 111  1.0  1.4  0.70  5.88  4.74   1 1011.8  12.3  13.4  10.0 99.0 99.00
2016 06 08 01 50 101  1.4  2.0  0.65  5.56  4.48  11 1011.9  12.1  13.3  10.1 99.0 99.00
2016 06 08 02 50 152  2.7  3.1  0.59  5.26  4.48 346 1012.2  12.2  13.3  10.5 99.0 99.00
2016 06 08 03 50 158  3.9  4.5  0.52  5.26  4.47 337 1012.2  12.4  13.2  11.2 99.0 99.00
2016 06 08 04 50 119  1.9  2.3  0.47  5.56  4.33 349 1012.4  12.5  13.2  11.4 99.0 99.00
2016 06 08 05 50 184  3.3  4.3  0.44  5.26  4.22 332 1012.2  12.5  13.2  11.6 99.0 99.00
2016 06 08 06 50 190  4.3  4.9  0.40  5.26  4.15 332 1011.9  12.8  13.1  12.4 99.0 99.00
2016 06 08 07 50 234  0.5  1.0  0.33  4.76  3.88  21 1012.8  12.9  13.2  12.2 99.0 99.00
2016 06 08 08 50 197  1.4  1.9  0.28  5.00  3.62 329 1012.8  12.7  13.2  12.7 99.0 99.00
2016 06 08 09 50 222  1.8  2.2  0.25  4.55  3.55 325 1013.4  12.7  13.2  12.7 99.0 99.00
2016 06 08 10 50 269  1.5  1.8  0.24 99.00  3.62 999 1014.1  12.9  13.2  12.6 99.0 99.00
2016 06 08 12 50  17  6.4  7.4  0.26  4.76  4.01  42 1015.7  12.8  13.3  10.5 99.0 99.00
2016 06 08 13 50  34  6.1  7.1  0.34  5.00  2.96  43 1016.2  12.2  13.3  10.0 99.0 99.00
2016 06 08 14 50  21  5.0  5.9  0.42  2.94  3.05  29 1016.5  11.8  13.4   7.9 99.0 99.00
2016 06 08 15 50  16  5.1  6.0  0.43  2.94  3.15  34 1016.5  11.7  13.4   7.4 99.0 99.00
2016 06 08 18 50   6  3.5  4.5  0.50  4.17  3.58  36 1017.4  11.5  13.5   6.0 99.0 99.00
2016 06 08 19 50  42  3.8  4.5  0.46  4.55  3.69  26 1017.2  11.7  13.6   6.3 99.0 99.00
2016 06 08 20 50  54  3.5  4.2  0.46  4.35  3.70  28 1017.0  11.9  13.6   6.7 99.0 99.00
2016 06 08 21 50  69  2.8  3.6  0.46  4.55  3.77  25 1016.9  12.3  13.6   6.1 99.0 99.00
2016 06 08 22 50  79  3.5  3.9  0.47  4.55  3.67  20 1016.3  12.6  13.7   6.3 99.0 99.00
2016 06 08 23 50  73  3.2  3.9  0.48  4.00  3.76  20 1016.3  12.9  13.6   6.6 99.0 99.00
2016 06 09 01 50  96  2.7  3.2  0.44  4.00  3.75  14 1016.0  13.0  13.5   7.4 99.0 99.00
2016 06 09 02 50 122  1.8  2.2  0.43  5.00  3.75   5 1016.1  13.2  13.4   7.4 99.0 99.00
2016 06 09 03 50 144  1.8  2.1  0.40  5.00  3.76 347 1016.3  13.2  13.4   8.1 99.0 99.00
2016 06 09 04 50 167  2.4  3.0  0.37  5.26  3.69 329 1016.2  13.2  13.4   8.9 99.0 99.00
2016 06 09 05 50 183  3.3  3.9  0.27  4.76  3.65 336 1016.4  13.3  13.4   9.9 99.0 99.00
2016 06 09 06 50 184  2.9  3.5  0.24 99.00  3.81 999 1016.2  13.4  13.4  10.2 99.0 99.00
2016 06 09 07 50 159  1.9  2.2  0.20 99.00  3.83 999 1015.8  13.4  13.4  11.6 99.0 99.00
2016 06 09 08 50 179  2.5  3.0  0.18 99.00  3.86 999 1016.3  13.5  13.4  11.7 99.0 99.00
2016 06 09 09 50 166  3.0  3.5  0.15 99.00  3.90 999 1016.4  13.7  13.4  11.3 99.0 99.00
2016 06 09 10 50 149  3.5  4.0  0.14 99.00  3.84 999 1016.5  13.8  13.4  11.4 99.0 99.00
2016 06 09 11 50 144  4.4  5.1  0.12 99.00  3.90 999 1016.6  14.1  13.4  11.2 99.0 99.00
2016 06 09 13 50 146  5.0  5.7  0.17 99.00  2.55 999 1016.7  14.4  13.4  11.7 99.0 99.00
2016 06 09 14 50 147  6.1  6.7  0.23 99.00  2.51 999 1016.3  14.7  13.4  11.2 99.0 99.00
2016 06 09 15 50 139  5.4  6.3  0.29  2.47  2.58 160 1016.3  14.5  13.4  11.7 99.0 99.00
2016 06 09 16 50 147  6.2  7.0  0.34  2.60  2.68 144 1015.7  14.7  13.4  12.1 99.0 99.00
2016 06 09 17 50 155  5.5  6.3  0.41  2.86  2.83 140 1015.3  15.0  13.4  12.2 99.0 99.00
2016 06 09 18 50 156  4.8  5.7  0.37  3.23  2.98 151 1015.1  15.0  13.4  12.9 99.0 99.00
2016 06 09 19 50 166  4.2  4.6  0.36  3.57  3.20 152 1015.1  15.1  13.5  13.0 99.0 99.00
2016 06 09 20 50 159  3.5  3.9  0.34  3.57  3.15 145 1014.8  14.9  13.6  13.4 99.0 99.00
2016 06 09 21 50 136  2.5  2.8  0.31  3.57  3.22 153 1014.5  15.0  13.8  13.6 99.0 99.00
2016 06 09 22 50 159  3.1  3.5  0.26  3.70  3.23 147 1014.3  15.0  13.9  14.0 99.0 99.00
2016 06 09 23 50 143  3.3  3.5  0.21 99.00  3.19 999 1014.2  15.1  14.0  14.8 99.0 99.00
2016 06 10 00 50 141  2.8  3.1  0.19 99.00  3.16 999 1014.2  15.1  14.0  15.1 99.0 99.00
2016 06 10 01 50 133  3.2  3.7  0.16 99.00  3.08 999 1014.2  15.2  14.0  15.2 99.0 99.00
2016 06 10 02 50 113  3.7  4.0  0.14 99.00  2.98 999 1014.5  15.0  13.9  15.0 99.0 99.00
2016 06 10 03 50 122  3.4  3.7  0.11 99.00  2.87 999 1014.7  15.3  13.9  14.9 99.0 99.00
2016 06 10 04 50 129  3.4  3.7  0.10 99.00  2.78 999 1014.8  15.0  13.9  14.7 99.0 99.00
2016 06 10 05 50 136  3.0  3.3  0.09 99.00  2.80 999 1014.9  15.2  13.8  14.7 99.0 99.00
2016 06 10 06 50 153  4.2  4.6  0.07 99.00  2.79 999 1014.4  15.7  13.8  14.9 99.0 99.00
2016 06 10 07 50 111  3.2  3.6  0.07 99.00  2.76 999 1014.3  15.7  13.8  14.9 99.0 99.00
2016 06 10 08 50 106  3.4  4.3  0.06 99.00  2.65 999 1014.0  15.2  13.8  14.6 99.0 99.00
2016 06 10 09 50  91  2.1  2.3  0.05 99.00  2.63 999 1014.4  15.1  13.8  14.7 99.0 99.00
2016 06 10 10 50  66  1.3  1.5  0.05 99.00  2.63 999 1014.5  14.9  13.7  14.6 99.0 99.00
2016 06 10 11 50  45  2.1  2.5  0.04 99.00  2.65 999 1015.1  14.6  13.8  14.6 99.0 99.00
2016 06 10 12 50  86  3.7  4.1  0.05 99.00  2.51 999 1015.4  15.3  13.8  15.0 99.0 99.00
2016 06 10 13 50 116  3.5  4.0  0.05 99.00  2.39 999 1015.9  15.0  13.8  14.8 99.0 99.00
2016 06 10 14 50 125  3.3  3.9  0.06 99.00  3.30 999 1016.1  14.9  13.9  14.6 99.0 99.00
2016 06 10 15 50 139  4.4  5.0  0.06 99.00  3.04 999 1015.1  15.1  14.0  15.0 99.0 99.00
2016 06 10 16 50 175  6.2  7.2  0.07 99.00  2.65 999 1014.2  16.3  14.2  16.2 99.0 99.00
2016 06 10 17 50 182  5.6  6.4  0.22 99.00  2.55 999 1014.1  16.6  14.2  16.2 99.0 99.00
2016 06 10 18 50 153  4.3  4.7  0.22 99.00  2.75 999 1013.7  16.6  14.3  16.2 99.0 99.00
2016 06 10 19 50 157  4.9  5.4  0.21 99.00  2.79 999 1013.1  17.2  14.5  16.6 99.0 99.00
2016 06 10 20 50 146  4.2  4.6  0.18 99.00  2.65 999 1012.2  17.4  14.6  16.5 99.0 99.00
2016 06 10 21 50 147  4.3  4.7  0.15 99.00  2.71 999 1011.7  17.5  14.8  16.1 99.0 99.00
2016 06 10 22 50 148  5.0  6.0  0.14 99.00  2.58 999 1010.6  18.1  14.9  16.2 99.0 99.00
2016 06 10 23 50 162  5.1  5.8  0.16 99.00  2.45 999 1010.1  18.6  14.8  15.7 99.0 99.00
2016 06 11 00 50 175  5.2  5.9  0.16 99.00  2.41 999 1010.7  18.4  14.8  15.4 99.0 99.00
2016 06 11 01 50 193  6.2  6.7  0.19 99.00  2.46 999 1010.4  19.0  14.7  15.2 99.0 99.00
2016 06 11 02 50 200  6.2  6.9  0.24 99.00  2.58 999 1010.8  19.7  14.7  15.2 99.0 99.00
2016 06 11 03 50 315  9.1 12.7  0.21 99.00  2.52 999 1013.1  19.0  14.6  15.4 99.0 99.00
2016 06 11 04 50  75  2.2  2.8  0.18 99.00  2.44 999 1013.5  16.9  14.6  15.7 99.0 99.00
2016 06 11 05 50 161  3.0  3.5  0.26  2.60  2.63 205 1012.8  16.1  14.5  15.7 99.0 99.00
2016 06 11 06 50 163  6.1  6.9  0.27  2.74  2.69 294 1011.0  16.1  14.5  15.7 99.0 99.00
2016 06 11 07 50 167  6.6  7.5  0.32  2.94  2.71 267 1009.7  16.7  14.4  15.9 99.0 99.00
2016 06 11 08 50 194  4.6  5.1  0.35  3.03  2.81 171 1011.3  17.4  14.3  15.9 99.0 99.00
2016 06 11 09 50 241  2.9  3.5  0.36  4.76  3.25 321 1011.7  16.8  14.3  15.8 99.0 99.00
2016 06 11 10 50 222  2.4  2.6  0.45  5.00  3.66 299 1012.1  16.1  14.2  15.7 99.0 99.00
2016 06 11 12 50 196  1.7  1.9  0.36  4.55  3.68 302 1012.6  16.5  14.4  15.8 99.0 99.00
2016 06 11 13 50 212  1.1  1.5  0.30  3.45  3.41 171 1013.6  16.8  14.7  15.8 99.0 99.00
2016 06 11 14 50 176  1.6  2.0  0.26  3.45  3.41 182 1013.5  17.9  15.1  16.5 99.0 99.00
2016 06 11 15 50 199  2.7  3.1  0.21 99.00  3.19 999 1014.0  17.4  15.4  16.7 99.0 99.00
2016 06 11 17 50 199  4.0  4.4  0.19 99.00  2.94 999 1013.9  17.5  15.4  16.6 99.0 99.00
2016 06 11 18 50 208  4.2  4.8  0.21 99.00  2.97 999 1013.4  18.6  15.5  16.9 99.0 99.00
2016 06 11 19 50 195  3.9  4.2  0.17 99.00  2.83 999 1013.6  18.3  15.6  16.9 99.0 99.00
2016 06 11 20 50 182  3.2  4.0  0.16 99.00  2.81 999 1013.4  18.7  16.0  17.1 99.0 99.00
2016 06 11 21 50 181  4.0  4.4  0.15 99.00  2.82 999 1013.0  18.9  16.0  17.1 99.0 99.00
2016 06 11 22 50 181  4.2  4.8  0.15 99.00  2.79 999 1012.6  19.2  15.9  17.0 99.0 99.00
2016 06 11 23 50 179  4.0  4.4  0.13 99.00  2.71 999 1012.2  19.3  15.8  16.7 99.0 99.00
2016 06 12 01 50 239  3.0  3.4  0.10 99.00  2.76 999 1013.2  19.7  15.7  16.3 99.0 99.00
2016 06 12 02 50 231  3.4  3.6  0.08 99.00  2.87 999 1013.7  19.2  15.7  16.8 99.0 99.00
2016 06 12 03 50 254  4.4  4.7  0.08 99.00  2.89 999 1013.7  19.2  15.8  17.4 99.0 99.00
2016 06 12 04 50  20  7.2  8.2 99.00 99.00 99.00 999 1014.8  17.3  15.8  15.8 99.0 99.00
2016 06 12 05 50  28  8.5 10.3  0.34  2.47  2.55  30 1015.7  17.6  15.5  14.3 99.0 99.00
2016 06 12 06 50  25  9.8 12.0  0.61  3.23  3.05  42 1016.1  16.8  15.1  12.5 99.0 99.00
2016 06 12 07 50  30  9.7 11.5  0.83  3.70  3.36  47 1017.2  16.6  14.9  11.0 99.0 99.00
2016 06 12 08 50  33  8.2 10.0  0.77  4.00  3.45  41 1018.0  16.1  14.7  10.6 99.0 99.00
2016 06 12 09 50  30  7.0  8.2  0.80  4.35  3.69  25 1018.6  15.4  14.5  10.7 99.0 99.00
2016 06 12 10 50  43  6.5  7.5  0.79  5.56  3.89  22 1019.3  15.2  14.3   9.9 99.0 99.00
2016 06 12 11 50  50  5.1  5.9  0.76  5.26  3.95  14 1020.1  15.1  14.1   9.4 99.0 99.00
2016 06 12 13 50  38  4.8  5.6  0.66  5.26  4.12  23 1021.6  14.6  14.3  10.5 99.0 99.00
2016 06 12 14 50  27  4.8  6.1  0.62  5.56  4.04  32 1021.9  14.6  14.3   9.6 99.0 99.00
2016 06 12 15 50 358  5.9  7.0  0.60  5.56  3.95  46 1021.7  14.1  14.3  11.4 99.0 99.00
2016 06 12 16 50  10  6.9  7.8  0.62  4.00  3.66  35 1021.5  14.0  14.3  10.4 99.0 99.00
2016 06 12 17 50  10  6.1  7.7  0.67  3.70  3.66  36 1021.2  14.0  14.3  10.6 99.0 99.00
2016 06 12 18 50   4  6.4  7.4  0.78  6.67  3.93  51 1021.2  14.1  14.4   8.8 99.0 99.00
2016 06 12 19 50 358  7.0  7.9  0.81  4.55  3.82  44 1021.0  14.0  14.4   7.9 99.0 99.00
2016 06 12 20 50  10  7.0  8.3  0.88  4.00  3.77  44 1020.4  14.0  14.4   7.9 99.0 99.00
2016 06 12 21 50  10  6.5  7.7  1.08  5.00  4.09  46 1020.1  14.2  14.3   8.4 99.0 99.00
2016 06 12 22 50 348  6.1  7.4  1.24  5.26  4.31  46 1020.3  14.5  14.3   8.3 99.0 99.00
2016 06 12 23 50 355  6.4  7.5  1.28  5.56  4.44  42 1019.8  14.7  14.4   8.1 99.0 99.00
2016 06 13 00 50  11  6.5  7.8  1.22  5.56  4.34  44 1019.7  14.8  14.3   8.4 99.0 99.00
2016 06 13 01 50   5  5.8  7.4  1.18  5.88  4.48  53 1020.3  14.9  14.3   9.3 99.0 99.00
2016 06 13 02 50  15  5.9  7.3  1.10  5.88  4.41  40 1019.6  14.8  14.3   9.5 99.0 99.00
2016 06 13 03 50  19  4.8  5.5  0.91  5.88  4.39  45 1019.6  14.5  14.2  10.2 99.0 99.00
2016 06 13 04 50  23  3.8  4.8  0.82  5.56  4.31  40 1019.1  14.4  14.2  11.2 99.0 99.00
2016 06 13 05 50  39  5.0  5.7  0.66  5.26  4.17  29 1018.3  14.3  14.1  12.4 99.0 99.00
2016 06 13 06 50  47  3.9  5.1  0.59  5.56  4.16  28 1018.2  14.7  14.0  11.7 99.0 99.00
2016 06 13 07 50  72  3.3  4.0  0.55  5.26  4.02  20 1017.6  14.8  13.9  11.6 99.0 99.00
2016 06 13 08 50  92  2.8  3.3  0.48  5.00  3.92  18 1017.5  14.5  13.8  12.5 99.0 99.00
2016 06 13 09 50 107  3.3  3.8  0.44  4.76  3.87   1 1017.5  14.2  13.8  13.2 99.0 99.00
2016 06 13 10 50 111  3.8  4.6  0.43  4.55  3.79   4 1017.4  14.4  13.9  13.1 99.0 99.00
2016 06 13 11 50 135  5.6  6.7  0.38  4.55  3.70 360 1017.4  14.5  14.0  13.1 99.0 99.00
2016 06 13 12 50 153  6.1  7.2  0.36  4.35  3.24 352 1017.8  14.9  14.0  12.8 99.0 99.00
2016 06 13 13 50 142  3.2  3.7  0.39  3.85  3.25  12 1018.4  14.9  14.2  13.1 99.0 99.00
2016 06 13 14 50 125  2.8  3.3  0.45  4.00  3.47  68 1018.2  14.8  14.3  13.6 99.0 99.00
2016 06 13 15 50 122  3.1  3.7  0.48  4.00  3.61  84 1017.4  15.0  14.4  13.6 99.0 99.00
2016 06 13 16 50 128  2.4  2.9  0.41  3.70  3.45 108 1016.8  15.2  14.6  13.5 99.0 99.00
2016 06 13 17 50  89  4.0  4.6  0.40  3.57  3.46 136 1016.1  15.0  14.7  13.6 99.0 99.00
2016 06 13 18 50 105  3.8  4.3  0.34  3.85  3.43 151 1015.1  15.1  14.8  13.5 99.0 99.00
2016 06 13 19 50 120  3.8  4.3  0.34  3.70  3.46 146 1014.0  15.7  14.9  13.3 99.0 99.00
2016 06 13 20 50 107  1.0  1.5  0.27  3.57  3.23 161 1013.9  16.6  15.2  13.2 99.0 99.00
2016 06 13 21 50 166  2.0  2.3  0.23 99.00  3.28 999 1013.3  17.5  15.8  13.1 99.0 99.00
2016 06 13 22 50  53  3.2  4.0  0.18 99.00  3.07 999 1013.2  17.1  16.3  15.3 99.0 99.00
2016 06 13 23 50  54  4.1  5.0  0.15 99.00  2.99 999 1012.8  16.2  15.9  15.0 99.0 99.00
2016 06 14 00 50  60  3.6  4.2 99.00 99.00 99.00 999 1012.9  16.1  15.5  14.3 99.0 99.00
2016 06 14 01 50  70  3.4  4.0  0.11 99.00  3.19 999 1012.4  16.4  15.3  13.9 99.0 99.00
2016 06 14 02 50  83  3.3  3.8  0.09 99.00  3.19 999 1012.7  16.4  15.1  14.6 99.0 99.00
2016 06 14 03 50  76  4.9  5.7  0.08 99.00  3.28 999 1012.6  16.5  15.1  15.3 99.0 99.00
2016 06 14 04 50  90  6.4  7.2  0.15 99.00  2.44 999 1012.4  16.8  14.9  14.7 99.0 99.00
2016 06 14 05 50  86  4.9  5.5  0.26  2.74  2.71  84 1012.4  16.4  14.6  14.1 99.0 99.00
2016 06 14 06 50  89  5.0  5.6  0.27  2.94  2.83  85 1012.1  16.2  14.6  14.2 99.0 99.00
2016 06 14 07 50  81  5.1  6.0  0.30  3.03  2.83  68 1012.0  16.1  14.7  14.1 99.0 99.00
2016 06 14 08 50  64  5.9  6.8  0.32  2.94  2.93  78 1012.4  15.8  14.7  14.3 99.0 99.00
2016 06 14 09 50  88  7.6  8.9  0.48  3.57  2.98  60 1012.5  15.7  14.6  14.2 99.0 99.00
2016 06 14 10 50 101  7.3  8.6  0.53  3.57  3.12  66 1012.6  15.8  14.6  14.2 99.0 99.00
2016 06 14 11 50  95  7.0  8.2  0.56  3.70  3.09  69 1012.9  15.9  14.5  14.3 99.0 99.00
2016 06 14 12 50 110  7.6  8.8  0.48  3.33  3.11  85 1012.7  15.9  14.5  14.2 99.0 99.00
2016 06 14 13 50 114  6.3  7.5  0.65  3.45  3.19  99 1013.0  15.7  14.6  14.2 99.0 99.00
2016 06 14 14 50  97  5.0  5.7  0.64  3.85  3.39 118 1013.3  15.4  14.5  14.5 99.0 99.00
2016 06 14 15 50 109  5.3  6.0  0.58  3.85  3.39 113 1012.7  15.7  14.5  14.6 99.0 99.00
2016 06 14 17 50 106  3.9  4.3  0.42  3.85  3.24 126 1012.3  16.1  14.6  15.1 99.0 99.00
2016 06 14 18 50  82  3.3  3.8  0.42  3.70  3.24 131 1012.3  15.9  14.9  15.4 99.0 99.00
2016 06 14 19 50 100  4.8  5.2  0.40  3.85  3.29 156 1011.5  17.3  15.1  15.5 99.0 99.00
2016 06 14 20 50 103  4.7  5.3  0.38  3.85  3.23 154 1010.7  17.4  15.3  15.5 99.0 99.00
2016 06 14 21 50  90  4.4  4.9  0.33  3.57  3.12 149 1010.2  17.5  15.4  15.3 99.0 99.00
2016 06 14 22 50  86  3.5  4.1  0.27  3.45  2.94 152 1010.4  17.3  15.5  15.6 99.0 99.00
2016 06 14 23 50  97  4.6  5.2  0.23 99.00  2.91 999 1010.1  18.0  15.5  15.8 99.0 99.00
2016 06 15 01 50 107  5.3  5.8  0.29  3.03  2.96 139 1009.4  18.1  15.5  15.9 99.0 99.00
2016 06 15 02 50 108  5.8  6.5  0.29  3.03  2.87 135 1009.4  18.1  15.4  15.9 99.0 99.00
2016 06 15 03 50 110  6.3  7.0  0.36  3.03  2.92 123 1009.0  18.1  15.3  15.8 99.0 99.00
2016 06 15 04 50 109  6.6  7.5  0.32  2.86  2.88 118 1008.7  17.6  15.3  15.8 99.0 99.00
2016 06 15 05 50 120  6.9  7.7  0.39  3.03  2.86 114 1008.0  17.8  15.3  16.2 99.0 99.00
2016 06 15 06 50 118  6.5  7.3  0.40  2.94  2.83 121 1007.8  17.9  15.2  16.4 99.0 99.00
2016 06 15 07 50 122  7.6  8.5  0.42  3.03  2.82 121 1006.6  17.5  15.2  16.3 99.0 99.00
2016 06 15 08 50 152  7.5  9.0  0.40  3.03  2.82 109 1007.1  17.7  15.1  17.1 99.0 99.00
2016 06 15 09 50 131  9.9 11.5  0.49  2.94  2.81 138 1004.2  17.1  15.0  17.1 99.0 99.00
2016 06 15 10 50 150  7.5  8.6  0.77  3.57  3.16 135 1005.9  17.0  14.9  17.0 99.0 99.00
2016 06 15 11 50 150  4.4  5.1  0.57  3.45  3.21 124 1006.6  17.2  14.8  17.2 99.0 99.00
2016 06 15 12 50 144  2.9  3.3  0.60  4.00  3.43 123 1007.6  16.5  14.9  16.5 99.0 99.00
2016 06 15 13 50 153  4.0  4.4  0.55  4.00  3.41 116 1007.8  16.6  15.0  16.6 99.0 99.00
2016 06 15 14 50 173  2.1  2.8  0.50  3.57  3.36 130 1007.8  16.5  15.2  16.5 99.0 99.00
2016 06 15 15 50 195  1.5  1.8  0.47  3.70  3.41 121 1007.8  16.9  15.7  16.9 99.0 99.00
2016 06 15 16 50 157  0.9  1.1  0.43  4.17  3.47 128 1008.2  17.3  16.5  17.3 99.0 99.00
2016 06 15 17 50 120  2.0  2.4  0.39  4.17  3.51 148 1008.0  17.5  16.6  17.5 99.0 99.00
2016 06 15 18 50 110  2.0  2.4  0.28  4.00  3.45 141 1007.8  18.0  16.9  18.0 99.0 99.00
2016 06 15 19 50 108  2.1  2.4  0.23 99.00  3.32 999 1007.7  18.4  17.1  18.4 99.0 99.00
2016 06 15 20 50 100  2.5  2.7  0.17 99.00  3.12 999 1007.1  18.7  17.6  18.7 99.0 99.00
2016 06 15 21 50 110  3.0  3.4  0.15 99.00  3.10 999 1006.1  19.0  17.7  19.0 99.0 99.00
2016 06 15 22 50 114  3.5  3.9  0.10 99.00  3.00 999 1005.7  19.1  17.5  19.1 99.0 99.00
2016 06 15 23 50 124  4.8  5.1  0.10 99.00  3.21 999 1005.8  19.1  17.4  19.1 99.0 99.00
2016 06 16 00 50 128  5.7  6.2 99.00 99.00 99.00 999 1005.0  18.7  17.1  18.7 99.0 99.00
2016 06 16 01 50 144  6.8  7.8  0.12 99.00  2.92 999 1003.8  19.1  16.5  18.8 99.0 99.00
2016 06 16 02 50 161  7.5  9.2  0.19 99.00  2.31 999 1002.8  19.1  16.0  18.3 99.0 99.00
2016 06 16 03 50 322  3.3  4.2  0.22 99.00  2.49 999 1005.1  18.5  15.9  17.4 99.0 99.00
2016 06 16 04 50 318  2.9  3.4  0.21 99.00  2.46 999 1004.9  17.6  15.8  17.6 99.0 99.00
2016 06 16 05 50 355  0.8  1.5  0.23 99.00  2.65 999 1005.4  17.2  15.8  17.2 99.0 99.00
2016 06 16 06 50 279  5.7  6.8  0.22 99.00  2.73 999 1005.5  17.9  15.8  17.8 99.0 99.00
2016 06 16 07 50 280  4.0  4.6  0.22 99.00  2.43 999 1005.4  17.5  15.7  16.5 99.0 99.00
2016 06 16 08 50 283  5.0  5.6  0.17 99.00  2.51 999 1005.0  17.1  15.6  16.3 99.0 99.00
2016 06 16 09 50 270  4.8  5.3  0.15 99.00  2.65 999 1005.4  17.0  15.5  16.1 99.0 99.00
2016 06 16 10 50 339  6.9  9.1  0.20 99.00  2.45 999 1006.4  16.6  15.3  16.0 99.0 99.00
2016 06 16 11 50   6  7.8  8.9  0.23 99.00  2.49 999 1006.7  14.8  15.2  14.8 99.0 99.00
2016 06 16 12 50 352  6.9  9.3  0.39  2.74  2.63   9 1007.9  14.7  14.9  14.7 99.0 99.00
2016 06 16 13 50 356  8.8 10.7  0.65  3.13  2.96  37 1008.5  14.8  14.8  14.7 99.0 99.00
2016 06 16 14 50 344  9.5 11.6  0.83  4.17  3.41  48 1008.8  14.8  14.6  14.4 99.0 99.00
2016 06 16 15 50 328  8.6 11.0  1.02  4.55  3.77  39 1009.4  14.6  14.4  14.4 99.0 99.00
2016 06 16 16 50 334  8.7 11.0  1.15  5.00  4.01  46 1010.0  14.4  14.3  14.2 99.0 99.00
2016 06 16 17 50 340  9.0 11.0  1.38  5.56  4.56  43 1010.5  14.2  14.2  13.9 99.0 99.00
2016 06 16 18 50 344  9.8 11.8  1.72  6.67  5.03  52 1010.7  14.1  14.2  13.9 99.0 99.00
2016 06 16 19 50 340 10.7 12.6  1.67  5.56  5.02  43 1010.6  14.0  14.1  14.0 99.0 99.00
2016 06 16 20 50 335 10.8 13.3  1.74  6.67  5.17  47 1011.2  14.0  13.9  14.0 99.0 99.00
2016 06 16 21 50 345 10.0 12.6  1.63  6.67  5.07  45 1011.8  14.2  13.7  14.0 99.0 99.00
2016 06 16 22 50 348  9.2 10.5  1.57  7.14  5.04  50 1011.8  14.3  13.6  13.8 99.0 99.00
2016 06 16 23 50 353  7.8  9.2  1.40  6.67  4.85  40 1012.4  14.3  13.6  13.6 99.0 99.00
2016 06 17 00 50 327  7.4  8.6  1.30  6.25  4.89  36 1012.5  14.1  13.5  13.6 99.0 99.00
2016 06 17 01 50 358  7.0  8.7  1.22  6.67  4.75  41 1012.6  14.1  13.5  13.5 99.0 99.00
2016 06 17 02 50 345  5.8  6.8  1.15  6.25  4.74  35 1013.4  14.1  13.5  13.6 99.0 99.00
2016 06 17 03 50   3  6.1  7.0  1.06  6.25  4.52  37 1013.5  14.2  13.5  13.6 99.0 99.00
2016 06 17 04 50 353  5.7  6.5  1.00  5.88  4.44  33 1013.9  14.2  13.5  13.8 99.0 99.00
2016 06 17 05 50 358  5.5  6.3  0.87  5.88  4.22  37 1014.1  14.2  13.5  13.8 99.0 99.00
2016 06 17 06 50  17  5.4  6.3  0.84  5.56  4.31  40 1014.3  14.2  13.5  13.8 99.0 99.00
2016 06 17 07 50  19  6.2  7.1  0.78  5.56  4.08  42 1014.7  14.1  13.5  13.8 99.0 99.00
2016 06 17 08 50  24  4.4  5.2  0.74  5.26  3.98  35 1015.0  14.2  13.4  13.9 99.0 99.00
2016 06 17 09 50  27  3.7  4.0  0.62  5.00  3.89  45 1015.4  14.5  13.4  14.1 99.0 99.00
2016 06 17 10 50  32  3.9  4.5  0.57  5.00  4.02  31 1016.3  14.6  13.3  13.9 99.0 99.00
2016 06 17 12 50  35  3.1  3.5  0.46  5.00  3.90  44 1017.6  14.5  13.4  13.7 99.0 99.00
2016 06 17 13 50  30  2.0  2.3  0.41  5.00  3.91  36 1018.0  14.5  13.5  13.6 99.0 99.00
2016 06 17 14 50 348  3.6  4.0  0.36  4.76  3.87  42 1018.4  14.5  13.7  13.9 99.0 99.00
2016 06 17 15 50   1  3.2  3.7  0.31  4.76  3.73  42 1018.7  14.4  13.9  13.9 99.0 99.00
2016 06 17 17 50   1  4.0  4.5  0.27  4.55  3.62  29 1018.8  14.8  14.3  14.1 99.0 99.00
2016 06 17 18 50 350  4.2  4.7  0.23 99.00  3.48 999 1018.7  15.0  14.3  14.2 99.0 99.00
2016 06 17 19 50 352  4.9  5.7  0.22 99.00  3.14 999 1018.9  15.3  14.4  14.2 99.0 99.00
2016 06 17 20 50 353  5.1  6.0  0.24 99.00  2.86 999 1019.2  15.6  14.4  13.7 99.0 99.00
2016 06 17 21 50   5  4.9  5.6  0.26  2.47  2.84  22 1019.1  15.8  14.5  13.4 99.0 99.00
2016 06 17 22 50  13  4.0  4.3  0.25  2.86  2.86   2 1018.9  15.7  14.4  13.1 99.0 99.00
2016 06 17 23 50  21  3.7  4.1  0.23 99.00  2.77 999 1018.6  15.8  14.4  13.1 99.0 99.00
2016 06 18 00 50  22  3.1  3.4  0.23 99.00  2.86 999 1018.5  15.8  14.4  13.1 99.0 99.00
2016 06 18 01 50  26  3.5  3.8  0.24 99.00  2.98 999 1018.6  16.3  14.4  12.4 99.0 99.00
2016 06 18 02 50  28  3.6  4.2  0.21 99.00  2.89 999 1019.5  16.6  14.3  12.4 99.0 99.00
2016 06 18 04 50  33  2.7  2.8  0.17 99.00  2.87 999 1020.0  16.6  14.2  12.1 99.0 99.00
2016 06 18 05 50  45  2.1  2.5  0.16 99.00  2.83 999 1019.7  16.9  14.1  11.6 99.0 99.00
2016 06 18 06 50  47  2.2  2.5  0.13 99.00  2.80 999 1019.5  17.0  14.1  11.3 99.0 99.00
2016 06 18 07 50   1  2.8  3.1  0.13 99.00  3.06 999 1020.5  16.0  14.0  12.8 99.0 99.00
2016 06 18 08 50  21  1.9  2.5  0.11 99.00  3.06 999 1020.4  15.6  14.0  13.2 99.0 99.00
2016 06 18 09 50  24  2.0  2.2  0.10 99.00  2.96 999 1021.1  15.9  13.9  12.2 99.0 99.00
2016 06 18 10 50 346  2.1  2.4  0.10 99.00  3.10 999 1022.9  15.3  13.9  13.1 99.0 99.00
2016 06 18 11 50   5  1.2  1.4  0.09 99.00  3.04 999 1023.2  15.7  13.9  12.7 99.0 99.00
2016 06 18 12 50  34  2.5  2.9  0.09 99.00  2.98 999 1023.4  15.5  14.0  12.8 99.0 99.00
2016 06 18 13 50  36  0.8  1.6  0.08 99.00  3.09 999 1023.4  16.4  14.2  13.2 99.0 99.00
2016 06 18 14 50  68  1.4  1.7  0.08 99.00  3.14 999 1023.6  16.2  14.7  13.7 99.0 99.00
2016 06 18 15 50  50  1.3  1.5  0.08 99.00  3.21 999 1023.8  16.5  15.4  14.6 99.0 99.00
2016 06 18 16 50  93  0.6  0.9  0.07 99.00  3.05 999 1024.2  17.3  16.4  15.3 99.0 99.00
2016 06 18 17 50 163  0.5  0.8  0.07 99.00  3.12 999 1024.1  18.5  16.7  16.4 99.0 99.00
2016 06 18 18 50 238  0.9  1.1  0.09 99.00  3.47 999 1024.1  19.6  16.9  17.1 99.0 99.00
2016 06 18 19 50 238  1.0  1.6  0.07 99.00  3.19 999 1023.8  19.8  17.2  17.8 99.0 99.00
2016 06 18 20 50 269  1.1  1.2  0.07 99.00  2.99 999 1023.4  20.1  17.5  17.6 99.0 99.00
2016 06 18 21 50 319  1.7  2.0  0.07 99.00  3.28 999 1023.3  20.3  18.5  18.3 99.0 99.00
2016 06 18 22 50   1  2.0  2.2  0.07 99.00  2.98 999 1022.7  19.9  18.8  18.3 99.0 99.00
2016 06 18 23 50  39  2.0  2.1  0.06 99.00  3.25 999 1022.4  20.2  18.9  18.3 99.0 99.00
2016 06 19 00 50  39  1.5  1.7  0.06 99.00  3.41 999 1022.8  20.1  18.8  18.0 99.0 99.00
2016 06 19 01 50  52  2.0  2.1  0.07 99.00  3.17 999 1022.9  19.9  18.7  17.8 99.0 99.00
2016 06 19 02 50  97  3.6  4.5  0.07 99.00  3.30 999 1023.1  19.4  18.4  17.3 99.0 99.00
2016 06 19 03 50 109  3.1  3.4  0.08 99.00  3.20 999 1023.3  17.7  17.3  16.7 99.0 99.00
2016 06 19 04 50 124  2.7  3.3  0.08 99.00  3.09 999 1023.3  17.4  16.7  16.4 99.0 99.00
2016 06 19 05 50 144  2.2  2.4  0.07 99.00  2.96 999 1023.2  18.0  16.3  15.8 99.0 99.00
2016 06 19 06 50 139  3.4  3.7  0.07 99.00  2.87 999 1022.7  17.7  16.2  15.0 99.0 99.00
2016 06 19 07 50 166  1.7  2.2  0.08 99.00  2.88 999 1022.7  17.5  15.8  14.4 99.0 99.00
2016 06 19 08 50 202  3.1  3.7  0.07 99.00  2.72 999 1022.8  18.5  15.8  14.0 99.0 99.00
2016 06 19 09 50 218  1.2  1.5  0.06 99.00  2.63 999 1023.2  18.2  15.9  14.1 99.0 99.00
2016 06 19 10 50 128  1.5  1.8  0.05 99.00  2.74 999 1023.6  17.8  15.7  14.5 99.0 99.00
2016 06 19 11 50 150  2.4  2.6  0.04 99.00  2.92 999 1023.4  17.5  15.5  15.7 99.0 99.00
2016 06 19 12 50 165  3.2  3.6  0.06 99.00  2.88 999 1023.3  17.2  15.7  15.7 99.0 99.00
2016 06 19 13 50 171  3.7  4.0  0.04 99.00  3.33 999 1023.6  17.5  15.9  15.8 99.0 99.00
2016 06 19 14 50 169  3.4  3.7  0.06 99.00  4.17 999 1023.3  17.3  15.9  15.8 99.0 99.00
2016 06 19 15 50 159  3.0  3.4  0.06 99.00  2.46 999 1023.5  17.5  16.1  16.0 99.0 99.00
2016 06 19 16 50 163  4.3  4.8  0.06 99.00  2.41 999 1022.9  18.0  16.3  16.0 99.0 99.00
2016 06 19 17 50 158  4.4  4.9  0.07 99.00  2.59 999 1022.1  18.2  16.4  16.0 99.0 99.00
2016 06 19 18 50 156  4.4  4.8  0.09 99.00  2.63 999 1021.6  18.8  16.5  15.9 99.0 99.00
2016 06 19 19 50 149  3.7  3.9  0.09 99.00  2.35 999 1021.3  19.0  16.7  16.1 99.0 99.00
2016 06 19 20 50 132  3.4  3.6  0.11 99.00  2.36 999 1020.7  19.3  17.0  16.2 99.0 99.00
2016 06 19 21 50 130  3.5  3.9  0.12 99.00  2.50 999 1020.1  19.6  17.1  16.4 99.0 99.00
2016 06 19 22 50 144  3.7  3.9  0.10 99.00  2.52 999 1019.6  20.1  17.3  16.3 99.0 99.00
2016 06 19 23 50 151  3.6  4.0  0.09 99.00  2.53 999 1019.3  20.2  17.4  16.9 99.0 99.00
2016 06 20 00 50 164  5.2  5.7  0.10 99.00  3.02 999 1018.8  20.5  17.4  16.5 99.0 99.00
2016 06 20 01 50 164  4.7  5.0  0.10 99.00  2.82 999 1018.5  20.0  17.2  16.7 99.0 99.00
2016 06 20 02 50 168  5.2  5.6  0.11 99.00  2.44 999 1017.9  19.7  17.0  16.8 99.0 99.00
2016 06 20 03 50 184  5.3  5.9  0.14 99.00  2.52 999 1017.9  20.0  16.8  16.8 99.0 99.00
2016 06 20 04 50 181  4.8  5.2  0.15 99.00  2.48 999 1018.2  19.4  16.6  16.8 99.0 99.00
2016 06 20 05 50 185  4.6  4.9  0.16 99.00  2.49 999 1018.0  20.0  16.4  16.6 99.0 99.00
2016 06 20 06 50 180  5.3  5.8  0.14 99.00  2.55 999 1017.5  19.5  16.3  16.7 99.0 99.00
2016 06 20 07 50 182  5.4  6.0  0.18 99.00  2.56 999 1017.3  19.3  16.3  17.0 99.0 99.00
2016 06 20 09 50 186  5.8  6.6  0.31  2.60  2.71 151 1017.3  18.8  16.0  17.8 99.0 99.00
2016 06 20 10 50 188  6.5  7.3  0.36  3.13  2.92 163 1017.0  19.1  15.9  17.8 99.0 99.00
2016 06 20 11 50 191  7.0  7.9  0.48  3.33  3.05 165 1016.6  19.2  15.9  17.9 99.0 99.00
2016 06 20 12 50 192  7.3  8.2  0.54  3.33  3.09 168 1016.1  19.0  15.8  17.7 99.0 99.00
2016 06 20 13 50 188  8.3  9.3  0.55  3.33  3.08 169 1015.8  19.6  15.7  18.1 99.0 99.00
2016 06 20 14 50 191  7.8  9.2  0.58  3.57  3.14 158 1015.4  19.6  15.8  17.9 99.0 99.00
2016 06 20 15 50 180  6.8  8.6  0.61  3.85  3.39 148 1015.1  18.2  15.7  17.4 99.0 99.00
2016 06 20 16 50 201  5.3  6.0  0.64  3.85  3.32 143 1015.3  18.8  15.7  18.0 99.0 99.00
2016 06 20 17 50 215  4.2  4.6  0.58  3.85  3.38 151 1015.3  18.5  15.7  17.6 99.0 99.00
2016 06 20 18 50 193  3.1  3.5  0.49  3.70  3.37 148 1015.1  18.3  16.1  17.6 99.0 99.00
2016 06 20 19 50 224  2.7  3.3  0.43  3.57  3.29 179 1014.5  19.7  16.7  18.4 99.0 99.00
2016 06 20 20 50 267  1.3  1.7  0.46  3.85  3.49 164 1014.6  19.7  17.3  18.2 99.0 99.00
2016 06 20 21 50 336  2.6  3.3  0.40  4.17  3.46 206 1014.6  22.1  18.6  18.3 99.0 99.00
2016 06 20 22 50  30  4.4  4.8  0.37  4.17  3.54 238 1014.3  21.9  18.0  16.7 99.0 99.00
2016 06 20 23 50  15  3.7  3.9  0.30  3.70  3.55 282 1014.6  20.3  17.2  15.4 99.0 99.00
2016 06 21 00 50 346  2.7  3.0  0.31  3.45  3.56 297 1014.6  19.5  17.0  15.1 99.0 99.00
2016 06 21 01 50 327  2.2  2.3  0.28  4.00  3.47 235 1014.7  19.0  16.6  14.6 99.0 99.00
2016 06 21 02 50 306  3.1  3.5  0.28  3.85  3.43 239 1015.3  18.5  16.5  14.0 99.0 99.00
2016 06 21 04 50 319  6.7  7.5  0.32  3.70  3.07 305 1015.6  19.6  16.1  13.2 99.0 99.00
2016 06 21 05 50 298  5.4  6.3  0.42  3.70  3.17 333 1015.7  18.9  16.0  13.4 99.0 99.00
2016 06 21 06 50 282  3.5  3.8  0.46  3.85  3.30 314 1015.5  17.7  15.9  14.1 99.0 99.00
2016 06 21 07 50 283  4.3  4.7  0.37  3.85  3.26 303 1015.2  17.7  15.9  14.3 99.0 99.00
2016 06 21 08 50 297  5.2  5.8  0.31  3.45  3.09 319 1014.9  17.5  15.9  14.5 99.0 99.00
2016 06 21 09 50 298  4.7  5.3  0.31  3.33  3.07 339 1015.0  17.0  15.8  14.7 99.0 99.00
2016 06 21 10 50 304  5.1  5.8  0.37  3.57  3.09 358 1015.0  17.0  15.8  14.2 99.0 99.00
2016 06 21 11 50 301  5.7  6.5  0.40  3.45  2.99 354 1014.9  16.8  15.7  14.2 99.0 99.00
2016 06 21 12 50 294  5.4  6.0  0.43  3.57  2.91 350 1015.1  16.8  15.7  14.3 99.0 99.00
2016 06 21 13 50 300  5.5  6.2  0.37  3.45  3.04 351 1015.3  16.7  15.7  14.0 99.0 99.00
2016 06 21 14 50 303  5.3  6.1  0.39  3.57  3.05  16 1015.4  16.8  15.7  14.2 99.0 99.00
2016 06 21 15 50 298  4.5  5.3  0.38  2.94  2.92 351 1015.5  16.9  15.8  14.3 99.0 99.00
2016 06 21 16 50 275  2.4  2.7  0.34  2.94  2.89 332 1015.6  17.1  16.0  14.6 99.0 99.00
2016 06 21 17 50 259  1.6  1.8  0.30  3.13  2.94   3 1015.0  17.5  16.4  14.8 99.0 99.00
2016 06 21 18 50 194  2.2  2.6  0.26  3.33  3.00 316 1014.4  18.2  16.9  14.6 99.0 99.00
2016 06 21 20 50 157  3.4  3.8  0.18 99.00  3.12 999 1013.2  18.3  17.3  15.7 99.0 99.00
2016 06 21 21 50 152  4.0  4.5  0.14 99.00  3.16 999 1012.6  18.5  17.4  14.3 99.0 99.00
2016 06 21 22 50 161  4.7  5.2  0.10 99.00  3.25 999 1011.8  18.7  17.4  13.8 99.0 99.00
2016 06 21 23 50 168  4.9  5.6  0.10 99.00  3.57 999 1011.6  18.4  17.2  14.8 99.0 99.00
2016 06 22 00 50 169  5.1  5.8  0.12 99.00  2.99 999 1011.5  18.1  16.8  14.7 99.0 99.00
2016 06 22 01 50 181  5.0  5.9  0.10 99.00  2.76 999 1011.8  18.1  16.6  14.3 99.0 99.00
2016 06 22 02 50 186  5.3  5.8  0.13 99.00  2.31 999 1011.9  18.0  16.4  14.3 99.0 99.00
2016 06 22 03 50 190  5.4  6.1  0.15 99.00  2.58 999 1011.9  18.1  16.2  14.9 99.0 99.00
2016 06 22 04 50 198  5.3  6.1 99.00 99.00 99.00 999 1011.7  18.3  16.2  14.6 99.0 99.00
2016 06 22 05 50 210  5.7  6.6  0.17 99.00  2.38 999 1011.6  17.9  16.1  15.6 99.0 99.00
2016 06 22 06 50 234  3.2  3.5  0.20 99.00  2.63 999 1011.5  17.9  15.9  15.2 99.0 99.00
2016 06 22 07 50 238  2.5  2.9  0.16 99.00  2.61 999 1011.4  17.6  16.0  15.5 99.0 99.00
2016 06 22 08 50 271  3.5  3.9  0.16 99.00  2.57 999 1012.0  17.6  16.0  15.2 99.0 99.00
2016 06 22 09 50 303  2.2  2.5  0.11 99.00  2.59 999 1012.1  17.4  15.9  15.3 99.0 99.00
2016 06 22 10 50 322  1.5  1.7  0.09 99.00  2.58 999 1013.0  17.5  15.9  15.3 99.0 99.00
2016 06 22 11 50  35  2.4  2.7  0.07 99.00  2.60 999 1012.8  17.3  15.9  15.0 99.0 99.00
2016 06 22 12 50 101  1.8  2.0  0.08 99.00  2.72 999 1012.6  16.6  16.0  14.9 99.0 99.00
2016 06 22 13 50 117  3.0  3.5  0.07 99.00  2.74 999 1012.4  16.6  16.0  14.9 99.0 99.00
2016 06 22 14 50  86  3.1  3.5  0.06 99.00  3.13 999 1012.2  16.3  16.0  15.7 99.0 99.00
2016 06 22 15 50 138  2.2  2.4  0.06 99.00  3.21 999 1012.6  16.5  16.0  15.9 99.0 99.00
2016 06 22 16 50 133  3.0  4.1  0.05 99.00  3.01 999 1012.5  16.7  16.1  16.2 99.0 99.00
2016 06 22 17 50 172  3.0  3.3  0.06 99.00  3.24 999 1012.0  17.4  16.3  15.9 99.0 99.00
2016 06 22 18 50 175  2.9  3.3  0.06 99.00  3.48 999 1012.0  17.9  16.5  16.4 99.0 99.00
2016 06 22 19 50 174  1.4  1.8  0.12 99.00  3.48 999 1011.9  18.9  17.4  16.8 99.0 99.00
2016 06 22 20 50 151  3.0  3.3  0.07 99.00  2.40 999 1011.4  18.3  17.7  17.6 99.0 99.00
2016 06 22 21 50 154  4.0  4.4  0.09 99.00  2.77 999 1011.1  17.8  17.2  17.8 99.0 99.00
2016 06 22 22 50 148  3.2  3.8  0.12 99.00  2.86 999 1010.7  18.0  17.1  18.0 99.0 99.00
2016 06 22 23 50 182  4.3  7.1  0.14 99.00  2.76 999 1011.0  18.1  16.9  18.1 99.0 99.00
2016 06 23 00 50 142  3.8  4.5  0.12 99.00  3.20 999 1009.7  17.9  16.7  17.9 99.0 99.00
2016 06 23 01 50 122  2.6  3.0  0.09 99.00  3.02 999 1008.8  17.4  16.7  17.4 99.0 99.00
2016 06 23 02 50 115  2.1  2.4  0.07 99.00  2.80 999 1009.5  17.2  16.7  17.2 99.0 99.00
2016 06 23 03 50  57  3.3  4.0  0.07 99.00  3.19 999 1008.9  17.3  16.6  17.3 99.0 99.00
2016 06 23 04 50  54  3.3  3.7  0.05 99.00  2.96 999 1009.0  17.1  16.6  17.1 99.0 99.00
2016 06 23 05 50  44  3.4  3.9  0.05 99.00  3.09 999 1009.1  17.1  16.6  17.1 99.0 99.00
2016 06 23 06 50  48  3.5  3.9  0.05 99.00  3.55 999 1008.9  17.3  16.5  17.3 99.0 99.00
2016 06 23 07 50  58  1.9  2.5  0.06 99.00  3.88 999 1008.1  16.8  16.5  16.8 99.0 99.00
2016 06 23 09 50   5  1.5  2.2  0.05 99.00  3.08 999 1009.1  16.8  16.5  16.8 99.0 99.00
2016 06 23 10 50  60  3.1  3.4  0.04 99.00  3.09 999 1008.9  17.2  16.5  17.2 99.0 99.00
2016 06 23 11 50  70  2.6  3.1  0.04 99.00  3.06 999 1009.5  17.1  16.5  17.0 99.0 99.00
2016 06 23 12 50  62  2.6  2.9  0.05 99.00  3.06 999 1010.3  17.6  16.5  17.2 99.0 99.00
2016 06 23 13 50  56  6.8  8.1  0.19 99.00  2.46 999 1011.0  16.4  16.3  15.1 99.0 99.00
2016 06 23 14 50  61  6.4  7.8  0.42  3.13  3.11  58 1011.4  15.7  16.2  15.2 99.0 99.00
2016 06 23 15 50  75  4.8  5.9  0.45  3.85  3.30  37 1011.7  16.2  16.1  15.1 99.0 99.00
2016 06 23 16 50  97  2.4  3.1  0.51  3.70  3.50  32 1011.9  16.5  16.2  15.4 99.0 99.00
2016 06 23 17 50  14  5.2  6.0  0.46  3.70  3.45  49 1012.4  16.6  16.5  16.0 99.0 99.00
2016 06 23 18 50  38  5.8  7.1  0.51  4.17  3.51  67 1012.5  16.5  16.5  15.5 99.0 99.00
2016 06 23 19 50  27  5.5  6.2  0.62  3.85  3.38  50 1012.6  16.9  16.5  15.8 99.0 99.00
2016 06 23 20 50  10  4.2  5.0  0.53  3.70  3.25  54 1013.2  16.9  16.6  16.1 99.0 99.00
2016 06 23 21 50  12  4.2  5.0  0.49  3.57  3.15  46 1013.0  16.9  16.6  16.1 99.0 99.00
2016 06 23 22 50  21  6.3  7.5  0.45  3.57  3.15  43 1012.9  17.1  16.6  16.0 99.0 99.00
2016 06 23 23 50  17  7.6  8.5  0.49  3.33  2.99  39 1013.1  17.0  16.6  15.3 99.0 99.00
2016 06 24 00 50  30  7.9  9.4  0.55  3.57  3.12  39 1013.3  17.2  16.6  14.8 99.0 99.00
2016 06 24 01 50  31  7.6  8.6  0.60  3.70  3.19  41 1013.8  17.4  16.5  13.7 99.0 99.00
2016 06 24 02 50  32  6.3  7.4  0.63  3.85  3.39  37 1014.4  17.3  16.4  14.1 99.0 99.00
2016 06 24 03 50  40  5.7  6.5  0.54  4.17  3.44  22 1014.7  17.1  16.2  14.6 99.0 99.00
2016 06 24 04 50  40  4.7  5.9  0.54  4.35  3.71  25 1015.2  17.1  16.1  15.1 99.0 99.00
2016 06 24 05 50  35  3.8  4.1  0.53  4.17  3.82  17 1015.6  16.8  15.9  15.7 99.0 99.00
2016 06 24 06 50  47  2.8  3.4  0.45  4.55  3.85  20 1016.0  17.3  15.9  15.7 99.0 99.00
2016 06 24 07 50  71  3.5  3.8  0.43  4.35  3.76  14 1015.9  17.7  16.0  15.6 99.0 99.00
2016 06 24 08 50  60  3.5  3.8  0.40  4.35  3.73   3 1016.1  17.3  16.2  15.8 99.0 99.00
2016 06 24 09 50  51  3.3  3.7  0.35  4.35  3.65  10 1016.2  17.0  16.3  15.9 99.0 99.00
2016 06 24 10 50  60  4.2  4.8  0.36  4.00  3.53   8 1016.5  17.0  16.3  15.7 99.0 99.00
2016 06 24 11 50  68  3.3  3.9  0.33  3.85  3.37  15 1017.5  17.2  16.3  15.4 99.0 99.00
2016 06 24 12 50  76  3.3  3.8  0.32  4.00  3.32  14 1017.8  17.2  16.3  15.1 99.0 99.00
2016 06 24 13 50  93  3.0  3.4  0.32  3.70  3.26  16 1018.7  17.1  16.3  15.5 99.0 99.00
2016 06 24 14 50 102  2.6  3.0  0.28  3.57  3.14  16 1018.9  17.2  16.4  15.4 99.0 99.00
2016 06 24 15 50 121  1.3  1.7  0.25  3.33  3.00  14 1019.3  17.5  16.7  15.5 99.0 99.00
2016 06 24 16 50 101  1.2  1.6  0.24 99.00  2.97 999 1019.5  17.8  17.3  16.1 99.0 99.00
2016 06 24 17 50  73  1.3  1.5  0.21 99.00  2.95 999 1019.4  18.6  18.4  16.0 99.0 99.00
2016 06 24 18 50  53  0.5  0.8  0.20 99.00  3.09 999 1019.1  19.5  19.3  15.9 99.0 99.00
2016 06 24 19 50   2  0.6  0.9  0.16 99.00  2.89 999 1018.9  20.5  20.9  15.2 99.0 99.00
2016 06 24 20 50 306  2.2  2.6  0.13 99.00  2.92 999 1018.9  20.8  20.1  15.8 99.0 99.00
2016 06 24 21 50 341  1.8  2.2  0.12 99.00  3.25 999 1018.6  20.1  19.9  17.5 99.0 99.00
2016 06 24 22 50 351  1.1  1.5  0.11 99.00  3.35 999 1018.0  20.1  19.8  18.4 99.0 99.00
2016 06 24 23 50  22  1.3  1.5  0.10 99.00  3.30 999 1017.7  19.9  19.6  18.4 99.0 99.00
2016 06 25 00 50  59  1.4  1.6  0.11 99.00  3.41 999 1017.7  19.6  19.5  18.3 99.0 99.00
2016 06 25 01 50  78  2.0  2.7  0.10 99.00  3.32 999 1017.9  18.9  19.3  18.6 99.0 99.00
2016 06 25 02 50  91  3.3  3.8  0.08 99.00  3.18 999 1018.3  18.9  18.7  17.7 99.0 99.00
2016 06 25 03 50  96  2.5  2.8  0.08 99.00  3.16 999 1018.3  18.6  18.4  17.3 99.0 99.00
2016 06 25 04 50 106  2.8  3.1  0.09 99.00  3.30 999 1018.5  18.4  18.2  17.2 99.0 99.00
2016 06 25 05 50 119  3.0  3.3  0.07 99.00  3.23 999 1018.3  18.5  17.9  16.0 99.0 99.00
2016 06 25 06 50 122  2.8  3.1  0.08 99.00  2.90 999 1018.1  18.6  17.6  16.3 99.0 99.00
2016 06 25 07 50 126  3.7  4.1  0.10 99.00  3.48 999 1018.0  18.8  17.4  16.0 99.0 99.00
2016 06 25 08 50 129  3.9  4.5  0.07 99.00  2.64 999 1018.0  18.5  17.3  16.6 99.0 99.00
2016 06 25 09 50 139  3.7  4.1  0.08 99.00  2.47 999 1018.1  18.4  17.2  17.0 99.0 99.00
2016 06 25 10 50 133  3.3  3.7  0.07 99.00  2.53 999 1018.5  18.2  17.1  17.0 99.0 99.00
2016 06 25 11 50 150  4.4  4.9  0.07 99.00  2.46 999 1018.7  18.6  16.9  17.3 99.0 99.00
2016 06 25 12 50 164  4.8  5.5  0.10 99.00  2.30 999 1019.3  18.7  16.9  17.2 99.0 99.00
2016 06 25 13 50 160  4.9  5.6  0.18 99.00  2.44 999 1019.3  18.6  16.8  16.7 99.0 99.00
2016 06 25 14 50 144  4.6  5.1  0.20 99.00  2.59 999 1019.2  18.5  17.0  16.9 99.0 99.00
2016 06 25 15 50 144  5.5  6.2  0.25  2.74  2.65 133 1018.7  18.9  17.2  16.6 99.0 99.00
2016 06 25 16 50 137  4.6  5.1  0.28  3.03  2.74 131 1018.8  19.0  17.3  16.9 99.0 99.00
2016 06 25 17 50 141  5.4  6.0  0.25  3.03  2.76 127 1018.0  19.8  17.4  16.9 99.0 99.00
2016 06 25 18 50 138  5.2  5.8  0.35  3.23  2.98 156 1017.9  20.2  17.6  16.9 99.0 99.00
2016 06 25 19 50 133  5.2  5.8  0.33  3.70  3.08 168 1017.6  20.4  17.8  17.3 99.0 99.00
2016 06 25 20 50 130  4.9  5.5  0.29  3.45  2.97 162 1016.9  20.6  17.9  17.4 99.0 99.00
2016 06 25 21 50 138  5.5  6.0  0.25  3.57  2.79 152 1016.3  21.1  18.0  17.7 99.0 99.00
2016 06 25 22 50 139  5.0  5.6  0.25 99.00  2.75 999 1015.8  21.2  18.0  17.8 99.0 99.00
2016 06 25 23 50 136  5.7  6.2  0.23 99.00  2.70 999 1014.9  21.2  18.0  18.1 99.0 99.00
2016 06 26 00 50 139  6.2  6.9  0.24 99.00  2.78 999 1014.4  21.5  18.0  18.4 99.0 99.00
2016 06 26 01 50 142  6.1  6.9  0.29  3.23  2.95 157 1014.6  21.1  17.9  18.8 99.0 99.00
2016 06 26 02 50 145  5.0  5.6  0.32  3.23  3.05 156 1015.7  20.7  17.8  18.8 99.0 99.00
2016 06 26 03 50 145  5.0  5.4  0.27  3.13  3.00 164 1015.7  20.3  17.8  19.0 99.0 99.00
2016 06 26 04 50 155  6.2  6.8  0.28  3.03  2.86 161 1014.6  20.7  17.7  19.3 99.0 99.00
2016 06 26 05 50 149  5.3  5.9  0.29  3.03  2.82 161 1014.6  20.0  17.6  19.0 99.0 99.00
2016 06 26 06 50 152  6.3  6.9  0.30  2.94  2.82 155 1013.9  20.2  17.6  19.1 99.0 99.00
2016 06 26 07 50 157  7.0  7.7  0.39  3.03  2.86 148 1013.3  20.5  17.5  19.5 99.0 99.00
2016 06 26 09 50 171  8.3 10.0  0.54  3.23  3.00 154 1012.8  20.6  17.4  19.7 99.0 99.00
2016 06 26 10 50 178  8.3  9.4  0.63  3.23  3.09 151 1013.3  20.4  17.3  19.8 99.0 99.00
2016 06 26 11 50 186  7.3  8.7  0.67  3.85  3.22 155 1013.8  19.9  17.3  19.5 99.0 99.00
2016 06 26 12 50 333  6.2  7.6  0.63  3.85  3.32 213 1015.5  19.1  17.3  19.1 99.0 99.00
2016 06 26 13 50 103  2.3  2.8  0.50  3.85  3.36 203 1016.2  18.6  17.3  18.6 99.0 99.00
2016 06 26 14 50 123  6.2  7.6  0.50  4.00  3.40 157 1014.6  18.5  17.4  18.5 99.0 99.00
2016 06 26 15 50 161  3.6  6.0  0.51  4.17  3.24 158 1014.3  19.1  17.3  19.1 99.0 99.00
2016 06 26 16 50 181  3.8  4.4  0.46  3.85  3.46 140 1015.8  19.0  17.4  19.0 99.0 99.00
2016 06 26 17 50 186  4.1  4.5  0.35  4.00  3.29 143 1015.6  18.8  17.6  18.8 99.0 99.00
2016 06 26 18 50 184  5.0  5.6  0.33  4.00  3.18 153 1015.6  19.1  17.7  19.1 99.0 99.00
2016 06 26 19 50 181  4.4  5.0  0.30  3.45  3.15 148 1015.2  19.6  17.8  19.6 99.0 99.00
2016 06 26 20 50 177  3.2  3.6  0.27  3.57  3.15 150 1014.2  19.7  18.0  19.4 99.0 99.00
2016 06 26 21 50 171  4.2  4.6  0.24 99.00  3.13 999 1014.0  20.1  18.2  19.7 99.0 99.00
2016 06 26 22 50 181  3.1  3.6  0.21 99.00  3.00 999 1013.7  20.4  18.2  19.8 99.0 99.00
2016 06 26 23 50 186  4.1  4.6  0.20 99.00  2.94 999 1013.7  20.8  18.3  19.7 99.0 99.00
2016 06 27 00 50 200  5.2  5.9  0.18 99.00  2.87 999 1013.6  20.9  18.3  19.9 99.0 99.00
2016 06 27 01 50 205  4.3  4.7  0.17 99.00  2.70 999 1013.7  20.2  18.1  19.5 99.0 99.00
2016 06 27 02 50 183  4.5  4.8  0.16 99.00  2.66 999 1014.5  19.8  18.0  18.9 99.0 99.00
2016 06 27 03 50 198  5.8  6.4  0.14 99.00  2.47 999 1015.0  20.2  17.9  18.6 99.0 99.00
2016 06 27 04 50 208  4.2  4.8  0.18 99.00  2.45 999 1015.2  20.1  17.9  18.0 99.0 99.00
2016 06 27 05 50 227  4.3  4.6  0.18 99.00  2.42 999 1015.1  20.3  17.8  17.6 99.0 99.00
2016 06 27 06 50 196  3.9  4.3  0.23 99.00  2.67 999 1015.0  19.6  17.8  17.8 99.0 99.00
2016 06 27 07 50 228  6.6  7.3  0.18 99.00  2.51 999 1014.9  20.5  17.8  17.7 99.0 99.00
2016 06 27 08 50 230  5.9  6.7  0.24 99.00  2.44 999 1014.5  20.0  17.8  17.9 99.0 99.00
2016 06 27 09 50 225  6.1  6.9  0.26  2.47  2.57 173 1014.5  20.1  17.8  18.0 99.0 99.00
2016 06 27 10 50 210  5.5  6.3  0.27  2.74  2.72 175 1014.6  19.6  17.8  18.5 99.0 99.00
2016 06 27 11 50 224  5.6  6.2  0.27  2.86  2.66 182 1014.8  19.6  17.8  18.8 99.0 99.00
2016 06 27 12 50 231  5.6  6.3  0.33  3.03  2.85 187 1015.2  19.4  17.8  18.8 99.0 99.00
2016 06 27 13 50 243  5.3  6.1  0.32  3.23  2.90 180 1015.3  19.7  17.9  18.6 99.0 99.00
2016 06 27 14 50 248  4.0  4.5  0.30  3.13  3.05 199 1015.3  19.4  17.9  18.5 99.0 99.00
2016 06 27 15 50 215  3.7  4.5  0.27  3.03  2.96 196 1015.2  19.4  18.0  18.4 99.0 99.00
2016 06 27 16 50 289  4.1  5.5  0.25  3.03  3.01 200 1015.6  20.8  18.2  18.0 99.0 99.00
2016 06 27 17 50 289  1.5  1.7  0.20 99.00  2.98 999 1015.7  20.3  18.7  18.4 99.0 99.00
2016 06 27 18 50  11  3.4  4.2  0.19 99.00  2.99 999 1015.6  21.1  19.4  17.8 99.0 99.00
2016 06 27 19 50  44  3.1  3.5  0.19 99.00  2.96 999 1015.8  20.1  19.2  17.3 99.0 99.00
2016 06 27 20 50  47  3.3  3.8  0.16 99.00  2.78 999 1015.8  20.0  19.3  17.2 99.0 99.00
2016 06 27 21 50  53  3.6  4.1  0.16 99.00  3.00 999 1015.3  20.0  19.3  16.9 99.0 99.00
2016 06 27 22 50  52  3.0  3.4  0.13 99.00  2.71 999 1015.8  19.8  19.2  16.7 99.0 99.00
2016 06 27 23 50  37  1.8  2.2  0.11 99.00  2.70 999 1016.0  19.5  19.1  17.0 99.0 99.00
2016 06 28 00 50 176  0.1  0.4  0.15 99.00  2.70 999 1016.7  19.2  19.0  17.0 99.0 99.00
2016 06 28 01 50 123  0.2  0.4  0.17 99.00  2.75 999 1016.8  19.0  18.9  16.5 99.0 99.00
2016 06 28 02 50  30  3.0  4.4  0.17 99.00  2.68 999 1017.2  19.5  18.8  15.8 99.0 99.00
2016 06 28 03 50  23  7.9  9.4  0.15 99.00  2.73 999 1017.3  18.9  18.8  16.4 99.0 99.00
2016 06 28 04 50  18  9.4 11.4  0.44  2.74  2.72  55 1017.7  18.0  18.7  15.3 99.0 99.00
2016 06 28 05 50  17 10.1 12.1  0.71  3.45  3.18  46 1018.0  17.4  18.5  15.2 99.0 99.00
2016 06 28 06 50  25 10.0 11.3  1.19  4.17  3.77  42 1018.2  16.6  18.3  13.8 99.0 99.00
2016 06 28 07 50  25  8.9 10.8  1.23  4.76  3.96  44 1018.5  16.0  17.9  13.3 99.0 99.00
2016 06 28 08 50  29  9.0 10.5  1.27  5.56  4.17  44 1019.1  15.6  17.5  12.7 99.0 99.00
2016 06 28 09 50  21  8.9  9.8  1.25  5.56  4.33  46 1019.1  15.5  17.4  12.5 99.0 99.00
2016 06 28 10 50  18  8.1 10.0  1.21  5.88  4.25  50 1019.6  15.4  17.3  11.9 99.0 99.00
2016 06 28 11 50   6  8.3  9.5  0.97  5.88  4.11  46 1020.0  15.4  17.0  11.8 99.0 99.00
2016 06 28 12 50   3  9.7 11.2  1.06  5.88  4.33  47 1020.0  15.6  16.8  11.1 99.0 99.00
2016 06 28 13 50 354  8.7 10.8  1.21  5.88  4.55  41 1020.4  15.2  16.6  11.6 99.0 99.00
2016 06 28 14 50   4  9.3 11.6  1.34  5.56  4.80  41 1020.5  14.8  16.7  11.0 99.0 99.00
2016 06 28 15 50   8  8.3  9.9  1.41  5.88  4.83  43 1020.9  14.6  16.6  11.3 99.0 99.00
2016 06 28 16 50   2  9.5 11.4  1.51  6.67  5.04  36 1021.1  15.0  16.5  11.2 99.0 99.00
2016 06 28 17 50   5  9.6 11.5  1.84  6.67  5.28  48 1021.1  14.8  16.6  10.7 99.0 99.00
2016 06 28 18 50 357 10.8 13.2  1.71  6.25  5.17  46 1020.8  15.1  16.7  10.0 99.0 99.00
2016 06 28 19 50 356 10.1 12.3  1.94  6.67  5.15  41 1020.5  15.4  16.7   9.6 99.0 99.00
2016 06 28 20 50 358  9.5 11.2  1.83  6.25  4.99  39 1020.5  15.8  16.7  10.3 99.0 99.00
2016 06 28 21 50  11 10.1 12.4  1.72  6.25  4.81  46 1020.1  16.3  16.7  10.2 99.0 99.00
2016 06 28 22 50  10  8.8 10.2  1.51  5.88  4.58  48 1019.7  16.4  16.7  10.5 99.0 99.00
2016 06 28 23 50   4  7.7  8.6  1.35  5.56  4.55  49 1019.7  16.5  16.6  11.1 99.0 99.00
2016 06 29 00 50   9  6.6  7.7  1.07  6.67  4.28  48 1019.4  16.9  16.5  10.6 99.0 99.00
2016 06 29 01 50 358  5.1  6.1  0.99  5.26  4.35  54 1019.3  16.7  16.5  11.0 99.0 99.00
2016 06 29 02 50   8  5.3  6.2  0.94  5.88  4.32  51 1019.4  16.6  16.5  11.2 99.0 99.00
2016 06 29 03 50   3  4.7  5.3  0.81  6.67  4.37  46 1019.3  16.6  16.6  11.6 99.0 99.00
2016 06 29 04 50  11  5.1  5.8  0.74  6.25  4.25  44 1019.0  16.7  16.6  11.3 99.0 99.00
2016 06 29 05 50   9  4.8  5.5  0.58  5.00  4.12  47 1019.1  16.6  16.6  11.4 99.0 99.00
2016 06 29 06 50  23  4.5  5.0  0.55  5.26  4.12  50 1019.4  16.5  16.6  11.4 99.0 99.00
2016 06 29 07 50 358  4.0  4.7  0.51  4.76  4.08  39 1020.2  16.2  16.6  12.2 99.0 99.00
2016 06 29 09 50 348  5.0  6.2  0.42  5.88  3.87  36 1020.0  16.5  16.5  11.6 99.0 99.00
2016 06 29 10 50  15  4.1  4.7  0.43  5.26  3.75  38 1019.7  16.6  16.4  11.3 99.0 99.00
2016 06 29 11 50  31  3.8  4.7  0.42  5.00  3.64  27 1019.8  16.5  16.4  11.7 99.0 99.00
2016 06 29 12 50  11  2.8  3.2  0.42  4.76  3.60  31 1020.3  16.5  16.4  11.3 99.0 99.00
2016 06 29 13 50  32  3.2  3.8  0.43  4.35  3.47  34 1020.5  16.3  16.5  12.4 99.0 99.00
2016 06 29 14 50  58  2.3  2.7  0.39  4.00  3.34  35 1020.5  16.4  16.6  11.2 99.0 99.00
2016 06 29 15 50  80  0.9  1.4  0.35  3.57  3.14  51 1020.5  16.5  17.0  11.3 99.0 99.00
2016 06 29 16 50  85  1.2  1.7  0.29  3.57  3.17  48 1020.3  16.5  17.6  10.8 99.0 99.00
2016 06 29 17 50 148  1.3  1.8  0.28  3.33  3.01  29 1020.2  16.8  17.9  10.7 99.0 99.00
2016 06 29 18 50 166  1.9  2.3  0.24 99.00  3.11 999 1020.0  17.2  18.2   9.9 99.0 99.00
2016 06 29 19 50 159  2.5  2.9  0.19 99.00  3.11 999 1019.6  17.4  18.1  10.2 99.0 99.00
2016 06 29 20 50 159  3.3  3.7  0.15 99.00  3.18 999 1018.9  17.7  18.0   9.5 99.0 99.00
2016 06 29 21 50 170  3.7  4.3  0.14 99.00  3.87 999 1018.6  18.0  17.9  11.1 99.0 99.00
2016 06 29 22 50 171  2.8  3.4  0.11 99.00  3.43 999 1018.2  17.9  17.8  13.2 99.0 99.00
2016 06 29 23 50 164  2.5  2.9  0.11 99.00  3.31 999 1017.7  18.0  17.8  14.1 99.0 99.00
2016 06 30 00 50 158  2.0  2.3  0.10 99.00  3.52 999 1017.2  17.8  17.7  15.5 99.0 99.00
2016 06 30 01 50 193  2.8  3.3  0.10 99.00  3.69 999 1017.3  17.8  17.7  15.9 99.0 99.00
2016 06 30 02 50 192  2.3  2.5  0.10 99.00  3.52 999 1017.9  17.7  17.6  16.4 99.0 99.00
2016 06 30 03 50 193  2.2  2.5  0.09 99.00  3.64 999 1018.2  17.8  17.5  16.1 99.0 99.00
2016 06 30 04 50 174  1.7  2.1  0.10 99.00  3.39 999 1017.6  17.6  17.3  16.3 99.0 99.00
2016 06 30 05 50 207  2.9  3.3  0.09 99.00  3.24 999 1017.3  17.6  17.3  16.5 99.0 99.00
2016 06 30 06 50 191  3.0  3.3  0.12 99.00  3.40 999 1016.8  17.9  17.2  16.0 99.0 99.00
2016 06 30 07 50 191  3.6  4.0  0.10 99.00  3.41 999 1016.6  18.0  17.0  16.2 99.0 99.00
2016 06 30 08 50 185  3.6  4.2  0.10 99.00  2.98 999 1016.2  18.2  17.1  16.2 99.0 99.00
2016 06 30 09 50 191  3.4  3.9  0.09 99.00  2.85 999 1016.5  18.0  17.2  16.8 99.0 99.00
2016 06 30 10 50 179  2.5  2.9  0.09 99.00  2.95 999 1016.6  17.8  17.0  17.2 99.0 99.00
2016 06 30 11 50 187  2.2  2.6  0.08 99.00  2.97 999 1016.7  17.9  17.0  17.1 99.0 99.00
2016 06 30 12 50 186  2.4  2.6  0.07 99.00  2.96 999 1016.8  17.8  17.1  16.9 99.0 99.00
2016 06 30 13 50 189  3.0  3.4  0.07 99.00  2.91 999 1016.9  17.9  17.2  17.0 99.0 99.00
2016 06 30 14 50 200  2.9  3.3  0.07 99.00  2.77 999 1016.8  18.1  17.3  16.5 99.0 99.00
2016 06 30 15 50 172  2.3  2.5 99.00 99.00 99.00 999 1016.6  18.1  17.5  17.0 99.0 99.00
2016 06 30 16 50 162  2.9  3.3  0.11 99.00  2.50 999 1016.2  18.4  17.9  17.3 99.0 99.00
2016 06 30 17 50 154  3.4  3.9  0.13 99.00  2.58 999 1015.6  18.8  18.2  17.4 99.0 99.00
2016 06 30 18 50 144  4.3  4.9  0.14 99.00  2.71 999 1014.6  19.1  18.4  17.4 99.0 99.00
2016 06 30 19 50 146  4.7  5.1  0.17 99.00  2.90 999 1013.8  19.4  18.5  16.7 99.0 99.00
2016 06 30 20 50 146  5.3  5.9  0.15 99.00  2.75 999 1013.2  19.8  18.5  16.3 99.0 99.00
2016 06 30 21 50 151  4.8  5.4  0.17 99.00  2.56 999 1013.3  19.8  18.5  16.6 99.0 99.00
2016 06 30 22 50 157  5.5  6.1  0.20 99.00  2.52 999 1012.5  19.9  18.4  16.3 99.0 99.00
2016 06 30 23 50 158  5.1  5.8  0.25  2.74  2.55 159 1012.3  19.8  18.1  16.4 99.0 99.00
2016 07 01 01 50 171  4.8  5.4  0.25 99.00  2.89 999 1012.1  19.6  18.0  16.1 99.0 99.00
2016 07 01 02 50 169  3.5  4.1  0.26  2.86  2.79 171 1011.9  19.3  17.8  16.2 99.0 99.00
2016 07 01 03 50 189  1.8  2.1  0.23 99.00  2.94 999 1011.6  19.5  17.7  16.0 99.0 99.00
2016 07 01 04 50  16  7.5  9.1  0.16 99.00  2.95 999 1011.8  17.3  17.8  17.3 99.0 99.00
2016 07 01 05 50 349  8.9 10.9  0.31  2.47  2.49  26 1011.4  17.5  17.6  16.7 99.0 99.00
2016 07 01 06 50  24  6.0  7.0  0.39  2.94  2.71  25 1011.3  17.0  17.5  16.8 99.0 99.00
2016 07 01 07 50 353  4.9  6.0  0.42  2.94  3.04  34 1011.7  17.1  17.4  16.7 99.0 99.00
2016 07 01 08 50 341  6.8  8.0  0.41  3.85  3.13 355 1012.3  17.4  17.4  17.1 99.0 99.00
2016 07 01 09 50 356  8.7 10.6  0.43  3.85  3.15   3 1013.1  17.5  17.5  16.4 99.0 99.00
2016 07 01 10 50  12 10.3 14.7  0.62  4.00  3.51   5 1013.9  16.8  17.4  15.8 99.0 99.00
2016 07 01 11 50   7 10.1 12.7  0.89  4.35  3.86  10 1015.1  16.1  17.2  14.1 99.0 99.00
2016 07 01 12 50  12  9.2 11.3  1.36  5.00  4.53  26 1016.0  15.5  17.1  13.6 99.0 99.00
2016 07 01 13 50   2  9.6 11.2  1.58  5.88  4.81  34 1016.4  15.7  17.0  12.8 99.0 99.00
2016 07 01 14 50   4  9.5 11.3  1.68  6.25  5.03  38 1017.2  15.5  17.0  12.5 99.0 99.00
2016 07 01 15 50   6  8.6 10.6  1.81  6.25  5.07  37 1017.7  15.2  17.0  12.2 99.0 99.00
2016 07 01 16 50   2 10.1 11.6  1.86  6.67  5.22  43 1018.4  15.1  17.0  12.1 99.0 99.00
2016 07 01 17 50   3  9.6 10.8  1.80  6.67  5.07  44 1018.8  14.9  17.0  12.0 99.0 99.00
2016 07 01 18 50   1  8.4 10.0  1.88  6.67  5.13  46 1019.1  15.0  17.0  11.8 99.0 99.00
2016 07 01 19 50 358  7.4  8.7  1.51  6.67  4.67  41 1019.4  15.3  17.0  11.4 99.0 99.00
2016 07 01 20 50 356  7.0  9.1  1.41  6.67  4.71  47 1019.6  15.7  17.0  10.1 99.0 99.00
2016 07 01 21 50 358  7.0  8.6  1.17  7.14  4.57  42 1019.6  15.9  17.1  10.2 99.0 99.00
2016 07 01 22 50 348  4.9  5.9  1.10  5.88  4.66  46 1019.8  16.3  17.1   9.8 99.0 99.00
2016 07 01 23 50  15  4.9  6.0  0.99  7.14  4.89  42 1019.3  16.4  17.1  10.2 99.0 99.00
2016 07 02 00 50  14  3.4  4.3  0.90  7.14  4.98  41 1019.5  16.3  17.0  10.9 99.0 99.00
2016 07 02 01 50  30  2.4  2.9  0.79  6.67  4.93  30 1019.6  16.2  17.0  11.3 99.0 99.00
2016 07 02 02 50 242  1.8  2.2  0.76  6.67  4.86  29 1020.4  16.3  17.0  11.8 99.0 99.00
2016 07 02 03 50 227  2.1  2.5  0.69  7.14  4.89 313 1020.5  16.4  16.9  12.0 99.0 99.00
2016 07 02 04 50 224  1.9  2.2  0.62  6.67  4.81 328 1020.8  16.5  16.9  12.4 99.0 99.00
2016 07 02 05 50 223  1.9  2.1  0.57  6.25  4.62 328 1020.7  16.6  16.9  12.6 99.0 99.00
2016 07 02 06 50 212  3.1  3.7  0.54  5.56  4.59 323 1020.7  16.6  16.9  13.7 99.0 99.00
2016 07 02 07 50 208  2.8  3.4  0.50  5.26  4.55 322 1020.7  16.8  16.9  13.3 99.0 99.00
2016 07 02 09 50 213  2.4  2.9  0.44  4.76  4.18 315 1020.4  16.9  17.0  14.5 99.0 99.00
2016 07 02 10 50 202  1.7  2.0  0.37  5.00  3.92 325 1020.5  16.9  17.0  15.1 99.0 99.00
2016 07 02 11 50 213  2.0  2.4  0.36  4.76  3.73 325 1020.9  17.0  17.0  15.7 99.0 99.00
2016 07 02 12 50 215  2.1  2.8  0.31  4.35  3.44 330 1021.4  17.1  17.0  15.9 99.0 99.00
2016 07 02 13 50 211  2.6  3.0  0.29  4.35  3.34 327 1021.8  17.2  17.1  16.1 99.0 99.00
2016 07 02 14 50 217  2.5  3.0  0.26  4.17  3.31 321 1021.9  17.4  17.2  16.1 99.0 99.00
2016 07 02 15 50 237  2.4  2.8  0.24 99.00  3.36 999 1021.6  17.7  17.4  14.4 99.0 99.00
2016 07 02 16 50 231  2.4  3.0  0.19 99.00  3.39 999 1021.5  17.8  17.6  13.7 99.0 99.00
2016 07 02 17 50 202  2.2  2.7  0.18 99.00  3.31 999 1021.3  17.9  17.8  13.6 99.0 99.00
2016 07 02 18 50 200  2.8  3.2  0.17 99.00  3.24 999 1021.2  18.1  17.9  14.1 99.0 99.00
2016 07 02 19 50 187  3.0  4.1  0.16 99.00  3.27 999 1021.0  18.4  18.2  14.6 99.0 99.00
2016 07 02 20 50 193  3.8  4.5  0.16 99.00  3.19 999 1020.8  18.5  18.2  15.6 99.0 99.00
2016 07 02 21 50 190  3.4  3.9  0.16 99.00  3.25 999 1020.4  18.6  18.1  15.6 99.0 99.00
2016 07 02 22 50 187  2.2  2.6  0.14 99.00  3.02 999 1020.0  18.5  18.1  15.4 99.0 99.00
2016 07 02 23 50 192  3.6  4.2  0.14 99.00  2.83 999 1019.9  18.4  18.1  15.7 99.0 99.00
2016 07 03 00 50 197  2.5  3.0  0.13 99.00  2.87 999 1019.9  18.4  18.1  15.4 99.0 99.00
2016 07 03 01 50 197  1.5  1.7  0.14 99.00  2.82 999 1019.7  18.2  18.1  15.4 99.0 99.00
2016 07 03 02 50 197  1.4  1.6  0.11 99.00  2.84 999 1019.9  18.2  18.0  15.5 99.0 99.00
2016 07 03 03 50 145  1.3  1.5  0.11 99.00  3.09 999 1019.9  18.2  18.0  15.4 99.0 99.00
2016 07 03 04 50 213  1.0  1.6  0.10 99.00  2.97 999 1019.6  17.8  17.9  16.3 99.0 99.00
2016 07 03 05 50 146  1.2  1.5  0.09 99.00  2.85 999 1019.5  17.7  17.9  16.0 99.0 99.00
2016 07 03 06 50 137  1.1  1.2  0.08 99.00  3.16 999 1019.1  17.6  17.8  15.9 99.0 99.00
2016 07 03 07 50 122  1.6  1.9  0.08 99.00  3.12 999 1019.1  17.5  17.7  17.0 99.0 99.00
2016 07 03 08 50 152  1.8  2.3  0.07 99.00  2.90 999 1019.0  17.5  17.7  17.1 99.0 99.00
2016 07 03 09 50 149  1.5  1.7  0.07 99.00  2.91 999 1019.0  17.3  17.6  17.3 99.0 99.00
2016 07 03 10 50 114  1.0  1.1  0.06 99.00  2.88 999 1019.1  17.2  17.5  17.2 99.0 99.00
2016 07 03 11 50 102  2.2  2.5  0.08 99.00  2.92 999 1019.2  17.3  17.5  17.3 99.0 99.00
2016 07 03 12 50 120  2.8  3.4  0.05 99.00  2.94 999 1019.4  17.6  17.5  15.3 99.0 99.00
2016 07 03 13 50 123  2.7  3.2  0.05 99.00  2.96 999 1019.9  17.7  17.6  15.3 99.0 99.00
2016 07 03 14 50 112  2.9  3.4  0.05 99.00  3.36 999 1019.7  17.8  17.8  15.1 99.0 99.00
2016 07 03 15 50 105  3.4  4.0  0.13 99.00  2.31 999 1019.4  17.8  17.9  14.4 99.0 99.00
2016 07 03 16 50  84  2.5  3.1  0.16 99.00  2.64 999 1019.2  18.0  18.0  14.2 99.0 99.00
2016 07 03 17 50  71  3.1  3.5  0.14 99.00  2.64 999 1018.8  18.3  18.2  14.7 99.0 99.00
2016 07 03 18 50  63  3.1  3.6  0.16 99.00  2.78 999 1018.4  18.4  18.4  15.0 99.0 99.00
2016 07 03 19 50  54  2.9  3.3  0.15 99.00  2.68 999 1018.0  18.5  18.6  15.2 99.0 99.00
2016 07 03 20 50  48  3.1  3.4  0.11 99.00  2.69 999 1017.6  18.7  18.8  15.2 99.0 99.00
2016 07 03 21 50  37  3.4  4.0  0.11 99.00  3.03 999 1017.1  19.0  18.8  15.2 99.0 99.00
2016 07 03 22 50  37  3.7  4.3  0.08 99.00  2.80 999 1016.4  19.0  18.9  15.9 99.0 99.00
2016 07 03 23 50  40  4.3  4.9  0.08 99.00  2.80 999 1015.5  19.1  18.8  15.8 99.0 99.00
2016 07 04 00 50  42  3.8  4.1  0.08 99.00  3.13 999 1015.3  19.1  18.8  15.6 99.0 99.00
2016 07 04 01 50  62  3.3  4.0  0.09 99.00  3.06 999 1015.1  18.9  18.6  16.1 99.0 99.00
2016 07 04 02 50  79  4.3  4.8  0.08 99.00  2.75 999 1015.7  18.8  18.6  16.7 99.0 99.00
2016 07 04 03 50  87  3.8  4.5 99.00 99.00 99.00 999 1015.8  18.6  18.5  16.2 99.0 99.00
2016 07 04 04 50  98  2.5  3.8  0.15 99.00  2.50 999 1015.7  18.7  18.4  16.0 99.0 99.00
2016 07 04 05 50  86  3.7  4.1  0.15 99.00  2.48 999 1015.0  18.7  18.3  16.1 99.0 99.00
2016 07 04 06 50  98  3.4  4.0  0.13 99.00  2.59 999 1014.9  18.6  18.1  16.6 99.0 99.00
2016 07 04 07 50 102  3.7  4.3  0.12 99.00  2.64 999 1014.3  18.4  18.1  16.8 99.0 99.00
2016 07 04 08 50 112  3.3  3.8  0.11 99.00  2.67 999 1013.9  18.3  18.0  17.3 99.0 99.00
2016 07 04 09 50 119  3.2  3.6  0.11 99.00  2.86 999 1013.9  18.2  18.0  17.7 99.0 99.00
2016 07 04 10 50 133  6.1  7.2  0.09 99.00  2.70 999 1013.6  18.5  17.9  16.4 99.0 99.00
2016 07 04 11 50  98  5.8  7.0  0.26  2.47  2.48 120 1012.7  18.3  17.9  15.8 99.0 99.00
2016 07 04 12 50 106  6.3  7.7  0.30  2.94  2.74 122 1012.8  18.0  17.9  16.5 99.0 99.00
2016 07 04 13 50 108  5.1  5.9  0.43  3.45  3.11 119 1012.6  17.6  17.9  16.5 99.0 99.00
2016 07 04 14 50 113  3.5  4.3  0.49  3.85  3.33 129 1012.5  17.8  18.0  16.6 99.0 99.00
2016 07 04 15 50 136  3.3  3.8  0.43  3.45  3.32 110 1012.5  18.1  18.1  16.4 99.0 99.00
2016 07 04 16 50 134  2.4  3.0  0.36  3.45  3.16 109 1012.5  18.2  18.2  16.8 99.0 99.00
2016 07 04 17 50 102  0.9  1.2  0.30  3.23  3.03 126 1011.9  18.5  18.4  16.6 99.0 99.00
2016 07 04 18 50  92  1.1  1.4  0.25 99.00  2.95 999 1011.4  18.6  18.8  16.7 99.0 99.00
2016 07 04 19 50  51  0.9  1.2  0.18 99.00  2.76 999 1011.0  19.0  19.8  16.8 99.0 99.00
2016 07 04 20 50  43  1.1  1.5  0.16 99.00  2.63 999 1010.6  19.3  20.5  17.1 99.0 99.00
2016 07 04 21 50 141  0.9  1.5  0.12 99.00  2.87 999 1010.4  20.0  20.6  17.6 99.0 99.00
2016 07 04 22 50 145  1.7  2.0  0.09 99.00  2.85 999 1010.2  20.2  20.1  18.0 99.0 99.00
2016 07 04 23 50 234  1.8  2.2  0.10 99.00  2.93 999 1009.9  20.1  19.8  18.2 99.0 99.00
2016 07 05 00 50 274  1.1  1.4  0.11 99.00  3.01 999 1009.7  19.2  19.6  18.6 99.0 99.00
2016 07 05 01 50 173  1.3  1.6  0.10 99.00  2.94 999 1009.4  19.2  19.5  18.7 99.0 99.00
2016 07 05 02 50 169  1.5  1.8  0.09 99.00  2.83 999 1009.6  19.1  19.4  19.1 99.0 99.00
2016 07 05 03 50 180  1.7  1.9  0.08 99.00  3.25 999 1009.5  19.1  19.3  19.1 99.0 99.00
2016 07 05 04 50 207  2.2  2.4  0.09 99.00  3.26 999 1009.8  19.2  19.2  19.2 99.0 99.00
2016 07 05 05 50 182  2.7  3.1 99.00 99.00 99.00 999 1010.3  19.2  19.1  19.2 99.0 99.00
2016 07 05 06 50 194  3.0  3.4  0.08 99.00  3.07 999 1010.2  19.2  19.2  19.2 99.0 99.00
2016 07 05 07 50 204  3.7  4.1  0.08 99.00  3.40 999 1009.9  19.3  19.0  19.3 99.0 99.00
2016 07 05 09 50 237  4.2  4.6  0.06 99.00  3.28 999 1010.4  19.5  18.7  19.4 99.0 99.00
2016 07 05 10 50 227  3.0  3.4  0.06 99.00  2.92 999 1010.5  19.5  18.6  19.4 99.0 99.00
2016 07 05 11 50 219  3.1  3.6  0.05 99.00  2.94 999 1010.7  19.3  18.7  19.3 99.0 99.00
2016 07 05 12 50 218  3.6  4.2  0.05 99.00  2.82 999 1011.1  19.5  18.5  19.5 99.0 99.00
2016 07 05 14 50 200  2.8  3.4  0.07 99.00  2.85 999 1011.6  19.7  18.8  19.6 99.0 99.00
2016 07 05 15 50 211  2.7  3.1  0.08 99.00  2.88 999 1011.6  19.8  18.9  19.7 99.0 99.00
2016 07 05 16 50 194  2.8  3.3  0.06 99.00  2.80 999 1012.1  20.1  19.2  19.8 99.0 99.00
2016 07 05 17 50 179  3.6  4.1  0.06 99.00  2.75 999 1012.3  20.3  19.4  19.9 99.0 99.00
2016 07 05 18 50 167  3.9  4.5  0.10 99.00  3.05 999 1012.1  20.4  19.6  20.0 99.0 99.00
2016 07 05 19 50 163  5.2  5.8  0.10 99.00  2.56 999 1011.5  20.7  19.6  20.0 99.0 99.00
2016 07 05 20 50 155  3.7  4.1 99.00 99.00 99.00 999 1011.6  20.8  19.7  20.2 99.0 99.00
2016 07 05 21 50 143  4.4  5.1  0.14 99.00  3.04 999 1010.8  21.0  19.9  20.1 99.0 99.00
2016 07 05 22 50 141  4.8  5.2  0.10 99.00  2.54 999 1010.7  21.1  19.9  19.9 99.0 99.00
2016 07 05 23 50 140  5.0  5.5  0.10 99.00  2.65 999 1010.4  21.2  19.8  19.7 99.0 99.00
2016 07 06 00 50 137  4.7  5.1  0.15 99.00  2.34 999 1010.3  21.2  19.8  19.5 99.0 99.00
2016 07 06 01 50 142  5.2  5.9  0.16 99.00  2.39 999 1010.0  21.2  19.7  19.5 99.0 99.00
2016 07 06 02 50 144  5.6  6.3  0.20 99.00  2.37 999 1009.7  21.3  19.5  19.2 99.0 99.00
2016 07 06 03 50 154  5.0  5.7  0.17 99.00  2.51 999 1009.8  21.4  19.4  19.3 99.0 99.00
2016 07 06 04 50 172  5.6  6.2  0.19 99.00  2.47 999 1009.7  21.5  19.2  19.9 99.0 99.00
2016 07 06 05 50 170  4.0  4.7  0.21 99.00  2.61 999 1009.7  20.7  19.2  20.3 99.0 99.00
2016 07 06 06 50 203  5.0  5.9  0.22 99.00  2.62 999 1010.4  21.0  19.2  20.5 99.0 99.00
2016 07 06 07 50 187  4.5  5.1  0.21 99.00  2.67 999 1009.6  20.6  19.1  20.6 99.0 99.00
2016 07 06 08 50 201  7.1  8.1  0.25  3.03  2.76 134 1008.2  21.0  19.0  19.9 99.0 99.00
2016 07 06 09 50 181  8.0  9.5  0.27  2.94  2.87 148 1006.5  20.0  18.9  18.9 99.0 99.00
2016 07 06 10 50 229 11.2 13.1  0.51  3.23  2.94 154 1008.1  21.4  18.8  18.0 99.0 99.00
2016 07 06 11 50 187 11.1 13.3  0.76  3.70  3.34 170 1006.8  20.6  18.6  18.9 99.0 99.00
2016 07 06 12 50 244 10.2 12.7  0.91  4.17  3.62 177 1008.6  20.5  18.5  19.0 99.0 99.00
2016 07 06 13 50 233  9.7 11.4  0.98  4.35  3.62 195 1008.2  20.8  18.5  18.9 99.0 99.00
2016 07 06 14 50 238  8.0  9.7  1.23  4.76  4.02 204 1007.6  20.4  18.4  19.2 99.0 99.00
2016 07 06 15 50 251  6.1  7.0  1.14  5.26  4.19 192 1007.5  20.2  18.3  19.2 99.0 99.00
2016 07 06 16 50 245  4.5  5.0  0.94  5.00  4.12 192 1008.4  19.9  18.4  19.3 99.0 99.00
2016 07 06 17 50 180  3.9  5.3  0.66  4.76  3.73 203 1009.0  20.4  18.5  19.0 99.0 99.00
2016 07 06 18 50 175  3.5  4.0  0.53  4.55  3.57 189 1008.6  20.1  18.6  19.3 99.0 99.00
2016 07 06 19 50 160  4.4  5.4  0.46  4.17  3.51 191 1008.2  20.0  18.9  19.8 99.0 99.00
2016 07 06 20 50 176  4.0  4.8  0.34  4.00  3.33 178 1008.2  20.3  19.0  19.9 99.0 99.00
2016 07 06 21 50 177  4.7  5.6  0.31  3.57  3.26 180 1008.2  20.5  19.1  20.1 99.0 99.00
2016 07 06 22 50 177  4.3  4.7  0.31  3.33  3.11 170 1008.7  20.6  19.1  19.9 99.0 99.00
2016 07 06 23 50 192  3.4  3.8  0.26  3.23  3.00 157 1009.0  20.8  19.0  19.7 99.0 99.00
2016 07 07 00 50 193  2.3  2.6  0.23 99.00  2.86 999 1008.9  20.5  19.0  19.7 99.0 99.00
2016 07 07 01 50 307  1.5  2.4  0.20 99.00  2.82 999 1008.9  22.1  19.0  19.8 99.0 99.00
2016 07 07 02 50  86  1.7  2.2  0.18 99.00  2.74 999 1009.3  20.6  18.9  19.6 99.0 99.00
2016 07 07 03 50 107  1.6  1.9  0.14 99.00  2.76 999 1009.1  19.7  18.8  19.4 99.0 99.00
2016 07 07 04 50 129  2.1  2.4  0.14 99.00  2.86 999 1009.1  19.5  18.8  19.5 99.0 99.00
2016 07 07 05 50 133  1.5  1.6  0.09 99.00  2.71 999 1009.1  19.8  18.8  19.5 99.0 99.00
2016 07 07 06 50 186  2.4  2.8  0.10 99.00  2.80 999 1008.9  19.8  18.7  19.8 99.0 99.00
2016 07 07 07 50 184  1.9  2.2  0.08 99.00  3.00 999 1008.8  19.7  18.7  19.7 99.0 99.00
2016 07 07 08 50 162  1.4  1.9  0.06 99.00  2.89 999 1008.3  19.9  18.7  19.9 99.0 99.00
2016 07 07 09 50 179  2.4  2.5  0.07 99.00  2.65 999 1008.8  20.0  18.7  20.0 99.0 99.00
2016 07 07 10 50 194  1.4  1.5  0.06 99.00  2.64 999 1008.8  20.2  18.7  20.2 99.0 99.00
2016 07 07 11 50 209  2.4  2.6  0.05 99.00  2.79 999 1010.0  19.9  18.7  19.9 99.0 99.00
2016 07 07 12 50 198  2.9  3.8  0.04 99.00  2.86 999 1010.0  19.9  18.8  19.9 99.0 99.00
2016 07 07 13 50 248  2.2  2.4  0.04 99.00  3.10 999 1010.4  20.0  18.9  20.0 99.0 99.00
2016 07 07 14 50 200  2.0  2.6  0.06 99.00  4.46 999 1010.0  20.1  19.3  20.1 99.0 99.00
2016 07 07 15 50 341  1.1  2.1  0.07 99.00  3.92 999 1009.9  20.7  19.8  20.7 99.0 99.00
2016 07 07 16 50 122  2.1  2.5  0.05 99.00  3.65 999 1009.8  20.8  20.2  20.8 99.0 99.00
2016 07 07 17 50 164  4.6  5.3  0.06 99.00  2.91 999 1009.7  20.8  20.0  20.8 99.0 99.00
2016 07 07 18 50 141  3.1  3.4  0.08 99.00  4.00 999 1008.9  20.7  19.7  20.7 99.0 99.00
2016 07 07 19 50 125  4.1  4.6  0.06 99.00  3.45 999 1008.2  20.8  19.9  20.8 99.0 99.00
2016 07 07 20 50 133  2.3  2.7  0.07 99.00  2.98 999 1008.3  20.9  20.0  20.9 99.0 99.00
2016 07 07 21 50 350  1.5  2.3  0.12 99.00  2.72 999 1009.1  20.8  19.8  20.8 99.0 99.00
2016 07 07 22 50 143  1.7  2.4  0.09 99.00  2.60 999 1009.0  21.5  19.8  20.9 99.0 99.00
2016 07 07 23 50  32  6.5  7.5  0.08 99.00  2.51 999 1008.7  19.9  19.7  19.6 99.0 99.00
2016 07 08 00 50  48  5.3  6.3  0.24 99.00  2.57 999 1008.4  19.6  19.4  19.6 99.0 99.00
2016 07 08 01 50  57  4.1  5.0  0.30  3.03  2.93  30 1009.2  19.8  19.3  19.6 99.0 99.00
2016 07 08 02 50  54  4.3  5.2  0.28  2.94  2.84  39 1009.3  19.8  19.2  19.6 99.0 99.00
2016 07 08 03 50 105  3.0  3.4  0.26  2.94  2.85  39 1009.5  19.7  19.1  19.7 99.0 99.00
2016 07 08 04 50 151  0.8  1.2  0.24 99.00  2.87 999 1008.9  19.4  19.1  19.4 99.0 99.00
2016 07 08 05 50 160  0.3  0.7  0.28  3.70  3.20   6 1008.3  19.5  19.0  19.5 99.0 99.00
2016 07 08 06 50 168  1.1  1.4  0.29  3.45  3.36  23 1008.2  19.5  19.0  19.5 99.0 99.00
2016 07 08 07 50 140  1.4  1.6  0.24 99.00  3.25 999 1007.8  19.5  18.9  19.5 99.0 99.00
2016 07 08 09 50 214  2.6  3.2  0.17 99.00  3.12 999 1008.8  19.5  18.8  19.5 99.0 99.00
2016 07 08 10 50 234  4.3  5.0  0.15 99.00  3.18 999 1009.0  19.8  18.8  19.8 99.0 99.00
2016 07 08 11 50 190  3.0  3.4  0.13 99.00  3.24 999 1008.8  19.8  18.8  19.8 99.0 99.00
2016 07 08 12 50 187  4.4  5.1  0.13 99.00  3.19 999 1008.7  19.9  18.9  19.9 99.0 99.00
2016 07 08 14 50 184  5.0  5.4  0.14 99.00  2.55 999 1008.6  20.2  19.2  20.2 99.0 99.00
2016 07 08 15 50 175  4.6  5.1  0.16 99.00  2.63 999 1008.3  20.6  19.3  20.6 99.0 99.00
2016 07 08 16 50 177  5.2  6.1  0.22 99.00  2.60 999 1007.9  20.7  19.5  20.7 99.0 99.00
2016 07 08 17 50 201  6.1  7.5  0.25 99.00  2.59 999 1007.6  21.6  19.6  21.5 99.0 99.00
2016 07 08 18 50 214  3.2  3.7  0.26  2.74  2.77 173 1008.1  21.4  19.8  20.9 99.0 99.00
2016 07 08 19 50 212  2.5  3.2  0.23 99.00  2.72 999 1007.9  23.1  20.3  19.3 99.0 99.00
2016 07 08 20 50 231  2.6  3.0  0.21 99.00  2.85 999 1007.9  22.7  20.6  18.7 99.0 99.00
2016 07 08 21 50 220  2.9  3.2  0.19 99.00  2.98 999 1007.8  22.7  20.8  18.9 99.0 99.00
2016 07 08 22 50 252  4.3  4.8  0.31  3.13  3.07 220 1007.8  22.4  20.3  19.1 99.0 99.00
2016 07 08 23 50 304  6.1  7.0  0.31  3.45  3.01 254 1007.9  22.4  20.0  18.3 99.0 99.00
2016 07 09 00 50   9  6.1  7.6  0.37  3.33  2.86 308 1008.6  20.8  19.8  17.9 99.0 99.00
2016 07 09 01 50   4  3.4  4.1  0.50  3.57  3.34 317 1009.6  20.1  19.6  18.0 99.0 99.00
2016 07 09 02 50 322  1.6  1.9  0.57  4.00  3.69 323 1010.7  19.8  19.6  18.5 99.0 99.00
2016 07 09 03 50 215  2.2  2.8  0.65  4.55  3.96 272 1010.8  19.7  19.5  19.1 99.0 99.00
2016 07 09 04 50 239  3.3  3.9  0.57  4.55  3.76 257 1010.5  20.1  19.4  18.9 99.0 99.00
2016 07 09 05 50 281  6.5  7.4  0.42  4.35  3.50 279 1010.3  20.6  19.4  18.2 99.0 99.00
2016 07 09 06 50 305  5.6  6.7  0.44  4.17  3.27 316 1010.6  20.3  19.4  18.8 99.0 99.00
2016 07 09 07 50 333  7.9  9.5  0.54  4.00  3.26 339 1010.7  19.9  19.4  18.2 99.0 99.00
2016 07 09 08 50 341  7.2  9.0  0.75  3.85  3.53 351 1011.5  19.3  19.3  17.9 99.0 99.00
2016 07 09 09 50 353  7.8  9.3  0.86  4.55  3.84   6 1012.0  19.1  19.3  17.4 99.0 99.00
2016 07 09 10 50 340  8.9 10.3  0.95  4.55  3.81   1 1012.7  19.0  19.2  16.9 99.0 99.00
2016 07 09 11 50 344  9.5 11.1  1.12  4.76  3.97   7 1013.3  18.6  19.1  16.2 99.0 99.00
2016 07 09 12 50 343  9.8 11.4  1.29  5.00  4.15  20 1013.9  18.4  19.0  16.2 99.0 99.00
2016 07 09 13 50 356  9.6 11.4  1.25  5.56  4.28  32 1014.5  18.3  18.9  15.6 99.0 99.00
2016 07 09 14 50 349  9.6 11.5  1.27  5.56  4.25  38 1015.1  18.4  18.9  16.0 99.0 99.00
2016 07 09 15 50 353 10.3 12.4  1.43  5.26  4.32  29 1015.2  18.4  18.9  16.1 99.0 99.00
2016 07 09 16 50 354  7.6  9.1  1.38  5.56  4.36  35 1016.0  18.5  18.9  16.0 99.0 99.00
2016 07 09 17 50   8  7.7  9.0  1.29  5.26  4.33  38 1016.4  18.7  18.9  15.7 99.0 99.00
2016 07 09 18 50   2  6.6  7.7  1.29  5.26  4.47  49 1016.7  18.9  18.9  15.7 99.0 99.00
2016 07 09 19 50 353  5.3  6.3  1.13  5.26  4.37  38 1017.0  19.2  18.9  16.4 99.0 99.00
2016 07 09 20 50 335  5.3  6.1  0.99  6.25  4.50  44 1017.0  19.6  19.0  16.4 99.0 99.00
2016 07 09 21 50 346  6.1  7.1  0.97  6.67  4.59  44 1016.9  19.8  19.0  16.5 99.0 99.00
2016 07 09 22 50   9  6.6  8.3  0.89  5.00  4.40  41 1016.8  19.9  19.0  15.8 99.0 99.00
2016 07 09 23 50  21  6.0  7.2  0.83  6.67  4.43  39 1016.7  19.9  19.0  15.5 99.0 99.00
2016 07 10 01 50  14  4.3  5.3  0.78  6.25  4.54  36 1016.5  19.7  18.9  15.7 99.0 99.00
2016 07 10 02 50  23  3.6  4.5  0.73  6.25  4.49  44 1016.9  19.4  18.9  16.2 99.0 99.00
2016 07 10 03 50 360  4.3  5.2  0.68  5.88  4.45  44 1016.8  19.5  18.9  15.9 99.0 99.00
2016 07 10 04 50   6  2.8  3.5  0.64  5.56  4.47  46 1017.2  19.2  18.9  16.3 99.0 99.00
2016 07 10 05 50   1  3.8  4.3  0.63  5.56  4.39  50 1017.6  19.4  18.9  16.2 99.0 99.00
2016 07 10 06 50 360  3.3  3.7  0.64  5.00  4.24  46 1017.8  19.2  18.9  16.2 99.0 99.00
2016 07 10 07 50   6  1.5  1.7  0.60  5.26  4.23  51 1017.4  19.0  18.9  16.7 99.0 99.00
2016 07 10 08 50 357  2.1  2.7  0.56  5.26  3.89  48 1017.6  18.7  18.9  17.3 99.0 99.00
2016 07 10 09 50  23  1.5  1.9  0.49  4.35  3.78  42 1017.3  18.6  18.9  17.0 99.0 99.00
2016 07 10 10 50  23  1.6  2.0  0.47  4.55  3.73  40 1018.1  18.7  18.8  17.1 99.0 99.00
2016 07 10 11 50  33  1.5  1.7  0.37  4.17  3.54  36 1018.7  18.9  18.8  17.0 99.0 99.00
2016 07 10 12 50  66  0.9  1.1  0.31  5.00  3.59  24 1018.5  19.2  18.9  17.0 99.0 99.00
2016 07 10 13 50 140  1.6  1.8  0.30  5.26  3.68   4 1018.0  18.9  19.0  16.4 99.0 99.00
2016 07 10 14 50 139  2.3  2.5  0.26  5.26  4.03 359 1017.6  19.1  19.2  16.9 99.0 99.00
2016 07 10 15 50 129  1.6  1.9  0.21 99.00  3.96 999 1018.2  19.5  19.4  16.0 99.0 99.00
2016 07 10 16 50 148  1.6  2.0  0.21 99.00  3.99 999 1018.5  19.7  19.9  16.3 99.0 99.00
2016 07 10 17 50 162  2.6  3.1  0.20 99.00  4.02 999 1018.6  20.0  20.2  16.9 99.0 99.00
2016 07 10 18 50 161  2.4  2.7  0.16 99.00  3.97 999 1018.3  20.1  20.2  17.4 99.0 99.00
2016 07 10 19 50 152  1.8  2.3  0.15 99.00  3.87 999 1017.6  20.4  20.4  17.1 99.0 99.00
2016 07 10 20 50 157  1.2  1.6  0.16 99.00  3.91 999 1017.3  20.6  20.6  17.4 99.0 99.00
2016 07 10 21 50 108  2.6  3.0  0.16 99.00  3.84 999 1016.4  20.9  20.9  16.8 99.0 99.00
2016 07 10 22 50 113  4.3  4.9  0.16 99.00  3.90 999 1015.1  21.2  20.7  16.4 99.0 99.00
2016 07 10 23 50 109  4.7  5.6  0.14 99.00  3.61 999 1014.0  21.1  20.4  17.2 99.0 99.00
2016 07 11 00 50 106  4.3  5.0  0.18 99.00  2.93 999 1014.5  20.9  20.2  17.6 99.0 99.00
2016 07 11 01 50 109  4.2  5.0  0.22 99.00  2.86 999 1014.8  20.6  19.9  17.5 99.0 99.00
2016 07 11 02 50 100  3.3  3.8  0.22 99.00  2.81 999 1015.2  20.4  19.7  18.0 99.0 99.00
2016 07 11 03 50 123  3.5  4.1  0.23 99.00  2.76 999 1015.5  20.5  19.6  18.0 99.0 99.00
2016 07 11 04 50 133  3.6  4.1  0.21 99.00  2.82 999 1015.6  20.5  19.5  18.3 99.0 99.00
2016 07 11 05 50 135  4.8  5.5  0.18 99.00  2.73 999 1015.1  20.7  19.5  18.4 99.0 99.00
2016 07 11 06 50 138  5.0  5.8  0.17 99.00  2.61 999 1014.6  20.8  19.5  18.4 99.0 99.00
2016 07 11 07 50 141  5.4  6.2  0.18 99.00  2.64 999 1014.3  20.7  19.4  18.6 99.0 99.00
2016 07 11 08 50 143  5.2  5.8  0.20 99.00  2.50 999 1014.4  20.6  19.3  19.1 99.0 99.00
2016 07 11 09 50 148  5.0  5.6  0.20 99.00  2.55 999 1014.5  20.6  19.3  19.4 99.0 99.00
2016 07 11 10 50 142  6.0  6.9  0.23 99.00  2.46 999 1014.3  20.6  19.3  19.7 99.0 99.00
2016 07 11 11 50 151  7.3  8.1  0.32  2.60  2.55 142 1013.9  20.8  19.3  19.5 99.0 99.00
2016 07 11 12 50 151  7.2  8.3  0.43  2.86  2.80 146 1013.6  20.7  19.3  19.4 99.0 99.00
2016 07 11 14 50 150  6.0  7.1  0.57  3.57  3.17 161 1014.4  20.8  19.3  19.6 99.0 99.00
2016 07 11 15 50  54  3.0  3.8  0.56  3.85  3.41 162 1015.3  20.5  19.5  19.7 99.0 99.00
2016 07 11 16 50  98  5.0  5.9  0.59  4.00  3.55 189 1015.4  21.7  19.6  19.3 99.0 99.00
2016 07 11 17 50 112  5.6  6.4  0.54  4.00  3.54 178 1015.3  20.9  19.7  19.4 99.0 99.00
2016 07 11 18 50 121  5.1  5.7  0.48  4.00  3.42 160 1014.4  20.7  19.8  19.9 99.0 99.00
2016 07 11 19 50 128  5.6  6.3  0.46  4.35  3.33 176 1013.7  21.4  19.9  19.9 99.0 99.00
2016 07 11 20 50 127  5.9  6.5  0.40  4.17  3.33 176 1012.9  22.2  20.0  20.4 99.0 99.00
2016 07 11 21 50 128  5.0  5.4  0.37  4.00  3.11 177 1012.7  22.2  20.0  20.9 99.0 99.00
2016 07 11 22 50 139  6.0  6.5  0.34  4.00  3.14 177 1011.8  22.8  20.1  21.1 99.0 99.00
2016 07 11 23 50 149  6.0  6.6  0.32  3.70  3.01 174 1011.6  22.8  20.0  21.1 99.0 99.00
2016 07 12 00 50 158  7.2  8.0  0.31  3.70  2.88 172 1011.2  23.0  20.0  20.9 99.0 99.00
2016 07 12 01 50 162  7.6  8.5  0.43  3.33  2.92 168 1011.1  23.2  19.9  20.9 99.0 99.00
2016 07 12 02 50 167  7.1  7.9  0.52  3.23  3.00 166 1011.6  22.9  19.8  21.2 99.0 99.00
2016 07 12 03 50 166  6.9  7.8  0.49  3.45  3.01 167 1011.4  22.2  19.8  21.1 99.0 99.00
2016 07 12 04 50 160  6.0  6.6  0.50  3.23  3.08 172 1011.4  21.9  19.8  21.2 99.0 99.00
2016 07 12 05 50 158  6.7  7.7  0.52  3.85  3.19 186 1011.1  21.9  19.8  21.4 99.0 99.00
2016 07 12 06 50 158  6.5  7.5  0.54  4.00  3.16 182 1010.9  21.7  19.8  21.4 99.0 99.00
2016 07 12 07 50 158  6.5  7.4  0.53  3.57  3.18 160 1010.7  21.6  19.8  21.2 99.0 99.00
2016 07 12 08 50 157  6.8  7.7  0.52  3.70  3.25 175 1010.3  21.5  19.8  21.2 99.0 99.00
2016 07 12 09 50 158  7.3  8.3  0.54  3.85  3.22 166 1010.3  21.7  19.8  20.9 99.0 99.00
2016 07 12 10 50 155  7.4  8.3  0.55  4.00  3.22 172 1010.0  21.4  19.7  20.8 99.0 99.00
2016 07 12 11 50 158  7.2  8.6  0.53  4.00  3.27 162 1009.9  21.4  19.7  20.8 99.0 99.00
2016 07 12 12 50 163  7.9  9.1  0.62  4.00  3.49 162 1009.5  21.3  19.7  20.9 99.0 99.00
2016 07 12 13 50 161  7.4  8.5  0.76  4.55  3.73 164 1009.6  21.3  19.7  21.1 99.0 99.00
2016 07 12 14 50 158  8.3  9.6  0.76  4.55  3.75 172 1009.0  21.4  19.7  21.3 99.0 99.00
2016 07 12 15 50 160  8.1  9.2  0.85  4.55  3.83 169 1008.5  21.6  19.8  21.4 99.0 99.00
2016 07 12 16 50 154  8.5  9.6  0.83  4.35  3.79 165 1007.5  21.9  19.8  21.6 99.0 99.00
2016 07 12 17 50 176  6.4  7.6  0.86  4.55  3.84 159 1008.3  22.1  19.9  21.8 99.0 99.00
2016 07 12 18 50 180  5.7  6.3  0.76  4.55  3.78 160 1008.6  22.9  20.0  21.9 99.0 99.00
2016 07 12 19 50 172  6.4  7.2  0.76  4.35  3.74 161 1008.6  23.3  20.2  21.9 99.0 99.00
2016 07 12 20 50 215  4.2  4.5  0.67  4.35  3.57 159 1008.6  22.6  20.2  21.7 99.0 99.00
2016 07 12 21 50 232  2.8  3.1  0.55  4.00  3.42 151 1008.4  22.5  20.3  21.5 99.0 99.00
2016 07 12 22 50 242  4.8  5.3  0.46  3.70  3.28 149 1008.1  24.1  20.4  19.8 99.0 99.00
2016 07 12 23 50 210  3.9  4.2  0.33  4.00  3.21 146 1008.8  22.7  20.5  20.3 99.0 99.00
2016 07 13 00 50 203  4.9  5.5  0.30  3.70  3.08 149 1009.5  22.9  20.4  21.0 99.0 99.00
2016 07 13 01 50 209  4.4  4.8  0.25  3.33  3.23 147 1009.6  22.3  20.4  20.8 99.0 99.00
2016 07 13 02 50 214  4.6  5.4  0.26  3.57  3.01 146 1010.4  22.2  20.3  20.6 99.0 99.00
2016 07 13 03 50 218  5.2  5.8  0.32  3.33  3.13 160 1010.9  22.5  20.2  20.6 99.0 99.00
2016 07 13 04 50 241  5.1  5.9  0.35  3.57  3.08 153 1011.0  21.8  20.2  20.7 99.0 99.00
2016 07 13 05 50 245  3.8  4.2  0.29  3.57  3.13 160 1011.4  21.6  20.1  21.1 99.0 99.00
2016 07 13 06 50 202  2.7  3.1  0.28  3.45  3.10 170 1011.8  20.9  20.1  20.9 99.0 99.00
2016 07 13 07 50 222  3.3  3.7  0.25  3.23  3.01 206 1011.9  21.4  20.1  21.2 99.0 99.00
2016 07 13 08 50 183  4.4  5.1  0.24 99.00  2.94 999 1012.1  21.0  20.1  21.0 99.0 99.00
2016 07 13 09 50 182  3.5  3.8  0.24 99.00  2.96 999 1012.1  20.9  20.1  20.9 99.0 99.00
2016 07 13 10 50 163  3.0  3.5  0.21 99.00  2.75 999 1012.0  20.7  20.1  20.7 99.0 99.00
2016 07 13 11 50 162  3.8  4.4  0.23 99.00  2.71 999 1011.6  20.8  20.1  20.8 99.0 99.00
2016 07 13 12 50 178  4.2  4.7  0.22 99.00  2.69 999 1011.9  21.3  20.1  21.3 99.0 99.00
2016 07 13 13 50 170  5.6  6.3  0.20 99.00  2.62 999 1011.9  21.3  20.2  21.3 99.0 99.00
2016 07 13 15 50 160  5.5  6.8  0.37  2.60  2.72 170 1011.1  21.7  20.3  21.6 99.0 99.00
2016 07 13 16 50 138  5.3  6.2  0.35  2.94  2.79 181 1011.0  21.6  20.5  21.6 99.0 99.00
2016 07 13 17 50 161  3.7  6.4  0.35  3.13  2.90 178 1011.0  21.8  20.6  21.7 99.0 99.00
2016 07 13 19 50 176  5.2  5.9  0.40  3.45  3.17 155 1008.6  22.6  20.8  21.2 99.0 99.00
2016 07 13 20 50 183  7.8  9.0  0.44  3.70  3.22 161 1008.2  23.2  20.9  21.3 99.0 99.00
2016 07 13 21 50 172  6.3  7.1  0.71  4.35  3.66 157 1007.5  23.3  20.9  21.4 99.0 99.00
2016 07 13 22 50 170  7.2  8.6  0.58  4.17  3.66 159 1006.5  23.3  20.8  21.8 99.0 99.00
2016 07 13 23 50 186  5.8  6.7  0.53  3.85  3.42 160 1006.9  22.6  20.8  22.1 99.0 99.00
2016 07 14 00 50 171  7.7  8.9  0.47  3.85  3.27 162 1005.7  23.2  20.8  22.6 99.0 99.00
2016 07 14 01 50 186  5.3  6.7  0.59  3.85  3.42 166 1006.7  22.9  20.7  22.2 99.0 99.00
2016 07 14 02 50 206  8.1  9.3  0.63  3.85  3.59 155 1006.9  22.9  20.7  22.2 99.0 99.00
2016 07 14 03 50 228  8.5  9.9  0.72  4.17  3.54 152 1007.6  23.1  20.6  21.2 99.0 99.00
2016 07 14 04 50 219  7.5  8.4  0.73  4.35  3.61 144 1008.1  22.9  20.6  21.6 99.0 99.00
2016 07 14 05 50 219  9.3 10.7  0.78  4.35  3.72 145 1008.2  22.6  20.5  20.9 99.0 99.00
2016 07 14 06 50 209  8.0  9.4  0.82  4.76  3.66 141 1008.3  21.6  20.4  20.1 99.0 99.00
2016 07 14 07 50 229  7.9  9.6  1.00  4.55  3.79 150 1008.1  21.5  20.4  19.9 99.0 99.00
2016 07 14 08 50 233  7.3  8.3  0.98  5.00  3.98 141 1008.1  21.2  20.3  20.1 99.0 99.00
2016 07 14 09 50 221  7.3  8.7  0.90  4.76  3.89 149 1008.3  21.1  20.3  20.2 99.0 99.00
2016 07 14 10 50 222  7.1  8.2  0.95  5.00  4.00 151 1008.4  21.0  20.3  20.4 99.0 99.00
2016 07 14 11 50 221  7.7  9.1  0.81  4.76  3.81 159 1008.6  21.0  20.3  20.5 99.0 99.00
2016 07 14 12 50 222  7.7  8.6  0.80  4.76  3.77 161 1009.4  21.1  20.3  20.5 99.0 99.00
2016 07 14 14 50 223  7.7  9.0  0.84  4.55  3.78 168 1010.0  21.4  20.4  20.4 99.0 99.00
2016 07 14 15 50 212  7.1  8.2  0.83  4.55  3.84 175 1009.9  21.8  20.4  20.2 99.0 99.00
2016 07 14 16 50 197  4.3  5.4  0.76  4.76  3.91 172 1009.4  21.4  20.5  20.8 99.0 99.00
2016 07 14 17 50 216  5.2  5.8  0.70  4.55  3.83 178 1009.2  22.2  20.6  20.4 99.0 99.00
2016 07 14 18 50 195  5.0  5.7  0.53  4.55  3.57 168 1009.3  22.0  20.7  20.8 99.0 99.00
2016 07 14 19 50 221  5.2  6.1  0.46  4.00  3.42 166 1009.1  23.1  20.8  18.7 99.0 99.00
2016 07 14 20 50 236  3.5  4.4  0.38  4.35  3.27 152 1008.8  23.2  21.0  18.6 99.0 99.00
2016 07 14 21 50 241  3.6  4.3  0.37  3.70  3.16 164 1008.5  22.9  21.1  19.0 99.0 99.00
2016 07 14 22 50 253  5.1  6.1  0.50  4.00  3.44 231 1008.5  23.9  21.1  17.8 99.0 99.00
2016 07 14 23 50 246  5.4  6.1  0.60  4.17  3.61 245 1009.1  23.3  21.0  18.5 99.0 99.00
2016 07 15 00 50 262  5.2  5.9  0.70  4.17  3.73 228 1009.3  23.2  20.9  18.1 99.0 99.00
2016 07 15 01 50 289  5.1  5.9  0.67  4.00  3.63 245 1009.9  22.8  20.9  18.5 99.0 99.00
2016 07 15 02 50 299  6.5  7.9  0.65  4.17  3.52 265 1010.7  22.8  20.8  18.0 99.0 99.00
2016 07 15 03 50 312  4.9  5.5  0.67  4.17  3.43 304 1011.0  22.0  20.7  18.7 99.0 99.00
2016 07 15 04 50 304  3.8  4.4  0.62  3.70  3.56 292 1011.3  21.6  20.7  18.6 99.0 99.00
2016 07 15 05 50 297  4.4  5.2  0.59  4.17  3.69 305 1011.3  21.4  20.7  18.7 99.0 99.00
2016 07 15 06 50 299  5.2  6.2  0.47  3.33  3.26 288 1011.4  21.3  20.6  18.2 99.0 99.00
2016 07 15 07 50 297  8.6 10.0  0.57  3.85  3.09 313 1011.5  21.0  20.6  16.1 99.0 99.00
2016 07 15 08 50 311  7.9  9.2  0.82  4.17  3.49 346 1011.8  20.5  20.5  16.2 99.0 99.00
2016 07 15 09 50 294  7.0  8.2  0.85  4.76  3.67 341 1012.2  20.2  20.5  16.2 99.0 99.00
2016 07 15 10 50 298  6.7  7.7  0.85  4.76  3.75 347 1012.5  20.2  20.5  15.9 99.0 99.00
2016 07 15 11 50 285  6.4  7.8  0.82  4.55  3.67 325 1013.0  20.0  20.4  16.1 99.0 99.00
2016 07 15 12 50 288  6.5  7.6  0.76  4.35  3.67 323 1013.7  19.8  20.4  16.3 99.0 99.00
2016 07 15 13 50 305  6.2  7.3  0.65  4.17  3.56 335 1013.9  19.8  20.4  16.3 99.0 99.00
2016 07 15 14 50 343  7.7  9.0  0.62  4.00  3.42   2 1013.9  18.8  20.5  17.5 99.0 99.00
2016 07 15 15 50  12  6.7  8.1  0.63  4.17  3.47   5 1014.6  18.0  20.5  17.1 99.0 99.00
2016 07 15 16 50  18  7.7  9.1  0.62  4.00  3.42   6 1014.9  17.7  20.5  16.7 99.0 99.00
2016 07 15 17 50  12  6.5  7.8  0.67  4.17  3.47  13 1015.8  17.7  20.5  16.1 99.0 99.00
2016 07 15 18 50   2  6.8  8.3  0.65  4.55  3.66  10 1016.4  18.1  20.4  14.8 99.0 99.00
2016 07 15 19 50   3  6.9  8.5  0.77  4.35  3.81  28 1016.8  17.9  20.4  14.8 99.0 99.00
2016 07 15 20 50   5  7.1  8.7  0.91  5.00  3.99  29 1016.8  17.9  20.4  14.2 99.0 99.00
2016 07 15 21 50  11  7.7  9.2  0.93  5.26  4.13  40 1016.9  17.8  20.4  14.2 99.0 99.00
2016 07 15 22 50   5  8.0  9.5  1.01  4.76  4.12  36 1016.7  17.9  20.4  13.6 99.0 99.00
2016 07 15 23 50  11  8.7 10.3  1.12  5.00  4.18  38 1016.6  18.0  20.4  13.7 99.0 99.00
2016 07 16 00 50  19  8.1  9.6  1.18  5.56  4.32  43 1016.9  18.0  20.3  13.4 99.0 99.00
2016 07 16 01 50  26  7.5  8.7  1.13  5.88  4.27  46 1016.9  18.0  20.3  14.0 99.0 99.00
2016 07 16 02 50  38  7.5  8.9  0.96  5.56  4.15  50 1017.3  18.2  20.3  14.0 99.0 99.00
2016 07 16 03 50  49  6.4  7.7  0.93  5.26  4.00  36 1017.7  18.2  20.2  13.7 99.0 99.00
2016 07 16 04 50  53  6.1  7.3  0.83  5.88  3.95  36 1018.0  18.2  20.2  13.0 99.0 99.00
2016 07 16 05 50  53  4.2  5.3  0.72  5.56  3.89  31 1018.3  18.0  20.1  13.2 99.0 99.00
2016 07 16 06 50  60  2.6  3.3  0.65  5.88  4.07  22 1018.8  17.9  20.1  13.0 99.0 99.00
2016 07 16 07 50  42  2.4  3.3  0.59  5.26  3.90  20 1018.9  17.9  20.1  13.0 99.0 99.00
2016 07 16 08 50 354  3.3  3.9  0.49  5.56  3.92  30 1018.8  17.9  20.1  13.0 99.0 99.00
2016 07 16 09 50 353  3.1  4.1  0.47  5.56  4.26  38 1019.2  18.1  20.1  12.9 99.0 99.00
2016 07 16 10 50 353  3.6  4.2  0.40  5.56  4.06  36 1019.5  18.3  20.1  12.7 99.0 99.00
2016 07 16 11 50  19  2.9  3.5  0.39  5.00  4.10  44 1019.9  18.5  20.1  12.9 99.0 99.00
2016 07 16 12 50   6  2.4  3.6  0.33  4.55  4.05  32 1020.3  18.5  20.1  13.5 99.0 99.00
2016 07 16 13 50  19  2.1  2.6  0.31  5.00  4.05  40 1020.3  18.6  20.2  13.6 99.0 99.00
2016 07 16 14 50 351  1.5  2.3  0.32  4.35  3.95  47 1020.8  18.7  20.3  14.0 99.0 99.00
2016 07 16 15 50 301  1.0  1.8  0.30  4.76  3.78  43 1021.1  18.7  20.7  14.3 99.0 99.00
2016 07 16 16 50 245  1.0  1.6  0.32  4.17  3.60 343 1021.3  19.0  21.4  14.7 99.0 99.00
2016 07 16 17 50 169  1.8  2.5  0.32  3.85  3.44 336 1020.5  19.2  21.9  14.8 99.0 99.00
2016 07 16 19 50 193  2.8  3.7  0.27  4.35  3.41 342 1020.4  19.7  22.0  14.4 99.0 99.00
2016 07 16 20 50 188  2.1  2.9  0.23 99.00  3.56 999 1019.9  19.9  21.9  14.0 99.0 99.00
2016 07 16 21 50 186  2.6  3.3  0.19 99.00  3.50 999 1019.3  20.1  21.8  13.8 99.0 99.00
2016 07 16 22 50 172  2.3  2.9  0.15 99.00  3.59 999 1018.8  20.3  21.7  13.2 99.0 99.00
2016 07 16 23 50 165  2.8  3.3  0.14 99.00  3.88 999 1018.7  20.6  21.6  11.3 99.0 99.00
2016 07 17 00 50 183  3.5  4.3  0.12 99.00  3.86 999 1018.7  20.6  21.4  12.1 99.0 99.00
2016 07 17 01 50 190  3.3  3.9  0.13 99.00  3.75 999 1018.8  20.7  21.3  11.5 99.0 99.00
2016 07 17 02 50 162  3.3  3.7  0.13 99.00  3.16 999 1018.8  20.6  21.1  12.7 99.0 99.00
2016 07 17 03 50 149  3.8  4.7  0.14 99.00  3.14 999 1018.5  20.6  20.9  13.4 99.0 99.00
2016 07 17 04 50 154  5.8  6.5  0.12 99.00  2.88 999 1018.4  20.6  20.9  14.2 99.0 99.00
2016 07 17 05 50 155  4.8  5.3  0.20 99.00  2.47 999 1018.8  20.7  20.8  13.9 99.0 99.00
2016 07 17 06 50 156  4.8  5.4  0.26  2.47  2.48 177 1018.4  20.8  20.7  14.7 99.0 99.00
2016 07 17 07 50 162  5.0  6.1  0.28  2.60  2.66 159 1018.1  21.0  20.7  14.8 99.0 99.00
2016 07 17 08 50 147  5.3  6.1  0.29  2.60  2.67 161 1017.4  21.1  20.6  14.7 99.0 99.00
2016 07 17 09 50 150  5.9  6.9  0.31  2.94  2.78 163 1017.5  21.0  20.6  16.9 99.0 99.00
2016 07 17 10 50 156  6.7  7.8  0.39  2.86  2.86 144 1017.6  21.0  20.5  17.2 99.0 99.00
2016 07 17 11 50 148  8.9 10.6  0.55  3.33  3.13 156 1016.8  20.9  20.5  16.9 99.0 99.00
2016 07 17 12 50 150  8.9 10.5  0.70  3.45  3.34 162 1016.2  20.8  20.5  17.8 99.0 99.00
2016 07 17 13 50 158 10.9 13.8  1.05  4.35  3.82 160 1015.6  21.0  20.5  17.9 99.0 99.00
2016 07 17 14 50 143 14.2 17.9  1.35  5.26  4.26 166 1011.4  20.4  20.4  18.2 99.0 99.00
2016 07 17 15 50 166 15.4 19.1  1.96  5.88  4.81 155 1012.0  21.3  20.4  18.9 99.0 99.00
2016 07 17 16 50 172 12.6 15.3  2.37  6.25  5.26 155 1012.1  21.4  20.4  19.6 99.0 99.00
2016 07 17 17 50 187 11.2 14.3  2.31  6.25  5.20 154 1012.9  21.6  20.4  19.6 99.0 99.00
2016 07 17 18 50 186 10.9 12.9  2.30  6.25  5.26 150 1013.5  21.6  20.3  19.6 99.0 99.00
2016 07 17 19 50 182  9.5 11.0  1.91  6.25  4.99 150 1013.2  21.8  20.4  19.8 99.0 99.00
2016 07 17 20 50 185  8.6 10.0  1.68  6.25  4.96 151 1013.0  22.2  20.4  20.4 99.0 99.00
2016 07 17 21 50 182  7.6  9.1  1.32  6.25  4.70 143 1012.8  22.3  20.4  20.4 99.0 99.00
2016 07 17 22 50 178  6.8  7.9  1.05  5.88  4.57 142 1013.1  22.2  20.5  20.9 99.0 99.00
2016 07 17 23 50 178  5.3  6.2  0.80  5.56  4.22 139 1013.1  22.2  20.5  21.1 99.0 99.00
2016 07 18 00 50 198  6.0  7.0  0.64  5.26  3.93 134 1013.4  22.3  20.5  21.4 99.0 99.00
2016 07 18 01 50 213  5.4  6.1  0.56  4.17  3.70 144 1014.0  22.4  20.4  21.3 99.0 99.00
2016 07 18 02 50 216  4.6  5.4  0.54  4.17  3.65 147 1014.6  23.0  20.4  21.5 99.0 99.00
2016 07 18 03 50 206  4.1  4.5  0.56  4.76  3.73 135 1014.9  22.5  20.4  21.5 99.0 99.00
2016 07 18 04 50 215  3.9  4.5  0.46  4.35  3.54 152 1014.3  22.2  20.4  21.8 99.0 99.00
2016 07 18 05 50 208  4.9  5.4  0.40  4.17  3.44 150 1014.8  22.3  20.3  22.2 99.0 99.00
2016 07 18 06 50 224  4.3  5.3  0.39  4.17  3.34 150 1015.6  22.3  20.3  22.2 99.0 99.00
2016 07 18 07 50 199  5.0  6.2  0.40  4.00  3.45 154 1015.8  22.0  20.3  21.8 99.0 99.00
2016 07 18 08 50 249  5.1  5.8  0.45  3.85  3.26 151 1016.1  22.5  20.3  21.7 99.0 99.00
2016 07 18 09 50 215  3.4  3.8  0.59  3.85  3.56 151 1016.3  21.5  20.3  21.5 99.0 99.00
2016 07 18 10 50 301  3.8  4.7  0.62  4.35  3.58 193 1017.0  21.7  20.3  21.0 99.0 99.00
2016 07 18 11 50 324  7.5  9.2  0.60  4.76  3.36 218 1018.1  21.7  20.3  20.0 99.0 99.00
2016 07 18 12 50 320  4.9  5.5  0.47  4.35  3.33 223 1018.5  21.3  20.4  19.9 99.0 99.00
2016 07 18 13 50 296  3.3  3.9  0.38  3.85  3.17 207 1019.3  21.4  20.4  19.7 99.0 99.00
2016 07 18 14 50 255  3.5  3.9  0.35  3.45  2.88 155 1020.4  21.2  20.5  20.1 99.0 99.00
2016 07 18 15 50 278  2.0  2.7  0.33  2.47  2.85 295 1021.3  21.3  20.6  19.6 99.0 99.00
2016 07 18 16 50 291  2.8  3.3  0.29  2.60  2.82 295 1021.3  21.3  20.6  19.9 99.0 99.00
2016 07 18 17 50 341  2.6  3.1  0.25  2.47  2.65 336 1020.5  21.2  20.8  20.2 99.0 99.00
2016 07 18 18 50  12  3.0  3.2  0.20 99.00  2.69 999 1020.5  21.7  21.4  19.2 99.0 99.00
2016 07 18 19 50  22  3.1  3.4  0.14 99.00  2.76 999 1020.4  21.9  21.5  18.6 99.0 99.00
2016 07 18 20 50 158  2.4  2.9  0.11 99.00  2.83 999 1020.9  21.9  21.9  18.5 99.0 99.00
2016 07 18 21 50 161  2.3  2.9  0.11 99.00  3.00 999 1020.3  22.1  21.9  18.8 99.0 99.00
2016 07 18 22 50 165  3.3  3.7  0.08 99.00  2.86 999 1020.4  22.3  21.8  20.0 99.0 99.00
2016 07 18 23 50 176  3.8  4.2  0.08 99.00  2.93 999 1020.3  22.2  21.9  20.8 99.0 99.00
2016 07 19 00 50 178  3.6  4.0  0.09 99.00  3.43 999 1020.2  22.1  21.7  20.6 99.0 99.00
2016 07 19 01 50 182  4.3  4.9  0.07 99.00  3.00 999 1020.0  21.8  21.4  20.8 99.0 99.00
2016 07 19 02 50 183  3.2  3.5  0.06 99.00  3.18 999 1020.5  21.7  21.2  21.0 99.0 99.00
2016 07 19 03 50 196  2.3  2.8  0.06 99.00  3.36 999 1021.0  21.5  21.0  21.2 99.0 99.00
2016 07 19 04 50 197  2.2  2.4  0.06 99.00  3.32 999 1021.4  21.3  21.1  21.3 99.0 99.00
2016 07 19 05 50 206  2.9  3.3  0.05 99.00  3.16 999 1021.3  21.4  21.1  21.4 99.0 99.00
2016 07 19 06 50 236  4.1  4.4  0.06 99.00  3.60 999 1021.5  22.2  21.0  20.4 99.0 99.00
2016 07 19 07 50 261  3.5  3.8  0.08 99.00  3.65 999 1021.2  22.1  20.9  20.5 99.0 99.00
2016 07 19 08 50 301  3.6  4.0  0.05 99.00  3.65 999 1021.2  21.6  20.8  20.6 99.0 99.00
2016 07 19 09 50 339  4.6  5.3 99.00 99.00 99.00 999 1021.9  21.6  20.8  19.9 99.0 99.00
2016 07 19 10 50  21  4.8  5.7  0.10 99.00  3.46 999 1022.4  21.0  20.8  20.1 99.0 99.00
2016 07 19 11 50  60  4.8  5.5  0.07 99.00  3.00 999 1022.9  21.1  20.7  19.8 99.0 99.00
2016 07 19 12 50  84  3.5  4.4  0.07 99.00  2.85 999 1023.4  21.0  20.7  20.0 99.0 99.00
2016 07 19 13 50  81  2.9  3.4  0.07 99.00  2.79 999 1023.7  21.0  20.8  20.3 99.0 99.00
2016 07 19 14 50  80  3.7  4.2  0.10 99.00  2.95 999 1023.8  20.9  20.9  20.3 99.0 99.00
2016 07 19 15 50 136  1.4  1.7  0.10 99.00  2.50 999 1024.1  21.2  21.2  20.3 99.0 99.00
2016 07 19 16 50  72  1.0  1.4  0.12 99.00  2.63 999 1023.9  21.4  22.0  20.3 99.0 99.00
2016 07 19 17 50  51  1.5  1.9  0.12 99.00  2.75 999 1023.5  21.3  22.2  20.3 99.0 99.00
2016 07 19 19 50  39  3.1  3.4  0.14 99.00  3.00 999 1023.2  22.0  22.7  20.6 99.0 99.00
2016 07 19 20 50  37  2.3  2.7  0.12 99.00  3.09 999 1023.1  22.4  22.6  19.4 99.0 99.00
2016 07 19 21 50  46  2.9  3.5  0.12 99.00  3.21 999 1022.4  22.3  22.6  20.0 99.0 99.00
2016 07 19 22 50  57  4.8  5.5  0.12 99.00  3.05 999 1022.3  22.2  22.5  19.6 99.0 99.00
2016 07 19 23 50  64  6.6  7.5  0.17 99.00  2.56 999 1021.3  22.0  22.4  19.5 99.0 99.00
2016 07 20 00 50  65  3.9  4.6  0.22 99.00  2.65 999 1021.5  21.8  22.2  19.1 99.0 99.00
2016 07 20 01 50  79  3.2  3.8  0.25 99.00  2.82 999 1021.6  21.9  22.0  18.8 99.0 99.00
2016 07 20 02 50  98  1.3  1.6  0.23 99.00  2.88 999 1022.4  21.8  21.9  19.0 99.0 99.00
2016 07 20 03 50 154  0.3  0.6  0.25 99.00  2.89 999 1022.7  21.5  21.8  19.3 99.0 99.00
2016 07 20 04 50 128  1.5  1.8  0.20 99.00  2.92 999 1022.3  21.5  21.7  20.0 99.0 99.00
2016 07 20 05 50 100  3.7  4.3  0.19 99.00  2.94 999 1021.8  21.6  21.6  18.8 99.0 99.00
2016 07 20 06 50 137  2.7  3.5  0.21 99.00  2.96 999 1022.1  21.8  21.5  19.1 99.0 99.00
2016 07 20 07 50 112  1.1  1.3  0.24 99.00  2.96 999 1022.4  21.8  21.4  19.7 99.0 99.00
2016 07 20 08 50 103  2.1  2.5  0.20 99.00  2.83 999 1022.3  21.6  21.4  20.3 99.0 99.00
2016 07 20 09 50 122  2.0  2.3  0.18 99.00  2.77 999 1022.3  21.5  21.4  20.4 99.0 99.00
2016 07 20 10 50 138  3.0  3.5  0.11 99.00  2.73 999 1022.4  21.6  21.3  19.9 99.0 99.00
2016 07 20 11 50 152  3.1  3.6  0.08 99.00  2.98 999 1022.6  21.7  21.3  20.0 99.0 99.00
2016 07 20 12 50 153  3.4  3.8  0.07 99.00  3.23 999 1022.3  21.8  21.3  20.4 99.0 99.00
2016 07 20 13 50 154  3.8  4.2  0.06 99.00  3.75 999 1022.4  21.8  21.4  20.9 99.0 99.00
2016 07 20 14 50 154  3.2  3.7  0.07 99.00  3.73 999 1022.4  22.0  21.7  20.9 99.0 99.00
2016 07 20 15 50 161  3.9  4.4  0.08 99.00  3.39 999 1022.4  22.2  21.9  21.2 99.0 99.00
2016 07 20 16 50 141  3.0  3.3  0.18 99.00  2.88 999 1022.0  22.4  22.1  21.4 99.0 99.00
2016 07 20 17 50 153  3.8  4.3  0.16 99.00  2.96 999 1021.3  22.7  22.3  21.4 99.0 99.00
2016 07 20 18 50 159  3.5  3.9  0.13 99.00  2.98 999 1021.2  23.0  22.5  21.7 99.0 99.00
2016 07 20 19 50 139  3.5  3.9  0.14 99.00  3.04 999 1020.5  23.4  22.7  21.7 99.0 99.00
2016 07 20 20 50 143  3.7  4.1  0.11 99.00  2.90 999 1019.8  23.7  22.7  21.9 99.0 99.00
2016 07 20 21 50 122  2.8  4.0  0.12 99.00  2.93 999 1019.3  23.8  22.7  22.2 99.0 99.00
2016 07 20 22 50 128  2.2  2.6  0.11 99.00  2.94 999 1019.1  24.0  22.8  22.3 99.0 99.00
2016 07 20 23 50 142  2.7  3.0  0.10 99.00  3.03 999 1018.8  24.1  22.8  22.5 99.0 99.00
2016 07 21 00 50 159  2.8  3.1  0.10 99.00  3.12 999 1019.0  23.9  22.8  22.8 99.0 99.00
2016 07 21 01 50 162  3.2  3.8  0.08 99.00  2.94 999 1018.9  23.9  22.7  22.7 99.0 99.00
2016 07 21 02 50 175  4.2  4.6  0.07 99.00  2.70 999 1019.2  24.2  22.6  22.6 99.0 99.00
2016 07 21 03 50 166  4.5  4.8  0.11 99.00  2.49 999 1018.9  23.7  22.4  22.6 99.0 99.00
2016 07 21 04 50 175  5.3  6.1  0.14 99.00  2.54 999 1018.4  23.8  22.3  22.9 99.0 99.00
2016 07 21 05 50 178  5.1  5.7  0.20 99.00  2.45 999 1018.0  23.7  22.3  22.9 99.0 99.00
2016 07 21 06 50 176  3.8  4.3  0.22 99.00  2.51 999 1018.2  23.3  22.3  23.1 99.0 99.00
2016 07 21 07 50 176  4.0  4.4  0.21 99.00  2.54 999 1018.2  23.1  22.2  23.1 99.0 99.00
2016 07 21 08 50 174  4.9  5.5  0.20 99.00  2.62 999 1017.9  23.3  22.2  23.3 99.0 99.00
2016 07 21 09 50 169  6.2  7.2  0.19 99.00  2.50 999 1017.2  23.2  22.2  23.2 99.0 99.00
2016 07 21 10 50 174  6.0  7.0  0.22 99.00  2.53 999 1017.4  23.2  22.2  23.2 99.0 99.00
2016 07 21 11 50 176  6.3  7.0  0.28  2.60  2.60 153 1017.5  23.1  22.1  23.1 99.0 99.00
2016 07 21 12 50 176  5.9  6.6  0.34  2.94  2.72 156 1017.7  23.1  22.1  23.1 99.0 99.00
2016 07 21 13 50 172  6.7  7.6  0.36  3.03  2.91 159 1016.6  23.1  22.1  23.1 99.0 99.00
2016 07 21 14 50 195  6.2  7.1  0.47  3.45  3.16 152 1017.5  23.2  22.2  23.2 99.0 99.00
2016 07 21 15 50 189  4.8  5.3  0.48  3.70  3.29 152 1018.1  23.2  22.2  23.2 99.0 99.00
2016 07 21 16 50 344 11.8 14.7  0.45  3.85  3.42 159 1019.9  22.7  22.2  21.2 99.0 99.00
2016 07 21 17 50 168  4.4  5.8  0.56  3.03  3.05 357 1016.6  21.3  22.0  21.3 99.0 99.00
2016 07 21 18 50 190  6.8  7.9  0.46  3.45  3.23 285 1014.2  22.1  22.0  21.7 99.0 99.00
2016 07 21 19 50 193 10.3 12.3  0.47  3.13  3.10 162 1012.0  23.3  22.0  20.8 99.0 99.00
2016 07 21 20 50 172  5.9  7.3  0.66  3.85  3.48 155 1014.3  23.5  22.0  20.9 99.0 99.00
2016 07 21 21 50 183  6.7  8.0  0.77  4.35  3.67 149 1013.4  23.2  22.0  21.6 99.0 99.00
2016 07 21 22 50 180  6.7  7.8  0.85  4.35  3.81 152 1014.2  23.7  22.0  21.9 99.0 99.00
2016 07 21 23 50 173  7.5  9.1  0.80  4.35  3.68 148 1013.7  23.6  22.0  22.2 99.0 99.00
2016 07 22 00 50 164  7.7  9.1  0.77  4.17  3.55 163 1013.0  23.5  22.0  23.0 99.0 99.00
2016 07 22 01 50 195  7.3 10.5  0.74  4.35  3.52 153 1013.7  25.4  22.0  23.5 99.0 99.00
2016 07 22 02 50 217  5.7  6.8  0.64  4.00  3.47 136 1015.0  23.6  21.9  21.5 99.0 99.00
2016 07 22 03 50 187 14.5 17.5  0.93  3.70  3.18 152 1009.6  27.7  21.8  19.0 99.0 99.00
2016 07 22 04 50 186 13.0 15.8  1.11  4.00  3.53 153 9999.0  27.0  21.7  18.1 99.0 99.00
2016 07 22 05 50 334  9.2 11.5  1.11  4.55  3.93 179 1013.3  23.2  21.6  20.6 99.0 99.00
2016 07 22 06 50 261  4.2  5.3  0.78  4.35  3.47 179 1014.2  23.0  21.6  20.7 99.0 99.00
2016 07 22 07 50 272  3.0  4.1  0.77  5.00  3.50 146 1013.9  22.7  21.7  21.3 99.0 99.00
2016 07 22 08 50 302  4.2  4.8  1.00  5.26  4.12 210 1014.1  22.3  21.7  21.6 99.0 99.00
2016 07 22 09 50 360  1.0  1.4  0.86  5.56  4.22 213 1014.1  21.8  21.7  21.7 99.0 99.00
2016 07 22 10 50 160  0.6  1.1  0.87  5.56  4.52 222 1014.2  21.9  21.6  21.5 99.0 99.00
2016 07 22 11 50 200  3.6  4.3  0.71  5.00  4.39 146 1015.3  22.2  21.5  21.7 99.0 99.00
2016 07 22 12 50 221  4.5  5.3  0.60  5.26  4.17 132 1015.3  22.7  21.4  21.1 99.0 99.00
2016 07 22 13 50 209  4.2  5.0  0.50  5.00  3.96 135 1014.9  22.4  21.6  21.2 99.0 99.00
2016 07 22 14 50 197  4.8  5.4  0.49  4.55  3.65 139 1015.0  22.3  21.7  21.2 99.0 99.00
2016 07 22 15 50 200  5.3  6.2  0.36  4.17  3.28 147 1015.5  22.3  21.7  21.1 99.0 99.00
2016 07 22 16 50 205  4.3  4.9  0.37  3.33  2.99 155 1015.9  22.4  21.8  21.3 99.0 99.00
2016 07 22 17 50 188  4.3  5.0  0.34  2.86  2.86 180 1015.7  22.5  22.0  21.7 99.0 99.00
2016 07 22 19 50 188  3.5  4.0  0.26  2.86  2.76 180 1015.1  23.0  22.2  22.4 99.0 99.00
2016 07 22 20 50 196  2.6  3.1  0.19 99.00  2.64 999 1015.0  23.3  22.7  22.9 99.0 99.00
2016 07 22 21 50 210  0.9  1.2  0.17 99.00  2.92 999 1014.6  24.3  23.6  22.8 99.0 99.00
2016 07 22 22 50 171  2.3  2.5  0.12 99.00  2.67 999 1014.0  24.3  24.0  23.3 99.0 99.00
2016 07 22 23 50 187  1.1  1.4  0.10 99.00  2.86 999 1014.2  24.3  23.8  23.4 99.0 99.00
2016 07 23 00 50 173  1.6  1.9  0.10 99.00  3.07 999 1014.1  23.9  23.6  23.0 99.0 99.00
2016 07 23 01 50 159  2.2  2.5  0.08 99.00  3.01 999 1014.2  23.6  23.4  23.5 99.0 99.00
2016 07 23 02 50 158  2.7  3.1  0.07 99.00  3.22 999 1014.4  23.7  23.3  23.5 99.0 99.00
2016 07 23 03 50 196  1.9  2.2  0.09 99.00  3.83 999 1014.4  23.5  23.0  23.5 99.0 99.00
2016 07 23 04 50 258  1.6  1.8  0.07 99.00  3.07 999 1014.6  23.4  23.0  23.4 99.0 99.00
2016 07 23 05 50 267  2.0  2.4  0.06 99.00  2.96 999 1014.8  23.6  22.9  23.6 99.0 99.00
2016 07 23 06 50 214  2.5  2.7  0.07 99.00  3.09 999 1014.8  23.5  22.7  23.5 99.0 99.00
2016 07 23 07 50 207  2.2  2.6  0.08 99.00  3.12 999 1014.7  23.4  22.7  23.4 99.0 99.00
2016 07 23 08 50 202  1.6  1.8  0.06 99.00  2.91 999 1014.4  23.7  22.8  23.4 99.0 99.00
2016 07 23 09 50 184  1.8  2.0  0.06 99.00  3.05 999 1014.1  24.0  22.7  23.5 99.0 99.00
2016 07 23 10 50 144  1.2  1.3  0.05 99.00  2.88 999 1014.5  23.8  22.6  23.3 99.0 99.00
2016 07 23 11 50 196  2.0  2.5  0.04 99.00  2.92 999 1014.8  23.3  22.7  23.2 99.0 99.00
2016 07 23 12 50 219  1.2  1.4 99.00 99.00 99.00 999 1014.5  23.6  22.6  23.6 99.0 99.00
2016 07 23 13 50 259  0.8  1.0 99.00 99.00 99.00 999 1014.6  23.7  23.2  23.7 99.0 99.00
2016 07 23 14 50 185  0.7  1.1  0.04 99.00  3.45 999 1014.5  25.0  24.5  24.7 99.0 99.00
2016 07 23 15 50  91  0.6  1.1  0.09 99.00  3.34 999 1015.1  25.8  25.5  24.0 99.0 99.00
2016 07 23 16 50 152  2.4  2.8  0.04 99.00  3.42 999 1015.1  25.1  25.3  24.8 99.0 99.00
2016 07 23 17 50 160  1.8  2.1  0.06 99.00  3.68 999 1014.8  25.2  25.0  24.8 99.0 99.00
2016 07 23 18 50 115  1.0  1.3  0.08 99.00  4.04 999 1014.8  25.6  25.2  24.9 99.0 99.00
2016 07 23 19 50 141  1.1  1.2  0.07 99.00  3.13 999 1014.2  26.6  25.4  25.5 99.0 99.00
2016 07 23 20 50  65  2.2  2.4  0.08 99.00  2.94 999 1013.5  25.6  25.4  25.2 99.0 99.00
2016 07 23 21 50  43  2.3  2.7  0.08 99.00  3.85 999 1013.9  25.3  25.3  25.0 99.0 99.00
2016 07 23 22 50  34  3.1  3.6  0.07 99.00  2.87 999 1013.7  25.1  25.1  25.1 99.0 99.00
2016 07 23 23 50 156  2.6  3.0  0.07 99.00  2.67 999 1013.7  25.3  24.7  24.4 99.0 99.00
2016 07 24 00 50 129  4.4  4.8  0.07 99.00  3.35 999 1013.4  24.9  24.5  24.3 99.0 99.00
2016 07 24 01 50 123  6.4  7.2  0.08 99.00  3.32 999 1012.0  24.7  24.1  23.7 99.0 99.00
2016 07 24 02 50 230  5.0  7.2  0.07 99.00  3.20 999 1014.4  24.6  24.0  23.9 99.0 99.00
2016 07 24 03 50 176  6.4  7.6  0.32  2.74  2.65 201 1013.7  22.3  22.9  21.4 99.0 99.00
2016 07 24 04 50 182  5.3  6.2  0.35  2.94  2.87 207 1013.3  23.1  22.7  20.6 99.0 99.00
2016 07 24 05 50 187  6.7  7.6  0.33  2.94  2.93 206 1013.2  22.7  22.7  20.9 99.0 99.00
2016 07 24 06 50 175  6.4  7.5  0.27  2.86  2.86 217 1012.8  22.3  22.4  21.6 99.0 99.00
2016 07 24 07 50 144  6.8  7.8  0.25  2.60  2.57 222 1012.4  22.4  22.4  21.9 99.0 99.00
2016 07 24 08 50 144  8.1  9.6  0.31  2.60  2.55 177 1011.2  22.2  22.5  22.2 99.0 99.00
2016 07 24 09 50 147  8.2  9.5  0.48  3.13  2.83 161 1010.9  22.5  22.4  22.5 99.0 99.00
2016 07 24 10 50 160  8.0  9.8  0.64  3.45  3.24 156 1010.8  22.8  22.2  22.8 99.0 99.00
2016 07 24 11 50 173  8.8 10.0  0.75  3.85  3.50 157 1011.0  23.1  22.3  22.5 99.0 99.00
2016 07 24 12 50  94  5.2  9.9  0.83  4.35  3.77 157 1012.9  23.4  22.3  22.1 99.0 99.00
2016 07 24 13 50 102  7.1  8.6  0.72  4.35  3.76 205 1012.6  22.2  22.3  21.4 99.0 99.00
2016 07 24 14 50 135  6.9  8.0  0.86  4.55  3.87 182 1012.1  23.9  22.4  22.3 99.0 99.00
2016 07 24 15 50 140  6.8  8.1  0.93  4.55  3.85 172 1011.8  23.8  22.5  22.6 99.0 99.00
2016 07 24 16 50 147  9.0 10.9  0.96  5.00  4.12 189 1011.3  23.8  22.3  22.4 99.0 99.00
2016 07 24 17 50 145  9.6 11.5  1.01  5.00  4.06 183 1010.8  23.4  22.2  22.4 99.0 99.00
2016 07 24 18 50 147  9.8 11.6  0.98  4.76  3.78 173 1010.0  23.5  22.2  22.7 99.0 99.00
2016 07 24 19 50 154  8.5  9.7  0.95  4.55  3.72 164 1009.4  24.4  22.2  23.7 99.0 99.00
2016 07 24 20 50 170  7.5  8.4  0.86  4.76  3.52 163 1009.1  24.6  22.4  24.0 99.0 99.00
2016 07 24 21 50 188  6.5  7.3  0.76  4.17  3.35 145 1009.2  24.9  22.5  22.2 99.0 99.00
2016 07 24 22 50 197  4.5  5.5  0.68  3.57  3.19 129 1009.5  25.4  22.4  22.4 99.0 99.00
2016 07 24 23 50 159  4.7  5.6  0.74  4.00  3.40 173 1008.8  24.5  22.4  23.5 99.0 99.00
2016 07 25 00 50 178  5.4  6.2  0.64  4.00  3.31 162 1009.4  24.2  22.4  24.1 99.0 99.00
2016 07 25 01 50 219  8.1  9.6  0.49  4.00  3.18 143 1009.6  24.8  22.4  21.2 99.0 99.00
2016 07 25 02 50 223  7.9  9.1  0.58  3.85  3.03 146 1010.3  24.6  22.4  21.2 99.0 99.00
2016 07 25 03 50 249  5.2  5.7  0.60  4.00  3.35 152 1010.2  24.2  22.6  22.0 99.0 99.00
2016 07 25 04 50 207  4.6  5.3  0.61  4.35  3.69 161 1010.9  24.1  22.6  22.9 99.0 99.00
2016 07 25 05 50 229  4.9  5.5  0.66  5.00  4.03 164 1012.1  23.9  22.6  23.1 99.0 99.00
2016 07 25 06 50 231  3.9  4.8  0.63  4.55  4.00 156 1012.6  23.6  22.6  23.1 99.0 99.00
2016 07 25 07 50 233  4.7  5.5  0.49  4.55  3.78 156 1012.6  23.3  22.5  23.3 99.0 99.00
2016 07 25 08 50 248  4.6  5.4  0.46  4.35  3.62 155 1012.6  23.4  22.4  22.3 99.0 99.00
2016 07 25 09 50 286  4.4  5.0  0.51  4.35  3.84 184 1012.3  23.2  22.2  21.3 99.0 99.00
2016 07 25 10 50 276  4.2  4.8  0.57  4.76  3.78 163 1013.1  23.1  22.1  21.2 99.0 99.00
2016 07 25 11 50 286  5.5  6.5  0.62  4.35  3.74 192 1013.9  23.0  22.0  20.4 99.0 99.00
2016 07 25 12 50 310  5.5  6.7  0.57  3.33  3.53 307 1013.8  22.8  22.0  19.7 99.0 99.00
2016 07 25 13 50 321  7.4  8.6  0.65  3.85  3.63 329 1013.8  22.3  22.1  19.8 99.0 99.00
2016 07 25 14 50 326  4.9  5.9  0.66  4.00  3.65 323 1014.5  22.3  22.2  19.9 99.0 99.00
2016 07 25 15 50 318  4.8  5.7  0.65  4.17  3.69 321 1015.0  22.4  22.2  20.0 99.0 99.00
2016 07 25 16 50 325  3.8  4.8  0.55  3.85  3.53 306 1014.9  22.5  22.4  20.2 99.0 99.00
2016 07 25 17 50 276  1.4  1.8  0.43  3.85  3.42 313 1015.4  22.8  22.7  20.3 99.0 99.00
2016 07 25 19 50 140  1.7  2.5  0.31  3.45  3.10 295 1015.2  23.7  23.9  19.3 99.0 99.00
2016 07 25 20 50 188  2.5  3.0  0.25 99.00  2.97 999 1015.0  24.3  24.3  18.7 99.0 99.00
2016 07 25 21 50 184  1.9  2.3  0.19 99.00  2.89 999 1014.8  24.4  24.2  19.2 99.0 99.00
2016 07 25 22 50 175  2.1  2.6  0.17 99.00  3.02 999 1014.7  24.4  24.2  19.6 99.0 99.00
2016 07 25 23 50 169  2.1  2.5  0.16 99.00  2.93 999 1014.6  24.3  24.1  20.1 99.0 99.00
2016 07 26 00 50 187  1.7  2.0  0.16 99.00  3.04 999 1015.0  24.0  23.9  21.6 99.0 99.00
2016 07 26 01 50 184  2.7  3.3  0.14 99.00  2.94 999 1015.3  23.8  23.6  22.2 99.0 99.00
2016 07 26 02 50 213  1.7  1.9  0.12 99.00  3.08 999 1015.7  23.5  23.5  22.6 99.0 99.00
2016 07 26 03 50 254  1.6  1.7  0.12 99.00  3.27 999 1015.6  23.2  23.2  22.9 99.0 99.00
2016 07 26 04 50 226  2.0  2.3  0.10 99.00  3.24 999 1016.0  23.1  23.2  22.9 99.0 99.00
2016 07 26 05 50 238  2.3  2.6  0.08 99.00  3.11 999 1016.1  23.0  23.0  23.0 99.0 99.00
2016 07 26 06 50 229  2.0  2.4  0.07 99.00  3.10 999 1016.2  22.9  23.0  22.9 99.0 99.00
2016 07 26 07 50 249  0.8  0.9  0.08 99.00  3.63 999 1016.1  22.8  22.9  22.7 99.0 99.00
2016 07 26 08 50 222  2.4  2.7  0.06 99.00  3.46 999 1016.2  22.8  22.9  22.6 99.0 99.00
2016 07 26 09 50 258  2.7  3.3  0.06 99.00  3.40 999 1016.7  22.8  22.8  22.6 99.0 99.00
2016 07 26 10 50 256  3.3  3.7  0.05 99.00  3.45 999 1017.1  23.2  22.8  20.9 99.0 99.00
2016 07 26 11 50 267  2.7  3.0  0.05 99.00  3.33 999 1017.2  23.1  22.8  20.8 99.0 99.00
2016 07 26 12 50 288  2.0  2.3 99.00 99.00 99.00 999 1017.3  23.0  22.9  20.6 99.0 99.00
2016 07 26 13 50 323  2.2  2.6  0.05 99.00  2.77 999 1017.3  22.8  22.9  21.0 99.0 99.00
2016 07 26 14 50 338  1.7  2.0  0.08 99.00  3.52 999 1017.5  23.0  23.1  20.6 99.0 99.00
2016 07 26 15 50  65  0.4  0.7  0.05 99.00  3.33 999 1017.8  23.6  24.0  20.5 99.0 99.00
2016 07 26 16 50 137  0.3  1.0  0.04 99.00  2.84 999 1017.6  24.9  25.2  21.0 99.0 99.00
2016 07 26 17 50 181  1.9  2.6  0.05 99.00  3.13 999 1017.1  24.2  25.3  20.2 99.0 99.00
2016 07 26 18 50 193  2.7  3.2  0.07 99.00  3.38 999 1016.9  24.4  25.2  20.2 99.0 99.00
2016 07 26 19 50 226  2.3  2.6  0.11 99.00  3.60 999 1016.8  24.6  24.8  20.6 99.0 99.00
2016 07 26 20 50 256  2.2  2.5  0.06 99.00  3.33 999 1016.3  24.7  25.0  20.8 99.0 99.00
2016 07 26 21 50 236  1.1  1.3  0.07 99.00  4.12 999 1015.8  25.1  24.7  19.8 99.0 99.00
2016 07 26 22 50 299  0.9  1.1  0.04 99.00  3.51 999 1015.5  25.4  25.3  20.4 99.0 99.00
2016 07 26 23 50   8  0.2  0.5  0.06 99.00  3.31 999 1015.5  25.6  25.3  20.5 99.0 99.00
2016 07 27 00 50 169  1.0  1.2  0.06 99.00  3.38 999 1015.6  24.7  25.0  21.7 99.0 99.00
2016 07 27 01 50 179  2.3  2.7  0.07 99.00  3.45 999 1015.3  24.3  24.7  21.4 99.0 99.00
2016 07 27 02 50 158  3.6  4.1  0.05 99.00  3.68 999 1015.3  24.2  24.5  21.9 99.0 99.00
2016 07 27 03 50 158  3.4  3.8  0.04 99.00  3.71 999 1015.4  24.1  24.5  21.7 99.0 99.00
2016 07 27 04 50 196  2.5  3.1  0.04 99.00  3.89 999 1015.7  24.1  24.2  22.4 99.0 99.00
2016 07 27 05 50 193  2.8  3.2  0.05 99.00  3.49 999 1015.1  23.8  24.4  23.3 99.0 99.00
2016 07 27 06 50 194  2.7  3.0  0.05 99.00  3.79 999 1014.8  23.9  24.2  22.8 99.0 99.00
2016 07 27 07 50 192  2.2  2.6  0.05 99.00  3.96 999 1014.8  23.8  24.2  23.2 99.0 99.00
2016 07 27 08 50 223  2.9  3.2  0.05 99.00  3.70 999 1015.0  23.7  24.1  23.3 99.0 99.00
2016 07 27 09 50 216  3.4  3.9  0.06 99.00  2.74 999 1015.2  23.7  23.7  23.2 99.0 99.00
2016 07 27 10 50 241  3.4  4.0  0.06 99.00  2.52 999 1015.5  23.8  23.6  22.5 99.0 99.00
2016 07 27 11 50 253  2.9  3.2  0.10 99.00  2.52 999 1015.6  23.7  23.6  22.0 99.0 99.00
2016 07 27 12 50 239  3.2  3.5  0.08 99.00  2.37 999 1015.5  23.7  23.4  22.0 99.0 99.00
2016 07 27 13 50 233  3.5  3.9  0.08 99.00  2.38 999 1015.3  23.9  23.6  21.6 99.0 99.00
2016 07 27 14 50 233  3.0  3.5  0.09 99.00  2.40 999 1015.3  24.0  23.7  22.0 99.0 99.00
2016 07 27 15 50 300  2.6  3.1  0.08 99.00  2.48 999 1015.3  23.9  23.9  21.9 99.0 99.00
2016 07 27 16 50 257  1.6  1.9  0.08 99.00  2.43 999 1015.7  24.4  24.2  21.8 99.0 99.00
2016 07 27 17 50 214  2.3  2.6  0.07 99.00  2.47 999 1015.7  24.5  24.4  22.1 99.0 99.00
2016 07 27 18 50 185  3.2  3.6  0.09 99.00  3.41 999 1014.9  24.8  24.6  22.2 99.0 99.00
2016 07 27 19 50 163  2.8  3.0  0.07 99.00  2.87 999 1014.2  25.0  24.8  22.4 99.0 99.00
2016 07 27 20 50 144  2.5  2.7 99.00 99.00 99.00 999 1013.6  25.3  25.0  21.9 99.0 99.00
2016 07 27 21 50 152  1.8  2.1 99.00 99.00 99.00 999 1013.6  25.5  25.3  22.3 99.0 99.00
2016 07 27 22 50  41  2.9  4.6  0.06 99.00  3.80 999 1013.4  25.1  25.6  23.2 99.0 99.00
2016 07 27 23 50  71  4.9  5.9  0.06 99.00  3.49 999 1012.9  24.3  25.1  22.1 99.0 99.00
2016 07 28 00 50  79  3.3  4.1  0.14 99.00  2.50 999 1012.8  24.1  24.5  21.7 99.0 99.00
2016 07 28 01 50  88  1.8  2.2  0.17 99.00  2.60 999 1013.3  23.9  24.2  22.1 99.0 99.00
2016 07 28 02 50 136  2.1  2.5  0.16 99.00  2.49 999 1013.7  24.0  24.1  22.8 99.0 99.00
2016 07 28 03 50 117  3.9  4.3  0.16 99.00  2.62 999 1013.1  24.2  24.2  22.1 99.0 99.00
2016 07 28 04 50 145  3.0  3.4  0.16 99.00  2.97 999 1013.1  24.3  24.1  22.4 99.0 99.00
2016 07 28 05 50 219  1.5  1.7  0.13 99.00  2.87 999 1012.9  24.2  24.0  22.5 99.0 99.00
2016 07 28 06 50  18  2.4  2.8  0.12 99.00  2.90 999 1012.7  23.8  24.1  23.3 99.0 99.00
2016 07 28 07 50  40  2.9  3.4  0.11 99.00  3.01 999 1012.2  23.5  23.9  23.0 99.0 99.00
2016 07 28 08 50 317  3.5  5.2  0.09 99.00  3.13 999 1012.4  23.4  23.9  22.4 99.0 99.00
2016 07 28 09 50 353  4.2  4.9  0.08 99.00  2.87 999 1012.0  23.1  23.9  20.6 99.0 99.00
2016 07 28 10 50  33  5.1  6.2  0.10 99.00  2.67 999 1012.0  23.0  23.7  22.3 99.0 99.00
2016 07 28 11 50  58  3.7  4.6  0.16 99.00  2.85 999 1012.4  22.9  23.6  22.2 99.0 99.00
2016 07 28 12 50  90  3.0  3.5  0.16 99.00  2.69 999 1012.6  23.2  23.6  22.4 99.0 99.00
2016 07 28 13 50 101  2.5  3.0  0.19 99.00  2.92 999 1012.7  23.4  23.5  22.1 99.0 99.00
2016 07 28 14 50  96  2.4  2.8  0.22 99.00  3.24 999 1012.2  23.5  23.7  22.6 99.0 99.00
2016 07 28 15 50 102  2.2  2.7  0.25 99.00  3.36 999 1012.1  23.7  24.0  21.8 99.0 99.00
2016 07 28 16 50 112  2.5  3.3  0.27  4.00  3.46 351 1012.2  23.7  24.5  21.8 99.0 99.00
2016 07 28 17 50  78  1.6  2.0  0.31  4.00  3.51 360 1012.0  23.8  24.9  21.5 99.0 99.00
2016 07 28 19 50  30  2.5  3.1  0.46  4.55  3.88  34 1011.3  23.9  25.5  21.0 99.0 99.00
2016 07 28 20 50 356  4.1  4.7  0.55  5.26  4.03  39 1011.8  24.3  25.6  21.2 99.0 99.00
2016 07 28 21 50   8  6.1  6.9  0.65  5.88  4.40  54 1012.3  24.0  25.2  22.2 99.0 99.00
2016 07 28 22 50  52  7.3  8.6  0.67  5.56  3.81  35 1011.5  23.8  24.8  22.4 99.0 99.00
2016 07 29 00 50  80  6.7  8.3  0.67  5.88  3.71  13 1011.9  24.0  24.3  20.3 99.0 99.00
2016 07 29 01 50  97  4.0  5.2  0.70  5.88  3.80   4 1012.6  23.9  24.1  20.4 99.0 99.00
2016 07 29 02 50  98  4.7  5.5  0.72  5.88  4.13 360 1012.3  23.5  24.0  21.3 99.0 99.00
2016 07 29 03 50  73  4.3  5.1  0.83  5.88  4.36   3 1012.7  23.3  23.9  22.0 99.0 99.00
2016 07 29 04 50  69  4.3  5.3  0.75  5.88  4.31   2 1012.9  23.4  23.9  21.6 99.0 99.00
2016 07 29 05 50  66  4.6  5.5  0.76  6.25  4.44  10 1012.8  23.2  24.1  21.3 99.0 99.00
2016 07 29 06 50  73  4.7  5.4  0.77  5.56  4.54  13 1013.0  23.2  24.1  19.8 99.0 99.00
2016 07 29 07 50  80  4.1  4.8  0.73  5.88  4.42  13 1012.8  23.1  24.0  19.2 99.0 99.00
2016 07 29 08 50  67  5.9  6.9  0.69  5.56  4.24  18 1012.3  22.9  24.0  19.0 99.0 99.00
2016 07 29 09 50  72  6.7  8.1  0.69  5.56  3.93  18 1012.7  22.7  23.9  19.2 99.0 99.00
2016 07 29 10 50  73  7.5  9.5  0.78  5.56  3.87  15 1012.7  22.2  23.8  19.3 99.0 99.00
2016 07 29 11 50  84  8.1  9.7  0.88  3.85  3.91  52 1013.0  21.9  23.7  18.9 99.0 99.00
2016 07 29 12 50  87  9.0 10.6  1.02  4.76  4.07  19 1013.1  21.8  23.7  18.8 99.0 99.00
2016 07 29 13 50  88  9.3 10.9  1.19  4.76  4.17  67 1013.2  21.6  23.7  18.5 99.0 99.00
2016 07 29 14 50  91  7.5  8.9  1.22  4.76  4.15  65 1013.7  21.3  23.6  19.2 99.0 99.00
2016 07 29 15 50  82  7.7  8.8  1.05  4.55  4.02  55 1013.9  21.3  23.6  19.1 99.0 99.00
2016 07 29 16 50  88  7.7  8.7  1.04  4.35  3.99  85 1014.0  21.7  23.6  19.0 99.0 99.00
2016 07 29 17 50  83  7.3  8.5  1.01  4.35  3.93  74 1013.7  22.1  23.5  19.0 99.0 99.00
2016 07 29 18 50  72  6.8  7.8  0.87  4.35  3.91  73 1013.5  22.5  23.5  19.0 99.0 99.00
2016 07 29 19 50  57  7.6  8.8  0.84  5.26  3.96  15 1012.9  22.5  23.5  20.2 99.0 99.00
2016 07 29 20 50  58  7.4  8.6  0.87  6.25  3.92  16 1013.3  22.6  23.5  19.7 99.0 99.00
2016 07 29 21 50  58  8.3  9.5  0.88  6.25  3.91  12 1012.9  22.8  23.4  19.2 99.0 99.00
2016 07 29 22 50  60  8.0  9.3  0.95  4.55  4.01  56 1013.4  23.0  23.4  19.2 99.0 99.00
2016 07 29 23 50  71  7.2  8.7  0.84  4.55  3.93  59 1013.7  23.1  23.3  19.3 99.0 99.00
2016 07 30 00 50 170  0.8  1.7  0.73  5.56  3.94 330 1014.3  21.8  23.3  19.8 99.0 99.00
2016 07 30 01 50  70  6.0  7.3  0.83  4.00  3.74  64 1014.0  22.9  23.3  19.9 99.0 99.00
2016 07 30 02 50  74  7.3  8.8  0.77  4.00  3.59  52 1014.2  22.8  23.2  20.1 99.0 99.00
2016 07 30 03 50  72  8.3 10.1  0.77  3.85  3.62  62 1013.8  22.5  23.2  19.1 99.0 99.00
2016 07 30 04 50  87  8.3 10.0  0.84  3.70  3.68  63 1014.0  22.4  23.3  17.5 99.0 99.00
2016 07 30 05 50  72  9.2 11.1  0.90  4.35  3.77  53 1014.1  20.0  23.2  18.1 99.0 99.00
2016 07 30 06 50  66  9.0 10.1  0.93  4.55  3.84  60 1013.8  19.9  23.2  17.6 99.0 99.00
2016 07 30 07 50  63 10.0 11.8  1.02  4.55  3.98  73 1013.8  20.2  23.1  17.8 99.0 99.00
2016 07 30 08 50  63  9.2 10.9  1.08  4.76  4.01  85 1014.0  20.2  23.0  18.4 99.0 99.00
2016 07 30 09 50  78 11.3 13.4  1.23  4.55  4.04  85 1013.3  19.7  22.9  16.1 99.0 99.00
2016 07 30 10 50  86  8.5 10.0  1.11  4.76  4.00  68 1013.8  20.0  22.8  17.2 99.0 99.00
2016 07 30 11 50  82  7.4  9.0  1.11  4.76  4.07  82 1014.3  19.9  22.8  18.1 99.0 99.00
2016 07 30 12 50  84  7.4  8.8  0.87  4.00  3.79  82 1014.8  20.2  22.8  18.4 99.0 99.00
2016 07 30 13 50  66  5.4  6.7  0.78  4.17  3.80  85 1015.2  19.6  22.8  18.5 99.0 99.00
2016 07 30 14 50  66  4.2  5.3  0.65  3.85  3.76  83 1015.5  19.9  22.8  18.2 99.0 99.00
2016 07 30 15 50  70  4.4  5.4  0.56  3.85  3.71  67 1015.4  19.9  22.9  18.1 99.0 99.00
2016 07 30 16 50  57  4.2  5.3  0.52  4.55  3.63  16 1015.5  19.9  22.9  17.8 99.0 99.00
2016 07 30 17 50  67  3.1  4.1  0.49  5.00  3.59   6 1015.9  20.1  22.9  17.9 99.0 99.00
2016 07 30 18 50  62  2.4  3.0  0.45  4.55  3.60  15 1015.8  20.4  22.9  17.8 99.0 99.00
2016 07 30 19 50  46  3.4  4.3  0.46  3.85  3.53  40 1015.4  20.8  23.0  18.0 99.0 99.00
2016 07 30 20 50  39  4.8  5.5  0.44  3.57  3.46  45 1015.2  21.4  23.1  18.2 99.0 99.00
2016 07 30 21 50  30  4.4  5.2  0.39  4.17  3.35  37 1015.2  21.7  23.2  18.4 99.0 99.00
2016 07 30 22 50  25  6.0  7.2  0.39  3.85  3.18  36 1015.0  22.0  23.1  18.4 99.0 99.00
2016 07 30 23 50  26  6.5  7.4  0.43  4.00  3.06  46 1014.8  22.1  23.1  18.3 99.0 99.00
2016 07 31 00 50  33  5.6  6.2  0.51  3.33  3.04  38 1014.9  22.4  23.1  18.2 99.0 99.00
2016 07 31 01 50  59  4.7  5.5  0.50  3.70  3.29  31 1015.0  22.2  23.0  19.1 99.0 99.00
2016 07 31 02 50  82  5.5  6.2  0.43  3.85  3.32  15 1015.4  22.2  23.0  19.2 99.0 99.00
2016 07 31 03 50  85  5.2  6.2  0.44  4.17  3.28   5 1015.5  21.9  22.9  19.1 99.0 99.00
2016 07 31 04 50  80  4.6  5.3  0.49  4.55  3.49  12 1015.6  21.7  22.9  19.1 99.0 99.00
2016 07 31 05 50  91  4.8  5.5  0.45  4.35  3.42   3 1015.4  21.6  22.9  19.3 99.0 99.00
2016 07 31 06 50  99  4.0  5.0  0.46  5.00  3.40 351 1015.5  21.3  22.9  19.0 99.0 99.00
2016 07 31 07 50  78  4.1  4.7  0.45  4.76  3.49   6 1015.3  20.9  22.8  19.1 99.0 99.00
2016 07 31 08 50  68  3.4  4.2  0.41  4.55  3.48   8 1015.4  20.8  22.7  18.7 99.0 99.00
2016 07 31 09 50  59  4.2  4.9  0.43  4.55  3.66   3 1015.6  20.8  22.7  18.6 99.0 99.00
2016 07 31 10 50  50  4.4  5.3  0.44  5.00  3.73  21 1016.0  20.7  22.7  18.6 99.0 99.00
2016 07 31 11 50  67  4.6  5.5  0.48  4.76  3.73  26 1016.4  20.8  22.7  18.7 99.0 99.00
2016 07 31 12 50  49  3.4  4.2  0.45  4.55  3.74  29 1016.8  20.9  22.7  18.5 99.0 99.00
2016 07 31 13 50  45  2.6  3.4  0.45  4.55  3.70  37 1016.8  21.0  22.7  18.3 99.0 99.00
2016 07 31 14 50  53  2.5  3.3  0.41  4.55  3.60  37 1016.8  20.9  22.9  18.3 99.0 99.00
2016 07 31 15 50  36  2.8  3.5  0.40  4.55  3.77  42 1017.1  21.0  23.1  18.6 99.0 99.00
2016 07 31 16 50  24  2.4  3.2  0.34  4.35  3.48  44 1017.6  21.1  23.3  18.7 99.0 99.00
2016 07 31 17 50  33  3.8  4.6  0.28  4.35  3.38  47 1017.4  21.2  23.4  18.8 99.0 99.00
2016 07 31 19 50  29  2.2  3.0  0.22 99.00  3.33 999 1017.5  21.3  23.6  18.7 99.0 99.00
2016 07 31 20 50  12  2.4  3.0  0.19 99.00  3.33 999 1017.0  21.6  23.8  18.8 99.0 99.00
2016 07 31 21 50   1  2.3  3.1  0.19 99.00  3.51 999 1017.0  21.9  23.9  18.8 99.0 99.00
2016 07 31 22 50   7  2.5  3.1  0.18 99.00  3.35 999 1016.6  22.2  23.9  18.9 99.0 99.00
2016 08 01 00 50  32  3.6  4.3  0.16 99.00  3.05 999 1016.6  22.3  23.7  19.2 99.0 99.00
2016 08 01 01 50  31  5.0  5.7  0.16 99.00  2.86 999 1016.7  22.3  23.6  19.6 99.0 99.00
2016 08 01 02 50  38  4.8  5.4  0.21 99.00  2.78 999 1017.3  22.2  23.4  20.2 99.0 99.00
2016 08 01 03 50  47  4.2  4.8  0.26  2.86  2.84  54 1017.4  22.3  23.3  20.0 99.0 99.00
2016 08 01 04 50  42  3.1  3.5  0.28  3.03  2.92  67 1017.9  22.4  23.1  19.9 99.0 99.00
2016 08 01 05 50  36  1.7  2.2  0.28  3.03  3.01  58 1017.8  22.4  23.0  19.8 99.0 99.00
2016 08 01 06 50  51  2.4  2.9  0.28  3.45  3.18  63 1017.6  22.4  23.0  19.8 99.0 99.00
2016 08 01 07 50  69  1.5  1.9  0.27  3.33  3.15  52 1017.7  22.2  23.0  20.3 99.0 99.00
2016 08 01 08 50  86  1.5  2.0  0.29  3.45  3.18  38 1017.8  22.1  23.0  20.8 99.0 99.00
2016 08 01 09 50 119  1.5  1.7  0.25  3.23  3.09  26 1017.7  22.0  23.0  20.9 99.0 99.00
2016 08 01 10 50 124  1.5  1.9  0.24 99.00  3.09 999 1018.0  21.9  23.0  20.6 99.0 99.00
2016 08 01 11 50  91  3.3  3.8  0.24 99.00  3.10 999 1018.2  22.1  23.0  20.6 99.0 99.00
2016 08 01 12 50  85  3.0  3.6  0.20 99.00  3.06 999 1018.5  21.8  23.0  20.5 99.0 99.00
2016 08 01 13 50 105  3.1  3.6  0.20 99.00  3.01 999 1018.5  21.7  23.0  20.3 99.0 99.00
2016 08 01 14 50 101  3.3  3.9  0.19 99.00  2.96 999 1018.8  21.6  23.1  20.2 99.0 99.00
2016 08 01 15 50 113  2.2  2.8  0.19 99.00  2.81 999 1019.3  21.6  23.2  20.0 99.0 99.00
2016 08 01 16 50  84  1.6  2.2  0.19 99.00  2.82 999 1019.6  21.7  23.6  19.8 99.0 99.00
2016 08 01 17 50  52  2.4  3.0  0.15 99.00  2.84 999 1019.4  22.0  24.0  19.7 99.0 99.00
2016 08 01 18 50  65  2.2  2.8  0.17 99.00  2.94 999 1019.0  22.2  24.1  19.2 99.0 99.00
2016 08 01 19 50  56  2.6  3.4  0.14 99.00  2.96 999 1018.5  22.4  24.2  19.3 99.0 99.00
2016 08 01 20 50  45  2.0  2.6  0.14 99.00  2.88 999 1017.9  23.0  24.2  18.0 99.0 99.00
2016 08 01 21 50  33  2.4  2.9  0.13 99.00  3.13 999 1017.5  23.5  24.4  16.7 99.0 99.00
2016 08 01 22 50  19  3.1  3.6  0.11 99.00  2.94 999 1017.1  23.7  24.5  17.3 99.0 99.00
2016 08 01 23 50  27  4.2  4.8  0.10 99.00  2.92 999 1017.0  23.9  24.5  17.8 99.0 99.00
2016 08 02 00 50  34  4.5  5.2  0.10 99.00  2.85 999 1017.3  23.7  24.3  18.3 99.0 99.00
2016 08 02 01 50  39  4.8  5.5  0.16 99.00  2.62 999 1017.7  23.5  24.1  19.2 99.0 99.00
2016 08 02 02 50  38  4.9  5.4  0.19 99.00  2.46 999 1018.6  23.3  23.8  20.1 99.0 99.00
2016 08 02 03 50  60  5.6  6.6  0.24 99.00  2.52 999 1018.4  23.2  23.6  20.5 99.0 99.00
2016 08 02 04 50  59  4.8  5.7  0.26  2.47  2.53  48 1018.8  22.9  23.5  20.5 99.0 99.00
2016 08 02 05 50  66  4.6  5.2  0.27  2.74  2.78  52 1018.7  23.0  23.4  20.0 99.0 99.00
2016 08 02 06 50  64  3.7  4.1  0.27  2.86  2.75  42 1018.4  23.0  23.3  20.1 99.0 99.00
2016 08 02 07 50  82  4.2  4.9  0.25  3.03  2.82  47 1018.0  22.9  23.3  20.1 99.0 99.00
2016 08 02 08 50  85  3.6  4.4  0.23 99.00  2.94 999 1017.8  22.7  23.2  20.3 99.0 99.00
2016 08 02 09 50  97  3.8  4.2  0.20 99.00  2.87 999 1017.8  22.7  23.2  20.4 99.0 99.00
2016 08 02 10 50 104  3.7  4.2  0.17 99.00  2.93 999 1017.8  22.7  23.2  20.3 99.0 99.00
2016 08 02 11 50 130  3.0  3.5  0.14 99.00  2.79 999 1018.3  22.8  23.1  19.7 99.0 99.00
2016 08 02 12 50 113  2.9  3.5  0.14 99.00  2.75 999 1018.9  22.9  23.1  19.3 99.0 99.00
2016 08 02 13 50 112  3.4  4.0  0.12 99.00  2.78 999 1018.8  22.8  23.2  20.0 99.0 99.00
2016 08 02 14 50 120  3.3  4.0  0.12 99.00  2.76 999 1018.8  22.7  23.3  20.3 99.0 99.00
2016 08 02 15 50 124  1.7  2.1  0.13 99.00  2.64 999 1019.7  22.8  23.6  20.4 99.0 99.00
2016 08 02 16 50 126  1.7  2.1  0.12 99.00  2.72 999 1019.7  23.0  24.0  20.5 99.0 99.00
2016 08 02 17 50  86  2.1  2.6  0.12 99.00  2.59 999 1019.4  23.2  24.4  20.5 99.0 99.00
2016 08 02 18 50  94  2.7  3.1  0.15 99.00  2.65 999 1018.9  23.7  24.6  20.6 99.0 99.00
2016 08 02 19 50  95  2.8  3.3  0.11 99.00  2.60 999 1018.6  24.2  24.6  20.5 99.0 99.00
2016 08 02 20 50  84  1.2  1.4  0.10 99.00  2.56 999 1018.4  24.5  24.8  19.4 99.0 99.00
2016 08 02 21 50  87  1.8  2.3  0.08 99.00  2.83 999 1017.9  24.7  25.0  18.9 99.0 99.00
2016 08 02 22 50  98  3.0  3.4  0.08 99.00  3.14 999 1017.1  24.8  24.9  19.0 99.0 99.00
2016 08 02 23 50 122  3.5  4.0  0.06 99.00  3.07 999 1016.4  24.8  24.8  19.6 99.0 99.00
2016 08 03 00 50 121  3.4  4.1  0.07 99.00  3.88 999 1016.3  24.6  24.6  20.7 99.0 99.00
2016 08 03 01 50  76  0.1  0.4  0.08 99.00  3.12 999 1017.1  24.4  24.5  20.3 99.0 99.00
2016 08 03 02 50  91  0.6  0.8  0.10 99.00  3.10 999 1017.5  24.0  24.2  20.4 99.0 99.00
2016 08 03 03 50  83  0.6  0.8  0.05 99.00  3.09 999 1017.7  23.9  24.1  21.6 99.0 99.00
2016 08 03 04 50 128  0.9  1.0  0.04 99.00  3.13 999 1017.8  23.9  24.1  21.3 99.0 99.00
2016 08 03 05 50 127  0.6  0.7  0.04 99.00  3.22 999 1017.9  23.8  24.1  22.1 99.0 99.00
2016 08 03 06 50 110  2.5  2.8  0.04 99.00  3.14 999 1017.6  23.8  24.2  22.3 99.0 99.00
2016 08 03 07 50 119  3.3  3.8  0.05 99.00  3.26 999 1017.4  23.8  24.1  22.1 99.0 99.00
2016 08 03 08 50 136  2.7  3.1 99.00 99.00 99.00 999 1017.2  24.1  24.2  20.4 99.0 99.00
2016 08 03 09 50 135  3.5  3.9  0.04 99.00  2.88 999 1017.2  23.9  24.2  21.8 99.0 99.00
2016 08 03 10 50 132  3.7  4.2 99.00 99.00 99.00 999 1017.4  23.8  24.2  20.8 99.0 99.00
2016 08 03 11 50 126  2.8  3.2  0.05 99.00  2.64 999 1017.6  24.0  24.2  20.2 99.0 99.00
2016 08 03 12 50 142  3.4  3.9  0.07 99.00  2.41 999 1017.9  24.1  24.1  20.8 99.0 99.00
2016 08 03 13 50 136  2.9  3.5  0.08 99.00  2.32 999 1018.0  24.2  24.2  20.3 99.0 99.00
2016 08 03 14 50 149  3.6  4.0  0.08 99.00  2.49 999 1017.8  24.3  24.3  20.6 99.0 99.00
2016 08 03 15 50 172  2.8  3.2  0.09 99.00  2.65 999 1018.0  24.5  24.4  21.1 99.0 99.00
2016 08 03 16 50 168  2.7  3.1  0.09 99.00  2.53 999 1017.9  24.7  24.6  21.0 99.0 99.00
2016 08 03 17 50 177  1.4  1.6  0.07 99.00  2.51 999 1017.9  25.0  24.9  21.4 99.0 99.00
2016 08 03 18 50 162  1.3  1.6  0.08 99.00  2.85 999 1017.4  25.3  25.2  20.9 99.0 99.00
2016 08 03 19 50 202  0.6  1.1  0.09 99.00  2.43 999 1016.9  26.3  26.5  20.3 99.0 99.00
2016 08 03 20 50 171  1.3  1.6  0.06 99.00  2.46 999 1016.4  26.5  26.9  19.8 99.0 99.00
2016 08 03 21 50 138  1.5  1.8  0.06 99.00  3.68 999 1016.5  26.7  27.1  19.7 99.0 99.00
2016 08 03 22 50 127  2.2  2.5  0.04 99.00  3.14 999 1016.1  26.7  26.8  20.1 99.0 99.00
2016 08 03 23 50 108  2.2  2.5  0.05 99.00  3.24 999 1015.8  26.6  26.5  20.7 99.0 99.00
2016 08 04 00 50 117  2.2  2.6  0.06 99.00  4.73 999 1015.5  26.4  26.3  21.6 99.0 99.00
2016 08 04 01 50 119  2.6  3.1  0.06 99.00  4.38 999 1015.4  26.0  26.1  22.3 99.0 99.00
2016 08 04 02 50 119  1.5  2.0  0.05 99.00  3.73 999 1015.6  25.6  25.8  22.6 99.0 99.00
2016 08 04 03 50 123  3.1  3.7  0.05 99.00  3.22 999 1015.3  25.3  25.6  21.8 99.0 99.00
2016 08 04 04 50 133  2.7  3.0  0.05 99.00  3.16 999 1015.5  25.3  25.4  21.7 99.0 99.00
2016 08 04 05 50 139  3.3  3.9  0.05 99.00  3.03 999 1015.2  25.2  25.2  21.3 99.0 99.00
2016 08 04 06 50 138  2.8  3.2  0.06 99.00  3.24 999 1015.2  25.1  25.0  21.7 99.0 99.00
2016 08 04 07 50 139  3.3  3.9  0.07 99.00  4.28 999 1014.8  25.0  24.8  21.8 99.0 99.00
2016 08 04 08 50 136  3.9  4.4  0.06 99.00  2.98 999 1014.6  25.0  24.7  22.2 99.0 99.00
2016 08 04 09 50 150  3.8  4.6  0.08 99.00  2.83 999 1014.5  24.7  24.6  22.4 99.0 99.00
2016 08 04 10 50 155  3.5  4.0  0.07 99.00  2.71 999 1014.9  24.6  24.5  22.5 99.0 99.00
2016 08 04 11 50 161  3.9  4.6  0.06 99.00  2.36 999 1015.3  24.8  24.4  22.5 99.0 99.00
2016 08 04 12 50 183  2.7  3.4  0.08 99.00  2.43 999 1015.5  24.7  24.4  23.5 99.0 99.00
2016 08 04 13 50 170  3.2  3.7  0.20 99.00  2.59 999 1015.3  24.7  24.5  23.2 99.0 99.00
2016 08 04 14 50 175  2.4  2.8  0.23 99.00  2.80 999 1015.1  24.7  24.6  23.3 99.0 99.00
2016 08 04 15 50 167  3.2  3.7  0.23 99.00  2.77 999 1014.7  24.7  24.9  23.6 99.0 99.00
2016 08 04 16 50 168  2.8  3.2  0.21 99.00  2.85 999 1014.7  24.8  25.2  23.7 99.0 99.00
2016 08 04 17 50 151  3.0  3.3  0.19 99.00  2.81 999 1014.2  25.1  25.4  23.5 99.0 99.00
2016 08 04 18 50 148  2.9  3.3  0.18 99.00  2.76 999 1013.9  25.1  25.6  23.4 99.0 99.00
2016 08 04 19 50 132  3.9  4.3  0.15 99.00  2.86 999 1013.3  25.3  25.7  23.5 99.0 99.00
2016 08 04 20 50 129  2.7  3.0  0.12 99.00  2.63 999 1013.2  25.6  25.9  23.2 99.0 99.00
2016 08 04 21 50 127  2.2  2.6  0.10 99.00  2.57 999 1012.8  26.0  26.0  22.6 99.0 99.00
2016 08 04 22 50 110  3.0  3.4  0.08 99.00  2.70 999 1012.1  26.3  26.1  22.7 99.0 99.00
2016 08 04 23 50 120  3.9  4.6  0.07 99.00  2.65 999 1010.9  26.2  26.0  23.0 99.0 99.00
2016 08 05 00 50 135  5.0  5.8  0.07 99.00  2.73 999 1009.9  26.5  25.9  23.2 99.0 99.00
2016 08 05 01 50 162  5.9  6.9  0.15 99.00  2.44 999 1010.5  26.4  25.8  23.8 99.0 99.00
2016 08 05 02 50 186  4.9  5.6  0.25 99.00  2.52 999 1011.4  26.9  25.5  23.0 99.0 99.00
2016 08 05 03 50 197  6.3  7.1  0.29  2.74  2.75 145 1010.8  26.5  25.3  23.8 99.0 99.00
2016 08 05 04 50 214  6.4  7.4  0.28  2.74  2.64 139 1010.8  26.0  25.2  24.1 99.0 99.00
2016 08 05 05 50 183  6.5  7.6  0.29  2.74  2.68 162 1008.7  25.8  25.1  23.8 99.0 99.00
2016 08 05 06 50 193 11.7 14.1  0.52  3.13  2.84 166 1006.7  25.9  24.9  22.6 99.0 99.00
2016 08 05 07 50 286  7.2  9.0  0.71  3.70  3.29 175 1009.2  24.9  24.6  22.0 99.0 99.00
2016 08 05 08 50 299  5.2  6.4  0.62  3.57  3.41 236 1009.8  24.0  24.4  21.9 99.0 99.00
2016 08 05 09 50 326  3.2  4.1  0.87  4.35  3.82 247 1009.7  23.8  24.3  21.7 99.0 99.00
2016 08 05 10 50 231  1.7  2.1  0.68  4.55  3.75 208 1010.1  23.8  24.3  21.9 99.0 99.00
2016 08 05 11 50 237  2.9  3.4  0.50  4.17  3.53 188 1010.4  24.0  24.2  21.9 99.0 99.00
2016 08 05 12 50 255  6.0  6.8  0.36  3.85  3.32 179 1010.5  23.9  24.3  21.2 99.0 99.00
2016 08 05 13 50 309  6.1  7.0  0.33  3.45  2.90 237 1010.8  23.5  24.3  21.3 99.0 99.00
2016 08 05 14 50 321  5.3  6.2  0.38  3.45  2.92 241 1010.9  23.3  24.3  21.0 99.0 99.00
2016 08 05 15 50 333  4.8  5.8  0.38  3.13  2.94 322 1011.2  23.2  24.3  20.7 99.0 99.00
2016 08 05 16 50 299  3.6  4.1  0.30  3.23  2.93 333 1011.7  23.2  24.3  20.6 99.0 99.00
2016 08 05 17 50 310  5.5  6.5  0.35  3.33  3.17 353 1011.7  23.2  24.4  20.5 99.0 99.00
2016 08 05 18 50 333  4.0  4.7  0.34  3.33  2.99 350 1011.8  23.5  24.5  19.2 99.0 99.00
2016 08 05 19 50 349  2.4  3.0  0.30  3.23  2.88 354 1011.7  23.8  24.6  18.5 99.0 99.00
2016 08 05 20 50 332  0.9  1.4  0.29  3.03  2.97  12 1011.6  24.3  24.8  18.1 99.0 99.00
2016 08 05 21 50 196  0.8  1.3  0.28  3.23  3.01 340 1011.4  24.6  25.1  18.0 99.0 99.00
2016 08 05 22 50 214  0.9  1.2  0.25  2.94  3.13 311 1011.5  25.0  25.3  17.4 99.0 99.00
2016 08 05 23 50 257  0.6  0.9  0.28  4.35  3.41 312 1011.4  25.4  25.3  17.0 99.0 99.00
2016 08 06 00 50 312  1.0  1.3  0.21 99.00  3.44 999 1011.8  24.5  25.1  17.9 99.0 99.00
2016 08 06 01 50 286  0.5  0.8  0.21 99.00  3.48 999 1012.2  24.4  25.0  17.7 99.0 99.00
2016 08 06 02 50 251  0.8  1.0  0.18 99.00  3.36 999 1012.7  24.3  24.9  18.0 99.0 99.00
2016 08 06 03 50 276  2.6  3.0  0.17 99.00  3.31 999 1012.8  24.3  24.7  18.9 99.0 99.00
2016 08 06 04 50 298  5.8  6.8  0.15 99.00  3.55 999 1012.8  24.6  24.6  19.2 99.0 99.00
2016 08 06 05 50 332  6.5  7.7  0.19 99.00  3.00 999 1012.7  24.5  24.5  18.2 99.0 99.00
2016 08 06 06 50 333  6.9  8.5  0.39  2.60  2.71 357 1012.6  24.1  24.5  18.9 99.0 99.00
2016 08 06 07 50 344  7.3  8.4  0.47  3.23  2.95   6 1012.7  23.9  24.4  18.6 99.0 99.00
2016 08 06 08 50 350  6.7  7.6  0.63  3.57  3.21  20 1012.8  23.5  24.3  19.3 99.0 99.00
2016 08 06 09 50   3  6.6  8.1  0.66  4.17  3.37   9 1012.8  23.5  24.2  18.5 99.0 99.00
2016 08 06 10 50  15  6.5  7.5  0.73  4.35  3.48  15 1013.3  23.1  24.1  19.3 99.0 99.00
2016 08 06 11 50  27  6.0  6.9  0.67  4.35  3.51  17 1013.8  23.3  24.0  17.8 99.0 99.00
2016 08 06 12 50  26  5.6  6.4  0.65  4.35  3.63  24 1014.1  23.4  24.0  16.9 99.0 99.00
2016 08 06 13 50  22  5.2  5.9  0.61  4.17  3.55  14 1014.6  23.2  24.0  16.8 99.0 99.00
2016 08 06 14 50  14  4.1  5.0  0.61  4.35  3.65  17 1014.8  23.0  24.0  16.1 99.0 99.00
2016 08 06 15 50 358  3.1  4.1  0.57  4.17  3.67  36 1015.1  23.1  24.1  15.4 99.0 99.00
2016 08 06 16 50 336  3.0  4.0  0.50  4.55  3.71  25 1015.4  23.0  24.2  16.1 99.0 99.00
2016 08 06 17 50 327  3.5  4.2  0.49  4.35  3.74  27 1015.4  23.0  24.4  16.3 99.0 99.00
2016 08 06 18 50 317  4.1  5.1  0.44  4.35  3.69  30 1015.2  22.7  24.4  17.4 99.0 99.00
2016 08 06 19 50 332  3.5  4.2  0.50  5.00  3.78  32 1015.0  22.9  24.5  16.5 99.0 99.00
2016 08 06 20 50 357  3.4  4.4  0.44  4.76  3.78  39 1014.9  23.0  24.6  16.1 99.0 99.00
2016 08 06 21 50  12  2.9  3.6  0.39  4.76  3.69  41 1014.5  23.1  24.7  16.0 99.0 99.00
2016 08 06 22 50  19  3.7  4.3  0.38  4.55  3.78  39 1014.4  23.3  24.7  16.4 99.0 99.00
2016 08 06 23 50  20  4.0  5.2  0.38  4.55  3.69  51 1014.2  23.4  24.7  17.0 99.0 99.00
2016 08 07 00 50  13  2.7  3.4  0.39  4.17  3.70  44 1014.3  23.2  24.6  16.7 99.0 99.00
2016 08 07 01 50  14  2.4  3.1  0.41  4.00  3.68  42 1014.7  23.3  24.5  16.8 99.0 99.00
2016 08 07 02 50 325  2.2  2.6  0.38  4.17  3.50  51 1015.3  23.2  24.4  16.8 99.0 99.00
2016 08 07 03 50 331  2.5  3.3  0.40  4.17  3.54  48 1015.3  23.3  24.3  17.1 99.0 99.00
2016 08 07 04 50 331  3.1  3.7  0.36  4.00  3.48  44 1015.4  23.3  24.3  17.3 99.0 99.00
2016 08 07 05 50 317  3.4  3.9  0.35  4.55  3.54  43 1015.6  23.4  24.2  16.6 99.0 99.00
2016 08 07 06 50 306  3.2  3.7  0.33  4.55  3.53  45 1015.5  23.3  24.1  17.5 99.0 99.00
2016 08 07 07 50 302  2.5  3.3  0.28  4.55  3.55  37 1015.6  23.4  24.1  17.9 99.0 99.00
2016 08 07 08 50 273  2.4  3.0  0.23 99.00  3.45 999 1015.7  23.3  24.1  17.5 99.0 99.00
2016 08 07 09 50 318  1.5  2.0  0.19 99.00  3.32 999 1015.9  23.4  24.1  16.9 99.0 99.00
2016 08 07 10 50  45  1.1  1.4  0.20 99.00  3.01 999 1016.4  23.3  24.1  17.6 99.0 99.00
2016 08 07 11 50 101  5.7  7.1  0.20 99.00  3.01 999 1016.6  22.7  24.0  18.1 99.0 99.00
2016 08 07 12 50 107  6.6  7.7  0.22 99.00  2.74 999 1017.0  22.4  24.1  17.0 99.0 99.00
2016 08 07 13 50 109  6.6  7.7  0.38  3.13  2.93  73 1017.6  22.2  24.2  16.7 99.0 99.00
2016 08 07 14 50 118  5.8  6.7  0.45  3.45  3.09  64 1017.7  22.2  24.4  17.1 99.0 99.00
2016 08 07 15 50 114  4.6  6.0  0.40  3.45  3.09  66 1018.4  22.3  24.5  16.9 99.0 99.00
2016 08 07 16 50 102  4.1  5.0  0.34  3.23  3.09  68 1018.5  22.3  24.6  17.0 99.0 99.00
2016 08 07 17 50 106  2.8  3.4  0.34  3.45  3.16  51 1018.3  22.4  24.7  16.9 99.0 99.00
2016 08 07 18 50  75  2.7  3.4  0.31  3.13  3.09 103 1018.2  22.5  24.8  17.0 99.0 99.00
2016 08 07 19 50  66  3.7  4.5  0.32  3.23  3.17  98 1017.9  22.7  24.9  17.0 99.0 99.00
2016 08 07 20 50  46  4.8  5.6  0.33  3.23  3.11  98 1017.7  22.7  24.9  16.5 99.0 99.00
2016 08 07 21 50  47  6.3  7.2  0.32  2.94  3.06  86 1017.2  22.9  24.9  15.6 99.0 99.00
2016 08 07 22 50  42  6.1  7.0  0.35  2.60  2.96  83 1017.1  23.1  24.7  15.2 99.0 99.00
2016 08 07 23 50  34  5.8  6.6  0.36  2.60  2.90  57 1017.0  23.1  24.6  15.6 99.0 99.00
2016 08 08 00 50  34  6.5  7.3  0.43  2.86  3.02  47 1016.8  23.1  24.4  15.9 99.0 99.00
2016 08 08 01 50  35  6.9  7.9  0.48  3.03  2.98  50 1017.3  23.0  24.3  15.4 99.0 99.00
2016 08 08 02 50  38  6.6  7.5  0.46  3.13  2.97  47 1017.4  22.9  24.2  15.1 99.0 99.00
2016 08 08 03 50  39  6.6  7.8  0.48  3.03  3.09  49 1017.2  22.8  24.2  15.4 99.0 99.00
2016 08 08 04 50  47  6.4  7.4  0.48  3.33  3.21  45 1017.3  22.8  24.2  15.0 99.0 99.00
2016 08 08 05 50  59  4.7  5.4  0.46  3.70  3.35  37 1017.6  22.8  24.2  15.3 99.0 99.00
2016 08 08 06 50  66  4.3  4.9  0.40  3.85  3.24  39 1017.3  22.8  24.3  16.4 99.0 99.00
2016 08 08 07 50  87  3.4  4.0  0.32  3.57  3.25  36 1017.1  22.7  24.3  16.8 99.0 99.00
2016 08 08 08 50  83  4.0  4.7  0.29  3.57  3.20  30 1017.2  22.6  24.2  16.6 99.0 99.00
2016 08 08 09 50  85  4.6  5.3  0.27  3.70  3.03  20 1017.8  22.3  24.1  17.2 99.0 99.00
2016 08 08 10 50  89  4.9  5.8  0.30  3.57  3.00  16 1018.2  22.4  24.0  16.8 99.0 99.00
2016 08 08 11 50 101  5.1  6.0  0.31  3.23  2.98  30 1018.4  22.3  24.0  17.2 99.0 99.00
2016 08 08 12 50  99  4.6  5.2  0.35  3.03  2.94  55 1018.5  22.9  23.9  15.8 99.0 99.00
2016 08 08 13 50 111  4.9  5.6  0.38  3.23  3.03  39 1018.5  22.4  24.0  18.0 99.0 99.00
2016 08 08 14 50 112  4.7  5.5  0.44  3.03  3.06  85 1018.6  22.5  24.1  18.6 99.0 99.00
2016 08 08 15 50 123  5.6  6.5  0.42  3.23  3.13  70 1018.5  22.8  24.2  17.6 99.0 99.00
2016 08 08 16 50 115  4.5  5.4  0.39  3.13  2.99  70 1018.7  22.8  24.4  17.3 99.0 99.00
2016 08 08 17 50 105  4.2  4.8  0.36  2.86  2.97  86 1018.4  23.2  24.5  17.1 99.0 99.00
2016 08 08 18 50  99  3.0  3.7  0.29  3.13  2.96 119 1018.1  23.4  24.6  17.5 99.0 99.00
2016 08 08 19 50  83  2.8  3.4  0.27  2.94  2.92 125 1017.7  23.7  24.8  17.3 99.0 99.00
2016 08 08 20 50  62  3.0  3.4  0.20 99.00  2.79 999 1017.1  23.9  24.9  17.8 99.0 99.00
2016 08 08 21 50  58  3.4  4.0 99.00 99.00 99.00 999 1016.7  24.2  24.9  18.1 99.0 99.00
2016 08 08 22 50  57  3.8  4.3  0.14 99.00  2.93 999 1016.3  24.4  24.8  17.7 99.0 99.00
2016 08 08 23 50  57  3.9  4.5  0.13 99.00  2.87 999 1016.0  24.6  24.7  17.9 99.0 99.00
2016 08 09 00 50  63  4.6  5.1  0.13 99.00  2.86 999 1015.7  24.3  24.6  18.7 99.0 99.00
2016 08 09 01 50  70  4.9  5.6  0.15 99.00  2.61 999 1015.9  24.2  24.4  19.6 99.0 99.00
2016 08 09 02 50  75  5.5  6.1  0.19 99.00  2.53 999 1016.0  24.1  24.3  19.7 99.0 99.00
2016 08 09 03 50  86  5.2  6.3  0.25  2.60  2.65  75 1015.9  23.8  24.3  20.5 99.0 99.00
2016 08 09 04 50  97  5.6  6.5  0.30  2.74  2.75  80 1016.2  23.8  24.2  20.8 99.0 99.00
2016 08 09 05 50 112  4.8  5.6  0.27  2.86  2.76  74 1016.2  24.1  24.2  19.7 99.0 99.00
2016 08 09 06 50 133  6.2  7.3  0.27  2.94  2.71  64 1015.9  24.2  24.1  18.2 99.0 99.00
2016 08 09 07 50 136  7.2  8.2  0.30  2.74  2.65  88 1015.8  24.2  24.1  16.4 99.0 99.00
2016 08 09 08 50 139  6.9  8.0  0.42  2.86  2.81 100 1015.6  23.7  24.1  17.7 99.0 99.00
2016 08 09 09 50 150  6.0  7.1  0.54  3.70  3.17 125 1015.9  23.3  24.1  18.1 99.0 99.00
2016 08 09 10 50 151  5.4  6.3  0.56  3.85  3.35 122 1016.0  23.3  24.1  18.9 99.0 99.00
2016 08 09 11 50 150  4.5  5.3  0.50  3.70  3.26 122 1016.2  23.3  24.0  19.1 99.0 99.00
2016 08 09 12 50 151  4.2  5.0  0.46  3.85  3.36 136 1016.5  23.3  24.0  19.0 99.0 99.00
2016 08 09 13 50 143  4.4  5.1  0.39  3.70  3.23 136 1016.5  23.4  24.0  18.9 99.0 99.00
2016 08 09 14 50 135  4.8  5.5  0.33  3.57  3.14 155 1016.2  22.9  24.1  19.6 99.0 99.00
2016 08 09 15 50 148  5.3  5.8  0.32  3.57  3.03 158 1016.1  23.0  24.1  19.8 99.0 99.00
2016 08 09 16 50 162  3.2  3.9  0.31  3.45  2.90 162 1016.0  23.2  24.2  20.3 99.0 99.00
2016 08 09 17 50 194  2.1  2.6  0.24 99.00  2.88 999 1016.2  23.5  24.4  20.7 99.0 99.00
2016 08 09 18 50 186  1.5  1.9  0.23 99.00  2.90 999 1016.2  24.0  24.8  20.9 99.0 99.00
2016 08 09 19 50 144  2.0  2.5  0.20 99.00  2.81 999 1015.8  24.3  25.1  20.9 99.0 99.00
2016 08 09 20 50 131  2.8  3.2  0.16 99.00  2.76 999 1015.1  24.7  25.3  20.7 99.0 99.00
2016 08 09 21 50 134  4.0  4.6  0.13 99.00  2.88 999 1014.7  25.3  25.3  19.9 99.0 99.00
2016 08 09 22 50 136  3.4  4.0  0.12 99.00  2.74 999 1014.6  25.4  25.2  20.0 99.0 99.00
2016 08 09 23 50 137  2.5  3.0  0.11 99.00  2.72 999 1014.7  25.3  25.1  21.2 99.0 99.00
2016 08 10 00 50 140  3.3  3.7  0.11 99.00  2.81 999 1014.4  25.1  25.0  21.5 99.0 99.00
2016 08 10 01 50 146  3.6  4.1  0.11 99.00  2.74 999 1015.0  25.2  24.8  21.6 99.0 99.00
2016 08 10 02 50 147  3.3  3.8  0.09 99.00  2.54 999 1015.7  25.1  24.7  22.0 99.0 99.00
2016 08 10 03 50 155  3.4  3.8  0.08 99.00  2.53 999 1016.0  25.1  24.6  21.7 99.0 99.00
2016 08 10 04 50 163  2.8  3.3  0.09 99.00  2.43 999 1016.3  24.9  24.6  22.4 99.0 99.00
2016 08 10 05 50 184  3.4  3.9  0.08 99.00  2.35 999 1016.3  25.0  24.6  22.3 99.0 99.00
2016 08 10 06 50 196  3.0  3.3  0.08 99.00  2.41 999 1016.0  24.9  24.5  22.7 99.0 99.00
2016 08 10 07 50 195  2.6  2.9  0.06 99.00  2.48 999 1015.8  24.7  24.5  22.9 99.0 99.00
2016 08 10 08 50 203  2.5  3.0  0.05 99.00  2.71 999 1015.8  24.6  24.5  23.0 99.0 99.00
2016 08 10 09 50 247  2.6  2.9 99.00 99.00 99.00 999 1016.6  24.6  24.4  23.5 99.0 99.00
2016 08 10 10 50 256  1.9  2.4  0.06 99.00  3.09 999 1017.2  24.5  24.4  23.5 99.0 99.00
2016 08 10 11 50 251  1.4  1.7  0.05 99.00  2.87 999 1017.4  24.8  24.4  23.0 99.0 99.00
2016 08 10 12 50 209  1.4  1.5  0.05 99.00  2.74 999 1018.0  24.7  24.5  23.4 99.0 99.00
2016 08 10 13 50 279  2.2  2.5 99.00 99.00 99.00 999 1018.8  24.8  24.7  23.0 99.0 99.00
2016 08 10 14 50 241  0.8  1.1  0.05 99.00  3.32 999 1018.6  25.0  25.0  22.7 99.0 99.00
2016 08 10 15 50 199  1.3  1.7  0.04 99.00  3.32 999 1019.0  25.2  25.5  22.5 99.0 99.00
2016 08 10 16 50 194  1.4  1.6  0.04 99.00  3.18 999 1019.4  25.6  25.9  22.5 99.0 99.00
2016 08 10 17 50 180  1.4  1.8  0.05 99.00  3.35 999 1019.3  26.0  26.0  22.1 99.0 99.00
2016 08 10 18 50  90  0.1  0.7  0.06 99.00  3.83 999 1019.0  26.5  26.6  22.0 99.0 99.00
2016 08 10 19 50 110  2.1  2.6  0.05 99.00  3.62 999 1018.2  26.4 999.0  22.0 99.0 99.00
2016 08 10 20 50 129  2.7  3.3 99.00 99.00 99.00 999 1017.9  26.7 999.0  21.6 99.0 99.00
2016 08 10 21 50 136  3.8  4.4  0.07 99.00  4.43 999 1017.3  26.8 999.0  21.9 99.0 99.00
2016 08 10 22 50 146  3.0  3.4  0.05 99.00  4.28 999 1016.9  26.7 999.0  22.3 99.0 99.00
2016 08 10 23 50 147  2.2  2.5  0.05 99.00  3.53 999 1016.0  26.4  26.5  23.5 99.0 99.00
2016 08 11 00 50 161  2.4  2.7 99.00 99.00 99.00 999 1015.8  26.1  26.2  23.9 99.0 99.00
2016 08 11 01 50 111  2.1  2.4  0.07 99.00  4.38 999 1016.3  25.8  26.0  24.4 99.0 99.00
2016 08 11 02 50 106  2.0  2.4 99.00 99.00 99.00 999 1017.1  25.7  25.9  24.3 99.0 99.00
2016 08 11 03 50 114  2.1  2.4  0.05 99.00  3.93 999 1016.9  25.6  25.6  24.7 99.0 99.00
2016 08 11 04 50 133  3.4  3.8  0.04 99.00  3.47 999 1016.5  25.9  25.5  22.7 99.0 99.00
2016 08 11 05 50 144  2.4  3.0  0.04 99.00  3.50 999 1016.3  25.6  25.6  24.1 99.0 99.00
2016 08 11 06 50 115  1.3  1.9  0.07 99.00  3.85 999 1015.9  25.7  25.5  23.5 99.0 99.00
2016 08 11 07 50  92  2.8  3.2  0.06 99.00  3.48 999 1015.5  25.4  25.5  24.1 99.0 99.00
2016 08 11 08 50  93  4.9  6.1  0.05 99.00  3.01 999 1015.2  25.2  25.4  24.3 99.0 99.00
2016 08 11 09 50 110  4.2  4.9  0.06 99.00  3.43 999 1015.2  25.1  25.3  23.3 99.0 99.00
2016 08 11 10 50 135  2.5  3.1  0.11 99.00  2.28 999 1015.4  25.2  25.2  22.5 99.0 99.00
2016 08 11 11 50 163  4.4  5.1  0.13 99.00  2.43 999 1015.2  24.9  25.0  23.1 99.0 99.00
2016 08 11 12 50 175  3.0  3.4  0.18 99.00  2.64 999 1015.1  25.1  25.0  23.3 99.0 99.00
2016 08 11 13 50 168  4.6  5.1  0.14 99.00  2.67 999 1014.5  25.2  25.1  24.4 99.0 99.00
2016 08 11 14 50 174  6.5  7.5  0.15 99.00  2.86 999 1014.3  25.3  25.2  24.4 99.0 99.00
2016 08 11 15 50 172  5.8  6.6  0.30  2.60  2.57 149 1014.3  25.2  25.3  24.7 99.0 99.00
2016 08 11 16 50 171  5.6  6.4  0.34  2.74  2.75 144 1014.4  25.3  25.3  24.9 99.0 99.00
2016 08 11 17 50 160  6.4  7.4  0.41  3.33  3.00 137 1013.1  25.5  25.4  25.0 99.0 99.00
2016 08 11 18 50 156  8.1  9.1  0.47  3.33  3.02 144 1011.4  26.1  25.4  24.7 99.0 99.00
2016 08 11 19 50 160  8.7  9.8  0.64  3.57  3.26 153 1010.5  26.7  25.4  24.4 99.0 99.00
2016 08 11 20 50 157  8.3  9.6  0.68  3.85  3.49 155 1009.8  26.8  25.4  24.3 99.0 99.00
2016 08 11 21 50 170  7.1  8.3  0.70  4.17  3.45 156 1010.1  27.0  25.4  24.4 99.0 99.00
2016 08 11 22 50 184  7.5  9.0  0.70  4.00  3.43 153 1009.6  27.0  25.4  24.4 99.0 99.00
2016 08 11 23 50 230  8.7 10.3  0.64  4.00  3.40 153 1009.5  27.3  25.3  23.7 99.0 99.00
2016 08 12 00 50 217  5.8  6.8  0.57  4.00  3.36 147 1010.1  26.4  25.3  24.2 99.0 99.00
2016 08 12 01 50 225  7.7  9.1  0.58  4.00  3.28 148 1009.8  26.6  25.2  23.7 99.0 99.00
2016 08 12 02 50 233  6.2  7.0  0.62  4.00  3.40 156 1010.2  26.4  25.2  23.7 99.0 99.00
2016 08 12 03 50 243  5.1  5.9  0.53  3.85  3.32 170 1010.2  26.2  25.1  24.1 99.0 99.00
2016 08 12 04 50 245  3.1  3.7  0.46  3.85  3.32 166 1010.3  25.8  25.1  24.6 99.0 99.00
2016 08 12 05 50 239  3.0  3.4  0.39  4.00  3.32 168 1010.3  25.9  25.0  24.7 99.0 99.00
2016 08 12 06 50 272  8.6 11.9  0.44  3.70  3.02 210 1010.0  25.5  25.0  23.7 99.0 99.00
2016 08 12 07 50 304  3.1  5.4  0.40  3.03  2.97 248 1010.2  23.1  24.9  21.7 99.0 99.00
2016 08 12 08 50 159  1.8  2.6  0.32  2.86  2.93 243 1010.2  22.5  24.9  22.5 99.0 99.00
2016 08 12 09 50 131  1.6  2.3  0.17 99.00  2.85 999 1010.3  23.4  24.8  23.4 99.0 99.00
2016 08 12 10 50 191  2.3  2.8  0.12 99.00  2.85 999 1010.2  24.1  24.8  24.0 99.0 99.00
2016 08 12 11 50 150  3.5  4.0  0.11 99.00  2.98 999 1010.0  24.3  24.8  23.7 99.0 99.00
2016 08 12 12 50 162  3.0  3.4  0.12 99.00  3.00 999 1010.3  24.6  24.8  23.5 99.0 99.00
2016 08 12 13 50 161  2.9  3.3  0.14 99.00  2.97 999 1010.3  24.8  24.8  22.9 99.0 99.00
2016 08 12 14 50 194  1.7  2.1  0.17 99.00  2.80 999 1010.5  24.7  24.8  23.2 99.0 99.00
2016 08 12 15 50  58  2.9  3.6  0.18 99.00  2.89 999 1010.1  24.6  24.9  23.4 99.0 99.00
2016 08 12 16 50 357  9.0 10.8  0.25 99.00  2.57 999 1009.7  22.5  24.9  22.5 99.0 99.00
2016 08 12 17 50  45  7.6  8.5  0.39  3.03  2.82  27 1008.9  22.3  24.8  22.3 99.0 99.00
2016 08 12 18 50  84  6.3  7.4  0.32  2.86  2.81  47 1009.6  23.4  24.8  22.7 99.0 99.00
2016 08 12 19 50  87  4.9  5.6  0.28  2.94  2.66  61 1009.1  23.4  24.8  22.8 99.0 99.00
2016 08 12 20 50  92  4.6  5.4  0.25 99.00  2.57 999 1009.0  23.7  24.8  22.9 99.0 99.00
2016 08 12 21 50  98  3.0  3.4  0.23 99.00  2.65 999 1008.9  23.9  24.9  23.4 99.0 99.00
2016 08 12 22 50  87  2.7  3.0  0.26  2.74  2.78  76 1008.0  24.1  24.9  23.9 99.0 99.00
2016 08 12 23 50 114  1.7  2.0  0.23 99.00  2.84 999 1007.9  24.2  24.9  24.0 99.0 99.00
2016 08 13 00 50 157  2.5  3.0  0.23 99.00  2.90 999 1008.6  24.3  24.8  23.9 99.0 99.00
2016 08 13 01 50 197  2.7  3.9  0.22 99.00  2.93 999 1008.9  24.4  24.8  23.4 99.0 99.00
2016 08 13 02 50  36  1.6  1.9  0.26  4.35  2.94  13 1008.6  23.7  24.8  23.0 99.0 99.00
2016 08 13 04 50 141  5.6  6.2  0.30  4.35  3.61 351 1008.0  23.9  24.8  23.6 99.0 99.00
2016 08 13 05 50 129  5.7  7.0  0.29  4.76  3.57 354 1007.6  23.6  24.8  23.6 99.0 99.00
2016 08 13 06 50 132  3.2  4.3  0.33  4.76  3.11 355 1006.6  23.7  24.8  23.7 99.0 99.00
2016 08 13 07 50 153  4.4  5.2  0.30  4.17  3.26 351 1005.8  24.2  24.7  24.2 99.0 99.00
2016 08 13 08 50 171  5.8  6.8  0.34  4.55  3.20 338 1005.5  24.5  24.7  24.3 99.0 99.00
2016 08 13 09 50 222  6.5  7.3  0.36  2.74  3.14 131 1005.5  24.3  24.7  24.2 99.0 99.00
2016 08 13 10 50 234  6.3  8.0  0.41  3.03  3.02 143 1005.6  24.4  24.7  24.1 99.0 99.00
2016 08 13 11 50 237  6.6  7.8  0.49  3.33  3.12 136 1005.8  24.4  24.7  23.9 99.0 99.00
2016 08 13 12 50 224  6.9  8.2  0.50  3.45  3.02 135 1006.4  24.3  24.7  23.8 99.0 99.00
2016 08 13 13 50 247  7.4  8.6  0.53  3.23  3.13 173 1006.6  24.4  24.7  23.4 99.0 99.00
2016 08 13 14 50 268  6.4  7.9  0.62  3.57  3.19 162 1006.9  24.2  24.7  23.3 99.0 99.00
2016 08 13 15 50 281  5.0  6.1  0.58  3.57  3.33 191 1007.6  24.1  24.8  23.4 99.0 99.00
2016 08 13 16 50 321  7.0  8.2  0.61  4.17  3.42 229 1007.9  23.4  24.9  22.6 99.0 99.00
2016 08 13 17 50 341  7.6  9.4  0.63  4.17  3.28 231 1008.3  23.0  24.9  22.1 99.0 99.00
2016 08 13 18 50 325  7.6  9.1  0.73  3.57  3.34 348 1008.6  23.3  24.8  21.9 99.0 99.00
2016 08 13 19 50 334  7.4  8.3  0.77  3.85  3.48  10 1009.2  23.6  24.8  21.4 99.0 99.00
2016 08 13 20 50 331  6.4  7.5  0.82  4.35  3.71  23 1009.1  23.3  24.8  21.0 99.0 99.00
2016 08 13 21 50 345  4.7  5.3  0.78  4.76  3.89  27 1009.7  23.9  24.9  20.6 99.0 99.00
2016 08 13 22 50 351  2.5  3.1  0.75  5.26  4.06  22 1010.2  24.2  24.9  20.6 99.0 99.00
2016 08 13 23 50 176  0.1  0.4  0.63  5.26  4.10  26 1010.5  25.0  24.9  21.1 99.0 99.00
2016 08 14 00 50 173  1.2  1.6  0.58  5.26  4.16 350 1010.8  24.1  24.8  20.7 99.0 99.00
2016 08 14 01 50 211  1.7  2.4  0.54  4.76  4.07 316 1011.5  24.3  24.8  20.6 99.0 99.00
2016 08 14 02 50 221  2.7  3.4  0.48  4.55  4.03 315 1012.1  24.4  24.8  21.7 99.0 99.00
2016 08 14 03 50 237  2.8  3.3  0.39  4.76  3.80 323 1012.3  24.4  24.8  21.9 99.0 99.00
2016 08 14 04 50 224  2.7  3.1  0.38  4.76  3.85 318 1012.6  24.4  24.7  22.1 99.0 99.00
2016 08 14 05 50 299  2.5  2.9  0.32  4.17  3.64 351 1013.0  24.6  24.7  21.3 99.0 99.00
2016 08 14 06 50 290  2.5  3.0  0.30  5.00  3.51  19 1013.0  24.6  24.7  21.0 99.0 99.00
2016 08 14 07 50 284  1.9  2.2  0.27  4.55  3.42 356 1013.1  24.5  24.6  20.1 99.0 99.00
2016 08 14 08 50 268  2.0  2.3  0.26  4.55  3.54 340 1013.3  24.3  24.6  20.6 99.0 99.00
2016 08 14 09 50 269  2.4  2.8  0.26  4.76  3.59 349 1013.9  24.4  24.6  20.1 99.0 99.00
2016 08 14 10 50 274  3.1  3.6  0.25  4.17  3.39 342 1014.3  23.8  24.6  21.1 99.0 99.00
2016 08 14 11 50 294  2.4  2.9  0.25 99.00  3.39 999 1014.8  23.9  24.6  20.7 99.0 99.00
2016 08 14 12 50 317  1.4  2.0  0.25 99.00  3.26 999 1015.2  24.0  24.6  20.3 99.0 99.00
2016 08 14 13 50 322  1.1  1.6  0.22 99.00  3.26 999 1015.8  24.0  24.7  20.5 99.0 99.00
2016 08 14 14 50 292  1.3  1.8  0.23 99.00  3.23 999 1016.1  23.9  25.0  20.8 99.0 99.00
2016 08 14 15 50 303  1.2  1.5  0.23 99.00  3.24 999 1016.6  24.1  25.3  20.0 99.0 99.00
2016 08 14 16 50 301  2.3  3.3  0.22 99.00  3.21 999 1016.7  24.1  25.4  19.4 99.0 99.00
2016 08 14 17 50 257  1.2  1.8  0.18 99.00  3.06 999 1016.9  24.1  25.7  20.1 99.0 99.00
2016 08 14 18 50 212  1.2  1.7  0.19 99.00  3.13 999 1017.0  24.3  26.0  19.3 99.0 99.00
2016 08 14 19 50 148  1.3  1.8  0.18 99.00  3.00 999 1016.5  24.7  26.6  18.9 99.0 99.00
2016 08 14 20 50 131  0.6  1.1  0.18 99.00  3.05 999 1016.3  25.1  27.0  18.2 99.0 99.00
2016 08 14 21 50  95  0.8  1.3  0.15 99.00  3.04 999 1016.3  25.3  27.3  17.9 99.0 99.00
2016 08 14 22 50 132  3.5  4.3  0.15 99.00  2.95 999 1016.4  25.1  27.1  18.9 99.0 99.00
2016 08 14 23 50 152  4.2  4.9  0.13 99.00  3.21 999 1016.6  25.3  26.3  18.5 99.0 99.00
2016 08 15 00 50 160  4.4  5.1  0.12 99.00  3.27 999 1017.2  25.0  25.7  19.3 99.0 99.00
2016 08 15 01 50 158  3.5  4.1  0.16 99.00  2.71 999 1017.5  24.9  25.5  19.7 99.0 99.00
2016 08 15 02 50 149  3.2  3.6  0.15 99.00  2.57 999 1018.1  25.0  25.3  20.4 99.0 99.00
2016 08 15 03 50 163  2.8  3.3  0.15 99.00  2.66 999 1018.1  24.8  25.2  20.7 99.0 99.00
2016 08 15 04 50 147  2.9  3.4  0.16 99.00  2.73 999 1018.1  24.8  25.2  20.7 99.0 99.00
2016 08 15 05 50 164  4.0  4.6  0.13 99.00  2.72 999 1018.2  24.8  25.0  21.2 99.0 99.00
2016 08 15 06 50 164  4.5  5.3  0.15 99.00  2.71 999 1018.1  24.7  24.9  21.9 99.0 99.00
2016 08 15 07 50 175  5.0  5.8  0.20 99.00  2.62 999 1018.3  24.7  24.9  22.4 99.0 99.00
2016 08 15 08 50 188  3.8  4.8  0.23 99.00  2.65 999 1018.4  24.5  24.9  22.6 99.0 99.00
2016 08 15 09 50 194  1.4  1.9  0.23 99.00  2.72 999 1018.2  24.4  24.9  22.4 99.0 99.00
2016 08 15 10 50 177  0.8  1.2  0.23 99.00  2.95 999 1018.2  24.2  24.9  22.4 99.0 99.00
2016 08 15 11 50 161  2.2  2.6  0.23 99.00  2.80 999 1018.8  24.3  24.8  22.4 99.0 99.00
2016 08 15 12 50 161  3.9  4.3  0.22 99.00  2.95 999 1019.0  24.4  24.8  21.5 99.0 99.00
2016 08 15 13 50 142  1.9  2.4  0.22 99.00  2.86 999 1019.1  24.4  24.9  22.0 99.0 99.00
2016 08 15 14 50 129  3.9  4.6  0.21 99.00  2.91 999 1019.3  24.3  24.9  22.3 99.0 99.00
2016 08 15 15 50 129  4.4  5.1  0.20 99.00  2.99 999 1019.1  24.1  25.0  22.3 99.0 99.00
2016 08 15 16 50 141  5.1  6.1  0.20 99.00  2.64 999 1018.8  24.1  25.0  21.6 99.0 99.00
2016 08 15 17 50 132  3.9  4.6  0.22 99.00  2.50 999 1018.8  24.2  25.0  21.1 99.0 99.00
2016 08 15 18 50 125  3.3  3.8  0.22 99.00  2.63 999 1018.7  24.1  25.0  21.0 99.0 99.00
2016 08 15 19 50 108  4.2  5.0  0.22 99.00  2.58 999 1017.6  24.1  25.0  20.9 99.0 99.00
2016 08 15 20 50 100  5.4  6.2  0.20 99.00  2.61 999 1016.9  24.5  25.0  20.2 99.0 99.00
2016 08 15 21 50  95  5.3  6.0  0.29  2.74  2.65 151 1016.5  24.7  25.0  20.2 99.0 99.00
2016 08 15 22 50 117  5.8  6.4  0.35  2.74  2.74 134 1016.3  23.9  25.0  21.2 99.0 99.00
2016 08 15 23 50 104  6.1  7.1  0.45  3.33  3.15 162 1015.7  23.6  24.9  21.7 99.0 99.00
2016 08 16 00 50 106  6.9  8.7  0.56  4.00  3.34 163 1015.2  23.1  24.9  21.9 99.0 99.00
2016 08 16 01 50 100  7.3  8.4  0.56  4.17  3.38 168 1015.1  23.4  24.9  21.9 99.0 99.00
2016 08 16 02 50  90  6.9  8.5  0.61  4.35  3.40 171 1014.8  23.2  24.9  21.7 99.0 99.00
2016 08 16 04 50  77  7.7  8.7  0.75  3.85  3.42 115 1013.4  22.8  24.8  21.6 99.0 99.00
2016 08 16 05 50  70  8.6 10.5  0.86  4.35  3.60 121 1012.7  22.9  24.7  20.8 99.0 99.00
2016 08 16 06 50  60  7.2  8.5  0.99  4.17  3.82 111 1012.1  23.0  24.7  21.3 99.0 99.00
2016 08 16 07 50  59  7.5  9.1  0.84  4.35  3.78 114 1012.1  23.1  24.6  21.1 99.0 99.00
2016 08 16 08 50  29  5.9  6.8  0.79  4.35  3.70 109 1012.7  23.0  24.6  20.9 99.0 99.00
2016 08 16 09 50  26  6.3  7.6  0.75  4.35  3.72 110 1012.8  23.2  24.5  20.5 99.0 99.00
2016 08 16 10 50 360  5.4  6.6  0.64  4.17  3.66 105 1013.6  23.3  24.5  20.5 99.0 99.00
2016 08 16 11 50   3  6.6  7.6  0.58  4.35  3.57 108 1013.8  23.4  24.6  20.9 99.0 99.00
2016 08 16 12 50  14  3.8  4.8  0.59  4.35  3.46  96 1014.4  23.6  24.6  20.9 99.0 99.00
2016 08 16 13 50 312  3.8  4.7  0.50  3.45  3.40  75 1015.4  23.7  24.6  20.9 99.0 99.00
2016 08 16 14 50 317  3.9  4.7  0.43  3.57  3.30  78 1015.9  23.9  24.6  21.1 99.0 99.00
2016 08 16 15 50 335  8.2  9.7  0.36  3.70  3.13  77 1016.0  23.7  24.7  21.6 99.0 99.00
2016 08 16 16 50 344  6.6  7.4  0.45  2.86  2.87  30 1016.4  24.0  24.8  22.2 99.0 99.00
2016 08 16 17 50 344  5.2  6.0  0.49  3.33  3.11  31 1016.8  24.1  24.8  21.7 99.0 99.00
2016 08 16 18 50 341  4.3  5.1  0.47  3.45  3.14  28 1017.1  24.0  25.0  21.7 99.0 99.00
2016 08 16 19 50  11  3.0  3.7  0.44  3.33  3.18  17 1016.9  24.1  25.1  20.4 99.0 99.00
2016 08 16 20 50  25  1.2  1.6  0.37  3.23  3.33  15 1016.8  24.4  25.3  19.7 99.0 99.00
2016 08 16 21 50 135  1.9  2.4  0.34  3.23  3.28 352 1016.7  24.4  25.6  19.7 99.0 99.00
2016 08 16 22 50 160  2.8  3.3  0.30  4.00  3.37 319 1016.3  24.6  25.5  19.8 99.0 99.00
2016 08 16 23 50 164  3.6  4.0  0.26  3.70  3.49 324 1016.3  24.7  25.4  21.0 99.0 99.00
2016 08 17 00 50 160  4.3  4.8  0.22 99.00  3.65 999 1016.3  24.7  25.3  21.1 99.0 99.00
2016 08 17 01 50 173  5.9  6.5  0.20 99.00  3.66 999 1017.0  24.7  25.2  21.7 99.0 99.00
2016 08 17 02 50 183  5.6  6.4  0.25  2.35  2.68 158 1017.5  24.8  25.1  22.1 99.0 99.00
2016 08 17 03 50 186  6.5  7.4  0.34  2.74  2.68 155 1017.5  24.7  25.0  22.7 99.0 99.00
2016 08 17 04 50 182  5.9  6.7  0.38  2.86  2.74 160 1017.6  25.1  25.0  20.6 99.0 99.00
2016 08 17 05 50 194  6.4  7.8  0.36  2.94  2.82 165 1017.9  25.3  24.9  21.2 99.0 99.00
2016 08 17 06 50 203  6.0  6.9  0.43  3.13  2.92 166 1017.3  25.2  24.9  22.2 99.0 99.00
2016 08 17 07 50 202  5.7  6.8  0.42  3.13  3.02 161 1016.8  25.3  24.8  22.0 99.0 99.00
2016 08 17 08 50 220  5.7  6.6  0.42  3.23  2.98 164 1017.0  25.1  24.8  21.9 99.0 99.00
2016 08 17 09 50 229  5.4  6.1  0.40  3.23  3.01 170 1016.8  25.0  24.8  22.0 99.0 99.00
2016 08 17 10 50 266  8.4 10.1  0.38  3.33  3.04 172 1017.2  24.8  24.7  21.4 99.0 99.00
2016 08 17 11 50 229  3.8  4.5  0.44  3.45  3.07 176 1017.0  24.1  24.7  18.9 99.0 99.00
2016 08 17 12 50 211  6.1  7.2  0.44  3.57  3.25 166 1016.9  23.9  24.7  19.9 99.0 99.00
2016 08 17 13 50 199  7.0  8.6  0.48  3.57  3.21 183 1017.1  24.2  24.7  20.5 99.0 99.00
2016 08 17 14 50 225  6.9  8.2  0.52  3.45  3.27 192 1017.6  23.9  24.7  20.8 99.0 99.00
2016 08 17 15 50 225  5.5  6.4  0.63  3.70  3.42 198 1017.8  24.0  24.8  21.1 99.0 99.00
2016 08 17 16 50 254  6.3  8.3  0.52  3.57  3.33 202 1017.4  24.5  24.8  20.6 99.0 99.00
2016 08 17 17 50 274  4.3  5.7  0.57  3.57  3.34 215 1017.0  24.1  24.9  19.8 99.0 99.00
2016 08 17 18 50 252  3.8  4.8  0.51  3.45  3.26 189 1017.0  24.2  25.0  20.2 99.0 99.00
2016 08 17 19 50 311  3.3  3.9  0.44  3.57  3.17 197 1016.6  24.4  25.1  19.5 99.0 99.00
2016 08 17 20 50 343  1.5  2.0  0.37  3.13  3.08 272 1016.4  24.2  25.2  20.1 99.0 99.00
2016 08 17 21 50  18  1.5  2.0  0.33  3.57  3.05 201 1016.5  24.3  25.4  19.6 99.0 99.00
2016 08 17 22 50  93  1.1  1.5  0.29  3.45  2.98 213 1016.5  24.5  25.5  19.7 99.0 99.00
2016 08 17 23 50  98  2.1  2.5  0.22 99.00  2.86 999 1016.3  24.4  25.5  20.1 99.0 99.00
2016 08 18 00 50 116  2.2  2.6  0.20 99.00  2.86 999 1016.7  24.4  25.4  20.2 99.0 99.00
2016 08 18 01 50 119  2.1  2.4  0.15 99.00  2.90 999 1017.3  24.5  25.2  20.3 99.0 99.00
2016 08 18 02 50 156  3.3  3.7  0.12 99.00  2.86 999 1017.6  24.5  25.1  20.4 99.0 99.00
2016 08 18 03 50 168  3.5  4.2  0.11 99.00  3.05 999 1017.7  24.5  25.1  20.3 99.0 99.00
2016 08 18 04 50 165  3.6  4.1  0.11 99.00  3.05 999 1018.0  24.5  25.0  21.0 99.0 99.00
2016 08 18 05 50 154  2.8  3.3  0.11 99.00  2.61 999 1017.9  24.6  25.0  20.3 99.0 99.00
2016 08 18 06 50 164  3.8  4.3  0.12 99.00  2.70 999 1017.5  24.5  24.9  21.3 99.0 99.00
2016 08 18 07 50 162  3.7  4.3  0.11 99.00  2.52 999 1017.4  24.7  24.9  20.6 99.0 99.00
2016 08 18 08 50 162  3.2  3.7  0.14 99.00  2.43 999 1017.3  24.8  24.8  20.3 99.0 99.00
2016 08 18 09 50 155  4.1  4.8  0.14 99.00  2.49 999 1017.0  24.8  24.7  20.3 99.0 99.00
2016 08 18 10 50 159  5.0  5.7  0.18 99.00  2.38 999 1016.9  24.5  24.7  21.3 99.0 99.00
2016 08 18 11 50 148  4.7  5.4  0.24 99.00  2.48 999 1017.0  24.7  24.7  20.9 99.0 99.00
2016 08 18 12 50 132  3.7  4.6  0.24 99.00  2.64 999 1017.2  24.6  24.7  22.6 99.0 99.00
2016 08 18 13 50 135  5.2  6.5  0.23 99.00  2.64 999 1016.9  24.4  24.8  23.0 99.0 99.00
2016 08 18 14 50 152  5.6  6.6  0.27  2.74  2.62 144 1016.5  24.4  24.8  23.8 99.0 99.00
2016 08 18 15 50 168  4.0  5.0  0.28  2.74  2.78 126 1016.6  24.1  24.9  22.9 99.0 99.00
2016 08 18 16 50 190  2.8  3.7  0.25 99.00  2.82 999 1016.5  24.2  25.1  22.7 99.0 99.00
2016 08 18 17 50 172  4.9  5.6  0.23 99.00  2.81 999 1016.0  23.7  25.2  21.5 99.0 99.00
2016 08 18 18 50 165  4.5  5.6  0.34  3.33  2.96 125 1016.0  23.9  25.2  20.8 99.0 99.00
2016 08 18 19 50 150  4.8  6.0  0.45  3.45  3.16 151 1015.4  24.0  25.2  21.7 99.0 99.00
2016 08 18 20 50 155  5.0  5.9  0.46  3.70  3.26 163 1014.7  24.3  25.3  22.2 99.0 99.00
2016 08 18 21 50 157  6.5  7.7  0.49  3.70  3.32 164 1014.1  24.8  25.3  22.6 99.0 99.00
2016 08 18 22 50 155  5.5  6.6  0.51  4.00  3.37 163 1013.4  25.3  25.3  23.2 99.0 99.00
2016 08 18 23 50 158  6.0  7.0  0.54  4.17  3.43 158 1013.2  25.7  25.2  23.3 99.0 99.00
2016 08 19 00 50 157  6.3  7.5  0.51  4.17  3.36 157 1012.7  25.6  25.2  23.6 99.0 99.00
2016 08 19 01 50 166  8.4 10.2  0.57  3.70  3.28 156 1012.8  25.2  25.1  24.0 99.0 99.00
2016 08 19 02 50 173  8.6 10.2  0.75  3.85  3.50 158 1012.9  24.9  25.1  23.3 99.0 99.00
2016 08 19 04 50 187  7.7  9.2  0.90  4.00  3.73 158 1012.6  24.9  24.9  23.3 99.0 99.00
2016 08 19 05 50 203  7.3  8.6  0.91  4.17  3.70 151 1012.5  25.0  24.9  22.9 99.0 99.00
2016 08 19 06 50 196  5.3  6.1  0.82  4.55  3.72 152 1012.0  24.9  24.8  23.3 99.0 99.00
2016 08 19 07 50 205  3.8  4.6  0.65  4.35  3.71 146 1011.9  25.0  24.8  23.4 99.0 99.00
2016 08 19 08 50 190  5.3  6.1  0.56  4.17  3.50 142 1011.4  24.7  24.8  21.2 99.0 99.00
2016 08 19 09 50 207  7.5  8.5  0.53  4.17  3.43 139 1011.3  24.9  24.9  19.9 99.0 99.00
2016 08 19 10 50 190  7.6  8.8  0.53  3.57  3.25 152 1011.1  24.4  24.8  20.5 99.0 99.00
2016 08 19 11 50 195  7.0  8.3  0.61  3.45  3.33 164 1011.6  24.2  24.8  21.7 99.0 99.00
2016 08 19 12 50 206  7.4  8.5  0.61  3.85  3.36 147 1012.3  24.1  24.9  21.4 99.0 99.00
2016 08 19 13 50 191  6.3  7.2  0.62  4.00  3.47 151 1011.5  24.4  24.9  20.5 99.0 99.00
2016 08 19 14 50 265 10.6 14.5  0.59  3.85  3.52 150 1013.1  23.9  24.9  20.5 99.0 99.00
2016 08 19 15 50 248  6.6  8.0  0.65  4.17  3.42 187 1013.6  22.2  24.9  21.3 99.0 99.00
2016 08 19 16 50 142  2.8  3.9  0.61  4.35  3.54 162 1010.9  22.8  24.8  19.6 99.0 99.00
2016 08 19 17 50 182  5.2  6.1  0.53  3.70  3.60 197 1010.9  24.0  24.8  18.6 99.0 99.00
2016 08 19 18 50 186  7.0  8.1  0.45  4.35  3.40 164 1010.9  24.8  24.8  19.3 99.0 99.00
2016 08 19 19 50 185  8.4  9.9  0.51  3.70  3.12 190 1010.2  24.2  24.9  20.9 99.0 99.00
2016 08 19 20 50 190  8.8 10.0  0.67  3.33  3.18 175 1010.3  24.1  24.9  20.8 99.0 99.00
2016 08 19 21 50 201  6.9  7.9  0.78  3.57  3.40 157 1010.1  24.2  24.9  20.9 99.0 99.00
2016 08 19 22 50 186  6.1  6.9  0.78  3.85  3.46 164 1009.6  24.6  24.9  21.4 99.0 99.00
2016 08 19 23 50 177  4.8  5.6  0.73  4.00  3.59 189 1009.1  25.6  24.8  20.4 99.0 99.00
2016 08 20 00 50 167  4.7  5.4  0.73  4.00  3.60 175 1009.3  25.4  24.8  20.9 99.0 99.00
2016 08 20 01 50 173  6.1  7.1  0.57  4.00  3.42 173 1009.2  25.3  24.8  22.1 99.0 99.00
2016 08 20 02 50 173  7.0  8.2  0.56  3.85  3.25 176 1009.4  25.2  24.8  22.8 99.0 99.00
2016 08 20 03 50 191  8.0  9.5  0.56  3.70  3.30 161 1009.5  25.3  24.9  23.2 99.0 99.00
2016 08 20 04 50 196  6.8  8.0  0.58  3.85  3.40 162 1009.0  25.4  24.9  22.7 99.0 99.00
2016 08 20 05 50 179  6.0  7.1  0.61  3.85  3.47 161 1008.7  25.0  24.9  22.7 99.0 99.00
2016 08 20 06 50 187  6.0  7.2  0.51  3.70  3.34 153 1008.7  24.9  24.9  22.8 99.0 99.00
2016 08 20 07 50 181  6.9  8.3  0.50  4.00  3.30 159 1008.4  24.8  24.9  23.2 99.0 99.00
2016 08 20 08 50 178  6.6  8.0  0.50  3.85  3.30 156 1007.7  24.8  24.9  23.1 99.0 99.00
2016 08 20 09 50 173  7.3  8.7  0.57  4.00  3.39 169 1006.7  24.7  24.9  23.0 99.0 99.00
2016 08 20 10 50 169  8.1 10.3  0.67  4.00  3.42 173 1006.2  24.5  24.9  23.1 99.0 99.00
2016 08 20 11 50 162  8.8 10.0  0.84  4.17  3.71 170 1005.2  24.4  24.8  23.3 99.0 99.00
2016 08 20 12 50 158  9.6 11.8  0.97  4.55  3.76 167 1004.4  24.2  24.8  23.3 99.0 99.00
2016 08 20 13 50 154  9.7 11.1  1.10  4.76  3.95 165 1003.2  24.1  24.8  23.2 99.0 99.00
2016 08 20 14 50 236  5.5  8.2  1.27  4.76  4.05 155 1004.0  20.5  24.7  20.1 99.0 99.00
2016 08 20 15 50 151 11.4 13.4  1.06  5.00  3.97 153 1002.4  23.0  24.7  23.0 99.0 99.00
2016 08 20 16 50 164  8.3  9.8  1.09  4.76  3.93 160 1001.5  22.9  24.7  21.9 99.0 99.00
2016 08 20 17 50 182 10.0 11.5  1.06  5.00  3.89 168 1001.0  23.6  24.7  22.3 99.0 99.00
2016 08 20 18 50 190  9.8 11.7  1.20  4.76  4.09 153 1000.3  23.7  24.8  22.1 99.0 99.00
2016 08 20 19 50 204 10.2 11.9  1.25  5.26  4.17 155 1000.1  24.1  24.9  22.3 99.0 99.00
2016 08 20 20 50 236  7.7  9.4  1.14  5.26  4.20 146 1000.2  23.9  25.0  21.5 99.0 99.00
2016 08 20 21 50 225  8.3  9.9  1.03  5.26  4.12 135 1000.3  24.1  25.0  21.7 99.0 99.00
2016 08 20 22 50 278 11.1 13.8  0.98  5.26  3.66 149 1000.8  22.5  25.0  20.3 99.0 99.00
2016 08 20 23 50 280 11.6 14.5  1.13  4.00  3.84 239 1001.5  22.0  25.0  17.8 99.0 99.00
2016 08 21 00 50 283 11.0 13.5  1.34  4.76  4.16 233 1002.1  22.2  24.9  16.6 99.0 99.00
2016 08 21 01 50 284 10.4 13.2  1.49  5.26  4.42 256 1003.0  22.3  24.8  16.1 99.0 99.00
2016 08 21 02 50 287 11.4 14.1  1.59  5.26  4.53 274 1003.7  21.9  24.7  16.3 99.0 99.00
2016 08 21 03 50 287 12.3 14.4  1.71  5.00  4.69 285 1004.1  21.1  24.6  15.5 99.0 99.00
2016 08 21 04 50 287 11.1 13.3  1.69  5.88  4.62 318 1004.6  20.6  24.5  15.7 99.0 99.00
2016 08 21 05 50 289 10.9 13.3  1.68  5.88  4.67 320 1004.8  20.3  24.4  15.6 99.0 99.00
2016 08 21 06 50 284 10.3 12.7  1.50  5.56  4.53 296 1005.0  20.0  24.3  15.8 99.0 99.00
2016 08 21 07 50 282 10.1 12.4  1.38  5.26  4.46 311 1005.3  19.9  24.2  15.7 99.0 99.00
2016 08 21 08 50 275 10.6 12.7  1.45  5.56  4.62 286 1005.8  19.3  24.1  15.7 99.0 99.00
2016 08 21 09 50 287 10.3 12.1  1.27  5.00  4.41 279 1006.2  18.8  24.0  15.0 99.0 99.00
2016 08 21 10 50 291  9.1 11.5  1.31  5.26  4.35 296 1007.0  18.9  24.0  15.4 99.0 99.00
2016 08 21 11 50 296  8.3  9.8  1.36  5.56  4.48 318 1007.8  18.4  23.9  15.4 99.0 99.00
2016 08 21 12 50 293  9.1 11.0  1.41  5.56  4.52 304 1008.6  18.4  23.8  15.0 99.0 99.00
2016 08 21 13 50 295  9.0 11.6  1.23  5.26  4.23 309 1009.5  18.5  23.8  14.9 99.0 99.00
2016 08 21 14 50 300  9.2 11.5  1.36  5.56  4.31 321 1010.3  18.6  23.8  14.6 99.0 99.00
2016 08 21 15 50 293  8.6 10.9  1.33  5.00  4.33 326 1011.0  19.0  23.8  14.3 99.0 99.00
2016 08 21 16 50 291  8.5 10.6  1.16  5.56  4.12 325 1011.7  19.3  23.9  13.8 99.0 99.00
2016 08 21 17 50 289  8.2  9.6  1.12  4.76  3.97 336 1012.2  19.6  23.9  14.4 99.0 99.00
2016 08 21 18 50 302  7.9  9.5  1.06  5.00  3.93 356 1012.8  19.9  23.9  14.3 99.0 99.00
2016 08 21 19 50 292  6.6  8.4  0.96  4.76  3.86 344 1013.1  20.0  23.9  14.3 99.0 99.00
2016 08 21 20 50 289  6.8  8.4  0.90  4.55  3.77 338 1013.4  20.5  24.0  14.5 99.0 99.00
2016 08 21 21 50 298  5.5  6.8  0.74  4.35  3.68 332 1013.8  20.8  24.0  14.1 99.0 99.00
2016 08 21 22 50 354  8.6 10.4  0.70  4.55  3.49  30 1014.1  19.9  24.0  14.7 99.0 99.00
2016 08 21 23 50 356  5.8  7.3  0.84  4.17  3.68  15 1014.6  20.4  24.0  13.9 99.0 99.00
2016 08 22 00 50 360  5.2  6.6  0.66  4.00  3.67 357 1015.2  20.2  23.9  13.8 99.0 99.00
2016 08 22 01 50 341  3.5  4.9  0.67  3.85  4.01 339 1016.1  20.3  23.8  13.4 99.0 99.00
2016 08 22 02 50 307  5.0  6.4  0.68  5.88  4.21  30 1016.5  20.7  23.8  12.7 99.0 99.00
2016 08 22 04 50 333  4.1  5.4  0.56  6.25  4.19  33 1017.5  20.7  23.7  12.5 99.0 99.00
2016 08 22 05 50 306  4.1  5.0  0.53  5.88  4.19  32 1017.9  21.0  23.7  11.7 99.0 99.00
2016 08 22 06 50 304  3.8  5.4  0.47  6.25  3.91 357 1018.1  21.0  23.6  11.4 99.0 99.00
2016 08 22 07 50 306  3.5  5.5  0.46  5.88  4.03  10 1018.5  21.0  23.6  11.1 99.0 99.00
2016 08 22 08 50 298  3.4  5.2  0.46  5.56  3.93 354 1018.8  21.1  23.6  11.0 99.0 99.00
2016 08 22 09 50 284  3.9  5.3  0.43  5.56  3.76  14 1019.1  20.9  23.5  11.3 99.0 99.00
2016 08 22 10 50 278  3.4  4.6  0.42  5.00  3.70  11 1019.7  20.8  23.5  11.6 99.0 99.00
2016 08 22 11 50 297  3.2  4.4  0.36  4.35  3.60  10 1020.1  20.9  23.6  10.8 99.0 99.00
2016 08 22 12 50 303  2.8  3.7  0.34  4.17  3.37  26 1020.6  21.0  23.6  10.2 99.0 99.00
2016 08 22 13 50 251  2.7  4.2  0.30  3.85  3.29   3 1021.2  21.0  23.7  11.8 99.0 99.00
2016 08 22 14 50 233  3.2  5.2  0.28  4.55  3.28 325 1021.7  21.2  23.7  11.1 99.0 99.00
2016 08 22 15 50 231  4.1  5.1  0.23 99.00  3.22 999 1021.8  21.0  23.9  13.3 99.0 99.00
2016 08 22 16 50 216  4.2  5.8  0.26  2.60  3.12 234 1022.0  21.3  23.9  11.2 99.0 99.00
2016 08 22 17 50 205  4.1  5.3  0.26  2.86  2.96 227 1021.9  21.5  24.0  11.2 99.0 99.00
2016 08 22 18 50 191  4.9  6.6  0.27  2.74  2.95 225 1021.7  21.7  24.0  11.2 99.0 99.00
2016 08 22 19 50 174  4.3  5.6  0.30  2.94  2.92 222 1021.2  21.9  24.0  10.9 99.0 99.00
2016 08 22 20 50 159  5.2  6.3  0.28  2.86  2.82 222 1020.6  22.0  24.0  12.0 99.0 99.00
2016 08 22 21 50 161  5.9  7.2  0.29  2.86  2.81 217 1020.5  22.3  24.0  12.6 99.0 99.00
2016 08 22 22 50 159  5.7  6.9  0.29  2.60  2.66 191 1020.3  22.8  24.0  13.3 99.0 99.00
2016 08 22 23 50 162  6.6  7.8  0.35  2.60  2.60 171 1019.9  23.1  23.9  14.6 99.0 99.00
2016 08 23 00 50 166  7.6  8.7  0.46  2.86  2.81 162 1019.7  23.4  23.8  15.1 99.0 99.00
2016 08 23 01 50 171  8.7 10.1  0.58  3.45  3.11 164 1020.0  23.5  23.7  15.8 99.0 99.00
2016 08 23 02 50 176  9.3 10.8  0.78  3.70  3.37 160 1020.0  23.6  23.6  16.1 99.0 99.00
2016 08 23 03 50 181  8.4 10.0  0.92  4.17  3.68 162 1020.4  23.5  23.6  17.1 99.0 99.00
2016 08 23 04 50 202  8.5 10.5  0.95  4.35  3.76 159 1020.7  23.6  23.6  16.0 99.0 99.00
2016 08 23 05 50 194  8.6 10.1  0.82  4.35  3.77 163 1021.0  23.5  23.7  16.4 99.0 99.00
2016 08 23 06 50 191  8.6  9.9  0.81  4.35  3.78 158 1020.9  23.4  23.7  16.7 99.0 99.00
2016 08 23 07 50 193  8.2  9.8  0.86  4.55  3.95 160 1020.9  23.3  23.8  17.1 99.0 99.00
2016 08 23 08 50 199  7.6  9.0  0.87  4.76  3.99 154 1021.1  23.2  23.8  17.0 99.0 99.00
2016 08 23 09 50 192  7.6  9.3  0.95  5.00  4.05 150 1021.2  22.9  23.8  17.5 99.0 99.00
2016 08 23 10 50 193  7.0  8.4  0.89  5.00  4.02 147 1021.4  22.8  23.8  17.7 99.0 99.00
2016 08 23 11 50 191  6.9  8.3  0.94  4.76  4.06 156 1021.7  22.7  23.7  17.4 99.0 99.00
2016 08 23 12 50 187  7.0  8.3  0.83  4.76  3.91 155 1021.9  22.7  23.7  17.4 99.0 99.00
2016 08 23 13 50 185  7.9  9.3  0.84  4.35  3.72 157 1022.2  22.8  23.6  17.8 99.0 99.00
2016 08 23 14 50 182  8.8 10.1  0.80  4.17  3.58 160 1022.4  22.6  23.6  17.9 99.0 99.00
2016 08 23 15 50 184  8.8 11.1  0.85  4.55  3.62 164 1022.5  22.6  23.6  17.9 99.0 99.00
2016 08 23 16 50 175  8.8 10.6  0.96  4.17  3.66 166 1022.2  22.8  23.7  17.9 99.0 99.00
2016 08 23 17 50 171  8.8 10.2  0.91  4.35  3.64 162 1021.8  22.9  23.7  17.8 99.0 99.00
2016 08 23 18 50 171  8.6 10.0  0.88  4.17  3.61 163 1021.3  23.3  23.7  17.8 99.0 99.00
2016 08 23 19 50 165  8.1  9.3  0.87  4.55  3.64 157 1020.7  23.6  23.7  17.7 99.0 99.00
2016 08 23 20 50 159  8.3  9.8  0.85  4.17  3.69 158 1020.3  23.8  23.7  17.6 99.0 99.00
2016 08 23 21 50 160  8.1  9.7  0.84  4.35  3.76 159 1020.1  24.1  23.8  17.8 99.0 99.00
2016 08 23 22 50 153  7.7  9.4  0.81  4.55  3.69 163 1019.8  24.1  23.9  18.4 99.0 99.00
2016 08 23 23 50 154  7.7  9.3  0.67  4.17  3.70 160 1019.5  24.3  23.9  18.6 99.0 99.00
2016 08 24 00 50 162  7.8  9.3  0.72  4.35  3.70 166 1019.4  24.3  23.9  19.1 99.0 99.00
2016 08 24 01 50 166  8.4  9.8  0.86  4.55  3.83 163 1019.2  24.4  23.9  18.7 99.0 99.00
2016 08 24 02 50 162  8.3  9.8  0.72  4.76  3.73 173 1018.7  24.3  23.8  19.3 99.0 99.00
2016 08 24 03 50 160  8.3 10.2  0.85  4.55  3.88 167 1018.3  24.2  23.8  19.4 99.0 99.00
2016 08 24 04 50 162  9.2 11.2  0.90  4.35  3.81 163 1017.6  24.0  23.8  19.7 99.0 99.00
2016 08 24 05 50 165 10.4 11.9  1.01  4.55  3.90 165 1017.2  23.9  23.8  19.4 99.0 99.00
2016 08 24 06 50 169 10.3 12.6  1.16  4.76  3.99 161 1016.8  23.9  23.8  19.5 99.0 99.00
2016 08 24 07 50 175 11.2 13.4  1.24  5.00  4.07 162 1016.5  23.9  23.8  19.6 99.0 99.00
2016 08 24 08 50 172 11.7 13.5  1.41  5.26  4.18 159 1015.8  23.5  23.7  19.4 99.0 99.00
2016 08 24 09 50 171 12.1 14.8  1.52  5.26  4.28 163 1014.8  23.5  23.7  20.1 99.0 99.00
2016 08 24 11 50 173 12.1 14.7  1.48  5.56  4.24 157 1014.1  23.3  23.6  20.8 99.0 99.00
2016 08 24 12 50 178 12.5 14.5  1.39  5.56  4.23 162 1014.3  23.3  23.7  21.2 99.0 99.00
2016 08 24 13 50 197 11.9 14.6  1.39  5.26  4.23 146 1015.0  23.1  23.7  21.5 99.0 99.00
2016 08 24 14 50 204  8.7 10.5  1.43  5.56  4.46 144 1014.2  22.5  23.7  21.6 99.0 99.00
2016 08 24 15 50 172  9.7 11.5  1.16  5.88  4.32 150 1013.2  22.8  23.6  21.9 99.0 99.00
2016 08 24 16 50 185  9.0 11.4  1.00  5.00  4.11 145 1013.6  23.1  23.5  22.3 99.0 99.00
2016 08 24 17 50 181  7.2  8.9  1.17  5.56  4.48 151 1013.1  23.2  23.5  22.4 99.0 99.00
2016 08 24 18 50 197  5.8  6.6  1.04  5.56  4.41 143 1012.7  23.4  23.5  22.7 99.0 99.00
2016 08 24 19 50 190  6.4  7.6  0.91  5.88  4.47 137 1012.5  23.4  23.5  22.7 99.0 99.00
2016 08 24 20 50 184  5.6  6.7  1.08  5.88  4.70 146 1012.3  23.8  23.5  23.1 99.0 99.00
2016 08 24 21 50 180  4.2  5.1  1.12  6.25  4.81 146 1012.3  23.8  23.6  23.1 99.0 99.00
2016 08 24 22 50 175  3.8  4.3  0.96  5.56  4.45 154 1012.3  23.9  23.6  23.3 99.0 99.00
2016 08 24 23 50 168  2.9  3.4  0.76  5.26  4.06 164 1012.3  23.9  23.7  23.4 99.0 99.00
2016 08 25 00 50 177  4.3  4.9  0.59  4.76  3.77 160 1012.8  23.9  23.7  23.5 99.0 99.00
2016 08 25 01 50 184  4.5  5.2  0.46  4.35  3.50 160 1013.2  24.2  23.7  23.6 99.0 99.00
2016 08 25 02 50 188  5.2  5.9  0.39  3.85  3.24 160 1013.3  24.1  23.7  23.5 99.0 99.00
2016 08 25 04 50 194  4.3  4.9  0.24 99.00  2.92 999 1012.9  24.3  23.7  23.6 99.0 99.00
2016 08 25 05 50 206  6.2  7.0  0.21 99.00  2.81 999 1012.7  24.6  23.7  23.7 99.0 99.00
2016 08 25 06 50 219  6.0  7.1  0.30  2.35  2.57 157 1013.0  24.4  23.7  23.6 99.0 99.00
2016 08 25 07 50 214  5.1  5.9  0.31  2.86  2.70 148 1012.8  24.1  23.7  23.5 99.0 99.00
2016 08 25 08 50 223  7.8  9.0  0.31  3.23  2.78 148 1013.3  24.0  23.7  23.4 99.0 99.00
2016 08 25 09 50 320  5.2  6.0  0.44  3.13  2.91 228 1013.5  22.4  23.6  21.7 99.0 99.00
2016 08 25 10 50  15  2.7  3.2  0.45  4.00  3.17 225 1013.7  22.3  23.5  22.3 99.0 99.00
2016 08 25 11 50 278  1.1  1.9  0.36  3.70  3.40 231 1013.6  22.5  23.4  21.8 99.0 99.00
2016 08 25 12 50 352  3.6  4.7  0.32  3.85  3.47 224 1014.3  22.4  23.4  21.8 99.0 99.00
2016 08 25 13 50 349  4.1  4.9  0.27  3.85  3.43 226 1014.4  22.7  23.4  21.4 99.0 99.00
2016 08 25 14 50 336  5.0  5.7  0.20 99.00  3.33 999 1014.5  22.6  23.5  19.9 99.0 99.00
2016 08 25 15 50 330  6.3  7.1  0.30  2.60  2.65 360 1015.4  22.4  23.5  19.0 99.0 99.00
2016 08 25 16 50 332  5.3  6.4  0.37  3.03  2.90 354 1016.0  21.9  23.6  18.7 99.0 99.00
2016 08 25 17 50 332  5.1  5.8  0.46  3.23  3.18   6 1016.2  21.7  23.7  18.6 99.0 99.00
2016 08 25 18 50 307  4.1  5.2  0.43  3.45  3.33 360 1016.5  21.9  23.8  18.5 99.0 99.00
2016 08 25 19 50 346  3.8  4.6  0.43  3.33  3.37   3 1016.0  22.6  23.9  17.8 99.0 99.00
2016 08 25 20 50 325  1.3  1.8  0.35  3.45  3.33 340 1016.1  22.9  24.0  17.3 99.0 99.00
2016 08 25 21 50 206  0.4  0.8  0.33  4.00  3.33 323 1016.0  23.6  24.1  17.1 99.0 99.00
2016 08 25 22 50 177  0.7  1.1  0.32  3.85  3.42 318 1016.2  23.1  24.1  17.1 99.0 99.00
2016 08 25 23 50 266  0.7  1.0  0.30  4.17  3.35 319 1016.1  23.1  24.1  17.3 99.0 99.00
2016 08 26 00 50 217  1.6  2.0  0.25  4.00  3.29 316 1016.4  23.0  24.0  17.9 99.0 99.00
2016 08 26 01 50 208  2.0  2.3  0.24 99.00  3.34 999 1016.6  23.1  24.0  19.1 99.0 99.00
2016 08 26 02 50 217  3.5  4.1  0.21 99.00  3.29 999 1016.9  23.3  23.9  20.3 99.0 99.00
2016 08 26 03 50 265  3.0  3.4  0.19 99.00  3.20 999 1017.2  23.6  23.9  20.3 99.0 99.00
2016 08 26 04 50 290  5.6  6.4  0.17 99.00  3.19 999 1017.3  24.0  23.8  18.8 99.0 99.00
2016 08 26 05 50 294  6.2  7.3  0.18 99.00  2.78 999 1017.8  23.7  23.7  18.7 99.0 99.00
2016 08 26 06 50 307  6.8  7.8  0.31  2.60  2.63 299 1018.0  23.4  23.6  18.5 99.0 99.00
2016 08 26 07 50 304  6.8  7.6  0.38  3.13  2.88 313 1018.3  23.2  23.5  18.3 99.0 99.00
2016 08 26 08 50 332  6.8  7.9  0.46  3.23  3.09 337 1018.3  22.5  23.5  18.3 99.0 99.00
2016 08 26 09 50 348  6.9  8.2  0.58  3.57  3.43 341 1018.5  22.0  23.5  17.5 99.0 99.00
2016 08 26 10 50 349  5.6  6.6  0.52  3.85  3.38 353 1019.5  21.7  23.5  17.4 99.0 99.00
2016 08 26 11 50   1  5.2  6.2  0.47  3.70  3.38 350 1019.7  21.4  23.5  17.1 99.0 99.00
2016 08 26 12 50 354  4.9  5.8  0.47  3.85  3.48   6 1020.6  21.2  23.5  17.1 99.0 99.00
2016 08 26 13 50   9  4.1  4.7  0.43  3.57  3.44   2 1020.6  21.4  23.6  16.7 99.0 99.00
2016 08 26 14 50 354  3.2  4.5  0.40  3.85  3.49  16 1021.3  21.4  23.6  16.6 99.0 99.00
2016 08 26 15 50 347  2.7  3.5  0.35  3.57  3.35 356 1021.7  21.3  23.7  15.8 99.0 99.00
2016 08 26 16 50 321  1.3  2.1  0.32  3.45  3.31 354 1021.5  21.5  23.8  15.1 99.0 99.00
2016 08 26 17 50   2  2.9  3.5  0.27  3.23  3.12  10 1020.8  21.5  24.0  15.2 99.0 99.00
2016 08 26 18 50 351  2.5  3.2  0.25 99.00  3.09 999 1020.9  21.3  24.0  15.3 99.0 99.00
2016 08 26 19 50  17  2.1  2.7  0.24 99.00  3.04 999 1020.6  21.5  24.2  15.3 99.0 99.00
2016 08 26 20 50  23  2.8  3.6  0.22 99.00  3.01 999 1020.2  21.6  24.2  14.8 99.0 99.00
2016 08 26 21 50  56  2.8  4.0  0.22 99.00  3.00 999 1020.1  21.6  24.2  14.9 99.0 99.00
2016 08 26 22 50  55  2.5  3.3  0.21 99.00  2.93 999 1020.3  21.8  24.1  14.4 99.0 99.00
2016 08 26 23 50  53  3.3  4.2  0.21 99.00  3.00 999 1019.9  21.7  24.1  13.8 99.0 99.00
2016 08 27 00 50  53  4.4  5.4  0.20 99.00  3.05 999 1020.1  21.7  23.9  14.3 99.0 99.00
2016 08 27 01 50  59  4.7  5.6  0.21 99.00  3.04 999 1020.6  21.7  23.9  15.1 99.0 99.00
2016 08 27 02 50  53  4.9  5.6  0.19 99.00  2.95 999 1020.4  21.8  23.8  14.9 99.0 99.00
2016 08 27 03 50  58  5.5  6.4  0.23 99.00  2.68 999 1020.0  22.0  23.8  14.7 99.0 99.00
2016 08 27 04 50  57  6.8  8.1  0.28  2.47  2.64  55 1019.6  22.1  23.7  15.2 99.0 99.00
2016 08 27 05 50  64  6.7  7.6  0.36  2.74  2.72  57 1019.2  22.1  23.7  16.2 99.0 99.00
2016 08 27 06 50  86  6.6  8.4  0.44  2.86  3.01  60 1019.0  22.0  23.7  17.0 99.0 99.00
2016 08 27 07 50  85  6.8  8.0  0.46  3.23  3.09  58 1018.9  21.8  23.6  17.4 99.0 99.00
2016 08 27 08 50  89  7.5  8.9  0.50  3.70  3.17  56 1018.3  21.5  23.6  17.5 99.0 99.00
2016 08 27 09 50  90  7.5  8.8  0.57  3.57  3.34  65 1017.5  21.6  23.5  17.8 99.0 99.00
2016 08 27 10 50 102  7.7  8.8  0.66  4.00  3.54  78 1017.9  21.6  23.5  18.5 99.0 99.00
2016 08 27 11 50 122  6.9  8.0  0.66  4.00  3.55  54 1018.4  21.5  23.4  19.1 99.0 99.00
2016 08 27 12 50 159  8.2  9.4  0.66  4.35  3.44  33 1019.0  21.8  23.4  21.6 99.0 99.00
2016 08 27 13 50 143  5.3  6.5  0.65  3.85  3.57  79 1017.5  22.0  23.4  21.8 99.0 99.00
2016 08 27 14 50 136  8.0  9.3  0.69  4.35  3.63  62 1017.8  21.9  23.5  21.5 99.0 99.00
2016 08 27 15 50 133  5.8  6.6  0.64  4.00  3.44  61 1016.8  22.4  23.5  21.1 99.0 99.00
2016 08 27 16 50 150  5.2  6.0  0.64  4.00  3.55  84 1016.9  22.8  23.6  21.6 99.0 99.00
2016 08 27 17 50 162  7.0  8.4  0.53  3.85  3.35  93 1016.8  23.1  23.6  22.1 99.0 99.00
2016 08 27 18 50 164  6.6  7.8  0.58  3.70  3.40  93 1016.5  23.4  23.6  22.4 99.0 99.00
2016 08 27 19 50 173  6.3  7.3  0.78  4.17  3.64 114 1016.3  23.6  23.7  22.7 99.0 99.00
2016 08 27 20 50 173  6.3  7.7  0.73  4.35  3.62 117 1015.9  24.0  23.8  22.8 99.0 99.00
2016 08 27 21 50 157  5.8  6.8  0.62  3.85  3.40 130 1015.4  24.1  23.8  23.0 99.0 99.00
2016 08 27 22 50 150  4.8  5.8  0.54  3.85  3.31 137 1015.7  24.2  23.9  23.1 99.0 99.00
2016 08 27 23 50 143  4.1  4.7  0.39  3.70  3.16 151 1016.0  24.1  23.8  23.3 99.0 99.00
2016 08 28 00 50 134  3.9  4.4  0.31  3.45  3.10 150 1016.1  24.1  23.8  23.2 99.0 99.00
2016 08 28 01 50 153  4.3  4.9  0.27  3.45  3.09 159 1017.0  24.2  23.8  23.6 99.0 99.00
2016 08 28 02 50 215  9.6 12.5  0.22 99.00  3.01 999 1017.1  24.4  23.8  22.7 99.0 99.00
2016 08 28 04 50 223  4.5  5.3  0.16 99.00  2.83 999 1017.8  24.2  23.7  22.5 99.0 99.00
2016 08 28 05 50 258  5.2  6.1  0.17 99.00  2.61 999 1018.2  24.0  23.7  22.6 99.0 99.00
2016 08 28 06 50 309  6.1  7.3  0.20 99.00  2.55 999 1018.3  23.0  23.7  22.6 99.0 99.00
2016 08 28 07 50 347  5.1  5.9  0.25 99.00  2.53 999 1019.0  22.2  23.7  22.2 99.0 99.00
2016 08 28 09 50 353  5.2  6.0  0.27  2.35  2.44 357 1019.9  22.6  23.6  21.2 99.0 99.00
2016 08 28 10 50  13  3.3  3.8  0.24 99.00  2.59 999 1020.2  22.4  23.6  20.7 99.0 99.00
2016 08 28 11 50  47  2.7  3.1  0.24 99.00  2.68 999 1020.8  22.6  23.5  20.7 99.0 99.00
2016 08 28 12 50  40  2.9  3.5  0.23 99.00  2.75 999 1021.6  22.8  23.5  20.0 99.0 99.00
2016 08 28 13 50  78  1.6  2.1  0.19 99.00  2.67 999 1022.1  23.0  23.6  19.9 99.0 99.00
2016 08 28 14 50  46  1.4  1.8  0.16 99.00  2.80 999 1022.5  23.1  23.8  19.4 99.0 99.00
2016 08 28 15 50  14  4.9  5.7  0.15 99.00  2.79 999 1022.7  22.6  24.0  20.0 99.0 99.00
2016 08 28 16 50  52  4.5  5.2  0.18 99.00  2.61 999 1022.8  22.1  24.0  20.4 99.0 99.00
2016 08 28 17 50  52  4.3  5.1  0.24 99.00  2.90 999 1022.6  22.0  24.0  19.9 99.0 99.00
2016 08 28 18 50  42  4.6  5.2  0.23 99.00  2.92 999 1022.1  22.2  24.0  20.0 99.0 99.00
2016 08 28 19 50  54  3.4  4.1  0.24 99.00  2.95 999 1022.2  22.3  24.0  20.3 99.0 99.00
2016 08 28 20 50  72  1.5  2.2  0.24 99.00  2.97 999 1022.4  22.5  24.1  20.3 99.0 99.00
2016 08 28 21 50  37  3.5  4.2  0.23 99.00  2.97 999 1021.7  22.5  24.2  20.5 99.0 99.00
2016 08 28 22 50  42  3.9  4.5  0.24 99.00  3.09 999 1021.7  22.7  24.2  20.3 99.0 99.00
2016 08 28 23 50  50  3.8  4.3  0.25 99.00  2.97 999 1021.4  22.8  24.1  19.5 99.0 99.00
2016 08 29 00 50  48  3.7  4.4  0.29  3.57  2.98  39 1021.5  22.8  24.0  19.8 99.0 99.00
2016 08 29 01 50  57  3.4  4.1  0.28  3.23  2.95  35 1022.2  22.9  23.9  19.5 99.0 99.00
2016 08 29 02 50  51  4.1  5.0  0.24 99.00  2.82 999 1022.5  23.3  23.9  19.1 99.0 99.00
2016 08 29 03 50  70  3.2  4.1  0.25  3.23  2.75  38 1022.9  23.1  23.9  19.3 99.0 99.00
2016 08 29 04 50  66  2.8  3.3  0.22 99.00  2.69 999 1023.1  23.0  23.8  19.8 99.0 99.00
2016 08 29 05 50  60  2.5  3.2  0.21 99.00  2.71 999 1023.0  22.8  23.8  19.5 99.0 99.00
2016 08 29 06 50  83  2.7  3.3  0.19 99.00  2.73 999 1022.9  22.8  23.8  19.9 99.0 99.00
2016 08 29 07 50  89  3.1  3.6  0.17 99.00  2.72 999 1022.7  22.6  23.8  20.7 99.0 99.00
2016 08 29 08 50  86  2.0  2.7  0.15 99.00  2.64 999 1022.7  22.8  23.7  20.4 99.0 99.00
2016 08 29 09 50  65  3.1  3.7  0.13 99.00  2.68 999 1023.1  22.9  23.7  20.7 99.0 99.00
2016 08 29 10 50  42  3.1  3.7  0.14 99.00  2.70 999 1023.0  22.6  23.7  21.1 99.0 99.00
2016 08 29 11 50  66  3.6  3.9  0.12 99.00  2.75 999 1023.4  22.7  23.7  21.3 99.0 99.00
2016 08 29 12 50  58  2.9  3.2  0.12 99.00  2.72 999 1023.5  22.9  23.6  21.4 99.0 99.00
2016 08 29 13 50  94  2.8  3.1  0.12 99.00  2.80 999 1023.7  23.1  23.7  21.7 99.0 99.00
2016 08 29 14 50 104  3.9  4.5  0.12 99.00  2.94 999 1023.8  23.0  23.7  22.0 99.0 99.00
2016 08 29 15 50 116  3.1  3.7  0.14 99.00  2.82 999 1024.2  23.4  23.8  22.6 99.0 99.00
2016 08 29 16 50 131  2.2  2.6  0.12 99.00  2.81 999 1024.5  23.7  24.1  22.2 99.0 99.00
2016 08 29 17 50 152  1.3  1.7  0.14 99.00  2.82 999 1024.2  23.9  24.6  22.1 99.0 99.00
2016 08 29 18 50 176  0.0  0.3  0.16 99.00  3.05 999 1024.0  24.9  25.7  21.8 99.0 99.00
2016 08 29 19 50 174  1.2  1.7  0.18 99.00  2.93 999 1022.7  24.7  26.4  22.2 99.0 99.00
2016 08 29 20 50  21  1.1  1.6  0.19 99.00  2.87 999 1022.2  24.8  26.7  22.3 99.0 99.00
2016 08 29 21 50  47  1.9  2.9  0.16 99.00  2.83 999 1021.7  24.8  26.4  22.6 99.0 99.00
2016 08 29 22 50  57  2.2  2.9  0.13 99.00  2.76 999 1021.7  25.0  25.9  22.9 99.0 99.00
2016 08 29 23 50  71  1.5  1.8  0.10 99.00  2.70 999 1021.7  24.8  25.7  22.9 99.0 99.00
2016 08 30 00 50  79  1.5  1.9  0.10 99.00  2.88 999 1021.6  24.7  25.5  23.1 99.0 99.00
2016 08 30 01 50  84  2.9  3.3  0.08 99.00  3.05 999 1021.1  24.6  25.1  23.2 99.0 99.00
2016 08 30 02 50  95  2.5  2.9  0.06 99.00  2.93 999 1021.0  24.4  24.9  23.6 99.0 99.00
2016 08 30 03 50  98  2.2  2.5  0.08 99.00  3.69 999 1021.2  24.2  24.7  23.9 99.0 99.00
2016 08 30 04 50 105  1.2  1.5  0.06 99.00  3.09 999 1021.2  24.1  24.5  23.9 99.0 99.00
2016 08 30 05 50 176  0.1  0.4  0.05 99.00  3.12 999 1021.5  23.9  24.3  23.9 99.0 99.00
2016 08 30 06 50 179  1.5  1.7  0.05 99.00  3.44 999 1021.3  24.2  24.3  24.0 99.0 99.00
2016 08 30 07 50 238  0.9  1.2  0.06 99.00  3.25 999 1020.6  24.3  24.5  23.4 99.0 99.00
2016 08 30 08 50 175  0.4  0.6  0.04 99.00  3.23 999 1020.2  24.1  24.5  23.7 99.0 99.00
2016 08 30 09 50 233  0.8  1.3  0.04 99.00  3.05 999 1020.1  24.0  24.5  23.6 99.0 99.00
2016 08 30 10 50 165  2.0  2.3  0.04 99.00  2.96 999 1020.0  23.9  24.4  21.5 99.0 99.00
2016 08 30 11 50 132  1.8  2.5  0.04 99.00  2.84 999 1020.2  23.8  24.3  22.0 99.0 99.00
2016 08 30 12 50 156  6.7  7.6  0.14 99.00  2.70 999 1020.0  23.7  24.4  22.0 99.0 99.00
2016 08 30 13 50 169  8.0  9.7  0.30  3.03  2.72 136 1019.8  23.6  24.3  22.0 99.0 99.00
2016 08 30 14 50 174  6.5  7.3  0.43  3.03  2.98 135 1019.5  23.4  24.2  21.8 99.0 99.00
2016 08 30 15 50 179  5.2  6.3  0.47  3.45  3.22 132 1019.5  23.5  24.1  21.6 99.0 99.00
2016 08 30 16 50 197  4.3  5.2  0.51  3.57  3.44 124 1019.5  23.7  24.1  22.1 99.0 99.00
2016 08 30 17 50 180  4.7  5.5  0.49  3.85  3.38 125 1018.9  23.5  24.3  22.1 99.0 99.00
2016 08 30 18 50 185  3.6  4.3  0.43  3.70  3.34 122 1018.5  23.6  24.4  21.9 99.0 99.00
2016 08 30 19 50 201  4.0  4.5  0.35  3.45  3.13 118 1017.9  23.8  24.5  21.9 99.0 99.00
2016 08 30 20 50 203  3.8  4.2  0.31  3.45  3.07 121 1017.6  23.9  24.5  22.4 99.0 99.00
2016 08 30 21 50 251  5.3  6.3  0.28  3.45  3.06 113 1017.0  23.7  24.5  22.9 99.0 99.00
2016 08 30 22 50 229  5.0  5.8  0.26  3.33  2.76 121 1016.3  23.4  24.4  22.0 99.0 99.00
2016 08 30 23 50 278  3.2  4.0  0.27  2.60  2.71 218 1016.2  23.3  24.3  22.0 99.0 99.00
2016 08 31 00 50 263  2.6  3.3  0.23 99.00  2.66 999 1016.2  23.4  24.2  21.9 99.0 99.00
2016 08 31 01 50 222  1.5  1.9  0.18 99.00  2.56 999 1016.8  23.5  24.1  21.1 99.0 99.00
2016 08 31 02 50 276  3.0  3.5  0.17 99.00  2.57 999 1016.8  23.4  24.1  22.0 99.0 99.00
2016 08 31 03 50 253  3.7  4.3  0.19 99.00  2.70 999 1016.9  23.4  24.1  21.6 99.0 99.00
2016 08 31 04 50 238  3.4  4.0  0.15 99.00  2.70 999 1016.7  23.5  24.1  21.6 99.0 99.00
2016 08 31 05 50 258  4.4  4.9  0.13 99.00  2.52 999 1016.3  23.4  24.1  21.7 99.0 99.00
2016 08 31 06 50 293  5.0  6.0  0.14 99.00  2.66 999 1015.8  23.4  24.1  22.1 99.0 99.00
2016 08 31 07 50 356  6.2  7.2  0.20 99.00  2.43 999 1015.8  23.1  24.0  21.7 99.0 99.00
2016 08 31 09 50  18  8.3  9.9  0.65  3.70  3.23   1 1015.3  22.9  24.1  22.4 99.0 99.00
2016 08 31 10 50  18  8.6 10.4  0.82  4.35  3.58   9 1015.5  22.4  24.1  22.0 99.0 99.00
2016 08 31 12 50  33  8.6 10.6  1.21  6.25  4.32   5 1016.6  21.8  24.0  18.8 99.0 99.00
2016 08 31 13 50  28  8.8 10.3  1.23  5.88  4.46  23 1016.8  21.4  23.9  17.6 99.0 99.00
2016 08 31 14 50  38  9.2 10.9  1.23  5.56  4.42  27 1017.0  21.2  23.8  15.3 99.0 99.00
2016 08 31 15 50  32  9.5 11.3  1.26  5.56  4.37  26 1017.3  21.0  23.8  14.9 99.0 99.00
2016 08 31 16 50  24  9.1 12.0  1.33  5.88  4.54  31 1017.6  21.0  23.8  15.8 99.0 99.00
2016 08 31 17 50  16  9.1 11.2  1.40  5.56  4.65  29 1017.6  21.2  23.7  16.1 99.0 99.00
2016 08 31 18 50  14  9.7 12.0  1.38  5.88  4.83  41 1017.5  21.4  23.7  15.4 99.0 99.00
2016 08 31 19 50  12 10.1 12.5  1.47  6.25  4.68  48 1017.2  21.4  23.7  15.3 99.0 99.00
2016 08 31 20 50   6 10.7 12.9  1.57  5.56  4.76  50 1017.0  21.5  23.7  15.3 99.0 99.00
2016 08 31 21 50  11 10.8 12.8  1.61  5.88  4.80  52 1017.1  21.6  23.6  15.7 99.0 99.00
2016 08 31 22 50   8 11.1 13.7  1.82  5.88  4.94  49 1017.1  21.7  23.6  15.2 99.0 99.00
2016 08 31 23 50  17 11.1 12.9  1.93  6.25  5.12  49 1017.0  21.9  23.5  15.2 99.0 99.00
2016 09 01 00 50  24 10.8 12.7  1.88  6.67  4.94  54 1017.4  22.0  23.5  14.6 99.0 99.00
2016 09 01 01 50  28 10.2 11.6  1.70  6.67  4.78  53 1017.9  22.1  23.4  14.6 99.0 99.00
2016 09 01 02 50  34  8.7 10.6  1.63  6.25  4.75  50 1018.0  21.9  23.4  15.9 99.0 99.00
2016 09 01 03 50  38  9.0 10.8  1.45  5.56  4.52  42 1018.2  21.9  23.4  14.8 99.0 99.00
2016 09 01 04 50  32  8.5  9.9  1.27  5.26  4.36  48 1018.6  21.8  23.3  13.5 99.0 99.00
2016 09 01 05 50  33  7.7  9.1  1.10  5.88  4.22  49 1019.0  21.5  23.3  13.7 99.0 99.00
2016 09 01 06 50  46  6.5  7.5  0.95  4.55  4.10  37 1019.0  21.3  23.3  13.5 99.0 99.00
2016 09 01 07 50  47  6.6  8.2  0.83  5.26  3.94  35 1019.0  21.3  23.3  13.6 99.0 99.00
2016 09 01 08 50  49  7.1  8.2  0.77  5.00  3.81  42 1019.3  21.0  23.3  13.9 99.0 99.00
2016 09 01 09 50  43  7.7  9.2  0.79  4.17  3.82  51 1019.3  20.9  23.2  13.3 99.0 99.00
2016 09 01 10 50  43  7.9  9.8  0.85  4.55  4.03  44 1019.6  20.5  23.2  14.7 99.0 99.00
2016 09 01 11 50  46  8.1  9.6  0.85  4.35  3.99  48 1020.1  20.4  23.2  14.4 99.0 99.00
2016 09 01 12 50  44  7.7  9.6  0.91  5.00  4.04  33 1020.5  20.2  23.1  14.0 99.0 99.00
2016 09 01 13 50  46  7.1  8.6  0.92  5.00  4.11  40 1020.8  19.9  23.1  13.3 99.0 99.00
2016 09 01 14 50  41  7.4  8.9  0.94  5.56  4.11  29 1021.3  20.1  23.2  14.3 99.0 99.00
2016 09 01 15 50  39  8.9 10.6  1.16  5.88  4.48  25 1021.3  20.3  23.2  14.1 99.0 99.00
2016 09 01 16 50  25  9.1 11.0  1.29  5.88  4.45  32 1021.7  19.9  23.2  15.6 99.0 99.00
2016 09 01 17 50  33  8.4 10.4  1.47  5.56  4.66  35 1021.6  20.5  23.2  13.8 99.0 99.00
2016 09 01 18 50  28  8.5 10.5  1.37  6.67  4.61  26 1021.7  20.4  23.2  14.0 99.0 99.00
2016 09 01 19 50  23  9.7 11.6  1.37  6.25  4.46  28 1021.3  20.6  23.2  14.7 99.0 99.00
2016 09 01 20 50  17 10.1 11.7  1.62  6.25  4.72  35 1021.2  20.5  23.2  15.0 99.0 99.00
2016 09 01 21 50  12  9.8 12.1  1.64  6.67  4.78  36 1021.1  20.6  23.2  15.8 99.0 99.00
2016 09 01 22 50  18 10.3 12.1  1.59  6.25  4.77  39 1021.2  20.8  23.1  15.9 99.0 99.00
2016 09 01 23 50  21 10.7 12.5  1.61  5.88  4.70  43 1021.1  20.9  23.1  15.7 99.0 99.00
2016 09 02 00 50  24 11.0 12.7  1.84  6.67  5.00  46 1021.3  20.8  23.1  15.8 99.0 99.00
2016 09 02 01 50  33 10.8 12.6  1.91  6.67  5.15  39 1022.0  20.8  23.1  15.4 99.0 99.00
2016 09 02 02 50  37 10.6 12.9  1.93  7.14  5.15  31 1022.3  20.7  23.0  15.4 99.0 99.00
2016 09 02 03 50  50 10.0 12.1  1.95  7.14  5.37  26 1022.6  20.5  23.0  14.1 99.0 99.00
2016 09 02 04 50  54  9.3 10.8  1.70  6.67  5.15  31 1022.9  20.0  22.9  13.0 99.0 99.00
2016 09 02 05 50  70  8.5 10.8  1.70  6.67  5.32  19 1023.0  19.8  22.9  13.2 99.0 99.00
2016 09 02 06 50  91  7.5  9.2  1.49  7.14  5.10  12 1023.0  19.6  22.8  14.7 99.0 99.00
2016 09 02 07 50 101  7.7 10.2  1.23  5.56  4.65  11 1023.2  20.0  22.8  13.9 99.0 99.00
2016 09 02 08 50  97  7.4  8.7  1.16  6.67  4.61 357 1023.8  19.4  22.8  14.5 99.0 99.00
2016 09 02 09 50  91  6.6  7.8  1.21  6.25  4.42 360 1024.0  19.4  22.8  12.4 99.0 99.00
2016 09 02 10 50  78  5.8  7.2  1.10  6.67  4.35   8 1024.4  19.4  22.8  11.6 99.0 99.00
2016 09 02 11 50  84  5.8  7.5  0.99  5.26  4.27   9 1024.9  19.4  22.8  10.5 99.0 99.00
2016 09 02 12 50  76  5.6  6.9  0.94  5.88  4.30  10 1025.3  19.1  22.8  10.5 99.0 99.00
2016 09 02 13 50  85  4.7  5.9  0.96  5.56  4.14  12 1025.8  19.3  22.8  10.5 99.0 99.00
2016 09 02 14 50  71  4.0  4.8  0.85  5.56  4.18  12 1026.0  19.3  22.9  11.3 99.0 99.00
2016 09 02 15 50  61  3.6  4.5  0.82  5.88  4.22  12 1025.8  19.1  22.9  13.1 99.0 99.00
2016 09 02 16 50  64  3.8  4.4  0.76  5.88  4.22  23 1025.5  19.6  23.0  12.5 99.0 99.00
2016 09 02 17 50  49  4.6  5.9  0.68  5.88  4.21  23 1025.2  19.7  23.0  14.0 99.0 99.00
2016 09 02 18 50  52  3.7  4.8  0.59  5.56  4.24  27 1025.0  19.9  23.1  13.2 99.0 99.00
2016 09 02 19 50  42  3.1  4.1  0.53  5.88  4.15   6 1024.6  20.2  23.2  12.7 99.0 99.00
2016 09 02 20 50  27  3.5  4.8  0.47  5.88  4.42  28 1024.0  20.4  23.2  13.3 99.0 99.00
2016 09 02 21 50  20  4.5  6.1  0.45  5.88  4.46  27 1023.5  20.5  23.2  14.2 99.0 99.00
2016 09 02 22 50  22  6.0  7.0  0.41  5.88  3.95   8 1023.0  20.7  23.2  14.9 99.0 99.00
2016 09 02 23 50  24  5.9  7.6  0.43  5.88  3.70  19 1022.8  20.9  23.1  14.4 99.0 99.00
2016 09 03 00 50  32  6.9  8.0  0.49  5.26  3.46  27 1022.6  20.9  23.0  14.5 99.0 99.00
2016 09 03 01 50  43  7.0  8.3  0.57  3.45  3.40  42 1022.8  21.0  23.0  15.1 99.0 99.00
2016 09 03 02 50  56  6.9  8.0  0.62  3.85  3.50  44 1023.0  21.1  22.9  15.8 99.0 99.00
2016 09 03 03 50  72  6.7  8.6  0.74  4.00  3.67  45 1022.9  21.2  22.9  15.1 99.0 99.00
2016 09 03 04 50 106  6.2  7.4  0.69  4.55  3.74  16 1023.1  21.1  22.8  14.7 99.0 99.00
2016 09 03 05 50 106  6.9  7.9  0.72  4.17  3.61  16 1023.0  20.8  22.8  15.0 99.0 99.00
2016 09 03 06 50 109  6.9  8.1  0.69  3.70  3.49  65 1022.8  20.6  22.8  15.0 99.0 99.00
2016 09 03 07 50 118  6.7  8.0  0.74  4.00  3.55  76 1022.8  20.4  22.8  15.0 99.0 99.00
2016 09 03 09 50 126  4.9  6.6  0.61  3.85  3.50  89 1023.5  19.8  22.8  15.2 99.0 99.00
2016 09 03 10 50 137  4.0  5.2  0.59  3.85  3.55  78 1023.6  19.5  22.7  14.9 99.0 99.00
2016 09 03 11 50 118  3.8  4.7  0.54  4.00  3.44  96 1023.8  19.2  22.7  14.8 99.0 99.00
2016 09 03 12 50 122  4.0  4.9  0.48  3.57  3.40 101 1024.1  19.3  22.7  14.2 99.0 99.00
2016 09 03 13 50 118  3.1  4.0  0.40  3.33  3.18 105 1024.2  19.1  22.7  14.0 99.0 99.00
2016 09 03 14 50 112  3.1  3.8  0.36  3.33  3.06 121 1024.4  19.2  22.7  14.0 99.0 99.00
2016 09 03 15 50  98  3.1  4.1  0.32  3.03  3.10 117 1024.4  19.0  22.8  13.8 99.0 99.00
2016 09 03 16 50  91  2.5  3.3  0.28  2.94  2.98 125 1024.1  18.9  22.9  13.5 99.0 99.00
2016 09 03 17 50  84  1.7  2.4  0.28  2.74  2.88 120 1023.8  19.0  23.1  12.7 99.0 99.00
2016 09 03 18 50  88  1.7  2.9  0.26  2.74  2.99 110 1023.2  19.2  23.3  13.1 99.0 99.00
2016 09 03 19 50  84  2.0  2.7  0.22 99.00  2.99 999 1022.5  19.5  23.4  12.1 99.0 99.00
2016 09 03 20 50  80  2.1  2.7  0.18 99.00  2.87 999 1022.2  19.8  23.5  11.4 99.0 99.00
2016 09 03 21 50  75  2.0  2.6  0.14 99.00  3.10 999 1021.9  20.2  23.5  11.3 99.0 99.00
2016 09 03 22 50  57  1.5  2.1  0.12 99.00  3.08 999 1021.6  20.8  23.4  11.6 99.0 99.00
2016 09 03 23 50  60  1.7  2.3  0.10 99.00  3.21 999 1021.4  21.0  23.4  11.9 99.0 99.00
2016 09 04 00 50  80  2.7  3.4  0.09 99.00  3.37 999 1021.1  21.3  23.3  12.6 99.0 99.00
2016 09 04 01 50  88  3.1  3.4  0.10 99.00  3.53 999 1021.4  21.6  23.2  13.8 99.0 99.00
2016 09 04 02 50  99  3.9  4.7 99.00 99.00 99.00 999 1021.4  22.0  23.1  14.1 99.0 99.00
2016 09 04 03 50 101  4.6  5.4  0.08 99.00  3.30 999 1021.2  22.0  23.1  15.4 99.0 99.00
2016 09 04 04 50 104  5.6  6.9  0.16 99.00  2.35 999 1021.1  21.9  23.0  17.3 99.0 99.00
2016 09 04 05 50 109  6.1  6.7  0.27  2.47  2.56 101 1021.3  21.8  22.9  16.8 99.0 99.00
2016 09 04 06 50 132  5.3  6.0  0.32  2.74  2.66 106 1021.4  21.9  22.9  17.3 99.0 99.00
2016 09 04 07 50 153  7.6  9.0  0.38  3.03  2.73  90 1021.4  21.9  22.8  16.7 99.0 99.00
2016 09 04 08 50 153  7.0  8.3  0.43  3.03  2.82  93 1021.4  21.5  22.8  17.1 99.0 99.00
2016 09 04 09 50 156  7.1  8.0  0.54  3.57  3.01 122 1021.6  21.1  22.8  16.8 99.0 99.00
2016 09 04 10 50 151  6.1  7.0  0.60  3.70  3.25 128 1021.9  21.0  22.7  17.0 99.0 99.00
2016 09 04 11 50 155  5.3  6.9  0.56  3.85  3.31 118 1022.3  21.1  22.7  17.0 99.0 99.00
2016 09 04 12 50 147  6.0  7.1  0.57  3.85  3.31 127 1022.6  21.1  22.7  16.2 99.0 99.00
2016 09 04 13 50 141  6.2  7.1  0.54  3.85  3.27 132 1022.8  21.1  22.7  16.8 99.0 99.00
2016 09 04 14 50 146  5.8  7.0  0.53  3.85  3.32 137 1023.2  21.1  22.8  17.0 99.0 99.00
2016 09 04 15 50 142  6.1  7.0  0.57  4.17  3.39 145 1023.2  21.1  22.9  16.6 99.0 99.00
2016 09 04 16 50 142  6.2  7.3  0.62  3.85  3.44 149 1022.5  21.3  22.9  17.2 99.0 99.00
2016 09 04 17 50 147  5.1  5.9  0.58  3.70  3.50 142 1022.3  21.8  23.0  17.5 99.0 99.00
2016 09 04 18 50 153  4.8  5.8  0.57  4.00  3.55 153 1022.0  22.4  23.1  17.3 99.0 99.00
2016 09 04 19 50 156  4.4  5.3  0.51  4.00  3.41 150 1021.3  22.5  23.1  17.3 99.0 99.00
2016 09 04 20 50 144  3.6  4.1  0.42  3.85  3.27 150 1020.9  22.8  23.2  16.7 99.0 99.00
2016 09 04 21 50 124  3.2  3.8  0.35  3.45  3.30 160 1020.4  23.2  23.2  15.8 99.0 99.00
2016 09 04 22 50 119  2.4  2.8  0.29  3.45  3.09 167 1020.5  23.2  23.3  15.8 99.0 99.00
2016 09 04 23 50 106  3.5  4.0  0.23 99.00  3.00 999 1020.1  23.0  23.2  17.0 99.0 99.00
2016 09 05 00 50 107  4.0  4.7  0.20 99.00  3.03 999 1020.1  23.1  23.2  17.0 99.0 99.00
2016 09 05 01 50 109  4.8  5.5  0.18 99.00  2.79 999 1020.3  23.0  23.1  18.2 99.0 99.00
2016 09 05 02 50 114  5.5  6.4  0.22 99.00  2.48 999 1020.2  23.2  23.1  18.6 99.0 99.00
2016 09 05 03 50 137  6.9  8.2  0.32  2.47  2.55 113 1019.8  23.4  23.0  19.4 99.0 99.00
2016 09 05 04 50 148  7.0  8.4  0.37  2.74  2.71 123 1019.5  23.5  23.0  18.9 99.0 99.00
2016 09 05 05 50 155  7.5  8.7  0.47  3.13  2.99 126 1019.6  23.3  23.0  18.9 99.0 99.00
2016 09 05 06 50 154  8.1  9.3  0.62  3.45  3.15 135 1019.3  23.1  22.9  18.9 99.0 99.00
2016 09 05 07 50 164  8.5  9.6  0.69  3.85  3.34 142 1019.5  23.0  22.9  18.5 99.0 99.00
2016 09 05 08 50 166  7.2  8.3  0.77  4.00  3.58 140 1019.3  23.0  22.9  19.2 99.0 99.00
2016 09 05 09 50 166  8.3 10.0  0.75  4.17  3.62 145 1018.9  23.0  22.9  18.9 99.0 99.00
2016 09 05 10 50 165  7.9  9.2  0.80  4.17  3.59 146 1018.9  22.9  22.9  19.0 99.0 99.00
2016 09 05 11 50 165  7.7  9.2  0.76  4.17  3.66 153 1019.0  23.2  22.9  18.6 99.0 99.00
2016 09 05 12 50 172  8.0  9.6  0.79  4.55  3.73 156 1019.3  23.2  22.9  18.9 99.0 99.00
2016 09 05 14 50 170  7.4  8.7  0.88  4.55  3.92 152 1019.4  22.9  22.9  19.6 99.0 99.00
2016 09 05 15 50 167  7.7  9.0  0.84  4.55  3.87 160 1019.2  22.8  23.0  20.1 99.0 99.00
2016 09 05 16 50 166  8.1  9.8  0.85  4.35  3.83 162 1018.7  22.9  23.0  20.4 99.0 99.00
2016 09 05 17 50 162  7.4  8.9  0.92  4.76  3.88 161 1018.4  23.3  23.1  21.0 99.0 99.00
2016 09 05 18 50 160  7.6  9.0  0.83  4.76  3.76 158 1017.6  23.8  23.1  21.6 99.0 99.00
2016 09 05 19 50 149  6.6  7.7  0.78  4.55  3.66 162 1016.6  24.1  23.1  21.9 99.0 99.00
2016 09 05 20 50 154  6.5  7.3  0.63  4.35  3.51 164 1016.2  24.5  23.2  22.2 99.0 99.00
2016 09 05 21 50 155  6.5  7.3  0.54  4.00  3.19 174 1015.6  24.7  23.2  22.6 99.0 99.00
2016 09 05 22 50 160  5.5  6.4  0.49  3.85  3.14 167 1016.0  24.7  23.2  22.7 99.0 99.00
2016 09 05 23 50 158  5.5  6.6  0.40  3.57  2.99 162 1015.7  24.5  23.3  22.9 99.0 99.00
2016 09 06 00 50 177  5.2  6.0  0.38  3.33  2.90 160 1016.0  25.0  23.3  22.7 99.0 99.00
2016 09 06 01 50 175  5.1  5.9  0.35  3.03  2.89 154 1016.3  24.6  23.3  23.0 99.0 99.00
2016 09 06 02 50 177  4.0  4.6  0.29  3.13  2.84 160 1016.8  24.5  23.3  23.1 99.0 99.00
2016 09 06 03 50 176  4.8  5.4  0.27  3.13  2.85 154 1017.0  24.6  23.3  23.2 99.0 99.00
2016 09 06 04 50 169  6.6  7.3  0.28  2.94  2.76 160 1016.9  24.6  23.3  23.3 99.0 99.00
2016 09 06 05 50 174  6.8  7.8  0.35  3.13  2.82 160 1017.1  24.4  23.3  23.5 99.0 99.00
2016 09 06 06 50 179  6.4  7.6  0.45  3.23  3.02 157 1017.1  24.3  23.3  23.7 99.0 99.00
2016 09 06 07 50 181  6.1  7.0  0.48  3.57  3.24 159 1016.8  24.2  23.3  23.7 99.0 99.00
2016 09 06 08 50 177  6.0  6.9  0.51  3.85  3.28 155 1016.5  24.0  23.2  23.7 99.0 99.00
2016 09 06 09 50 173  6.5  8.2  0.42  3.57  3.21 160 1016.2  24.0  23.2  23.6 99.0 99.00
2016 09 06 10 50 171  6.7  7.6  0.46  3.57  3.11 161 1016.2  23.8  23.2  23.6 99.0 99.00
2016 09 06 11 50 168  7.4  8.4  0.46  3.23  2.99 156 1015.9  23.8  23.2  23.5 99.0 99.00
2016 09 06 12 50 171  8.1  9.3  0.56  3.45  3.15 151 1015.9  23.7  23.2  23.3 99.0 99.00
2016 09 06 13 50 171  7.6  8.8  0.65  3.70  3.33 150 1016.3  23.7  23.2  23.3 99.0 99.00
2016 09 06 14 50 174  7.5  8.6  0.71  3.85  3.37 151 1017.0  23.7  23.3  23.2 99.0 99.00
2016 09 06 15 50 173  7.2  8.7  0.68  4.00  3.52 147 1017.5  23.8  23.3  23.4 99.0 99.00
2016 09 06 16 50 172  6.9  7.8  0.67  4.17  3.51 154 1017.2  24.0  23.4  23.4 99.0 99.00
2016 09 06 17 50 167  7.7  8.7  0.67  4.17  3.48 159 1016.6  24.2  23.5  23.6 99.0 99.00
2016 09 06 18 50 168  7.9  9.1  0.61  4.00  3.40 158 1016.1  24.8  23.5  23.6 99.0 99.00
2016 09 06 19 50 165  8.6  9.7  0.64  4.00  3.33 154 1014.8  25.4  23.6  23.6 99.0 99.00
2016 09 06 20 50 162  7.3  8.3  0.71  3.85  3.41 158 1014.4  25.5  23.6  23.7 99.0 99.00
2016 09 06 21 50 165  7.7  9.0  0.61  4.00  3.27 165 1013.9  25.9  23.6  23.6 99.0 99.00
2016 09 06 22 50 169  6.7  7.5  0.61  3.85  3.33 153 1013.9  25.8  23.6  23.3 99.0 99.00
2016 09 06 23 50 169  5.0  5.9  0.52  3.85  3.29 159 1014.1  25.3  23.6  23.4 99.0 99.00
2016 09 07 00 50 174  4.8  5.4  0.45  3.70  3.32 156 1014.8  25.4  23.6  23.5 99.0 99.00
2016 09 07 01 50 182  5.5  6.4  0.39  3.57  3.18 160 1015.1  25.3  23.6  23.5 99.0 99.00
2016 09 07 02 50 106  1.4  3.1  0.39  3.57  3.14 157 1015.9  25.1  23.6  23.5 99.0 99.00
2016 09 07 03 50  89  5.6  6.9  0.48  3.23  3.18 213 1015.9  23.9  23.5  22.8 99.0 99.00
2016 09 07 04 50  96  5.9  6.8  0.54  3.70  3.19  33 1015.5  23.6  23.5  22.7 99.0 99.00
2016 09 07 05 50 171  1.8  2.6  0.53  3.85  3.21  20 1015.2  25.1  23.5  23.5 99.0 99.00
2016 09 07 06 50 259  2.8  6.9  0.43  3.03  3.05 114 1015.2  25.1  23.5  23.3 99.0 99.00
2016 09 07 07 50  74  6.0  8.1  0.41  3.23  3.07 208 1015.0  23.3  23.5  22.7 99.0 99.00
2016 09 07 08 50 106  3.8  4.4  0.41  3.45  3.05 167 1015.0  23.3  23.5  23.0 99.0 99.00
2016 09 07 09 50 137  3.4  4.0  0.36  3.13  3.04  76 1014.9  23.6  23.5  23.4 99.0 99.00
2016 09 07 10 50 173  3.0  3.7  0.32  3.45  3.02 168 1015.0  23.9  23.5  23.8 99.0 99.00
2016 09 07 11 50 183  5.2  5.9  0.31  3.33  3.08 191 1015.2  24.4  23.5  23.7 99.0 99.00
2016 09 07 12 50 230  3.2  3.8  0.28  3.33  2.89 192 1015.9  24.2  23.5  23.8 99.0 99.00
2016 09 07 13 50  38  3.3  5.2  0.29  3.45  3.05 218 1015.7  23.8  23.5  23.3 99.0 99.00
2016 09 07 14 50  84  3.3  4.2  0.32  3.33  3.05 206 1016.0  23.4  23.6  23.2 99.0 99.00
2016 09 07 15 50 104  3.7  4.4  0.32  3.03  2.98 355 1015.3  23.4  23.6  23.2 99.0 99.00
2016 09 07 16 50 140  2.3  3.0  0.37  3.45  3.01 174 1015.0  23.9  23.8  23.9 99.0 99.00
2016 09 07 17 50 166  3.3  3.9  0.35  3.03  3.00 261 1014.7  24.2  24.0  24.2 99.0 99.00
2016 09 07 18 50 185  8.3  9.7  0.42  3.03  2.83 146 1013.8  23.1  23.8  21.3 99.0 99.00
2016 09 07 19 50 180  7.8  9.0  0.52  3.45  3.07 156 1012.1  24.2  23.7  21.9 99.0 99.00
2016 09 07 20 50 168  5.4  6.2  0.44  3.45  3.14 164 1011.7  24.1  23.7  22.4 99.0 99.00
2016 09 07 21 50 159  4.9  5.8  0.30  3.13  2.92 169 1010.9  24.5  23.8  23.0 99.0 99.00
2016 09 07 22 50 158  6.4  7.4  0.27  3.23  2.78 173 1010.6  24.4  23.8  23.3 99.0 99.00
2016 09 07 23 50 178  4.8  5.6  0.26  3.03  2.69 159 1011.3  24.8  23.7  23.3 99.0 99.00
2016 09 08 00 50 292  7.7  9.5  0.41  2.60  2.55 274 1011.7  22.7  23.7  22.2 99.0 99.00
2016 09 08 01 50 207  2.1  2.7  0.49  3.33  3.05 255 1010.7  22.8  23.6  22.6 99.0 99.00
2016 09 08 02 50 179  2.6  3.6  0.48  3.57  3.19 249 1010.7  23.2  23.6  23.0 99.0 99.00
2016 09 08 03 50 241  4.8  5.9  0.41  3.45  3.15 224 1010.8  23.6  23.6  23.4 99.0 99.00
2016 09 08 04 50 240  4.6  5.3  0.41  3.13  3.02 219 1010.8  23.7  23.6  23.2 99.0 99.00
2016 09 08 05 50 229  7.6  9.0  0.47  3.23  3.07 207 1010.0  23.6  23.6  23.4 99.0 99.00
2016 09 08 06 50 220  7.8  8.9  0.55  4.00  3.13 149 1009.5  23.7  23.6  23.6 99.0 99.00
2016 09 08 07 50 209  8.2  9.6  0.56  3.23  3.16 173 1009.5  23.8  23.6  23.4 99.0 99.00
2016 09 08 08 50 219  6.5  7.7  0.61  4.00  3.22 154 1009.6  23.8  23.5  23.4 99.0 99.00
2016 09 08 09 50 211  6.3  7.3  0.56  4.17  3.48 154 1008.9  23.7  23.5  23.4 99.0 99.00
2016 09 08 10 50 207  4.7  5.5  0.53  4.55  3.47 153 1008.9  23.5  23.5  23.4 99.0 99.00
2016 09 08 11 50 232  6.6  7.9  0.48  4.35  3.35 149 1009.5  23.5  23.5  23.2 99.0 99.00
2016 09 08 12 50 228  5.4  6.3  0.59  4.00  3.44 153 1009.5  23.4  23.5  23.1 99.0 99.00
2016 09 08 14 50 241  6.8  8.0  0.61  4.17  3.43 154 1009.5  23.0  23.5  22.5 99.0 99.00
2016 09 08 15 50 237  8.3  9.8  0.68  4.35  3.47 153 1010.0  23.0  23.5  21.7 99.0 99.00
2016 09 08 16 50 244  8.9 11.0  0.62  3.85  3.36 174 1010.4  23.0  23.5  21.9 99.0 99.00
2016 09 08 17 50 251  8.5 10.3  0.78  4.35  3.59 168 1010.4  23.1  23.6  21.9 99.0 99.00
2016 09 08 18 50 212  6.5  7.8  0.67  4.35  3.54 164 1009.9  23.2  23.6  21.9 99.0 99.00
2016 09 08 19 50 241  5.9  6.7  0.63  4.00  3.41 165 1010.0  23.5  23.6  22.0 99.0 99.00
2016 09 08 20 50 220  4.5  5.3  0.51  4.00  3.34 163 1010.0  23.8  23.6  22.0 99.0 99.00
2016 09 08 21 50 202  3.9  4.7  0.40  3.57  3.21 163 1010.0  23.8  23.7  22.6 99.0 99.00
2016 09 08 22 50 219  4.3  5.3  0.35  3.85  3.21 148 1009.9  24.1  23.7  22.6 99.0 99.00
2016 09 08 23 50 204  3.7  4.3  0.34  3.57  3.01 147 1010.0  24.0  23.7  22.7 99.0 99.00
2016 09 09 00 50 205  4.3  5.0  0.31  3.45  3.13 150 1010.6  24.1  23.7  22.9 99.0 99.00
2016 09 09 01 50 225  3.4  4.3  0.26  3.13  2.89 150 1011.5  24.1  23.6  22.9 99.0 99.00
2016 09 09 02 50 301  3.3  3.9  0.24 99.00  3.01 999 1012.2  24.0  23.6  22.3 99.0 99.00
2016 09 09 03 50 326  2.1  2.4  0.20 99.00  2.86 999 1012.3  23.7  23.6  22.1 99.0 99.00
2016 09 09 04 50 343  3.8  5.3  0.17 99.00  2.86 999 1012.9  24.2  23.6  19.4 99.0 99.00
2016 09 09 05 50   5  4.2  4.8  0.13 99.00  2.68 999 1013.2  23.9  23.5  17.7 99.0 99.00
2016 09 09 06 50  20  4.0  4.7  0.11 99.00  2.69 999 1013.5  23.8  23.5  16.7 99.0 99.00
2016 09 09 07 50  25  4.7  5.4  0.13 99.00  2.46 999 1013.3  23.4  23.5  16.9 99.0 99.00
2016 09 09 08 50  34  3.5  3.9  0.22 99.00  2.65 999 1013.4  23.1  23.5  17.4 99.0 99.00
2016 09 09 09 50  50  3.2  3.8  0.26  3.33  3.04   9 1013.0  23.0  23.5  17.2 99.0 99.00
2016 09 09 10 50  59  3.4  3.8  0.22 99.00  3.00 999 1012.8  22.9  23.4  17.6 99.0 99.00
2016 09 09 11 50  87  3.0  3.5  0.18 99.00  2.90 999 1013.4  22.8  23.4  18.0 99.0 99.00
2016 09 09 12 50 122  4.0  4.5  0.16 99.00  2.95 999 1013.2  23.0  23.4  17.7 99.0 99.00
2016 09 09 13 50 130  4.4  5.0  0.13 99.00  3.07 999 1013.7  23.0  23.4  18.9 99.0 99.00
2016 09 09 14 50 131  4.5  5.1  0.19 99.00  2.95 999 1013.8  22.8  23.5  19.1 99.0 99.00
2016 09 09 15 50 120  4.5  5.1  0.22 99.00  2.64 999 1013.5  23.1  23.5  19.1 99.0 99.00
2016 09 09 16 50 129  3.8  4.4  0.21 99.00  2.57 999 1013.8  22.9  23.6  21.1 99.0 99.00
2016 09 09 17 50 139  5.3  6.1  0.21 99.00  2.62 999 1013.4  22.6  23.7  22.0 99.0 99.00
2016 09 09 18 50 156  4.6  5.1  0.24 99.00  2.63 999 1013.9  22.8  23.7  22.2 99.0 99.00
2016 09 09 19 50 146  4.6  5.8  0.26  2.86  2.76  99 1013.2  23.2  23.8  22.7 99.0 99.00
2016 09 09 20 50 150  3.9  4.6  0.26  2.94  2.71 108 1012.9  23.6  23.8  22.9 99.0 99.00
2016 09 09 21 50 138  4.7  5.5  0.25  3.03  2.82 115 1012.3  23.6  23.8  22.8 99.0 99.00
2016 09 09 22 50 135  4.9  5.7  0.23 99.00  2.77 999 1012.2  23.7  23.9  22.8 99.0 99.00
2016 09 09 23 50 148  7.6  9.6  0.27  2.86  2.67 133 1012.0  23.8  23.8  22.8 99.0 99.00
2016 09 10 00 50 137  4.1  5.3  0.25  2.94  2.73 152 1011.4  23.7  23.8  22.8 99.0 99.00
2016 09 10 01 50 138  4.9  6.0  0.22 99.00  2.61 999 1010.7  23.7  23.7  22.3 99.0 99.00
2016 09 10 02 50 153  2.4  3.0  0.19 99.00  2.63 999 1011.2  23.6  23.7  22.7 99.0 99.00
2016 09 10 03 50 204  0.9  1.4  0.17 99.00  2.61 999 1011.2  23.7  23.7  23.0 99.0 99.00
2016 09 10 04 50 131  6.4  7.8  0.17 99.00  2.65 999 1010.2  23.6  23.7  21.4 99.0 99.00
2016 09 10 05 50 141  5.0  5.6  0.27  2.60  2.57 160 1009.4  23.5  23.6  19.0 99.0 99.00
2016 09 10 06 50 146  4.3  5.2  0.34  2.94  2.80 127 1009.8  23.3  23.6  18.4 99.0 99.00
2016 09 10 07 50 121  5.0  6.1  0.43  3.23  3.03 117 1008.6  22.7  23.6  18.1 99.0 99.00
2016 09 10 08 50 140  2.3  3.1  0.40  3.45  3.14 122 1008.4  22.2  23.5  18.9 99.0 99.00
2016 09 10 09 50 169  2.4  3.2  0.33  3.57  3.08  94 1008.5  22.2  23.5  19.3 99.0 99.00
2016 09 10 10 50 259  5.5  6.5  0.27  3.33  2.99  92 1008.4  21.9  23.5  19.7 99.0 99.00
2016 09 10 11 50 215  4.0  4.8  0.22 99.00  2.73 999 1008.2  21.8  23.5  19.0 99.0 99.00
2016 09 10 12 50 205  6.7  7.9  0.26  2.47  2.56 223 1008.2  22.3  23.5  19.8 99.0 99.00
2016 09 10 13 50 223  9.6 11.4  0.37  2.74  2.68 211 1007.3  22.1  23.5  20.6 99.0 99.00
2016 09 10 14 50 232  9.1 11.1  0.74  3.57  3.24 200 1006.7  21.5  23.5  20.5 99.0 99.00
2016 09 10 15 50 263  9.9 12.4  0.90  4.17  3.76 204 1006.9  21.6  23.5  19.7 99.0 99.00
2016 09 10 16 50 300 14.9 18.1  1.08  4.35  3.84 205 1007.7  19.6  23.5  18.5 99.0 99.00
2016 09 10 17 50 351 10.6 13.1  1.24  4.00  3.79 317 1008.0  19.7  23.4  16.6 99.0 99.00
2016 09 10 18 50 298 13.2 15.3  1.44  4.76  4.19 317 1009.5  19.3  23.4  16.8 99.0 99.00
2016 09 10 19 50 283 10.0 12.1  1.70  5.26  4.54 300 1011.0  19.4  23.3  16.1 99.0 99.00
2016 09 10 20 50 273  8.2 10.5  1.52  5.56  4.52 294 1011.0  20.1  23.3  14.8 99.0 99.00
2016 09 10 21 50 282  8.0  9.8  1.35  5.26  4.51 310 1011.0  20.7  23.3  14.0 99.0 99.00
2016 09 10 22 50 282  9.5 11.3  1.21  5.56  4.43 313 1011.0  21.8  23.3  14.6 99.0 99.00
2016 09 10 23 50 312 12.2 15.0  1.26  5.26  4.26   6 1012.5  20.6  23.2  14.5 99.0 99.00
2016 09 11 00 50 320 11.7 15.5  1.54  5.56  4.56   6 1013.9  20.5  23.1  15.0 99.0 99.00
2016 09 11 01 50 327 11.4 13.6  1.91  5.56  4.90   7 1014.9  19.6  23.1  12.5 99.0 99.00
2016 09 11 02 50 338 10.3 13.3  1.97  6.25  4.99  19 1015.9  19.7  23.0  14.6 99.0 99.00
2016 09 11 03 50 336  9.5 12.4  1.81  6.25  4.98  27 1016.9  19.4  22.9  13.4 99.0 99.00
2016 09 11 04 50 337  9.3 11.4  1.64  6.25  4.87  36 1017.0  19.5  22.9  12.7 99.0 99.00
2016 09 11 05 50 335  8.7 10.2  1.74  6.25  5.06  41 1017.4  19.5  22.8  11.5 99.0 99.00
2016 09 11 06 50 331  8.1 10.2  1.57  7.14  4.97  50 1018.1  19.4  22.8  11.7 99.0 99.00
2016 09 11 07 50 330  7.2  9.1  1.54  6.67  5.12  49 1018.9  19.1  22.8  11.2 99.0 99.00
2016 09 11 08 50 330  5.9  8.2  1.25  5.88  4.66  42 1019.4  19.0  22.7  11.0 99.0 99.00
2016 09 11 09 50 341  4.7  6.4  1.23  6.25  4.75  48 1019.9  19.0  22.7  10.1 99.0 99.00
2016 09 11 10 50 331  3.3  4.8  1.13  7.14  4.99  45 1020.7  19.1  22.7  10.2 99.0 99.00
2016 09 11 11 50 328  2.7  3.9  1.13  7.14  5.15  48 1021.3  19.2  22.7   9.6 99.0 99.00
2016 09 11 12 50 300  2.6  3.6  0.99  6.67  5.03  35 1021.7  19.4  22.7   8.8 99.0 99.00
2016 09 11 14 50 227  2.1  2.9  0.87  7.14  4.95 337 1022.5  19.6  22.7   9.2 99.0 99.00
2016 09 11 15 50 206  3.3  4.5  0.77  5.88  4.86 324 1022.7  19.7  22.8  10.4 99.0 99.00
2016 09 11 16 50 208  3.9  5.2  0.73  6.67  4.94 329 1022.5  19.9  22.9  10.8 99.0 99.00
2016 09 11 17 50 209  4.0  5.1  0.63  5.88  4.71 326 1022.2  19.9  23.0  11.8 99.0 99.00
2016 09 11 18 50 208  4.3  5.4  0.53  5.88  4.20 325 1021.9  20.2  23.1  11.4 99.0 99.00
2016 09 11 19 50 190  3.8  4.9  0.53  5.88  4.00 339 1021.3  20.6  23.1   9.9 99.0 99.00
2016 09 11 20 50 168  4.8  5.7  0.46  5.88  3.85 338 1020.7  20.7  23.1  11.0 99.0 99.00
2016 09 11 21 50 161  5.4  7.7  0.39  5.88  3.58 335 1020.2  20.9  23.1  12.0 99.0 99.00
2016 09 11 22 50 149  6.2  7.2  0.38  5.56  3.43 346 1019.9  21.0  23.1  12.4 99.0 99.00
2016 09 11 23 50 154  6.3  7.7  0.39  2.86  3.03 175 1019.7  21.2  23.0  11.8 99.0 99.00
2016 09 12 00 50 151  6.5  7.8  0.42  3.03  3.01 156 1019.6  21.5  22.9  13.2 99.0 99.00
2016 09 12 01 50 155  7.4  8.4  0.51  3.23  3.03 170 1019.4  21.6  22.9  13.3 99.0 99.00
2016 09 12 02 50 163  7.5  8.7  0.53  3.33  3.07 169 1019.4  21.9  22.8  13.8 99.0 99.00
2016 09 12 03 50 162  8.7 10.0  0.62  3.33  3.21 162 1019.2  22.1  22.8  14.0 99.0 99.00
2016 09 12 04 50 167  8.9 10.5  0.80  3.85  3.50 157 1019.0  22.1  22.8  14.2 99.0 99.00
2016 09 12 05 50 172  9.1 10.7  0.90  4.17  3.70 162 1019.0  22.0  22.7  14.2 99.0 99.00
2016 09 12 06 50 172  9.2 11.2  0.96  4.35  3.80 158 1019.0  21.9  22.7  14.2 99.0 99.00
2016 09 12 07 50 178  9.2 10.5  0.98  4.76  3.90 144 1018.9  22.0  22.7  14.0 99.0 99.00
2016 09 12 08 50 178  8.3  9.6  1.10  4.55  4.02 137 1019.2  21.7  22.7  15.4 99.0 99.00
2016 09 12 09 50 185  8.9 10.8  0.99  4.76  3.84 138 1019.1  21.5  22.6  15.1 99.0 99.00
2016 09 12 10 50 191  8.3  9.8  0.93  4.55  3.91 138 1019.2  21.6  22.6  14.6 99.0 99.00
2016 09 12 11 50 195  7.4  8.6  0.92  4.76  3.92 141 1019.6  21.4  22.6  14.4 99.0 99.00
2016 09 12 12 50 202  7.0  8.3  0.86  5.00  3.99 138 1019.8  21.4  22.6  14.1 99.0 99.00
2016 09 12 13 50 190  6.1  7.3  0.84  4.76  3.85 144 1019.9  21.3  22.6  14.1 99.0 99.00
2016 09 12 14 50 177  6.8  8.4  0.75  4.55  3.73 144 1019.8  21.3  22.6  15.2 99.0 99.00
2016 09 12 15 50 176  6.7  7.8  0.67  4.55  3.58 148 1019.8  21.1  22.7  16.0 99.0 99.00
2016 09 12 16 50 175  8.4  9.5  0.75  3.85  3.47 155 1019.5  21.2  22.7  15.1 99.0 99.00
2016 09 12 17 50 166  8.1  9.4  0.80  4.00  3.55 162 1019.0  21.3  22.8  15.3 99.0 99.00
2016 09 12 18 50 166  8.3 10.0  0.83  4.35  3.65 165 1018.4  21.6  22.8  14.9 99.0 99.00
2016 09 12 19 50 169  9.0 10.2  0.87  4.00  3.58 158 1017.9  22.0  22.8  14.2 99.0 99.00
2016 09 12 20 50 158  7.9  9.3  0.81  4.00  3.57 168 1017.2  22.2  22.8  15.1 99.0 99.00
2016 09 12 21 50 150  7.4  8.9  0.71  4.17  3.49 171 1016.5  22.6  22.8  15.9 99.0 99.00
2016 09 12 22 50 148  7.7  8.6  0.66  4.17  3.44 173 1016.1  22.9  22.8  15.8 99.0 99.00
2016 09 12 23 50 148  7.0  8.5  0.55  3.70  3.22 168 1016.0  23.0  22.7  16.9 99.0 99.00
2016 09 13 00 50 157  6.8  8.2  0.52  3.85  3.19 179 1016.2  23.4  22.7  17.2 99.0 99.00
2016 09 13 01 50 170  6.9  8.3  0.47  3.70  3.10 161 1016.5  23.5  22.7  17.9 99.0 99.00
2016 09 13 02 50 176  8.0  9.4  0.58  3.85  3.22 173 1016.1  23.6  22.7  17.2 99.0 99.00
2016 09 13 03 50 174  8.1  9.7  0.65  3.85  3.33 168 1016.0  23.4  22.7  17.5 99.0 99.00
2016 09 13 04 50 177  8.6 10.2  0.74  3.85  3.43 168 1015.6  23.2  22.7  17.7 99.0 99.00
2016 09 13 05 50 178  9.0 10.6  0.76  4.00  3.53 167 1015.3  23.1  22.7  17.7 99.0 99.00
2016 09 13 06 50 191  8.9 10.4  0.86  3.85  3.69 162 1015.8  22.9  22.7  17.3 99.0 99.00
2016 09 13 07 50 194  8.8 10.1  0.96  4.35  3.87 161 1015.7  22.8  22.6  16.9 99.0 99.00
2016 09 13 08 50 196  8.0  9.4  0.90  4.76  3.84 154 1015.3  22.7  22.6  16.7 99.0 99.00
2016 09 13 09 50 203  9.2 11.0  0.88  4.76  3.82 158 1015.5  22.5  22.6  16.4 99.0 99.00
2016 09 13 10 50 203  8.6  9.9  0.88  4.35  3.77 155 1015.5  22.3  22.6  16.0 99.0 99.00
2016 09 13 12 50 192  7.8  9.1  0.78  4.55  3.72 160 1015.7  22.2  22.6  17.0 99.0 99.00
2016 09 13 13 50 220  7.9  9.7  0.82  4.55  3.63 149 1016.5  22.1  22.6  17.3 99.0 99.00
2016 09 13 14 50 240  7.3  8.3  0.77  4.17  3.58 149 1017.0  21.7  22.6  17.2 99.0 99.00
2016 09 13 15 50 220  4.8  5.8  0.74  4.17  3.62 153 1016.9  21.7  22.6  17.3 99.0 99.00
2016 09 13 16 50 213  4.4  5.5  0.60  4.17  3.54 146 1016.8  21.8  22.7  17.4 99.0 99.00
2016 09 13 17 50 192  4.4  5.4  0.52  3.70  3.42 162 1016.4  22.0  22.8  17.4 99.0 99.00
2016 09 13 18 50 194  5.5  6.2  0.47  4.00  3.37 166 1016.5  22.2  22.8  17.8 99.0 99.00
2016 09 13 19 50 213  3.1  3.7  0.44  4.00  3.32 153 1016.9  22.5  22.9  18.2 99.0 99.00
2016 09 13 20 50 289  4.0  4.6  0.37  3.85  3.24 168 1017.1  22.6  22.9  18.5 99.0 99.00
2016 09 13 21 50 292  3.5  4.4  0.34  3.85  3.31 189 1017.3  22.5  23.0  18.0 99.0 99.00
2016 09 13 22 50 304  3.4  4.0  0.27  3.70  3.16 174 1017.4  22.2  23.0  18.5 99.0 99.00
2016 09 13 23 50 344  4.1  4.9  0.22 99.00  3.07 999 1016.9  22.0  22.9  19.4 99.0 99.00
2016 09 14 00 50   1  9.0 10.4  0.23 99.00  2.72 999 1017.4  21.4  22.9  20.2 99.0 99.00
2016 09 14 01 50  15  9.6 11.2  0.56  3.33  3.12  19 1017.9  20.7  22.8  19.1 99.0 99.00
2016 09 14 02 50  19  8.0  9.1  0.77  4.00  3.46  27 1019.0  20.6  22.7  18.2 99.0 99.00
2016 09 14 03 50  30  6.4  7.9  0.81  4.00  3.60  33 1019.4  20.6  22.7  17.8 99.0 99.00
2016 09 14 04 50  28  7.8  9.6  0.75  4.17  3.63  35 1019.9  20.4  22.7  17.2 99.0 99.00
2016 09 14 05 50  48  6.5  7.7  0.77  4.55  3.69  27 1020.4  20.1  22.6  15.8 99.0 99.00
2016 09 14 06 50  52  6.6  8.1  0.82  4.35  3.76  27 1020.3  20.0  22.6  15.1 99.0 99.00
2016 09 14 07 50  46  5.2  6.5  0.76  4.55  3.85  19 1021.1  20.0  22.6  14.4 99.0 99.00
2016 09 14 08 50  48  5.9  7.3  0.68  4.35  3.71  33 1021.4  19.9  22.6  15.1 99.0 99.00
2016 09 14 09 50  70  6.8  8.1  0.64  4.35  3.55  25 1021.4  19.5  22.5  13.9 99.0 99.00
2016 09 14 10 50  82  5.7  7.1  0.60  4.35  3.49  19 1022.2  19.3  22.5  13.8 99.0 99.00
2016 09 14 11 50  81  5.9  7.2  0.56  3.45  3.53  40 1022.6  19.5  22.5  13.7 99.0 99.00
2016 09 14 12 50  83  7.0  7.9  0.58  4.17  3.46  21 1022.8  19.6  22.5  13.1 99.0 99.00
2016 09 14 14 50  82  7.0  8.3  0.66  3.57  3.45  73 1024.1  19.4  22.5  12.4 99.0 99.00
2016 09 14 15 50  81  6.4  8.2  0.65  4.00  3.50  59 1024.6  19.3  22.5  12.2 99.0 99.00
2016 09 14 16 50  84  4.6  5.8  0.59  4.00  3.55  67 1024.9  19.4  22.6  11.9 99.0 99.00
2016 09 14 17 50  82  3.3  4.3  0.55  4.35  3.54  34 1024.9  19.6  22.6  12.3 99.0 99.00
2016 09 14 18 50  68  3.2  4.5  0.50  4.00  3.43  41 1024.3  19.7  22.7  12.4 99.0 99.00
2016 09 14 19 50  54  3.6  4.4  0.47  3.33  3.30  79 1023.9  20.0  22.8  12.8 99.0 99.00
2016 09 14 20 50  47  4.0  4.8  0.47  3.70  3.44  46 1023.6  20.1  22.9  12.4 99.0 99.00
2016 09 14 21 50  34  4.7  5.5  0.42  4.17  3.43  42 1023.3  20.3  22.9  12.9 99.0 99.00
2016 09 14 22 50  29  4.2  5.1  0.38  4.35  3.44  39 1023.4  20.5  22.8  13.3 99.0 99.00
2016 09 14 23 50  42  4.9  6.9  0.37  4.35  3.35  30 1023.2  20.4  22.8  13.3 99.0 99.00
2016 09 15 00 50  48  5.1  6.1  0.34  4.76  3.17  31 1023.2  20.5  22.7  14.5 99.0 99.00
2016 09 15 01 50  54  5.3  6.3  0.36  5.00  3.10  30 1023.6  20.7  22.7  14.7 99.0 99.00
2016 09 15 02 50  59  5.6  6.7  0.37  4.35  3.17  26 1023.7  20.8  22.6  14.9 99.0 99.00
2016 09 15 03 50  71  6.0  7.0  0.40  5.00  3.14  21 1023.9  20.9  22.6  15.2 99.0 99.00
2016 09 15 04 50  87  4.9  6.2  0.40  2.94  3.10  44 1024.0  21.2  22.6  14.6 99.0 99.00
2016 09 15 05 50 115  4.6  5.5  0.36  3.03  3.18  35 1024.0  21.2  22.5  13.8 99.0 99.00
2016 09 15 06 50 117  5.5  6.5  0.37  3.70  3.18  11 1024.0  21.1  22.5  13.6 99.0 99.00
2016 09 15 07 50 125  6.2  7.4  0.43  2.74  3.00  86 1023.8  20.7  22.5  14.5 99.0 99.00
2016 09 15 08 50 120  6.1  6.9  0.50  3.23  3.14 105 1023.8  20.3  22.5  15.4 99.0 99.00
2016 09 15 09 50 128  5.9  7.0  0.60  3.70  3.34  97 1023.7  20.5  22.5  15.4 99.0 99.00
2016 09 15 10 50 130  5.9  7.4  0.63  4.17  3.44 113 1024.0  20.1  22.4  16.8 99.0 99.00
2016 09 15 11 50 144  5.1  6.0  0.63  4.17  3.51 109 1024.2  20.1  22.4  16.6 99.0 99.00
2016 09 15 12 50 143  5.2  6.3  0.55  4.00  3.35 101 1024.7  20.1  22.4  17.0 99.0 99.00
2016 09 15 13 50 141  6.0  7.2  0.63  3.85  3.50 115 1024.5  19.9  22.4  16.7 99.0 99.00
2016 09 15 14 50 138  6.1  6.9  0.56  3.85  3.42 119 1024.6  20.0  22.4  15.8 99.0 99.00
2016 09 15 15 50 137  5.1  6.3  0.62  4.00  3.40 112 1024.5  20.1  22.5  15.3 99.0 99.00
2016 09 15 17 50 130  4.6  5.7  0.49  4.00  3.29 130 1023.8  20.2  22.6  14.8 99.0 99.00
2016 09 15 18 50 120  4.2  5.0  0.48  3.85  3.34 138 1023.1  20.4  22.6  15.0 99.0 99.00
2016 09 15 19 50 113  4.5  5.4  0.45  4.00  3.35 156 1022.4  20.7  22.7  14.6 99.0 99.00
2016 09 15 20 50 106  4.3  5.6  0.42  3.70  3.19 157 1021.8  20.9  22.7  14.4 99.0 99.00
2016 09 15 21 50 100  5.4  6.5  0.37  3.70  3.11 173 1021.1  20.9  22.7  14.7 99.0 99.00
2016 09 15 22 50 103  5.4  6.4  0.32  3.45  2.91 160 1020.6  21.4  22.7  13.6 99.0 99.00
2016 09 15 23 50 107  6.3  7.7  0.31  3.33  2.79 164 1020.2  21.9  22.7  13.0 99.0 99.00
2016 09 16 00 50 110  7.2  8.5  0.37  2.94  2.71 152 1020.1  22.0  22.6  14.6 99.0 99.00
2016 09 16 01 50 110  8.3  9.4  0.49  3.13  2.90 120 1020.1  21.7  22.6  15.0 99.0 99.00
2016 09 16 02 50 114  9.0 10.5  0.72  3.57  3.29 101 1019.9  21.5  22.5  14.5 99.0 99.00
2016 09 16 03 50 118  9.4 10.9  0.86  4.17  3.61 100 1019.6  21.3  22.5  14.6 99.0 99.00
2016 09 16 04 50 116  9.5 11.1  0.95  4.55  3.77 103 1019.2  21.2  22.5  15.2 99.0 99.00
2016 09 16 05 50 124  9.5 11.2  0.96  4.76  3.87 110 1019.0  21.0  22.4  16.0 99.0 99.00
2016 09 16 06 50 133  9.7 11.4  0.99  4.55  3.81  98 1018.5  20.8  22.4  16.2 99.0 99.00
2016 09 16 07 50 140  9.8 11.4  1.03  4.76  3.84 111 1018.2  20.7  22.4  15.5 99.0 99.00
2016 09 16 08 50 137  9.3 11.1  1.06  4.76  3.87 113 1017.5  20.7  22.4  15.9 99.0 99.00
2016 09 16 09 50 137  9.5 11.0  1.08  4.76  4.04 116 1017.0  20.5  22.4  16.0 99.0 99.00
2016 09 16 10 50 141 10.3 11.9  1.22  4.76  4.17 124 1016.9  20.5  22.3  15.6 99.0 99.00
2016 09 16 11 50 149  9.3 11.0  1.41  5.56  4.47 126 1017.0  20.5  22.3  16.2 99.0 99.00
2016 09 16 12 50 150  9.4 11.1  1.30  5.56  4.35 139 1016.9  20.7  22.3  16.5 99.0 99.00
2016 09 16 13 50 152 10.1 11.5  1.33  5.00  4.31 132 1016.2  20.9  22.3  17.0 99.0 99.00
2016 09 16 14 50 150 10.0 11.9  1.36  5.26  4.35 140 1015.9  21.1  22.3  17.7 99.0 99.00
2016 09 16 15 50 157 10.3 11.9  1.21  5.26  4.25 140 1015.4  21.5  22.3  18.6 99.0 99.00
2016 09 16 16 50 153  9.6 11.4  1.31  5.26  4.39 148 1014.6  21.9  22.3  19.1 99.0 99.00
2016 09 16 17 50 152 10.5 12.6  1.33  5.26  4.27 144 1013.4  22.3  22.4  19.2 99.0 99.00
2016 09 16 18 50 151  9.7 11.5  1.26  5.26  4.30 161 1012.5  23.0  22.4  19.9 99.0 99.00
2016 09 16 19 50 148  8.9 10.9  1.26  5.26  4.25 152 1011.6  23.6  22.4  20.4 99.0 99.00
2016 09 16 20 50 158  7.8  9.2  1.02  5.00  4.06 155 1011.2  24.0  22.5  20.9 99.0 99.00
2016 09 16 21 50 177  6.8  7.9  0.86  4.55  3.72 148 1011.7  23.7  22.5  21.3 99.0 99.00
2016 09 16 22 50 165  7.8  8.6  0.66  4.17  3.38 150 1011.6  23.9  22.5  21.4 99.0 99.00
2016 09 16 23 50 175  7.0  7.9  0.67  4.00  3.48 155 1011.0  23.9  22.5  21.4 99.0 99.00
2016 09 17 00 50 174  7.5  8.7  0.60  4.00  3.30 165 1011.4  23.8  22.5  21.3 99.0 99.00
2016 09 17 01 50 174  7.5  8.6  0.59  3.70  3.23 154 1011.5  23.6  22.5  21.4 99.0 99.00
2016 09 17 02 50 184  9.1 10.8  0.67  3.70  3.30 164 1011.7  23.5  22.5  21.3 99.0 99.00
2016 09 17 03 50 186  8.9 10.4  0.83  4.00  3.61 162 1011.6  23.2  22.5  21.5 99.0 99.00
2016 09 17 04 50 184  8.3 10.0  0.90  4.17  3.75 172 1011.6  22.9  22.5  21.5 99.0 99.00
2016 09 17 05 50 187  8.4  9.6  0.89  4.35  3.78 159 1011.3  22.9  22.5  21.4 99.0 99.00
2016 09 17 06 50 210 10.1 12.3  0.84  4.55  3.67 160 1011.4  23.0  22.5  21.3 99.0 99.00
2016 09 17 07 50 220  7.2  8.2  0.79  4.76  3.71 152 1011.7  22.0  22.4  20.4 99.0 99.00
2016 09 17 08 50 232  6.6  7.7  0.75  4.55  3.52 141 1011.7  21.0  22.4  20.0 99.0 99.00
2016 09 17 09 50 248  4.6  5.5  0.60  4.55  3.50 140 1011.6  21.5  22.4  18.6 99.0 99.00
2016 09 17 10 50 204  5.6  7.0  0.52  4.00  3.47 153 1011.3  21.8  22.4  20.6 99.0 99.00
2016 09 17 11 50 214  6.7  7.8  0.50  4.17  3.26 147 1011.0  21.4  22.4  20.8 99.0 99.00
2016 09 17 12 50 230  6.8  7.8  0.50  3.70  3.15 154 1011.4  21.2  22.4  20.3 99.0 99.00
2016 09 17 14 50 241  6.1  7.4  0.50  3.57  3.14 151 1011.9  21.1  22.4  18.8 99.0 99.00
2016 09 17 15 50 224  6.5  7.4  0.49  3.70  3.21 154 1011.9  20.9  22.4  19.1 99.0 99.00
2016 09 17 16 50 212  6.7  7.7  0.51  3.57  3.20 158 1011.6  21.1  22.5  19.0 99.0 99.00
2016 09 17 17 50 202  6.9  7.9  0.52  3.57  3.20 166 1011.7  21.5  22.5  18.7 99.0 99.00
2016 09 17 18 50 202  6.6  7.7  0.54  3.70  3.20 168 1011.2  22.2  22.6  18.3 99.0 99.00
2016 09 17 19 50 178  6.5  7.6  0.50  3.45  3.09 173 1010.9  22.2  22.6  19.4 99.0 99.00
2016 09 17 20 50 167  6.9  7.9  0.51  3.57  3.14 164 1010.6  22.5  22.6  19.1 99.0 99.00
2016 09 17 21 50 167  7.2  8.4  0.47  3.85  3.06 162 1010.4  22.9  22.6  19.7 99.0 99.00
2016 09 17 22 50 176  6.6  7.7  0.51  3.45  3.13 164 1010.5  23.0  22.6  20.1 99.0 99.00
2016 09 17 23 50 266  4.5  5.4  0.45  3.45  3.12 150 1011.3  23.5  22.6  17.2 99.0 99.00
2016 09 18 00 50 281  6.7  7.9  0.34  3.45  3.13 170 1011.6  23.1  22.6  17.3 99.0 99.00
2016 09 18 01 50 278  6.5  7.8  0.40  2.74  2.76 246 1012.1  23.0  22.5  15.9 99.0 99.00
2016 09 18 02 50 277  6.1  7.4  0.43  3.23  2.86 246 1012.1  22.6  22.5  16.4 99.0 99.00
2016 09 18 03 50 267  5.2  6.0  0.43  3.45  3.00 239 1012.6  22.3  22.5  16.4 99.0 99.00
2016 09 18 04 50 277  5.9  7.5  0.39  3.33  2.95 235 1013.0  22.0  22.4  16.2 99.0 99.00
2016 09 18 05 50 308  6.3  7.2  0.39  3.23  2.86 281 1013.0  20.9  22.4  16.4 99.0 99.00
2016 09 18 06 50 332  4.2  5.0  0.36  3.03  2.92 311 1013.3  20.4  22.4  16.4 99.0 99.00
2016 09 18 07 50 315  4.0  4.8  0.36  3.13  2.98 327 1013.3  20.2  22.4  14.8 99.0 99.00
2016 09 18 08 50 310  4.1  5.5  0.30  3.03  2.97 318 1013.5  20.0  22.3  14.1 99.0 99.00
2016 09 18 09 50 303  4.5  5.4  0.30  3.33  2.93   5 1013.5  19.9  22.3  15.1 99.0 99.00
2016 09 18 10 50 299  4.8  5.7  0.30  3.23  2.88   1 1013.8  19.4  22.3  15.3 99.0 99.00
2016 09 18 11 50 325  4.2  5.6  0.31  3.13  2.83  17 1014.1  19.2  22.3  14.8 99.0 99.00
2016 09 18 12 50 308  3.1  4.3  0.33  3.13  2.90 360 1014.6  19.3  22.3  14.0 99.0 99.00
2016 09 18 13 50 298  2.7  3.7  0.31  3.45  3.10   2 1014.6  19.5  22.3  14.4 99.0 99.00
2016 09 18 14 50 269  2.7  3.7  0.29  3.33  3.05 314 1015.4  19.6  22.3  14.9 99.0 99.00
2016 09 18 15 50 266  3.2  4.4  0.26  3.45  3.06 302 1015.6  19.5  22.4  15.2 99.0 99.00
2016 09 18 16 50 275  2.8  4.1  0.21 99.00  2.97 999 1015.6  19.5  22.5  14.5 99.0 99.00
2016 09 18 17 50 283  2.9  3.7  0.16 99.00  2.87 999 1015.3  19.6  22.6  13.8 99.0 99.00
2016 09 18 18 50 225  1.5  2.6  0.14 99.00  2.90 999 1014.8  19.9  22.8  13.8 99.0 99.00
2016 09 18 19 50 210  1.9  2.3  0.13 99.00  3.08 999 1014.6  20.4  23.0  14.0 99.0 99.00
2016 09 18 20 50 160  2.7  3.4  0.10 99.00  3.00 999 1014.1  20.5  23.1  14.6 99.0 99.00
2016 09 18 21 50 158  3.1  3.7  0.09 99.00  3.12 999 1013.9  20.7  23.1  15.1 99.0 99.00
2016 09 18 22 50 152  3.4  4.4  0.08 99.00  3.28 999 1013.8  21.0  23.1  15.2 99.0 99.00
2016 09 18 23 50 147  4.2  4.8  0.08 99.00  3.31 999 1013.8  21.1  23.0  16.0 99.0 99.00
2016 09 19 00 50 145  4.5  5.3  0.11 99.00  2.75 999 1013.9  21.2  22.8  16.4 99.0 99.00
2016 09 19 01 50 156  4.8  5.5  0.17 99.00  2.44 999 1014.4  21.4  22.7  16.7 99.0 99.00
2016 09 19 02 50 155  5.7  6.4  0.22 99.00  2.46 999 1014.3  21.7  22.6  17.2 99.0 99.00
2016 09 19 03 50 164  5.3  5.9  0.28  2.74  2.58 150 1014.7  21.8  22.5  17.6 99.0 99.00
2016 09 19 04 50 181  4.9  5.7  0.28  2.74  2.66 156 1014.8  22.0  22.5  18.2 99.0 99.00
2016 09 19 05 50 172  5.8  6.6  0.30  2.74  2.66 155 1014.5  22.2  22.5  18.4 99.0 99.00
2016 09 19 06 50 187  6.1  7.3  0.35  2.74  2.71 155 1014.7  22.1  22.5  19.5 99.0 99.00
2016 09 19 07 50 185  5.2  6.2  0.37  2.94  2.76 156 1014.5  22.3  22.4  19.3 99.0 99.00
2016 09 19 08 50 197  5.4  6.1  0.33  3.03  2.83 165 1014.7  22.3  22.4  19.3 99.0 99.00
2016 09 19 09 50 194  5.4  6.2  0.35  2.86  2.76 159 1014.9  22.4  22.4  18.6 99.0 99.00
2016 09 19 10 50 199  6.3  7.6  0.34  3.03  2.76 163 1015.1  22.3  22.4  17.1 99.0 99.00
2016 09 19 11 50 195  7.0  8.1  0.44  3.13  2.87 164 1015.5  22.0  22.4  17.0 99.0 99.00
2016 09 19 12 50 190  7.9  9.2  0.56  3.13  3.03 165 1015.4  22.2  22.4  16.5 99.0 99.00
2016 09 19 13 50 198  7.7  8.7  0.62  3.33  3.25 158 1015.5  22.5  22.4  16.1 99.0 99.00
2016 09 19 14 50 189  7.7  9.3  0.67  3.57  3.34 169 1016.0  22.3  22.4  16.9 99.0 99.00
2016 09 19 15 50 184  7.6  8.7  0.68  3.85  3.40 168 1015.9  22.3  22.4  17.5 99.0 99.00
2016 09 19 16 50 181  7.7  9.3  0.71  4.00  3.49 164 1015.9  22.4  22.5  18.0 99.0 99.00
2016 09 19 17 50 177  7.6  8.9  0.74  3.85  3.48 165 1015.9  22.6  22.5  17.6 99.0 99.00
2016 09 19 18 50 167  8.2  9.4  0.74  4.17  3.54 166 1015.2  22.9  22.6  18.3 99.0 99.00
2016 09 19 19 50 167  7.6  8.6  0.79  4.35  3.62 157 1014.7  23.5  22.6  18.4 99.0 99.00
2016 09 19 20 50 160  7.3  8.6  0.73  4.35  3.52 156 1014.1  23.8  22.6  18.6 99.0 99.00
2016 09 19 21 50 159  7.1  8.1  0.70  4.17  3.44 159 1013.8  24.1  22.6  18.5 99.0 99.00
2016 09 19 23 50 155  2.5  3.1 99.00 99.00 99.00 999 1015.0  23.8  22.6  19.8 99.0 99.00
2016 09 20 00 50 164  5.9  7.3  0.38  3.57  3.08 175 1014.1  24.1  22.6  19.6 99.0 99.00
2016 09 20 01 50 348  6.0  7.6  0.33  3.33  2.98 164 1016.2  23.1  22.6  19.2 99.0 99.00
2016 09 20 02 50  33  7.7  9.0  0.30  3.33  2.74 228 1016.2  22.3  22.5  19.9 99.0 99.00
2016 09 20 03 50  29  7.0  7.9  0.50  3.03  2.90  31 1017.1  21.7  22.5  18.6 99.0 99.00
2016 09 20 04 50  38  3.3  4.1  0.71  3.85  3.60  19 1017.5  22.1  22.5  18.5 99.0 99.00
2016 09 20 05 50  34  1.2  2.0  0.69  4.55  3.75 352 1017.4  22.8  22.5  17.5 99.0 99.00
2016 09 20 06 50 264  4.2  6.4  0.59  4.55  3.68 358 1018.1  21.2  22.5  18.5 99.0 99.00
2016 09 20 07 50 246  1.9  2.3  0.49  4.17  3.47 323 1018.2  21.5  22.5  18.0 99.0 99.00
2016 09 20 08 50 355  6.6  8.1  0.34  3.70  3.20  15 1018.7  21.6  22.5  19.7 99.0 99.00
2016 09 20 09 50  12  5.5  6.6  0.38  3.23  2.84  28 1019.2  21.0  22.4  19.1 99.0 99.00
2016 09 20 10 50  34  6.5  7.3  0.37  3.13  2.83  35 1019.6  21.5  22.4  17.3 99.0 99.00
2016 09 20 11 50  49  5.1  6.0  0.35  2.94  2.77  23 1020.4  21.3  22.4  17.6 99.0 99.00
2016 09 20 12 50  75  3.7  4.4  0.34  3.13  2.88  10 1021.1  21.6  22.4  17.7 99.0 99.00
2016 09 20 14 50  95  3.9  4.5  0.23 99.00  2.79 999 1021.3  21.8  22.5  16.0 99.0 99.00
2016 09 20 15 50 110  4.1  4.8  0.21 99.00  2.81 999 1021.6  21.9  22.5  15.6 99.0 99.00
2016 09 20 16 50 106  3.5  4.0  0.21 99.00  2.73 999 1021.6  22.0  22.6  14.7 99.0 99.00
2016 09 20 17 50 130  3.0  3.4  0.21 99.00  2.99 999 1021.7  22.2  22.8  15.1 99.0 99.00
2016 09 20 19 50 107  1.5  1.8  0.20 99.00  3.12 999 1021.0  22.7  23.2  14.6 99.0 99.00
2016 09 20 20 50 123  2.1  2.6  0.17 99.00  3.18 999 1020.7  22.8  23.3  15.0 99.0 99.00
2016 09 20 21 50 149  0.2  0.6  0.15 99.00  3.24 999 1021.1  23.6  23.3  14.8 99.0 99.00
2016 09 20 22 50 176  0.0  0.0  0.13 99.00  3.27 999 1020.9  25.3  23.3  15.0 99.0 99.00
2016 09 20 23 50 134  0.8  1.0  0.12 99.00  3.31 999 1020.5  22.6  23.3  16.4 99.0 99.00
2016 09 21 00 50 123  2.4  2.9  0.11 99.00  3.56 999 1019.9  22.8  23.2  15.6 99.0 99.00
2016 09 21 01 50 115  2.4  2.7  0.10 99.00  3.47 999 1020.5  23.0  23.0  16.4 99.0 99.00
2016 09 21 02 50 107  2.8  3.2  0.09 99.00  3.32 999 1020.7  22.9  23.0  18.1 99.0 99.00
2016 09 21 03 50  99  3.6  4.2  0.09 99.00  3.38 999 1020.8  22.9  22.9  18.5 99.0 99.00
2016 09 21 04 50 105  4.5  5.4  0.08 99.00  3.05 999 1020.3  23.0  22.8  18.4 99.0 99.00
2016 09 21 05 50 121  5.5  6.2  0.14 99.00  2.46 999 1019.8  23.0  22.7  18.2 99.0 99.00
2016 09 21 06 50 130  6.1  7.3  0.26  2.60  2.53 126 1019.6  23.2  22.7  17.8 99.0 99.00
2016 09 21 07 50 128  6.5  8.1  0.35  2.86  2.69 131 1019.2  23.1  22.6  17.8 99.0 99.00
2016 09 21 08 50 128  7.8  9.0  0.44  2.86  2.89 120 1019.3  22.9  22.6  17.5 99.0 99.00
2016 09 21 09 50 135  8.3 10.1  0.58  3.45  3.10 131 1018.9  22.6  22.6  18.5 99.0 99.00
2016 09 21 10 50 146  7.0  8.0  0.68  3.70  3.29 115 1019.4  22.4  22.6  19.5 99.0 99.00
2016 09 21 11 50 151  7.1  8.2  0.71  3.85  3.46 112 1019.6  22.6  22.5  20.6 99.0 99.00
2016 09 21 12 50 351  5.3  6.9  0.59  4.00  3.28 170 1022.8  20.2  22.5  19.0 99.0 99.00
2016 09 21 13 50  99  4.2  4.9  0.54  4.17  3.46 142 1022.3  20.2  22.5  19.3 99.0 99.00
2016 09 21 14 50 135  4.6  5.8  0.47  4.00  3.31 130 1022.0  21.3  22.5  19.6 99.0 99.00
2016 09 21 15 50 151  5.8  6.7  0.47  4.00  3.19 126 1022.0  22.0  22.5  20.0 99.0 99.00
2016 09 21 16 50 251  5.4  6.1  0.37  3.85  3.23 137 1021.3  22.4  22.5  20.1 99.0 99.00
2016 09 21 17 50 200  9.7 11.4  0.36  3.70  2.84  98 1019.6  22.5  22.6  18.4 99.0 99.00
2016 09 21 18 50 183 10.3 14.7  0.91  3.45  3.25 174 1018.2  22.2  22.6  19.7 99.0 99.00
2016 09 21 19 50 356  3.6  4.8  1.16  4.55  3.94 162 1019.7  22.6  22.6  19.4 99.0 99.00
2016 09 21 20 50 179  4.7  6.6  0.93  4.55  3.93 164 1018.9  23.1  22.6  18.7 99.0 99.00
2016 09 21 21 50 161  2.7  3.2  0.82  4.76  3.86 183 1018.8  22.9  22.6  19.9 99.0 99.00
2016 09 21 22 50 278  1.3  2.4  0.78  4.55  3.96 176 1019.4  22.8  22.6  19.8 99.0 99.00
2016 09 21 23 50 341  4.8  6.1  0.72  4.17  3.98 208 1018.9  22.9  22.6  18.6 99.0 99.00
2016 09 22 00 50  76  4.1  5.1  0.71  5.56  4.20 242 1017.6  22.4  22.5  19.6 99.0 99.00
2016 09 22 01 50 108  5.1  5.9  0.73  5.56  4.37 214 1017.6  22.6  22.5  20.0 99.0 99.00
2016 09 22 02 50 198  1.6  1.9  0.61  5.00  4.09 184 1018.9  22.8  22.5  20.3 99.0 99.00
2016 09 22 03 50 331  3.7  4.2  0.42  5.00  3.73 225 1019.4  22.6  22.5  20.9 99.0 99.00
2016 09 22 04 50 359  4.7  5.7  0.31  4.35  3.54 234 1019.7  22.5  22.5  20.7 99.0 99.00
2016 09 22 05 50  25  5.4  6.2  0.24 99.00  3.03 999 1018.9  22.4  22.5  20.8 99.0 99.00
2016 09 22 06 50  35  5.5  6.1  0.26  2.47  2.70  26 1018.9  22.3  22.5  20.1 99.0 99.00
2016 09 22 07 50  52  4.8  5.5  0.26  2.74  2.73   9 1018.6  22.4  22.5  19.9 99.0 99.00
2016 09 22 08 50  99  6.2  7.6  0.25  2.74  2.73 354 1017.2  22.3  22.5  19.6 99.0 99.00
2016 09 22 09 50 113  7.5  8.7  0.28  2.74  2.63  15 1017.0  22.1  22.5  20.4 99.0 99.00
2016 09 22 10 50 117  5.9  6.8  0.38  2.94  2.72  69 1017.2  21.9  22.5  20.0 99.0 99.00
2016 09 22 11 50 128  4.2  5.0  0.40  3.03  2.94  99 1017.6  22.3  22.5  20.7 99.0 99.00
2016 09 22 12 50 158  3.9  4.8  0.37  3.13  2.95  88 1018.0  22.6  22.5  20.8 99.0 99.00
2016 09 22 13 50 174  5.2  6.0  0.34  3.13  2.89  88 1018.0  22.7  22.5  20.5 99.0 99.00
2016 09 22 14 50 174  5.9  7.0  0.34  3.13  2.89  97 1017.7  22.6  22.5  20.3 99.0 99.00
2016 09 22 15 50 179  6.2  7.2  0.40  3.13  2.91 108 1017.3  22.5  22.5  19.9 99.0 99.00
2016 09 22 16 50 181  6.4  7.8  0.46  3.23  3.03 119 1017.0  22.6  22.5  19.5 99.0 99.00
2016 09 22 17 50 178  5.8  7.0  0.48  3.23  2.99 135 1016.8  22.6  22.5  19.8 99.0 99.00
2016 09 22 18 50 180  5.4  6.4  0.46  3.33  3.07 136 1016.1  22.7  22.6  19.8 99.0 99.00
2016 09 22 19 50 164  5.3  6.3  0.44  3.23  3.02 135 1015.5  23.0  22.6  20.0 99.0 99.00
2016 09 22 20 50 164  5.4  6.2  0.42  3.45  3.06 140 1015.4  23.3  22.6  20.3 99.0 99.00
2016 09 22 21 50 157  4.8  5.5  0.41  3.23  3.09 142 1014.9  23.3  22.7  20.7 99.0 99.00
2016 09 22 22 50 162  4.0  4.6  0.33  3.23  3.06 152 1015.2  23.4  22.7  20.8 99.0 99.00
2016 09 22 23 50 174  3.9  4.5  0.27  3.13  2.89 155 1015.3  23.6  22.6  20.5 99.0 99.00
2016 09 23 00 50 164  2.0  2.3  0.22 99.00  2.89 999 1015.7  23.3  22.6  20.8 99.0 99.00
2016 09 23 01 50 176  1.9  2.2  0.16 99.00  2.87 999 1015.8  23.8  22.6  19.7 99.0 99.00
2016 09 23 02 50 137  0.4  0.6  0.14 99.00  2.70 999 1015.7  23.2  22.6  21.1 99.0 99.00
2016 09 23 03 50   7  4.3  5.0  0.12 99.00  2.76 999 1016.1  23.2  22.5  19.9 99.0 99.00
2016 09 23 04 50  29  4.6  5.3  0.09 99.00  2.70 999 1015.9  22.4  22.5  21.3 99.0 99.00
2016 09 23 05 50  42  4.4  5.4  0.15 99.00  2.37 999 1015.8  22.3  22.5  21.1 99.0 99.00
2016 09 23 06 50  41  5.2  5.8  0.22 99.00  2.48 999 1016.2  22.1  22.5  20.9 99.0 99.00
2016 09 23 07 50  31  5.3  6.1  0.30  2.74  2.70  39 1016.4  21.9  22.5  21.0 99.0 99.00
2016 09 23 08 50  27  7.0  8.1  0.38  2.86  2.85  47 1016.4  21.6  22.4  20.7 99.0 99.00
2016 09 23 09 50  28  7.6  8.6  0.47  3.45  3.01  38 1016.6  21.5  22.4  20.5 99.0 99.00
2016 09 23 10 50  42  8.1  9.5  0.58  3.85  3.28  33 1016.7  21.5  22.4  20.3 99.0 99.00
2016 09 23 11 50  46  7.1  8.2  0.58  4.00  3.27  20 1017.3  21.4  22.4  19.9 99.0 99.00
2016 09 23 12 50  43  6.5  7.3  0.73  4.35  3.58  21 1018.2  21.1  22.4  19.7 99.0 99.00
2016 09 23 14 50  39  8.0  9.4  0.77  5.00  3.82  16 1018.9  20.6  22.4  19.6 99.0 99.00
2016 09 23 15 50  46  6.5  7.6  0.87  5.26  3.99  22 1019.5  20.9  22.4  19.3 99.0 99.00
2016 09 23 16 50  53  7.0  7.9  1.00  6.25  4.29  21 1019.3  21.0  22.4  19.2 99.0 99.00
2016 09 23 17 50  54  5.8  6.6  1.08  6.25  4.62  15 1019.2  20.9  22.5  19.0 99.0 99.00
2016 09 23 19 50  55  6.6  7.8  0.91  5.88  4.53  20 1018.6  20.5  22.5  19.7 99.0 99.00
2016 09 23 20 50  69  6.0  6.7  0.84  5.00  4.27  20 1018.6  20.4  22.5  19.5 99.0 99.00
2016 09 23 21 50  59  6.3  7.1  0.80  5.88  4.25  24 1018.9  20.7  22.5  19.0 99.0 99.00
2016 09 23 22 50  67  8.8 10.5  0.85  5.26  4.08  18 1019.0  20.4  22.5  18.2 99.0 99.00
2016 09 23 23 50  80  9.2 10.5  0.97  5.26  3.97  12 1019.1  19.8  22.4  17.8 99.0 99.00
2016 09 24 00 50  80  8.2  9.8  1.14  4.17  4.12  59 1019.6  19.7  22.3  17.4 99.0 99.00
2016 09 24 01 50  80  7.2  8.3  1.12  6.25  4.23  17 1020.1  19.6  22.3  17.1 99.0 99.00
2016 09 24 02 50  79  7.8  9.1  1.07  5.88  4.21   5 1020.5  19.4  22.3  15.9 99.0 99.00
2016 09 24 03 50  89  9.0 10.7  1.12  6.25  4.28   7 1020.5  19.0  22.3  15.6 99.0 99.00
2016 09 24 04 50  85  9.9 11.5  1.17  4.35  4.16  59 1020.8  18.5  22.2  15.2 99.0 99.00
2016 09 24 05 50  86 10.7 12.4  1.36  4.55  4.17  78 1020.6  18.1  22.2  15.0 99.0 99.00
2016 09 24 06 50  90  9.7 11.9  1.42  4.55  4.33  78 1021.1  17.5  22.2  14.3 99.0 99.00
2016 09 24 07 50  94  9.0 10.5  1.35  5.00  4.31  66 1020.9  17.4  22.1  14.4 99.0 99.00
2016 09 24 08 50  93  8.2 10.3  1.28  5.26  4.34  84 1021.2  17.4  22.1  13.9 99.0 99.00
2016 09 24 09 50  95  7.4  9.2  1.14  4.76  4.17  76 1021.5  17.3  22.1  14.0 99.0 99.00
2016 09 24 10 50  98  7.9  9.6  0.97  4.76  3.99  91 1021.8  17.1  22.1  14.0 99.0 99.00
2016 09 24 11 50  89  8.2 10.1  0.98  4.55  3.98  80 1022.2  17.1  22.1  14.4 99.0 99.00
2016 09 24 12 50  91  7.3  8.9  0.97  4.76  3.98  84 1023.1  17.0  22.0  14.3 99.0 99.00
2016 09 24 13 50 102  8.1  9.6  0.98  4.76  3.94  80 1022.7  17.1  22.0  15.1 99.0 99.00
2016 09 24 14 50 105  8.1  9.4  0.91  4.35  3.78  88 1022.7  17.4  22.1  15.8 99.0 99.00
2016 09 24 15 50 107  7.3  8.4  0.91  4.76  3.88  69 1022.7  18.2  22.1  16.5 99.0 99.00
2016 09 24 16 50  99  6.1  7.2  0.95  4.76  3.86  76 1023.2  18.2  22.1  16.3 99.0 99.00
2016 09 24 17 50  91  6.0  7.4  0.83  4.35  3.77  85 1022.8  18.3  22.1  15.7 99.0 99.00
2016 09 24 18 50  90  5.4  6.3  0.70  4.00  3.65 102 1022.2  18.7  22.2  15.4 99.0 99.00
2016 09 24 19 50  96  5.5  6.6  0.65  4.00  3.57 108 1021.5  19.3  22.2  15.4 99.0 99.00
2016 09 24 20 50  96  4.5  5.6  0.54  3.45  3.45  94 1021.4  19.9  22.3  15.3 99.0 99.00
2016 09 24 21 50  84  4.8  5.8  0.52  3.85  3.40  71 1021.0  20.2  22.3  15.3 99.0 99.00
2016 09 24 22 50  81  5.9  7.0  0.46  3.45  3.25  87 1020.5  20.6  22.3  15.9 99.0 99.00
2016 09 24 23 50  89  6.6  7.8  0.44  3.45  3.12  78 1020.2  20.9  22.3  16.3 99.0 99.00
2016 09 25 00 50  98  7.4  8.8  0.50  3.33  3.20  82 1020.1  21.0  22.2  16.3 99.0 99.00
2016 09 25 01 50 103  8.4  9.6  0.55  3.57  3.12  76 1020.3  21.0  22.2  16.1 99.0 99.00
2016 09 25 02 50 101  7.8  9.3  0.62  3.57  3.26  80 1020.7  20.9  22.2  16.2 99.0 99.00
2016 09 25 03 50  99  8.2  9.4  0.70  3.85  3.37  89 1020.6  20.6  22.2  15.7 99.0 99.00
2016 09 25 04 50 109  8.8  9.9  0.75  4.00  3.46  89 1020.2  20.4  22.2  15.3 99.0 99.00
2016 09 25 05 50 113  8.8 10.4  0.85  4.35  3.59  90 1020.0  20.3  22.1  15.7 99.0 99.00
2016 09 25 06 50 125  8.3  9.9  0.87  4.17  3.68  79 1019.9  20.2  22.1  16.7 99.0 99.00
2016 09 25 07 50 132  8.5  9.8  0.94  4.55  3.73  81 1019.7  20.1  22.1  17.0 99.0 99.00
2016 09 25 08 50 133  9.2 10.6  0.89  4.35  3.70  78 1019.3  19.6  22.1  16.7 99.0 99.00
2016 09 25 09 50 140  9.3 10.8  0.93  4.35  3.73  91 1019.4  19.4  22.1  15.9 99.0 99.00
2016 09 25 10 50 140  9.0 10.5  0.99  4.55  3.82  98 1019.1  19.4  22.1  15.9 99.0 99.00
2016 09 25 11 50 142  9.0 11.5  1.17  5.00  4.07 115 1019.1  19.3  22.0  15.7 99.0 99.00
2016 09 25 12 50 136  9.2 11.3  1.25  5.26  4.17 128 1018.9  19.5  22.0  16.0 99.0 99.00
2016 09 25 13 50 140  9.2 11.2  1.27  5.26  4.28 138 1018.9  19.2  22.0  15.7 99.0 99.00
2016 09 25 14 50 137  9.7 11.5  1.36  5.26  4.36 141 1018.2  19.4  22.0  15.8 99.0 99.00
2016 09 25 15 50 141  9.8 11.2  1.27  5.26  4.33 144 1017.8  19.8  22.0  15.9 99.0 99.00
2016 09 25 16 50 134  9.5 11.1  1.28  5.00  4.39 144 1017.3  20.3  22.0  16.3 99.0 99.00
2016 09 25 17 50 134  9.3 10.9  1.14  5.26  4.13 146 1016.4  20.9  22.1  16.7 99.0 99.00
2016 09 25 18 50 139  8.0  9.4  1.09  5.00  4.12 135 1015.6  21.6  22.1  17.4 99.0 99.00
2016 09 25 19 50 132  8.1  9.8  1.02  5.00  4.03 150 1014.3  22.2  22.1  18.0 99.0 99.00
2016 09 25 20 50 129  8.2  9.5  0.92  4.55  3.87 156 1012.8  22.7  22.2  19.3 99.0 99.00
2016 09 25 21 50 127  7.9  9.2  0.81  4.55  3.63 159 1012.0  23.3  22.2  20.0 99.0 99.00
2016 09 25 22 50 127  8.0  9.7  0.71  4.00  3.45 145 1011.2  23.5  22.2  20.5 99.0 99.00
2016 09 25 23 50 246  8.3 13.8  0.66  3.85  3.36 146 1012.4  21.9  22.2  20.2 99.0 99.00
2016 09 26 00 50 174  5.0  5.8  0.58  3.45  3.05 106 1011.8  21.8  22.1  21.8 99.0 99.00
2016 09 26 01 50 162  7.6  8.7  0.54  3.45  3.13 133 1011.0  23.1  22.1  21.4 99.0 99.00
2016 09 26 02 50 162  7.4  9.1  0.57  3.33  3.16 135 1010.6  23.5  22.1  21.3 99.0 99.00
2016 09 26 03 50 265 10.9 13.1  0.51  3.57  3.05 122 1011.2  21.6  22.1  19.5 99.0 99.00
2016 09 26 04 50 277 12.0 14.5  0.87  3.45  3.34 222 1011.6  20.4  22.1  16.2 99.0 99.00
2016 09 26 05 50 281  9.9 12.1  1.25  4.35  3.90 234 1012.1  19.6  22.1  14.2 99.0 99.00
2016 09 26 06 50 260  9.5 11.9  1.20  4.76  3.95 235 1012.3  18.3  22.0  14.4 99.0 99.00
2016 09 26 07 50 281 10.4 12.1  1.32  4.35  4.06 240 1011.8  18.3  22.0  13.4 99.0 99.00
2016 09 26 08 50 282 10.1 12.2  1.22  4.35  4.06 256 1012.0  17.9  21.9  13.6 99.0 99.00
2016 09 26 09 50 285 11.2 14.2  1.20  4.76  4.09 262 1012.4  17.5  21.9  12.8 99.0 99.00
2016 09 26 10 50 285 10.3 12.6  1.44  5.26  4.31 289 1012.7  17.2  21.8  10.3 99.0 99.00
2016 09 26 11 50 273 10.8 12.8  1.42  5.26  4.47 272 1012.9  17.1  21.8  10.1 99.0 99.00
2016 09 26 12 50 263 11.1 13.3  1.48  5.26  4.52 252 1012.8  17.0  21.7  10.4 99.0 99.00
2016 09 26 13 50 255 11.2 13.4  1.37  5.26  4.39 248 1013.0  16.6  21.7  10.4 99.0 99.00
2016 09 26 14 50 253 10.5 12.9  1.46  5.26  4.52 242 1013.1  16.3  21.7   9.8 99.0 99.00
2016 09 26 15 50 249 10.6 13.2  1.36  5.26  4.37 227 1013.0  16.2  21.7   9.8 99.0 99.00
2016 09 26 16 50 253 10.7 12.9  1.49  5.00  4.45 216 1012.5  16.7  21.7   8.7 99.0 99.00
2016 09 26 17 50 247 11.3 14.6  1.41  5.00  4.30 203 1012.2  17.3  21.7   7.7 99.0 99.00
2016 09 26 18 50 244 11.8 14.7  1.29  5.00  4.10 199 1011.4  17.9  21.7   7.7 99.0 99.00
2016 09 26 19 50 254 11.7 14.0  1.58  5.26  4.49 213 1011.2  18.4  21.7   7.0 99.0 99.00
2016 09 26 20 50 255 11.2 13.5  1.60  5.26  4.39 213 1011.3  18.6  21.7   6.6 99.0 99.00
2016 09 26 21 50 259 12.1 14.6  1.64  5.26  4.44 209 1010.9  19.1  21.7   6.5 99.0 99.00
2016 09 26 22 50 256 11.3 13.9  1.68  5.00  4.42 221 1011.1  19.2  21.6   6.0 99.0 99.00
2016 09 26 23 50 251 11.9 14.1  1.56  5.26  4.42 218 1010.9  19.5  21.6   6.8 99.0 99.00
2016 09 27 00 50 243 11.6 14.6  1.53  5.26  4.32 220 1010.9  19.5  21.5   7.0 99.0 99.00
2016 09 27 01 50 242 12.0 14.6  1.42  5.26  4.28 201 1011.0  19.5  21.5   7.5 99.0 99.00
2016 09 27 02 50 249 12.3 15.4  1.51  5.00  4.50 208 1010.6  19.2  21.4   7.3 99.0 99.00
2016 09 27 03 50 255 11.2 13.0  1.43  5.26  4.34 201 1010.3  18.7  21.4   7.5 99.0 99.00
2016 09 27 04 50 252 11.0 13.1  1.14  4.76  4.09 205 1009.9  18.4  21.4   7.7 99.0 99.00
2016 09 27 05 50 245 10.9 12.6  1.32  5.26  4.29 184 1009.1  18.3  21.3   8.3 99.0 99.00
2016 09 27 06 50 245 12.1 14.5  1.44  5.26  4.42 188 1008.8  18.2  21.3   7.4 99.0 99.00
2016 09 27 07 50 247 12.3 14.7  1.35  5.26  4.32 183 1008.2  17.5  21.3   7.4 99.0 99.00
2016 09 27 08 50 249 11.5 14.4  1.44  5.56  4.38 180 1007.8  17.1  21.3   8.5 99.0 99.00
2016 09 27 09 50 251 11.6 14.0  1.44  5.56  4.48 176 1007.4  16.4  21.2   8.0 99.0 99.00
2016 09 27 10 50 259 12.5 15.2  1.31  5.56  4.18 171 1007.0  16.0  21.2   8.1 99.0 99.00
2016 09 27 11 50 256 13.0 16.3  1.63  5.26  4.38 192 1007.0  15.8  21.1   8.2 99.0 99.00
2016 09 27 12 50 256 12.7 15.3  1.70  5.00  4.39 197 1006.6  15.6  21.1   7.8 99.0 99.00
2016 09 27 13 50 251 12.6 14.7  1.72  5.26  4.52 202 1006.7  15.4  21.1   8.1 99.0 99.00
2016 09 27 14 50 256 12.7 15.6  1.61  5.26  4.43 187 1006.8  15.1  21.0   7.6 99.0 99.00
2016 09 27 15 50 260 10.8 13.4  1.73  5.88  4.51 176 1006.6  14.9  21.0   7.3 99.0 99.00
2016 09 27 16 50 263 10.0 12.4  1.47  5.56  4.41 188 1006.5  15.3  21.0   6.9 99.0 99.00
2016 09 27 17 50 273 10.1 12.6  1.43  5.26  4.34 191 1006.1  15.9  21.0   6.8 99.0 99.00
2016 09 27 18 50 277  9.0 11.5  1.33  5.26  4.19 229 1005.8  16.2  21.0   8.0 99.0 99.00
2016 09 27 19 50 303  7.8  9.8  1.23  5.00  4.18 274 1006.1  15.7  21.0   7.8 99.0 99.00
2016 09 27 20 50 311  7.2  8.9  1.15  5.00  4.26 290 1006.2  15.9  21.0   8.1 99.0 99.00
2016 09 27 21 50 300  7.4  9.3  1.04  4.76  4.15 287 1006.3  16.3  21.0   8.3 99.0 99.00
2016 09 27 22 50 320  7.8  9.7  0.98  4.76  4.01 341 1006.8  16.2  21.0   8.2 99.0 99.00
2016 09 27 23 50 322  7.5  9.5  0.99  5.00  4.01 335 1007.5  15.1  20.9   9.3 99.0 99.00
2016 09 28 00 50 352  7.4  9.7  0.94  4.76  4.07 345 1007.3  14.7  20.9   9.9 99.0 99.00
2016 09 28 01 50 344  6.4  8.8  0.86  4.76  3.96   3 1007.9  14.3  20.9   9.3 99.0 99.00
2016 09 28 02 50 325  5.3  7.6  0.85  4.76  4.05 337 1008.1  14.4  20.9   9.2 99.0 99.00
2016 09 28 03 50 329  5.5  7.2  0.78  4.55  3.82 350 1007.9  13.9  20.9   9.5 99.0 99.00
2016 09 28 04 50 291  6.6  9.6  0.67  4.55  3.82 328 1008.0  14.0  20.9   9.3 99.0 99.00
2016 09 28 05 50 307  5.5  7.8  0.66  4.35  3.63 322 1008.0  14.0  20.9   8.7 99.0 99.00
2016 09 28 06 50 267  4.6  6.3  0.58  4.35  3.60 308 1008.3  13.7  20.8   7.9 99.0 99.00
2016 09 28 07 50 287  5.4  6.8  0.51  4.00  3.45 337 1008.0  13.3  20.8   8.5 99.0 99.00
2016 09 28 08 50 284  3.7  5.0  0.48  4.00  3.38 327 1008.2  13.1  20.8   8.3 99.0 99.00
2016 09 28 09 50 282  2.6  4.2  0.41  3.85  3.26 338 1008.8  12.9  20.8   7.9 99.0 99.00
2016 09 28 10 50  46  2.4  3.4  0.35  3.85  3.21  22 1008.9  13.0  20.7   8.5 99.0 99.00
2016 09 28 11 50 101  1.8  3.2  0.31  3.45  3.25 358 1009.6  13.1  20.7   7.8 99.0 99.00
2016 09 28 12 50  83  1.8  2.8  0.28  3.33  3.11 356 1009.9  13.4  20.7   7.4 99.0 99.00
2016 09 28 13 50  67  2.7  3.7  0.23 99.00  3.14 999 1010.5  14.5  20.7   7.4 99.0 99.00
2016 09 28 14 50  71  4.7  5.9  0.21 99.00  3.23 999 1011.4  14.6  20.7   8.7 99.0 99.00
2016 09 28 15 50  36  5.6  6.9  0.25  3.03  2.99 358 1012.0  15.2  20.7   9.2 99.0 99.00
2016 09 28 16 50  42  6.6  8.2  0.27  2.86  2.66 354 1012.5  15.4  20.7  10.2 99.0 99.00
2016 09 28 17 50  31  8.2  9.9  0.41  2.60  2.67  70 1012.8  15.8  20.7   9.8 99.0 99.00
2016 09 28 18 50  52 10.1 12.2  0.71  3.33  3.17  71 1012.9  16.3  20.7  10.5 99.0 99.00
2016 09 28 19 50  51  9.3 12.0  0.97  3.85  3.59  69 1013.7  16.8  20.7  10.8 99.0 99.00
2016 09 28 20 50  49  9.5 11.6  1.09  4.55  3.91  80 1014.3  17.7  20.7  11.0 99.0 99.00
2016 09 28 21 50  52 11.9 17.0  1.21  5.00  4.16  74 1015.0  18.3  20.8  11.8 99.0 99.00
2016 09 28 22 50  49  9.3 11.6  1.40  5.26  4.34  65 1015.7  17.6  20.8  10.8 99.0 99.00
2016 09 28 23 50  45 12.3 15.0  1.48  5.00  4.42  51 1016.4  17.8  20.8  11.5 99.0 99.00
2016 09 29 00 50  55 13.1 16.0  1.62  5.26  4.70  61 1016.6  18.4  20.8  12.5 99.0 99.00
2016 09 29 01 50  52 11.6 13.6  2.06  5.56  5.11  51 1017.2  18.5  20.7  12.3 99.0 99.00
2016 09 29 02 50  44 12.8 14.8  1.98  5.88  5.17  50 1017.4  18.6  20.7  12.4 99.0 99.00
2016 09 29 03 50  41 12.4 15.1  2.00  7.14  5.18  20 1017.7  18.2  20.7  12.9 99.0 99.00
2016 09 29 04 50  45 11.9 14.4  2.16  6.67  5.27  27 1017.7  17.9  20.7  13.9 99.0 99.00
2016 09 29 05 50  53 13.0 15.6  2.09  7.14  5.15  26 1017.4  18.3  20.6  13.6 99.0 99.00
2016 09 29 06 50  54 12.5 14.6  2.19  7.14  5.14  23 1017.7  18.5  20.6  14.2 99.0 99.00
2016 09 29 07 50  50 12.2 14.2  2.22  7.14  5.19  25 1017.9  18.2  20.6  14.3 99.0 99.00
2016 09 29 08 50  52 12.1 14.1  1.97  7.14  5.02  25 1018.0  18.2  20.6  14.1 99.0 99.00
2016 09 29 09 50  54 12.1 15.2  2.01  6.67  4.95  30 1018.6  18.4  20.6  14.0 99.0 99.00
2016 09 29 10 50  48 12.3 14.3  2.02  7.14  5.10  29 1019.1  18.2  20.6  14.2 99.0 99.00
2016 09 29 11 50  58 12.7 14.7  2.04  7.14  5.22  19 1019.7  17.8  20.5  14.3 99.0 99.00
2016 09 29 12 50  53 13.3 15.4  2.20  7.69  5.39  25 1020.2  17.9  20.5  14.7 99.0 99.00
2016 09 29 13 50  57 12.5 15.2  2.14  7.14  5.44  22 1020.9  17.7  20.5  14.9 99.0 99.00
2016 09 29 14 50  45 11.6 14.0  2.10  7.69  5.41  30 1021.4  17.6  20.4  15.2 99.0 99.00
2016 09 29 15 50  44 11.4 13.7  2.07  7.69  5.43  27 1021.7  17.9  20.4  15.4 99.0 99.00
2016 09 29 16 50  50 11.3 13.7  2.15  6.25  5.43  29 1022.1  17.8  20.4  15.6 99.0 99.00
2016 09 29 17 50  59 12.5 14.5  2.12  7.14  5.49  19 1022.1  17.9  20.4  15.3 99.0 99.00
2016 09 29 18 50  63 11.7 14.1  2.22  7.14  5.63  14 1022.3  18.1  20.3  15.2 99.0 99.00
2016 09 29 19 50  60 11.9 13.6  2.07  7.69  5.29   7 1022.2  18.0  20.3  15.0 99.0 99.00
2016 09 29 20 50  62 11.7 14.3  2.17  7.14  5.36  15 1022.5  17.8  20.3  15.1 99.0 99.00
2016 09 29 21 50  69 11.0 13.0  1.97  6.67  5.13  10 1022.7  18.1  20.3  14.8 99.0 99.00
2016 09 29 22 50  70  9.9 11.7  1.83  5.88  4.93  23 1023.0  18.2  20.3  14.8 99.0 99.00
2016 09 29 23 50  65 11.6 13.8  1.77  5.56  4.89  36 1023.0  18.1  20.2  14.1 99.0 99.00
2016 09 30 00 50  68 11.7 13.5  1.67  5.00  4.55  80 1023.2  17.7  20.2  14.1 99.0 99.00
2016 09 30 01 50  59 10.3 12.2  1.92  5.56  4.95  61 1023.5  17.2  20.2  14.7 99.0 99.00
2016 09 30 02 50  57 11.3 13.4  1.76  5.00  4.76  63 1023.3  16.6  20.2  15.1 99.0 99.00
2016 09 30 03 50  52 11.1 12.7  1.79  5.00  4.92  76 1022.7  17.3  20.1  14.5 99.0 99.00
2016 09 30 04 50  53 11.3 13.5  1.61  5.00  4.69  59 1022.4  17.4  20.1  14.6 99.0 99.00
2016 09 30 05 50  58 10.9 13.9  1.63  7.14  4.72  24 1021.7  17.2  20.1  14.8 99.0 99.00
2016 09 30 06 50  59 11.2 13.5  1.52  6.67  4.67  28 1021.4  17.2  20.1  14.6 99.0 99.00
2016 09 30 07 50  61 10.6 12.4  1.54  6.67  4.69  30 1021.3  17.2  20.0  15.0 99.0 99.00
2016 09 30 08 50  63  9.5 11.2  1.53  6.25  4.73  20 1021.3  17.2  20.0  15.0 99.0 99.00
2016 09 30 09 50  62  9.3 11.7  1.36  6.25  4.66  17 1021.1  17.2  19.9  15.1 99.0 99.00
2016 09 30 10 50  64  8.8 10.3  1.40  5.88  4.74  22 1021.4  17.1  19.9  15.2 99.0 99.00
2016 09 30 11 50  61  9.6 11.1  1.47  5.88  4.73  24 1021.0  16.8  19.9  15.5 99.0 99.00
2016 09 30 12 50  61 11.1 13.6  1.48  6.25  4.62  24 1020.9  16.6  19.8  16.1 99.0 99.00
2016 09 30 13 50  63 10.9 12.9  1.60  5.00  4.70  63 1021.0  16.7  19.8  15.9 99.0 99.00
2016 09 30 14 50  72 10.8 13.0  1.69  5.56  4.80  33 1021.2  16.8  19.7  15.9 99.0 99.00
2016 09 30 15 50  68  9.9 11.7  1.62  6.25  4.80  17 1021.0  16.9  19.7  15.8 99.0 99.00
2016 09 30 16 50  66 10.4 13.7  1.50  5.00  4.61  49 1020.6  17.3  19.7  15.6 99.0 99.00
2016 09 30 17 50  62 10.3 12.4  1.46  5.88  4.48  23 1020.1  17.4  19.7  15.5 99.0 99.00
2016 09 30 18 50  59 10.0 11.6  1.43  5.88  4.44  24 1019.2  17.5  19.7  15.7 99.0 99.00
2016 09 30 19 50  54  9.9 11.9  1.34  5.88  4.29  30 1018.7  17.5  19.7  15.6 99.0 99.00
2016 09 30 20 50  61 10.7 12.7  1.29  4.76  4.17  59 1018.7  17.6  19.8  15.4 99.0 99.00
2016 09 30 21 50  64  9.6 11.3  1.33  4.76  4.36  51 1018.4  17.7  19.8  15.2 99.0 99.00
2016 09 30 22 50  73 10.9 13.6  1.35  4.76  4.25  57 1018.4  17.8  19.8  15.7 99.0 99.00
2016 09 30 23 50  73 10.7 12.6  1.43  5.88  4.39  26 1018.3  17.6  19.8  15.4 99.0 99.00
2016 10 01 00 50  79 11.3 13.4  1.45  5.88  4.56  36 1018.2  17.4  19.8  15.0 99.0 99.00
2016 10 01 01 50  81  8.6  9.9  1.38  6.25  4.52  13 1018.1  16.9  19.7  15.3 99.0 99.00
2016 10 01 02 50  75  9.1 10.9  1.20  5.56  4.47  25 1017.6  16.9  19.7  15.5 99.0 99.00
2016 10 01 03 50  79  9.4 10.8  1.22  5.88  4.35   9 1017.7  17.1  19.6  15.4 99.0 99.00
2016 10 01 04 50  94  9.1 10.7  1.24  6.67  4.40 356 1017.6  17.1  19.5  15.5 99.0 99.00
2016 10 01 05 50 103  8.4  9.9  1.34  5.88  4.46   1 1017.4  17.1  19.6  15.3 99.0 99.00
2016 10 01 06 50 103  8.0  9.6  1.24  5.56  4.48   3 1017.5  17.1  19.6  15.3 99.0 99.00
2016 10 01 07 50 102  7.0  8.2  1.10  6.25  4.36 355 1017.1  17.2  19.5  15.2 99.0 99.00
2016 10 01 08 50  96  2.6  3.5  1.07  5.56  4.55   5 1016.7  16.9  19.6  15.3 99.0 99.00
2016 10 01 09 50  71  6.8  8.4  0.98  5.88  4.38  15 1016.8  17.2  19.6  15.6 99.0 99.00
2016 10 01 10 50  57  6.5  7.3  0.95  6.25  4.27  18 1016.5  17.0  19.6  15.2 99.0 99.00
2016 10 01 12 50  58  8.1  9.6  0.87  4.17  3.95  55 1016.5  16.3  19.6  14.9 99.0 99.00
2016 10 01 13 50  72  9.2 10.8  0.96  6.25  4.02  23 1016.5  15.8  19.6  15.6 99.0 99.00
2016 10 01 14 50  77  7.8  9.3  0.98  4.17  3.93  69 1016.3  15.8  19.6  15.1 99.0 99.00
2016 10 01 15 50  85  7.2  8.8  0.97  4.17  4.00  64 1016.2  16.2  19.6  14.7 99.0 99.00
2016 10 01 16 50  91  6.2  7.3  0.85  4.17  3.71  52 1016.0  15.5  19.6  15.0 99.0 99.00
2016 10 01 17 50  86  5.5  6.4  0.78  4.00  3.90  58 1015.6  16.8  19.5  15.1 99.0 99.00
2016 10 01 18 50  79  5.0  6.1  0.69  3.70  3.82  51 1014.9  17.0  19.5  15.1 99.0 99.00
2016 10 01 19 50  72  4.0  4.7  0.63  6.67  3.98 360 1014.8  17.1  19.4  14.8 99.0 99.00
2016 10 01 20 50  67  4.4  5.5  0.60  6.25  4.23   6 1014.9  17.4  19.4  15.0 99.0 99.00
2016 10 01 21 50  52  4.7  5.9  0.60  5.88  4.21   5 1014.5  17.6  19.4  14.8 99.0 99.00
2016 10 01 22 50  46  5.5  6.3  0.61  5.88  4.14  24 1014.5  17.8  19.4  14.9 99.0 99.00
2016 10 01 23 50  47  6.5  7.8  0.61  5.88  3.97  19 1014.7  18.0  19.4  15.5 99.0 99.00
2016 10 02 00 50  50  5.7  6.7  0.63  5.56  3.90  21 1014.8  18.3  19.5  15.5 99.0 99.00
2016 10 02 01 50  83  5.0  5.8  0.68  5.56  3.91  17 1014.9  18.0  19.5  12.6 99.0 99.00
2016 10 02 02 50  81  4.1  4.8  0.68  5.26  3.86  17 1014.7  17.7  19.5  14.6 99.0 99.00
2016 10 02 03 50 100  3.0  3.9  0.65  5.26  3.89   4 1014.9  17.2  19.5  14.9 99.0 99.00
2016 10 02 04 50  68  2.3  2.9  0.65  5.00  4.04  19 1015.1  17.2  19.5  14.3 99.0 99.00
2016 10 02 05 50  54  2.0  2.5  0.60  4.76  3.77  25 1014.9  17.3  19.5  13.9 99.0 99.00
2016 10 02 06 50  24  1.7  2.2  0.54  5.00  3.73  34 1015.0  17.4  19.5  13.7 99.0 99.00
2016 10 02 07 50 337  2.3  2.8  0.49  4.76  3.73  32 1015.0  17.5  19.5  13.5 99.0 99.00
2016 10 02 08 50 339  1.6  2.6  0.44  4.55  3.77  30 1015.0  17.4  19.5  14.3 99.0 99.00
2016 10 02 09 50 279  1.0  1.4  0.40  4.76  3.74  23 1014.8  17.6  19.4  14.4 99.0 99.00
2016 10 02 10 50 331  7.7  9.1  0.35  4.76  3.72  35 1014.8  17.6  19.4  15.6 99.0 99.00
2016 10 02 11 50 336  7.4  8.7  0.52  3.03  3.23 358 1015.2  17.5  19.3  15.5 99.0 99.00
2016 10 02 12 50 309  6.9  8.1  0.72  3.85  3.61 350 1015.6  17.3  19.3  15.5 99.0 99.00
2016 10 02 13 50 312  7.0  8.2  0.64  4.17  3.61 360 1015.8  17.2  19.2  15.1 99.0 99.00
2016 10 02 14 50 304  6.8  7.8  0.71  4.00  3.68 354 1016.1  17.2  19.2  15.1 99.0 99.00
2016 10 02 15 50 317  5.8  7.1  0.66  4.35  3.70  13 1016.4  16.9  19.2  15.3 99.0 99.00
2016 10 02 16 50 295  3.9  4.7  0.69  4.35  3.78   1 1016.4  17.0  19.2  15.4 99.0 99.00
2016 10 02 17 50 359  5.0  5.7  0.60  4.35  3.76  11 1016.4  17.8  19.3  15.3 99.0 99.00
2016 10 02 18 50  32  5.7  8.0  0.59  4.55  3.66  12 1016.4  17.8  19.4  15.0 99.0 99.00
2016 10 02 19 50  24  5.6  6.6  0.70  4.76  3.74  29 1016.3  17.9  19.4  15.0 99.0 99.00
2016 10 02 20 50  21  5.4  6.4  0.79  4.76  3.79  29 1016.3  17.7  19.4  14.7 99.0 99.00
2016 10 02 21 50   5  7.3  8.3  0.85  4.76  4.02  15 1016.6  17.7  19.5  14.9 99.0 99.00
2016 10 02 23 50 355  6.7  7.8  0.91  5.00  3.94  31 1017.5  17.8  19.5  13.4 99.0 99.00
2016 10 03 00 50 355  6.3  7.8  0.77  5.26  3.93  30 1017.8  17.7  19.4  13.7 99.0 99.00
2016 10 03 01 50 359  6.3  7.5  0.73  5.88  3.85  34 1017.9  17.6  19.4  13.5 99.0 99.00
2016 10 03 02 50   4  6.5  7.7  0.67  4.35  3.86  27 1017.7  17.7  19.3  13.1 99.0 99.00
2016 10 03 03 50   2  5.0  5.9  0.71  5.56  3.90  27 1017.9  17.6  19.3  13.6 99.0 99.00
2016 10 03 04 50 357  4.8  5.9  0.65  5.56  4.05  37 1018.0  17.7  19.3  14.2 99.0 99.00
2016 10 03 05 50 342  4.7  6.4  0.62  5.56  3.97  35 1018.1  17.8  19.3  14.4 99.0 99.00
2016 10 03 06 50 351  4.8  6.5  0.65  5.56  3.97  34 1018.2  17.8  19.2  14.5 99.0 99.00
2016 10 03 07 50  24  4.1  7.2  0.63  5.26  3.86  25 1018.1  17.5  19.2  12.8 99.0 99.00
2016 10 03 08 50  40  2.4  3.1  0.56  5.26  3.69  31 1018.2  17.3  19.2  13.0 99.0 99.00
2016 10 03 09 50 358  4.4  5.9  0.57  5.26  3.78  36 1018.2  17.4  19.2  13.5 99.0 99.00
2016 10 03 10 50 317  5.2  6.5  0.52  4.55  3.55  36 1018.5  16.7  19.2  15.5 99.0 99.00
2016 10 03 11 50   9  5.0  5.9  0.54  4.76  3.60  25 1018.7  16.6  19.1  14.7 99.0 99.00
2016 10 03 12 50  16  4.3  5.6  0.50  4.55  3.56  32 1018.8  16.9  19.1  14.4 99.0 99.00
2016 10 03 13 50  61  2.9  3.6  0.46  4.55  3.42  28 1019.0  16.6  19.1  15.4 99.0 99.00
2016 10 03 14 50  50  4.2  5.2  0.44  4.35  3.32  24 1019.1  16.8  19.2  14.6 99.0 99.00
2016 10 03 15 50  54  2.2  3.2  0.40  4.17  3.35  18 1019.5  17.2  19.2  13.9 99.0 99.00
2016 10 03 16 50  73  2.7  4.0  0.37  4.00  3.37  21 1019.1  17.4  19.4  13.9 99.0 99.00
2016 10 03 17 50  96  2.4  3.1  0.37  4.00  3.46  14 1018.9  17.4  19.5  14.0 99.0 99.00
2016 10 03 18 50 119  1.7  3.3  0.35  3.57  3.53 359 1018.4  17.3  19.7  14.0 99.0 99.00
2016 10 03 19 50 146  2.2  3.0  0.40  3.85  3.69 352 1018.4  17.2  19.7  14.1 99.0 99.00
2016 10 03 20 50 154  3.1  3.9  0.32  4.00  3.55 339 1018.1  17.2  19.6  14.3 99.0 99.00
2016 10 03 21 50 159  2.0  2.6  0.32  4.17  3.69 348 1018.1  17.3  19.5  14.0 99.0 99.00
2016 10 03 22 50 106  0.2  0.8  0.31  4.55  3.91 345 1018.1  17.3  19.5  14.1 99.0 99.00
2016 10 03 23 50 136  1.1  1.8  0.31  5.00  4.01 336 1018.1  17.3  19.4  13.8 99.0 99.00
2016 10 04 00 50 118  1.8  2.5  0.29  5.00  3.91 322 1018.2  17.3  19.3  14.1 99.0 99.00
2016 10 04 01 50 107  3.6  4.2  0.26  5.00  3.82 350 1018.0  17.6  19.3  13.9 99.0 99.00
2016 10 04 02 50 110  4.7  5.4  0.22 99.00  3.84 999 1017.8  17.9  19.2  13.6 99.0 99.00
2016 10 04 03 50 117  6.2  7.2  0.26  4.76  3.29 347 1017.9  18.0  19.2  14.7 99.0 99.00
2016 10 04 04 50 118  6.5  7.5  0.37  4.76  3.00 338 1018.0  17.9  19.2  15.6 99.0 99.00
2016 10 04 05 50 134  7.7  8.8  0.46  2.94  3.01 111 1017.9  18.2  19.1  15.0 99.0 99.00
2016 10 04 06 50 137  7.7  9.0  0.54  3.70  3.19 118 1018.3  17.9  19.1  15.5 99.0 99.00
2016 10 04 07 50 137  7.3  8.4  0.70  3.85  3.48 118 1018.3  17.8  19.1  15.2 99.0 99.00
2016 10 04 08 50 138  7.0  8.2  0.69  4.17  3.57 121 1018.3  17.6  19.1  15.4 99.0 99.00
2016 10 04 09 50 135  6.6  7.6  0.65  3.85  3.55 123 1018.5  17.4  19.1  15.4 99.0 99.00
2016 10 04 10 50 137  7.1  8.8  0.68  3.85  3.48 119 1018.8  17.1  19.1  15.3 99.0 99.00
2016 10 04 11 50 138  6.8  7.9  0.64  3.85  3.51 126 1018.9  17.2  19.1  15.3 99.0 99.00
2016 10 04 12 50 131  6.8  7.6  0.68  4.00  3.47 129 1018.8  17.3  19.1  15.6 99.0 99.00
2016 10 04 13 50 133  8.0  9.1  0.66  3.57  3.40 130 1018.7  17.4  19.1  15.4 99.0 99.00
2016 10 04 14 50 137  7.2  8.6  0.75  4.17  3.57 145 1019.0  17.5  19.1  15.4 99.0 99.00
2016 10 04 15 50 136  6.9  8.2  0.71  4.17  3.41 142 1018.8  17.7  19.2  15.4 99.0 99.00
2016 10 04 16 50 133  5.7  6.8  0.70  3.85  3.52 146 1018.9  17.9  19.2  15.5 99.0 99.00
2016 10 04 17 50 141  5.7  6.6  0.63  4.00  3.47 148 1018.8  18.5  19.2  15.2 99.0 99.00
2016 10 04 18 50 129  3.9  4.8  0.70  4.35  3.60 150 1018.1  19.0  19.3  15.8 99.0 99.00
2016 10 04 19 50 116  4.2  4.8  0.59  4.17  3.53 155 1017.7  19.2  19.4  16.1 99.0 99.00
2016 10 04 20 50 101  3.5  4.0  0.46  4.00  3.36 160 1017.1  19.4  19.5  17.0 99.0 99.00
2016 10 04 21 50  92  5.0  5.9  0.36  3.85  3.32 169 1016.5  19.6  19.5  16.5 99.0 99.00
2016 10 04 22 50  90  5.7  6.4  0.30  3.70  3.07 182 1015.8  20.0  19.5  16.0 99.0 99.00
2016 10 04 23 50  97  6.4  7.5  0.29  3.57  2.78 178 1015.7  20.0  19.5  16.2 99.0 99.00
2016 10 05 00 50 105  6.8  8.0  0.36  2.60  2.73 109 1015.7  20.3  19.4  16.1 99.0 99.00
2016 10 05 01 50 105  8.0  9.5  0.41  3.03  2.83 121 1015.6  20.1  19.3  15.8 99.0 99.00
2016 10 05 02 50 112 10.5 12.7  0.57  3.23  3.07 102 1015.1  19.9  19.3  15.4 99.0 99.00
2016 10 05 03 50 117 11.2 13.5  0.88  3.85  3.49 108 1014.9  19.4  19.2  15.3 99.0 99.00
2016 10 05 04 50 124 11.1 13.1  1.05  4.35  3.73 112 1014.8  19.1  19.2  15.5 99.0 99.00
2016 10 05 05 50 127 10.3 12.1  1.12  4.76  3.96 103 1015.0  19.1  19.1  15.8 99.0 99.00
2016 10 05 06 50 132 10.0 11.7  1.22  4.76  3.95 107 1014.9  19.1  19.1  15.9 99.0 99.00
2016 10 05 07 50 138  9.3 11.2  1.07  4.76  3.78 111 1014.5  19.1  19.1  15.9 99.0 99.00
2016 10 05 08 50 137  9.2 10.5  1.02  4.35  3.75 118 1014.2  19.1  19.0  16.1 99.0 99.00
2016 10 05 09 50 136 10.0 11.4  1.03  4.35  3.79 114 1014.0  19.2  19.0  16.3 99.0 99.00
2016 10 05 10 50 137  9.3 10.7  1.06  4.35  3.95 121 1013.8  19.3  19.1  16.8 99.0 99.00
2016 10 05 11 50 140  9.2 10.8  1.20  4.76  4.07 126 1013.2  19.9  19.2  16.9 99.0 99.00
2016 10 05 12 50 141 10.1 12.5  1.19  5.00  4.16 128 1013.3  19.7  19.2  16.8 99.0 99.00
2016 10 05 13 50 151 11.0 13.7  1.38  5.00  4.34 132 1013.0  20.2  19.2  16.6 99.0 99.00
2016 10 05 14 50 154 10.9 12.8  1.32  5.56  4.38 131 1012.9  20.1  19.2  16.7 99.0 99.00
2016 10 05 15 50 160 10.2 12.3  1.52  5.56  4.64 135 1012.8  20.0  19.3  17.2 99.0 99.00
2016 10 05 16 50 157  8.6 10.6  1.36  5.26  4.52 148 1012.6  20.2  19.3  17.7 99.0 99.00
2016 10 05 17 50 166  7.4  8.6  1.21  5.56  4.40 145 1012.8  20.4  19.3  18.2 99.0 99.00
2016 10 05 18 50 180  6.8  7.7  1.00  5.26  4.14 139 1012.7  20.6  19.3  17.9 99.0 99.00
2016 10 05 19 50 187  5.2  6.0  0.80  5.00  3.92 132 1012.8  20.5  19.4  18.2 99.0 99.00
2016 10 05 20 50 200  3.5  4.1  0.67  4.76  3.93 145 1012.9  20.7  19.4  18.4 99.0 99.00
2016 10 05 21 50 191  3.9  4.5  0.59  4.55  3.76 141 1013.2  20.7  19.4  18.4 99.0 99.00
2016 10 05 23 50 199  4.0  4.5  0.44  4.17  3.50 151 1014.3  20.6  19.4  18.3 99.0 99.00
2016 10 06 00 50 236  4.2  4.6  0.35  3.85  3.27 143 1015.2  21.0  19.3  17.0 99.0 99.00
2016 10 06 01 50 274  3.2  3.6  0.31  3.70  3.21 154 1016.1  20.5  19.3  17.3 99.0 99.00
2016 10 06 02 50 303  3.5  3.8  0.26  3.57  3.10 196 1016.6  20.2  19.3  17.4 99.0 99.00
2016 10 06 03 50 291  2.2  2.6  0.20 99.00  2.97 999 1017.2  20.2  19.2  16.5 99.0 99.00
2016 10 06 04 50 334  1.9  2.3  0.17 99.00  2.95 999 1017.8  19.7  19.2  16.9 99.0 99.00
2016 10 06 05 50 102  2.6  2.8  0.14 99.00  3.00 999 1018.1  19.2  19.2  17.9 99.0 99.00
2016 10 06 06 50 124  3.5  4.0  0.13 99.00  2.94 999 1018.4  19.7  19.2  17.4 99.0 99.00
2016 10 06 07 50 118  2.6  3.1  0.11 99.00  2.89 999 1018.1  19.7  19.2  17.4 99.0 99.00
2016 10 06 08 50 117  2.4  2.7  0.11 99.00  2.93 999 1018.1  19.9  19.2  17.1 99.0 99.00
2016 10 06 09 50 109  3.2  3.5  0.09 99.00  2.92 999 1018.0  19.9  19.2  16.9 99.0 99.00
2016 10 06 10 50 109  3.3  3.9  0.09 99.00  2.86 999 1017.9  19.4  19.2  17.8 99.0 99.00
2016 10 06 11 50 116  3.9  4.5  0.07 99.00  2.92 999 1018.0  19.3  19.2  18.1 99.0 99.00
2016 10 06 12 50 120  4.3  5.1  0.07 99.00  2.81 999 1018.3  19.2  19.2  18.7 99.0 99.00
2016 10 06 13 50 152  7.0  8.3  0.16 99.00  2.37 999 1018.6  19.3  19.2  18.8 99.0 99.00
2016 10 06 14 50 175  7.1  8.5  0.39  3.03  2.81 138 1019.1  19.4  19.2  19.1 99.0 99.00
2016 10 06 15 50 167  4.3  5.5  0.49  3.23  3.18 147 1019.4  19.5  19.2  19.2 99.0 99.00
2016 10 06 16 50 156  5.6  6.4  0.48  3.70  3.21 145 1019.0  19.6  19.2  18.8 99.0 99.00
2016 10 06 17 50 155  8.3  9.7  0.64  3.85  3.39 158 1018.7  19.1  19.2  18.6 99.0 99.00
2016 10 06 18 50 150  6.9  7.9  0.75  4.17  3.49 161 1018.0  19.2  19.2  18.5 99.0 99.00
2016 10 06 19 50 146  5.0  6.2  0.60  3.70  3.34 157 1017.9  19.4  19.2  18.8 99.0 99.00
2016 10 06 20 50 125  3.6  4.0  0.56  3.70  3.35 160 1017.9  19.3  19.3  18.7 99.0 99.00
2016 10 06 21 50 106  4.5  5.4  0.45  3.70  3.27 167 1017.3  19.3  19.3  19.1 99.0 99.00
2016 10 06 22 50 116  3.6  4.2  0.35  3.57  3.15 168 1017.4  19.4  19.3  19.2 99.0 99.00
2016 10 06 23 50 118  3.7  4.5  0.30  3.33  3.07 172 1016.8  19.7  19.3  19.6 99.0 99.00
2016 10 07 00 50  76  1.2  1.5  0.24 99.00  3.01 999 1016.5  19.7  19.3  19.6 99.0 99.00
2016 10 07 01 50  84  3.9  4.3  0.22 99.00  2.94 999 1016.0  19.8  19.3  19.7 99.0 99.00
2016 10 07 02 50 102  4.6  5.3  0.33  4.00  3.48 170 1015.7  20.0  19.3  19.5 99.0 99.00
2016 10 07 03 50 101  2.8  3.9  0.26  3.70  3.20 165 1016.0  20.0  19.3  19.1 99.0 99.00
2016 10 07 04 50 131  4.5  5.2  0.19 99.00  3.00 999 1015.3  20.7  19.3  19.5 99.0 99.00
2016 10 07 05 50 164  5.5  6.4  0.18 99.00  2.74 999 1015.5  20.4  19.3  19.1 99.0 99.00
2016 10 07 06 50 164  7.1  8.3  0.23 99.00  2.59 999 1015.1  20.7  19.3  18.7 99.0 99.00
2016 10 07 07 50 172  7.9  9.2  0.42  2.86  2.84 155 1014.9  21.2  19.2  18.8 99.0 99.00
2016 10 07 08 50 165  7.7  9.4  0.71  4.00  3.38 139 1014.9  20.5  19.2  18.6 99.0 99.00
2016 10 07 09 50 170  8.1  9.4  0.75  3.85  3.50 143 1014.9  20.6  19.2  18.4 99.0 99.00
2016 10 07 10 50 169  9.0 10.3  0.82  4.17  3.61 155 1014.4  20.4  19.2  18.3 99.0 99.00
2016 10 07 11 50 161  9.4 11.0  0.87  4.17  3.58 147 1013.8  20.2  19.2  18.2 99.0 99.00
2016 10 07 12 50 162  8.9 11.1  0.87  4.00  3.58 150 1013.4  20.1  19.2  18.2 99.0 99.00
2016 10 07 13 50 181  9.3 11.1  1.00  4.55  3.79 148 1014.3  20.1  19.2  18.2 99.0 99.00
2016 10 07 14 50 198  8.9 10.7  1.03  4.35  3.84 147 1014.9  19.5  19.2  17.8 99.0 99.00
2016 10 07 15 50 223  7.5  8.8  1.00  4.55  3.85 146 1015.3  19.4  19.2  17.3 99.0 99.00
2016 10 07 16 50 233  6.8  8.7  0.79  4.55  3.71 144 1016.1  19.5  19.3  17.0 99.0 99.00
2016 10 07 17 50 301 10.8 13.7  0.79  4.55  3.31 194 1017.3  16.0  19.3  13.2 99.0 99.00
2016 10 07 18 50 298 10.5 12.7  1.12  4.35  3.69 291 1018.0  14.5  19.2  11.6 99.0 99.00
2016 10 07 19 50 296  9.4 11.5  1.54  5.00  4.20 308 1018.5  13.8  19.2   9.9 99.0 99.00
2016 10 07 20 50 300  8.2 10.2  1.37  5.00  4.24 316 1018.8  14.5  19.1   9.7 99.0 99.00
2016 10 07 21 50 296  7.9  9.7  1.07  5.00  3.97 333 1019.3  14.6  19.1   9.1 99.0 99.00
2016 10 07 22 50 307  7.4  9.3  0.94  5.26  3.97 339 1019.6  14.7  19.0   7.9 99.0 99.00
2016 10 07 23 50 291  7.2  9.3  0.92  4.55  3.98 337 1020.1  14.6  19.0   8.1 99.0 99.00
2016 10 08 00 50 283  8.1 10.3  0.91  4.76  3.96 340 1020.5  15.0  18.9   7.6 99.0 99.00
2016 10 08 01 50 297 10.2 12.2  1.03  4.55  4.05 333 1020.6  14.9  18.9   6.0 99.0 99.00
2016 10 08 02 50 301 10.0 12.4  1.10  4.76  4.09 319 1020.9  14.7  18.8   5.4 99.0 99.00
2016 10 08 03 50 296 10.3 12.3  1.24  4.76  4.28 321 1021.0  14.2  18.8   5.6 99.0 99.00
2016 10 08 04 50 289 11.2 13.2  1.28  5.00  4.45 330 1021.0  14.1  18.7   4.6 99.0 99.00
2016 10 08 05 50 284 11.3 13.6  1.41  5.56  4.52 310 1020.7  13.9  18.7   4.8 99.0 99.00
2016 10 08 06 50 311 11.8 14.0  1.38  5.26  4.31 342 1021.3  12.8  18.6   6.3 99.0 99.00
2016 10 08 07 50 300 11.1 13.8  1.46  5.26  4.31 337 1021.7  12.1  18.6   5.3 99.0 99.00
2016 10 08 08 50 308 11.0 14.1  1.77  5.56  4.66 340 1021.9  11.6  18.5   4.3 99.0 99.00
2016 10 08 09 50 310 11.4 13.5  1.76  5.88  4.76 340 1022.4  11.2  18.5   3.5 99.0 99.00
2016 10 08 10 50 312 10.2 12.9  1.64  5.56  4.51 346 1022.9  11.1  18.4   4.4 99.0 99.00
2016 10 08 11 50 304 11.1 13.1  1.59  5.88  4.59 348 1023.5  10.8  18.4   3.4 99.0 99.00
2016 10 08 12 50 309 10.5 13.2  1.52  5.88  4.44   9 1023.9  10.8  18.4   3.5 99.0 99.00
2016 10 08 13 50 317  9.3 11.1  1.35  5.56  4.35  12 1024.2  10.7  18.3   3.3 99.0 99.00
2016 10 08 14 50 319  9.7 12.5  1.34  5.88  4.50  24 1024.6  10.8  18.3   4.0 99.0 99.00
2016 10 08 15 50 314  9.0 11.5  1.30  4.76  4.35   3 1024.6  10.6  18.2   3.5 99.0 99.00
2016 10 08 16 50 305  8.6 10.7  1.27  5.56  4.32  18 1024.5  10.9  18.1   3.6 99.0 99.00
2016 10 08 17 50 302  7.2  9.5  1.21  5.26  4.40 357 1024.1  10.9  18.2   3.5 99.0 99.00
2016 10 08 18 50 288  7.1  9.0  1.01  5.00  4.27 348 1023.8  11.7  18.2   3.7 99.0 99.00
2016 10 08 19 50 280  6.5  7.8  0.93  5.26  4.21 318 1023.3  12.5  18.3   3.8 99.0 99.00
2016 10 08 20 50 263  5.4  7.8  0.87  5.26  4.14 302 1023.2  13.6  18.3   5.2 99.0 99.00
2016 10 08 21 50 275  4.9  6.4  0.67  4.55  3.97 318 1023.0  14.2  18.4   4.7 99.0 99.00
2016 10 08 23 50 296  4.1  5.6  0.63  4.55  3.87 342 1023.2  15.0  18.4   5.4 99.0 99.00
2016 10 09 00 50 304  4.8  6.2  0.58  4.55  3.75 339 1023.9  15.4  18.4   6.1 99.0 99.00
2016 10 09 01 50 278  5.0  6.4  0.58  4.76  3.63 354 1024.3  15.5  18.4   5.7 99.0 99.00
2016 10 09 02 50  30  3.2  4.1  0.57  4.76  3.68  25 1024.8  14.9  18.3   6.1 99.0 99.00
2016 10 09 03 50  61  3.7  4.8  0.56  4.76  3.74  26 1025.0  14.8  18.3   5.9 99.0 99.00
2016 10 09 04 50  94  6.4  7.7  0.49  4.76  3.64  16 1025.2  13.9  18.3   8.2 99.0 99.00
2016 10 09 05 50 108  6.1  7.7  0.45  4.35  3.32   6 1025.3  13.1  18.3   7.7 99.0 99.00
2016 10 09 06 50 102  5.0  6.3  0.52  4.17  3.23 359 1025.9  12.9  18.3   7.0 99.0 99.00
2016 10 09 07 50 105  5.0  6.4  0.55  3.45  3.25  61 1025.8  12.9  18.3   7.3 99.0 99.00
2016 10 09 08 50 107  5.6  6.9  0.58  3.70  3.27  95 1025.5  12.7  18.3   7.0 99.0 99.00
2016 10 09 09 50 114  5.2  6.8  0.53  3.33  3.29  86 1026.0  12.8  18.2   7.4 99.0 99.00
2016 10 09 10 50  95  5.2  6.3  0.55  3.57  3.33  93 1026.2  12.8  18.2   7.2 99.0 99.00
2016 10 09 11 50 109  5.2  6.9  0.55  3.70  3.25  98 1026.6  12.9  18.2   6.5 99.0 99.00
2016 10 09 12 50 112  5.0  6.3  0.56  3.85  3.37 116 1027.3  13.1  18.2   5.7 99.0 99.00
2016 10 09 13 50 109  4.5  5.7  0.53  3.70  3.28 126 1027.9  13.5  18.2   5.9 99.0 99.00
2016 10 09 14 50 116  5.5  7.3  0.49  3.70  3.26 115 1028.4  13.4  18.2   6.1 99.0 99.00
2016 10 09 15 50 111  6.1  7.5  0.52  3.70  3.14 129 1028.6  13.5  18.2   5.6 99.0 99.00
2016 10 09 16 50 106  5.9  7.1  0.51  3.70  3.10 135 1028.9  13.5  18.2   5.0 99.0 99.00
2016 10 09 17 50 105  5.7  7.2  0.55  3.45  3.24 123 1028.6  13.7  18.2   4.7 99.0 99.00
2016 10 09 18 50  98  4.4  5.9  0.53  3.57  3.37 122 1028.2  13.7  18.3   4.6 99.0 99.00
2016 10 09 19 50  98  3.9  5.6  0.45  3.70  3.32 140 1027.9  14.3  18.3   4.9 99.0 99.00
2016 10 09 20 50  91  3.3  4.8  0.46  3.70  3.36 147 1028.1  14.4  18.4   5.7 99.0 99.00
2016 10 09 21 50  76  3.9  4.9  0.39  3.57  3.28 147 1027.9  14.7  18.4   5.7 99.0 99.00
2016 10 09 22 50  67  4.8  6.2  0.35  3.33  3.32 147 1027.7  14.6  18.4   6.0 99.0 99.00
2016 10 09 23 50  61  4.8  5.8  0.47  4.35  3.51   5 1027.6  14.6  18.3   5.9 99.0 99.00
2016 10 10 00 50  60  5.1  6.5  0.48  4.55  3.44  26 1027.8  14.8  18.3   6.5 99.0 99.00
2016 10 10 01 50  71  4.8  6.0  0.44  4.17  3.31  17 1027.9  14.7  18.3   7.5 99.0 99.00
2016 10 10 02 50  87  4.5  5.6  0.41  4.55  3.22  14 1028.2  14.9  18.2   7.3 99.0 99.00
2016 10 10 03 50 104  5.4  6.7  0.39  4.76  3.12  19 1027.9  14.9  18.2   8.0 99.0 99.00
2016 10 10 04 50 111  4.8  6.7  0.36  4.17  3.06   6 1027.7  14.8  18.2   7.4 99.0 99.00
2016 10 10 05 50 123  5.3  7.0  0.38  2.86  2.99  76 1027.5  14.9  18.2   7.3 99.0 99.00
2016 10 10 06 50 129  6.3  8.0  0.38  2.74  2.88  83 1027.4  14.7  18.2   8.2 99.0 99.00
2016 10 10 07 50 132  7.7  9.4  0.50  3.03  2.92 102 1027.3  14.6  18.2   8.9 99.0 99.00
2016 10 10 08 50 140  8.4 10.2  0.84  3.70  3.51 116 1027.3  14.4  18.1   8.5 99.0 99.00
2016 10 10 09 50 141  8.5  9.8  1.00  4.55  3.76 106 1027.5  14.4  18.0   9.0 99.0 99.00
2016 10 10 10 50 144  9.1 10.4  1.02  4.35  3.78 116 1027.7  14.2  17.9   9.0 99.0 99.00
2016 10 10 11 50 147  8.7  9.9  1.09  4.76  3.92 123 1027.8  14.2  17.9   9.1 99.0 99.00
2016 10 10 12 50 150  8.5  9.9  1.12  5.00  4.08 124 1027.9  14.1  18.0   9.5 99.0 99.00
2016 10 10 13 50 149  9.5 10.9  1.14  5.56  4.10 123 1027.9  14.1  18.0   9.2 99.0 99.00
2016 10 10 14 50 152  8.9 10.5  1.29  5.56  4.45 133 1028.1  14.3  18.1   9.6 99.0 99.00
2016 10 10 15 50 151  8.7 10.3  1.30  5.26  4.46 136 1027.8  14.6  18.1   9.8 99.0 99.00
2016 10 10 16 50 154  7.8  9.3  1.32  5.56  4.60 128 1027.5  14.9  18.1  10.1 99.0 99.00
2016 10 10 17 50 149  7.4  8.8  1.01  5.56  4.27 128 1026.9  15.3  18.2  10.2 99.0 99.00
2016 10 10 18 50 139  7.2  9.1  1.01  5.00  4.28 132 1026.1  15.6  18.2  10.4 99.0 99.00
2016 10 10 19 50 139  7.4  8.4  0.94  5.00  4.06 143 1025.5  16.3  18.3  10.4 99.0 99.00
2016 10 10 20 50 142  6.9  7.9  0.85  4.76  3.99 149 1025.1  16.8  18.3  10.4 99.0 99.00
2016 10 10 21 50 141  6.4  7.5  0.74  4.76  3.71 155 1024.7  17.3  18.2  11.1 99.0 99.00
2016 10 10 22 50 138  6.6  7.8  0.59  4.35  3.47 166 1024.3  17.7  18.2  12.1 99.0 99.00
2016 10 10 23 50 143  6.1  7.2  0.53  4.00  3.23 168 1024.2  18.2  18.2  12.8 99.0 99.00
2016 10 11 00 50 139  6.9  8.0  0.47  3.57  3.17 168 1023.9  18.3  18.2  13.0 99.0 99.00
2016 10 11 01 50 141  7.4  8.4  0.48  3.33  3.00 169 1023.7  18.3  18.2  13.0 99.0 99.00
2016 10 11 02 50 145  8.0  9.3  0.50  3.03  2.93 138 1023.7  18.2  18.2  13.2 99.0 99.00
2016 10 11 03 50 143  8.6  9.9  0.65  3.70  3.19 124 1023.3  18.0  18.2  12.8 99.0 99.00
2016 10 11 04 50 150  8.7 10.7  0.78  4.00  3.42 123 1022.9  18.0  18.2  13.2 99.0 99.00
2016 10 11 05 50 149  8.3 10.3  0.83  4.00  3.55 126 1022.7  18.0  18.2  13.3 99.0 99.00
2016 10 11 06 50 154  8.0  9.7  0.91  4.17  3.69 131 1022.7  17.9  18.1  13.5 99.0 99.00
2016 10 11 07 50 164  8.2  9.5  0.87  4.55  3.75 127 1022.5  18.1  18.2  13.7 99.0 99.00
2016 10 11 09 50 168  6.3  7.4  0.83  4.55  3.83 125 1022.6  18.3  18.2  14.2 99.0 99.00
2016 10 11 10 50 171  7.9  9.5  0.76  4.55  3.71 127 1022.7  17.9  18.2  14.4 99.0 99.00
2016 10 11 11 50 169  7.5  9.0  0.75  4.55  3.77 133 1022.5  17.8  18.2  14.4 99.0 99.00
2016 10 11 12 50 170  8.8 10.2  0.92  4.35  3.91 139 1022.2  17.8  18.2  14.3 99.0 99.00
2016 10 11 13 50 171  9.4 11.0  1.03  4.55  4.00 151 1022.3  17.7  18.2  13.8 99.0 99.00
2016 10 11 14 50 184  8.6 10.1  1.09  4.76  4.06 148 1022.3  17.7  18.2  13.7 99.0 99.00
2016 10 11 15 50 180  8.1  9.9  1.04  4.76  4.11 149 1022.1  17.6  18.2  13.7 99.0 99.00
2016 10 11 16 50 168  9.2 11.3  1.09  5.00  4.07 147 1021.4  17.5  18.2  13.8 99.0 99.00
2016 10 11 17 50 166 10.5 12.3  1.15  5.00  4.13 153 1020.2  17.9  18.2  13.6 99.0 99.00
2016 10 11 18 50 167  9.9 12.0  1.27  4.76  4.13 161 1019.2  18.1  18.2  13.6 99.0 99.00
2016 10 11 19 50 163  9.3 11.0  1.15  4.76  3.98 159 1018.9  18.4  18.2  13.6 99.0 99.00
2016 10 11 20 50 155  8.3  9.5  1.02  4.55  3.83 162 1018.5  18.9  18.2  14.1 99.0 99.00
2016 10 11 21 50 148  7.9  9.8  0.77  4.35  3.49 164 1017.8  19.1  18.2  14.2 99.0 99.00
2016 10 11 23 50 140  7.3  8.3  0.62  3.57  3.32 159 1017.2  19.1  18.2  14.2 99.0 99.00
2016 10 12 00 50 140  7.7  9.0  0.62  3.57  3.18 167 1016.8  18.9  18.2  15.2 99.0 99.00
2016 10 12 01 50 149  8.5 10.0  0.64  3.70  3.26 152 1016.7  19.4  18.2  14.0 99.0 99.00
2016 10 12 02 50 152  8.8 10.3  0.75  3.70  3.45 149 1016.6  19.4  18.2  13.4 99.0 99.00
2016 10 12 03 50 159  8.3  9.9  0.88  4.35  3.67 147 1016.6  19.3  18.2  13.7 99.0 99.00
2016 10 12 04 50 164  9.4 10.9  0.92  4.55  3.90 135 1016.3  19.1  18.2  13.2 99.0 99.00
2016 10 12 05 50 166  8.8 10.1  1.06  4.76  4.08 140 1015.8  18.8  18.2  13.9 99.0 99.00
2016 10 12 06 50 171  8.8 11.0  1.01  5.00  3.98 139 1015.6  18.6  18.2  13.8 99.0 99.00
2016 10 12 07 50 171  9.0 11.5  1.13  4.76  4.11 141 1015.2  18.6  18.2  14.2 99.0 99.00
2016 10 12 08 50 175 10.0 11.9  1.01  5.00  3.97 142 1014.5  18.6  18.2  13.9 99.0 99.00
2016 10 12 09 50 177 10.2 12.0  1.12  5.00  3.99 144 1014.2  18.5  18.2  14.0 99.0 99.00
2016 10 12 10 50 175  9.1 11.0  1.19  4.76  4.14 150 1013.7  18.4  18.2  14.6 99.0 99.00
2016 10 12 11 50 181  8.2  9.7  1.04  4.76  3.92 154 1013.5  18.6  18.1  15.0 99.0 99.00
2016 10 12 12 50 169  9.3 11.3  1.08  4.55  4.00 157 1013.4  18.0  18.1  15.5 99.0 99.00
2016 10 12 13 50 168  9.5 11.7  1.09  4.76  3.81 155 1012.6  17.9  18.1  15.3 99.0 99.00
2016 10 12 14 50 166 11.3 13.5  1.08  4.76  3.86 157 1011.8  17.8  18.1  15.6 99.0 99.00
2016 10 12 15 50 177 11.2 13.6  1.36  5.26  4.21 152 1012.0  17.7  18.1  15.5 99.0 99.00
2016 10 12 16 50 180  8.3  9.8  1.41  5.26  4.31 148 1011.6  18.2  18.2  16.1 99.0 99.00
2016 10 12 17 50 189  9.8 12.1  1.13  5.00  4.14 155 1012.3  18.6  18.2  16.4 99.0 99.00
2016 10 12 18 50 198  9.5 11.1  1.03  5.00  3.96 150 1011.6  17.7  18.2  17.1 99.0 99.00
2016 10 12 19 50 192 10.0 11.7  1.04  5.26  4.01 145 1010.7  17.6  18.2  17.0 99.0 99.00
2016 10 12 20 50 316 10.8 12.7  0.95  5.00  3.92 180 1011.5  15.8  18.2  14.6 99.0 99.00
2016 10 12 21 50 321 12.8 15.9  1.07  3.57  3.54 337 1012.6  14.3  18.2  12.6 99.0 99.00
2016 10 12 22 50 340 13.3 16.3  1.71  5.26  4.45 356 1014.0  12.5  18.2  11.6 99.0 99.00
2016 10 12 23 50 356 12.0 13.6  2.10  5.88  5.01   6 1014.9  12.8  18.1  10.5 99.0 99.00
2016 10 13 00 50 336 11.2 13.4  2.09  5.88  4.91   8 1015.9  12.1  18.0  10.8 99.0 99.00
2016 10 13 01 50 344 11.1 13.4  2.04  6.67  5.01  18 1017.3  11.9  18.0   9.3 99.0 99.00
2016 10 13 02 50 336 10.5 12.8  2.29  6.67  5.33  31 1018.3  11.7  17.9   8.6 99.0 99.00
2016 10 13 03 50 333 11.8 15.1  2.24  7.14  5.61  40 1019.2  11.4  17.9   7.6 99.0 99.00
2016 10 13 04 50 336 10.8 13.6  2.22  6.67  5.49  33 1019.9  10.7  17.8   7.5 99.0 99.00
2016 10 13 05 50 334 11.2 13.7  2.20  7.69  5.70  49 1020.2  10.7  17.7   5.9 99.0 99.00
2016 10 13 06 50 339 10.4 12.8  2.09  7.69  5.61  48 1020.9  10.2  17.7   5.0 99.0 99.00
2016 10 13 07 50 327  8.8 10.9  2.06  7.69  5.54  43 1021.6   9.8  17.6   3.6 99.0 99.00
2016 10 13 08 50 326  9.1 11.4  1.85  7.14  5.47  43 1022.1   9.9  17.6   3.9 99.0 99.00
2016 10 13 09 50 333  8.1 10.2  1.77  7.14  5.23  48 1022.8   9.7  17.5   2.7 99.0 99.00
2016 10 13 10 50 359  7.2 10.3  1.72  6.67  5.51  45 1023.1   9.5  17.4   2.4 99.0 99.00
2016 10 13 11 50 358  5.9  8.5  1.50  7.14  5.08  47 1023.6   9.7  17.4   2.8 99.0 99.00
2016 10 13 12 50 328  5.9  7.4  1.48  7.14  5.21  46 1024.3   9.8  17.4   2.7 99.0 99.00
2016 10 13 13 50 348  5.4  8.2  1.27  7.14  4.92  42 1025.1   9.8  17.4   2.4 99.0 99.00
2016 10 13 14 50 316  3.8  5.3  1.19  5.88  4.74  44 1025.4   9.8  17.4   2.6 99.0 99.00
2016 10 13 15 50 300  3.9  5.4  1.09  6.25  4.74  31 1025.8   9.8  17.4   2.8 99.0 99.00
2016 10 13 16 50 280  4.1  6.5  0.96  6.67  4.57 359 1026.4   9.8  17.4   2.7 99.0 99.00
2016 10 13 17 50 293  3.9  5.7  0.93  6.25  4.66 351 1026.4   9.8  17.4   2.5 99.0 99.00
2016 10 13 18 50 294  3.6  4.6  0.84  5.56  4.43   4 1026.4   9.7  17.5   1.9 99.0 99.00
2016 10 13 19 50 265  2.1  4.4  0.72  5.88  4.27  13 1025.9   9.9  17.6   2.2 99.0 99.00
2016 10 13 20 50 259  2.4  4.1  0.65  5.88  4.30 342 1025.7  10.3  17.6   1.5 99.0 99.00
2016 10 13 21 50 220  2.4  3.5  0.60  5.88  4.26 343 1025.3  10.7  17.6   2.0 99.0 99.00
2016 10 13 22 50 165  1.2  2.5  0.59  5.88  4.43 356 1025.2  10.6  17.6   2.0 99.0 99.00
2016 10 13 23 50 149  2.7  3.8  0.50  5.26  4.32 339 1025.1  10.6  17.6   2.7 99.0 99.00
2016 10 14 00 50 163  3.1  4.4  0.46  5.88  4.47 340 1025.4  11.1  17.5   3.0 99.0 99.00
2016 10 14 01 50 181  2.7  3.9  0.41  5.26  4.53 330 1025.8  11.5  17.4   3.2 99.0 99.00
2016 10 14 02 50 218  3.6  5.0  0.38  5.56  4.70 328 1026.0  12.1  17.3   3.7 99.0 99.00
2016 10 14 03 50 214  4.0  5.4  0.36  5.26  4.51 323 1025.9  12.3  17.3   4.2 99.0 99.00
2016 10 14 04 50 215  4.3  6.0  0.35  5.56  3.97 333 1025.9  12.5  17.3   4.0 99.0 99.00
2016 10 14 05 50 199  3.8  5.4  0.33  5.26  3.68 326 1025.8  12.6  17.3   4.2 99.0 99.00
2016 10 14 06 50 189  4.2  5.5  0.32  5.00  3.65 332 1025.4  12.8  17.3   4.9 99.0 99.00
2016 10 14 07 50 168  4.7  5.8  0.31  5.00  3.23 326 1025.4  12.8  17.3   6.1 99.0 99.00
2016 10 14 08 50 184  4.4  6.7  0.33  4.55  3.20 345 1025.2  13.0  17.3   5.5 99.0 99.00
2016 10 14 09 50 184  5.0  6.6  0.32  4.35  3.01 322 1025.5  13.0  17.3   5.9 99.0 99.00
2016 10 14 10 50 171  5.3  7.0  0.34  2.74  2.93 179 1025.6  13.1  17.3   6.9 99.0 99.00
2016 10 14 11 50 160  5.9  7.2  0.33  2.94  2.89 182 1025.6  12.8  17.3   6.9 99.0 99.00
2016 10 14 12 50 155  5.7  7.5  0.35  2.94  2.91 169 1026.1  12.7  17.3   7.4 99.0 99.00
2016 10 14 13 50 150  5.7  7.0  0.52  3.45  3.14 129 1025.9  12.7  17.3   7.3 99.0 99.00
2016 10 14 14 50 153  6.6  8.2  0.66  3.85  3.47 114 1025.4  13.2  17.4   7.9 99.0 99.00
2016 10 14 15 50 158  8.3 10.1  0.86  4.35  3.62 116 1025.0  13.6  17.4   7.5 99.0 99.00
2016 10 14 16 50 170  7.8  9.3  0.94  4.35  3.73 121 1024.8  13.9  17.4   6.5 99.0 99.00
2016 10 14 17 50 161  8.6 10.3  0.88  4.35  3.59 118 1023.2  14.2  17.4   7.5 99.0 99.00
2016 10 14 18 50 156  8.9 10.8  0.93  4.35  3.69 124 1022.5  14.5  17.4   7.8 99.0 99.00
2016 10 14 19 50 161  8.8 10.3  1.00  4.55  3.75 143 1022.2  15.1  17.4   7.8 99.0 99.00
2016 10 14 20 50 165  7.7  9.6  1.00  4.35  3.84 143 1021.7  15.7  17.3   8.3 99.0 99.00
2016 10 14 21 50 159  7.8  9.4  0.81  4.17  3.55 146 1021.2  16.2  17.3   8.4 99.0 99.00
2016 10 14 23 50 150  9.7 11.1  0.66  4.00  3.40 161 1019.4  17.2  17.3   9.6 99.0 99.00
2016 10 15 00 50 149 10.2 11.9  0.81  4.00  3.52 156 1019.1  17.5  17.3   9.7 99.0 99.00
2016 10 15 01 50 151 10.9 13.1  0.85  4.35  3.70 151 1018.9  17.4  17.3  10.3 99.0 99.00
2016 10 15 02 50 158 10.6 13.1  1.07  4.55  3.92 144 1018.8  17.2  17.3  10.8 99.0 99.00
2016 10 15 03 50 165  9.9 12.7  1.24  4.76  4.20 144 1018.8  17.0  17.3  10.5 99.0 99.00
2016 10 15 04 50 170 10.2 13.1  1.23  5.00  4.27 143 1018.5  16.9  17.3  10.6 99.0 99.00
2016 10 15 05 50 172 11.3 13.7  1.31  5.26  4.30 146 1017.9  16.7  17.3  10.9 99.0 99.00
2016 10 15 06 50 172 12.1 15.8  1.43  5.26  4.46 148 1017.5  16.3  17.3  11.5 99.0 99.00
2016 10 15 07 50 179 11.4 13.4  1.45  5.26  4.66 155 1017.1  16.0  17.3  12.8 99.0 99.00
2016 10 15 08 50 178 11.3 13.3  1.72  5.88  4.75 151 1016.4  15.8  17.3  13.4 99.0 99.00
2016 10 15 09 50 180 10.7 13.2  1.88  5.88  4.91 157 1016.3  15.7  17.3  13.6 99.0 99.00
2016 10 15 10 50 178 10.7 12.7  1.64  5.56  4.70 156 1016.1  15.6  17.3  14.1 99.0 99.00
2016 10 15 11 50 178 10.6 13.9  1.59  5.56  4.60 157 1016.0  15.3  17.3  14.6 99.0 99.00
2016 10 15 12 50 188 11.5 14.9  1.60  5.88  4.56 158 1016.0  15.5  17.3  14.9 99.0 99.00
2016 10 15 13 50 178 11.7 13.9  1.66  5.56  4.63 158 1015.9  15.3  17.3  14.8 99.0 99.00
2016 10 15 14 50 187 12.5 15.0  1.77  5.56  4.65 159 1015.8  15.6  17.3  14.9 99.0 99.00
2016 10 15 15 50 186 12.4 14.7  1.86  5.88  4.73 154 1015.3  16.2  17.3  15.2 99.0 99.00
2016 10 15 16 50 173 11.9 14.0  1.72  5.88  4.72 160 1014.6  16.4  17.3  15.6 99.0 99.00
2016 10 15 17 50 176 12.5 15.1  1.57  5.56  4.52 158 1013.9  16.7  17.3  15.7 99.0 99.00
2016 10 15 18 50 178 11.6 14.1  1.47  5.56  4.41 159 1013.3  17.0  17.3  16.1 99.0 99.00
2016 10 15 19 50 174 10.1 12.3  1.45  5.56  4.52 159 1013.1  17.3  17.3  16.3 99.0 99.00
2016 10 15 20 50 166 12.1 13.9  1.39  5.56  4.46 158 1012.0  17.7  17.3  16.4 99.0 99.00
2016 10 15 21 50 177 10.6 12.8  1.48  5.56  4.53 160 1012.1  17.8  17.3  16.8 99.0 99.00
2016 10 15 22 50 175 10.4 12.4  1.38  5.56  4.47 159 1011.7  18.0  17.3  16.8 99.0 99.00
2016 10 15 23 50 176  8.7 10.1  1.37  5.56  4.53 165 1012.2  18.4  17.3  16.9 99.0 99.00
2016 10 16 00 50 181  7.4  8.8  1.26  5.26  4.33 167 1012.6  18.5  17.4  17.0 99.0 99.00
2016 10 16 01 50 174  8.7  9.9  1.05  5.00  4.17 164 1012.1  18.6  17.4  17.1 99.0 99.00
2016 10 16 02 50 174  8.9 10.7  1.06  5.00  4.07 164 1012.1  18.7  17.4  17.1 99.0 99.00
2016 10 16 03 50 175  8.3  9.7  1.04  4.76  4.02 164 1012.0  18.7  17.4  17.1 99.0 99.00
2016 10 16 04 50 184  9.0 10.1  1.01  4.76  3.86 166 1012.0  19.0  17.4  17.0 99.0 99.00
2016 10 16 05 50 187  9.3 10.8  1.02  4.55  3.81 159 1011.8  18.8  17.4  17.0 99.0 99.00
2016 10 16 06 50 182  9.2 10.8  1.06  4.55  3.88 158 1011.3  18.5  17.4  16.9 99.0 99.00
2016 10 16 07 50 183  8.1  9.4  1.13  4.55  4.05 158 1010.9  18.5  17.4  16.9 99.0 99.00
2016 10 16 08 50 190  7.5  9.2  0.94  4.76  3.77 148 1010.5  18.5  17.3  17.0 99.0 99.00
2016 10 16 09 50 241  5.9  6.8  0.84  4.35  3.78 156 1011.4  18.1  17.3  17.1 99.0 99.00
2016 10 16 10 50 171  4.5  5.4  0.69  4.35  3.75 154 1011.4  17.4  17.3  17.4 99.0 99.00
2016 10 16 11 50 165  3.2  4.1  0.53  4.55  3.65 160 1011.1  17.4  17.3  17.4 99.0 99.00
2016 10 16 12 50 161  6.8  7.9  0.60  4.55  3.67 158 1011.0  17.5  17.4  17.5 99.0 99.00
2016 10 16 13 50 171  5.4  6.3  0.57  5.00  3.72 156 1011.5  17.5  17.4  17.5 99.0 99.00
2016 10 16 14 50 199  5.8  7.2  0.55  4.35  3.70 148 1011.7  17.8  17.4  17.8 99.0 99.00
2016 10 16 15 50 212  4.9  5.9  0.50  4.55  3.56 146 1012.0  17.6  17.4  17.6 99.0 99.00
2016 10 16 16 50 234  3.0  3.8  0.50  4.35  3.47 144 1012.1  17.7  17.4  17.7 99.0 99.00
2016 10 16 17 50 267  1.7  2.2  0.53  3.85  3.59 151 1011.8  17.8  17.4  17.8 99.0 99.00
2016 10 16 18 50 213  2.5  2.9  0.48  4.17  3.55 141 1011.1  17.5  17.5  17.5 99.0 99.00
2016 10 16 19 50 272  2.4  2.9  0.41  3.85  3.38 153 1011.5  17.5  17.6  17.5 99.0 99.00
2016 10 16 20 50 343  1.9  2.3  0.31  3.57  3.25 204 1011.4  17.4  17.6  17.4 99.0 99.00
2016 10 16 21 50  12  2.5  3.1  0.26  3.57  3.14 224 1011.4  17.4  17.6  17.4 99.0 99.00
2016 10 16 22 50  45  2.7  3.2  0.26  3.33  3.12 210 1011.4  17.3  17.6  17.3 99.0 99.00
2016 10 16 23 50 117  2.0  2.3  0.22 99.00  3.03 999 1011.7  17.4  17.5  17.4 99.0 99.00
2016 10 17 00 50 115  2.4  2.9  0.21 99.00  3.02 999 1011.7  17.3  17.5  17.3 99.0 99.00
2016 10 17 01 50 115  3.9  4.7  0.18 99.00  3.01 999 1011.3  17.2  17.5  17.2 99.0 99.00
2016 10 17 02 50 102  4.0  4.5  0.16 99.00  3.01 999 1010.9  17.4  17.4  17.4 99.0 99.00
2016 10 17 03 50 113  3.7  4.5  0.14 99.00  2.73 999 1010.6  17.5  17.5  17.5 99.0 99.00
2016 10 17 04 50 130  5.5  6.3  0.13 99.00  2.65 999 1010.1  17.8  17.5  17.8 99.0 99.00
2016 10 17 05 50 128  5.9  6.8  0.24 99.00  2.57 999 1009.3  17.9  17.5  17.9 99.0 99.00
2016 10 17 06 50 132  6.2  7.1  0.31  3.03  2.79 151 1008.5  18.1  17.4  18.1 99.0 99.00
2016 10 17 07 50 150  8.2  9.3  0.51  3.23  2.95 141 1007.1  18.5  17.4  18.5 99.0 99.00
2016 10 17 08 50 164  8.9 10.4  0.66  3.57  3.29 142 1005.8  19.1  17.4  18.6 99.0 99.00
2016 10 17 09 50 166 10.2 11.9  0.75  3.85  3.48 149 1004.9  18.8  17.4  18.3 99.0 99.00
2016 10 17 10 50 168 10.0 11.5  1.02  4.35  3.86 150 1004.3  18.9  17.4  18.5 99.0 99.00
2016 10 17 11 50 175 10.3 12.4  1.11  5.00  3.97 151 1004.1  18.7  17.3  18.3 99.0 99.00
2016 10 17 12 50 175 10.6 12.4  1.26  5.00  4.21 150 1003.9  18.7  17.3  18.3 99.0 99.00
2016 10 17 13 50 178 10.0 12.2  1.24  4.76  4.23 157 1004.0  18.7  17.3  18.2 99.0 99.00
2016 10 17 14 50 183  9.3 10.7  1.47  5.26  4.36 152 1004.1  18.5  17.3  18.1 99.0 99.00
2016 10 17 15 50 177  8.7  9.9  1.14  5.00  4.13 143 1003.7  18.5  17.4  18.0 99.0 99.00
2016 10 17 17 50 165  7.5  8.4  1.00  5.00  3.97 160 1002.5  18.6  17.4  17.9 99.0 99.00
2016 10 17 18 50 159  6.8  7.9  0.94  4.76  3.85 154 1001.4  18.8  17.4  17.9 99.0 99.00
2016 10 17 19 50 150  6.8  8.2  0.78  4.76  3.77 161 1000.2  19.0  17.5  18.0 99.0 99.00
2016 10 17 20 50 145  6.6  7.4  0.67  4.55  3.50 167  998.9  19.3  17.5  18.0 99.0 99.00
2016 10 17 21 50 158  9.4 10.4  0.71  4.35  3.46 161  997.8  20.2  17.5  17.8 99.0 99.00
2016 10 17 23 50 158 11.3 13.1  1.13  4.76  3.91 163  996.2  20.8  17.5  17.5 99.0 99.00
2016 10 18 00 50 168 11.9 13.8  1.25  4.76  4.13 158  996.2  21.2  17.5  17.5 99.0 99.00
2016 10 18 01 50 172 11.6 13.4  1.46  5.26  4.26 158  996.4  20.6  17.5  17.1 99.0 99.00
2016 10 18 02 50 179 12.8 15.3  1.65  5.56  4.57 152  996.6  20.8  17.5  17.1 99.0 99.00
2016 10 18 03 50 177 12.5 14.7  1.90  6.25  4.88 157  996.7  20.6  17.5  17.0 99.0 99.00
2016 10 18 04 50 179 11.9 14.1  1.80  5.88  4.79 159  996.7  20.2  17.5  16.7 99.0 99.00
2016 10 18 05 50 182 11.7 13.5  1.83  6.25  4.79 146  997.0  20.1  17.4  16.7 99.0 99.00
2016 10 18 06 50 184 11.5 13.7  2.01  6.25  5.05 159  997.0  20.0  17.4  16.7 99.0 99.00
2016 10 18 07 50 183 11.1 13.3  1.85  5.88  4.95 153  997.0  19.7  17.4  16.7 99.0 99.00
2016 10 18 08 50 184 10.3 12.1  1.72  6.25  4.78 154  997.2  19.4  17.4  16.7 99.0 99.00
2016 10 18 09 50 186 10.4 12.2  1.59  6.25  4.58 158  997.3  19.3  17.4  16.8 99.0 99.00
2016 10 18 10 50 188 10.4 11.9  1.46  5.00  4.61 155  997.7  19.3  17.4  16.9 99.0 99.00
2016 10 18 11 50 191 10.0 12.2  1.50  6.25  4.65 142  998.3  19.3  17.4  16.9 99.0 99.00
2016 10 18 12 50 197  9.4 11.2  1.38  5.88  4.57 154  999.3  19.1  17.4  17.0 99.0 99.00
2016 10 18 13 50 207  7.7  8.5  1.15  5.88  4.35 145 1000.5  18.6  17.4  17.1 99.0 99.00
2016 10 18 14 50 212  6.2  7.2  1.06  5.56  4.23 145 1001.6  18.5  17.4  17.4 99.0 99.00
2016 10 18 15 50 238  6.0  6.8  0.88  5.26  4.10 146 1002.8  18.4  17.4  17.2 99.0 99.00
2016 10 18 16 50 325  9.4 10.8  0.76  5.26  3.68 224 1004.5  16.8  17.4  14.8 99.0 99.00
2016 10 18 17 50 327  7.9  9.4  0.83  3.57  3.56 333 1005.4  16.8  17.4  14.1 99.0 99.00
2016 10 18 18 50 339  5.7  6.8  0.79  4.17  3.70 350 1006.1  16.6  17.4  14.0 99.0 99.00
2016 10 18 19 50 345  3.7  4.5  0.76  4.55  3.77 335 1006.8  16.8  17.5  13.4 99.0 99.00
2016 10 18 20 50  14  1.7  2.2  0.62  3.85  3.63 343 1007.8  16.9  17.5  13.8 99.0 99.00
2016 10 18 21 50  56  1.5  1.9  0.53  4.17  3.53 347 1008.5  16.9  17.6  13.7 99.0 99.00
2016 10 18 22 50 129  0.8  1.1  0.48  4.17  3.59 346 1009.2  16.7  17.5  13.7 99.0 99.00
2016 10 18 23 50 157  1.8  2.2  0.42  3.70  3.46 319 1010.1  16.7  17.4  14.4 99.0 99.00
2016 10 19 00 50 189  1.8  2.3  0.37  4.17  3.53 327 1011.0  16.8  17.4  15.3 99.0 99.00
2016 10 19 01 50 200  3.5  4.0  0.29  3.57  3.49 305 1011.6  16.9  17.4  15.8 99.0 99.00
2016 10 19 02 50 215  2.8  3.2  0.28  4.17  3.66 321 1012.3  16.9  17.4  15.9 99.0 99.00
2016 10 19 03 50 214  3.1  3.6  0.27  4.55  3.85 321 1013.0  17.0  17.3  15.6 99.0 99.00
2016 10 19 04 50 221  4.0  4.4  0.27  5.26  4.13 335 1013.4  16.9  17.2  14.7 99.0 99.00
2016 10 19 05 50 233  4.2  4.9  0.27  5.26  4.13 317 1013.9  16.9  17.2  14.4 99.0 99.00
2016 10 19 06 50 251  4.1  4.7  0.30  4.76  3.75 324 1014.5  16.9  17.2  12.6 99.0 99.00
2016 10 19 07 50 262  3.7  4.3  0.27  4.76  3.37 334 1014.8  16.9  17.2  11.9 99.0 99.00
2016 10 19 08 50 279  4.3  4.9  0.22 99.00  3.33 999 1015.3  16.9  17.2  11.7 99.0 99.00
2016 10 19 09 50 300  3.4  4.2  0.21 99.00  3.06 999 1015.7  16.9  17.2  11.0 99.0 99.00
2016 10 19 10 50 287  2.7  3.2  0.20 99.00  3.17 999 1016.3  16.6  17.2  11.9 99.0 99.00
2016 10 19 11 50 306  3.8  4.6  0.19 99.00  2.97 999 1017.1  16.4  17.2  11.8 99.0 99.00
2016 10 19 12 50 285  2.8  3.4  0.18 99.00  2.85 999 1017.8  16.4  17.2  12.3 99.0 99.00
2016 10 19 13 50 300  4.3  5.1  0.20 99.00  2.71 999 1018.6  16.5  17.2  12.2 99.0 99.00
2016 10 19 14 50 314  4.3  5.2  0.25  2.60  2.70 323 1019.1  16.4  17.2  11.2 99.0 99.00
2016 10 19 15 50 298  3.2  3.9  0.27  2.94  2.79 324 1019.5  16.4  17.2  11.3 99.0 99.00
2016 10 19 16 50 319  1.1  1.5  0.24 99.00  2.93 999 1019.2  16.4  17.3  11.0 99.0 99.00
2016 10 19 17 50 323  3.4  4.3  0.20 99.00  2.82 999 1019.4  16.4  17.4  11.3 99.0 99.00
2016 10 19 18 50 343  3.1  3.7  0.19 99.00  3.08 999 1018.9  16.3  17.4  11.0 99.0 99.00
2016 10 19 19 50 333  2.0  2.5  0.15 99.00  2.89 999 1018.7  16.5  17.5  10.4 99.0 99.00
2016 10 19 20 50 358  2.2  2.7  0.17 99.00  2.84 999 1018.6  16.5  17.5  10.5 99.0 99.00
2016 10 19 21 50  13  1.7  2.3  0.15 99.00  3.00 999 1019.3  16.6  17.5  10.2 99.0 99.00
2016 10 19 22 50  30  2.2  2.5  0.14 99.00  2.89 999 1019.0  16.5  17.4  10.8 99.0 99.00
2016 10 19 23 50  31  2.4  2.9  0.12 99.00  2.82 999 1019.4  16.6  17.4  11.3 99.0 99.00
2016 10 20 00 50  83  2.9  3.4  0.10 99.00  3.02 999 1019.2  16.6  17.4  11.4 99.0 99.00
2016 10 20 01 50  94  1.6  2.1  0.11 99.00  2.98 999 1019.4  16.7  17.3  11.5 99.0 99.00
2016 10 20 02 50 120  2.0  2.4  0.10 99.00  2.76 999 1019.5  16.7  17.3  11.6 99.0 99.00
2016 10 20 03 50 118  1.5  1.7  0.08 99.00  2.88 999 1018.9  16.8  17.3  11.6 99.0 99.00
2016 10 20 04 50   7  2.7  3.1  0.07 99.00  2.80 999 1018.4  16.7  17.3  11.6 99.0 99.00
2016 10 20 05 50 357  1.1  1.5  0.07 99.00  2.84 999 1018.4  16.7  17.3  11.8 99.0 99.00
2016 10 20 06 50 354  2.1  2.7  0.07 99.00  2.79 999 1018.1  16.7  17.3  12.9 99.0 99.00
2016 10 20 07 50  10  2.5  2.9  0.05 99.00  2.86 999 1018.3  17.1  17.3  11.0 99.0 99.00
2016 10 20 08 50 357  6.7  7.7  0.17 99.00  2.35 999 1018.4  16.4  17.3  10.1 99.0 99.00
2016 10 20 09 50  22  7.1  8.4  0.47  3.03  2.99  20 1018.8  15.7  17.2  11.7 99.0 99.00
2016 10 20 10 50  24  9.6 11.0  0.66  3.85  3.36  20 1018.6  15.1  17.1  12.9 99.0 99.00
2016 10 20 11 50  26 10.7 12.4  1.06  4.76  4.03  20 1018.7  14.5  17.0  12.4 99.0 99.00
2016 10 20 12 50  31 11.4 13.4  1.42  5.88  4.49  17 1018.9  14.1  17.0  11.8 99.0 99.00
2016 10 20 13 50  25 11.7 13.6  1.80  5.88  5.01  21 1018.7  13.8  17.0  11.7 99.0 99.00
2016 10 20 14 50  34 10.7 12.5  2.14  6.67  5.19   8 1019.5  13.4  16.9  11.2 99.0 99.00
2016 10 20 15 50  31 10.8 12.3  1.95  7.14  5.16  18 1019.2  13.7  16.9  10.2 99.0 99.00
2016 10 20 16 50  24 10.9 12.7  1.97  7.14  5.31  29 1019.2  13.7  17.0   9.6 99.0 99.00
2016 10 20 17 50  24 10.6 13.0  1.94  7.14  5.18  26 1019.2  13.5  17.0   9.5 99.0 99.00
2016 10 20 18 50  10 11.9 14.0  1.85  6.25  5.13  28 1018.8  13.2  17.0  10.7 99.0 99.00
2016 10 20 19 50   6 11.8 14.3  2.10  7.14  5.41  36 1019.0  12.7  17.0   9.9 99.0 99.00
2016 10 20 20 50   5 12.4 15.0  2.23  7.14  5.27  29 1019.0  12.4  17.0   9.5 99.0 99.00
2016 10 20 21 50   7 11.9 14.6  2.33  7.14  5.34  46 1019.2  12.1  17.0   8.8 99.0 99.00
2016 10 20 23 50   4 12.3 14.4  2.03  6.67  5.18  40 1019.7  11.7  16.9   7.4 99.0 99.00
2016 10 21 00 50   9 11.7 14.2  2.09  7.14  5.20  50 1020.1  11.4  16.9   6.8 99.0 99.00
2016 10 21 01 50   8 11.3 14.0  2.06  6.25  5.25  48 1020.3  11.4  16.9   6.6 99.0 99.00
2016 10 21 02 50   6 11.2 14.2  2.01  7.14  5.30  54 1020.4  11.6  16.9   6.4 99.0 99.00
2016 10 21 04 50  38  8.7 11.1  1.84  6.67  5.07  36 1020.1  11.6  16.9   5.8 99.0 99.00
2016 10 21 05 50  36  8.3 10.1  1.63  6.67  4.87  29 1019.8  11.5  16.8   5.3 99.0 99.00
2016 10 21 06 50  44  9.3 11.1  1.56  6.67  4.85  25 1019.6  10.8  16.8   6.8 99.0 99.00
2016 10 21 07 50  40  9.6 11.5  1.47  6.67  4.71  24 1019.5  10.6  16.8   6.3 99.0 99.00
2016 10 21 08 50  44 10.7 12.5  1.60  5.56  4.75  31 1019.3  10.6  16.8   5.9 99.0 99.00
2016 10 21 09 50  49  9.2 12.8  1.50  6.25  4.70  26 1019.5  10.3  16.7   4.9 99.0 99.00
2016 10 21 10 50  30  8.1 10.5  1.39  6.25  4.61  27 1019.8   9.8  16.7   5.9 99.0 99.00
2016 10 21 11 50  42  8.1 10.3  1.40  6.25  4.59  40 1019.9   9.2  16.7   6.0 99.0 99.00
2016 10 21 12 50  21  7.3  9.7  1.31  6.25  4.48  34 1020.4   9.5  16.6   6.8 99.0 99.00
2016 10 21 13 50  13  9.8 12.0  1.80  6.67  4.90  22 1020.8  10.3  16.6   6.6 99.0 99.00
2016 10 21 14 50  15 10.4 12.2  1.87  6.67  4.89  44 1020.9  10.1  16.6   4.8 99.0 99.00
2016 10 21 15 50   4  9.5 11.3  1.82  6.67  5.06  46 1020.9  10.1  16.6   4.7 99.0 99.00
2016 10 21 16 50 356  8.3 10.3  1.62  6.25  4.80  39 1020.9  10.2  16.6   3.7 99.0 99.00
2016 10 21 17 50 351  8.0 10.1  1.49  6.25  4.75  48 1020.5  10.2  16.6   3.3 99.0 99.00
2016 10 21 18 50 344  8.1 11.0  1.34  6.25  4.66  47 1019.9  10.2  16.6   3.2 99.0 99.00
2016 10 21 19 50 340  8.6 10.5  1.29  6.67  4.53  43 1019.8  10.1  16.6   3.1 99.0 99.00
2016 10 21 20 50 333  8.3 11.3  1.25  6.25  4.67  44 1019.9  10.1  16.5   2.4 99.0 99.00
2016 10 21 21 50 346  7.6 10.0  1.23  5.88  4.45  42 1019.8  10.2  16.5   3.5 99.0 99.00
2016 10 21 22 50 355  8.5 10.5  1.23  6.25  4.61  49 1019.6  10.4  16.5   3.8 99.0 99.00
2016 10 21 23 50 342  8.4 11.2  1.34  5.88  4.63  42 1019.5  10.2  16.5   4.3 99.0 99.00
2016 10 22 00 50 344  9.9 12.4  1.41  5.88  4.62  49 1019.3  10.6  16.5   4.7 99.0 99.00
2016 10 22 01 50 360  9.1 11.6  1.68  6.25  4.83  49 1019.2  10.6  16.5   4.3 99.0 99.00
2016 10 22 02 50  37  8.0  9.9  1.54  6.25  4.78  48 1019.1  10.2  16.5   5.9 99.0 99.00
2016 10 22 03 50  40  7.1  9.7  1.51  6.67  4.89  45 1018.9   9.9  16.5   5.4 99.0 99.00
2016 10 22 04 50  29  6.0  8.0  1.18  6.67  4.64  40 1018.8  10.1  16.4   5.0 99.0 99.00
2016 10 22 05 50 358  5.4  7.2  1.04  5.56  4.42  36 1018.6  10.7  16.5   2.8 99.0 99.00
2016 10 22 06 50 336  7.1  8.7  1.03  5.88  4.32  43 1018.6  10.4  16.4   2.3 99.0 99.00
2016 10 22 07 50 329  6.3  7.8  0.91  6.25  4.07  42 1018.8  10.4  16.4   2.3 99.0 99.00
2016 10 22 08 50 303  4.8  6.7  0.89  5.88  4.15  37 1018.8  10.0  16.4   1.7 99.0 99.00
2016 10 22 09 50 312  5.4  7.4  0.86  5.88  4.18  38 1018.6   9.8  16.4   1.1 99.0 99.00
2016 10 22 10 50 346  5.2  7.2  0.77  5.88  4.17  48 1018.5   9.8  16.4   1.0 99.0 99.00
2016 10 22 11 50 329  5.5  7.3  0.65  5.88  4.02  42 1018.4   9.9  16.4   1.3 99.0 99.00
2016 10 22 12 50 319  5.4  6.9  0.61  5.56  3.77  44 1018.5  10.1  16.4   2.0 99.0 99.00
2016 10 22 13 50 313  4.9  6.9  0.59  5.26  3.77  41 1018.7  10.2  16.4   2.2 99.0 99.00
2016 10 22 14 50 316  4.6  6.4  0.54  5.00  3.69  46 1018.9  10.4  16.4   2.3 99.0 99.00
2016 10 22 15 50 285  4.3  6.1  0.50  4.55  3.59   2 1018.8  10.2  16.4   2.9 99.0 99.00
2016 10 22 16 50 259  3.9  5.1  0.46  4.17  3.43 347 1018.5  10.2  16.4   2.8 99.0 99.00
2016 10 22 17 50 246  5.3  7.0  0.46  5.00  3.54 325 1017.9  10.4  16.5   1.8 99.0 99.00
2016 10 22 18 50 223  4.8  6.6  0.43  4.76  3.35 328 1017.0  10.8  16.5   2.5 99.0 99.00
2016 10 22 19 50 191  4.9  6.3  0.42  4.76  3.35 333 1016.3  11.1  16.6   2.7 99.0 99.00
2016 10 22 20 50 176  5.8  7.4  0.43  5.00  3.38 327 1015.4  11.7  16.6   4.0 99.0 99.00
2016 10 22 21 50 183  6.4  7.6  0.48  3.13  3.17 209 1015.4  12.2  16.6   4.5 99.0 99.00
2016 10 22 22 50 176  7.1  8.7  0.51  3.23  3.20 186 1014.9  13.0  16.6   5.8 99.0 99.00
2016 10 22 23 50 175  8.0  9.9  0.53  3.23  3.21 179 1014.6  13.8  16.5   7.5 99.0 99.00
2016 10 23 00 50 184  6.5  7.5  0.60  3.57  3.29 169 1014.3  14.8  16.5   8.7 99.0 99.00
2016 10 23 01 50 202  7.3  8.7  0.61  3.85  3.30 165 1014.1  15.4  16.5   8.1 99.0 99.00
2016 10 23 02 50 229  7.0  8.3  0.62  4.00  3.39 158 1014.2  15.6  16.5   8.8 99.0 99.00
2016 10 23 03 50 250  7.6  8.7  0.63  3.85  3.33 158 1014.3  15.1  16.5   9.5 99.0 99.00
2016 10 23 04 50 264  7.3  8.3  0.55  3.70  3.22 175 1014.4  14.9  16.5  10.0 99.0 99.00
2016 10 23 05 50 287  5.6  6.7  0.57  3.85  3.29 184 1014.5  15.1  16.5   8.8 99.0 99.00
2016 10 23 06 50 273  5.1  5.8  0.50  3.45  3.29 206 1014.8  14.7  16.5   9.4 99.0 99.00
2016 10 23 07 50 263  4.9  5.6  0.47  3.85  3.34 174 1015.0  14.3  16.5  10.2 99.0 99.00
2016 10 23 08 50 279  4.2  5.1  0.47  4.00  3.42 177 1015.0  14.3  16.5   9.8 99.0 99.00
2016 10 23 09 50 264  3.2  3.9  0.46  4.35  3.46 150 1015.0  14.4  16.5   9.6 99.0 99.00
2016 10 23 10 50 243  2.1  2.8  0.47  4.76  3.57 140 1014.8  14.2  16.5   9.6 99.0 99.00
2016 10 23 11 50 205  1.8  2.3  0.47  4.55  3.65 141 1014.5  14.3  16.5   9.4 99.0 99.00
2016 10 23 12 50 167  1.8  2.5  0.45  4.35  3.52 157 1014.1  14.6  16.5   9.5 99.0 99.00
2016 10 23 13 50 162  4.5  5.5  0.39  4.17  3.46 171 1013.8  14.8  16.5  10.2 99.0 99.00
2016 10 23 14 50 173  6.7  7.9  0.34  3.70  3.33 167 1013.1  14.6  16.5  11.4 99.0 99.00
2016 10 23 15 50 184  7.2  9.1  0.41  3.45  2.96 171 1012.4  14.1  16.5  11.0 99.0 99.00
2016 10 23 16 50 170  7.4  8.3  0.48  3.45  2.96 165 1011.3  14.3  16.6  11.2 99.0 99.00
2016 10 23 17 50 164  8.0  9.2  0.55  3.57  3.10 166 1009.8  14.4  16.6  11.3 99.0 99.00
2016 10 23 18 50 177  7.7  9.2  0.71  3.70  3.33 160 1009.4  14.9  16.6  11.7 99.0 99.00
2016 10 23 19 50 194  7.6  8.9  0.85  4.17  3.50 159 1008.4  16.5  16.6  12.7 99.0 99.00
2016 10 23 20 50 221  7.4  9.1  0.88  4.55  3.80 149 1008.4  17.5  16.6  13.1 99.0 99.00
2016 10 23 21 50 267  7.1  8.1  0.72  4.55  3.57 140 1008.9  17.9  16.6  12.7 99.0 99.00
2016 10 23 22 50 280  7.4  8.7  0.61  4.35  3.39 166 1010.2  18.0  16.6  12.0 99.0 99.00
2016 10 23 23 50 329  8.7 10.3  0.56  4.17  3.16 210 1011.6  17.7  16.5  11.2 99.0 99.00
2016 10 24 00 50 358 11.8 13.8  0.87  3.70  3.33 307 1013.1  15.4  16.5  13.1 99.0 99.00
2016 10 24 01 50   7 11.7 13.9  1.23  4.35  3.73 340 1014.6  14.6  16.5  11.4 99.0 99.00
2016 10 24 02 50  14 11.3 13.4  1.29  4.76  3.98   4 1016.0  14.1  16.4   9.9 99.0 99.00
2016 10 24 04 50  13  9.6 12.0  1.62  5.26  4.61  36 1018.4  13.7  16.3   7.9 99.0 99.00
2016 10 24 05 50  12 10.0 12.1  1.73  6.25  4.85  29 1019.7  13.1  16.3   8.7 99.0 99.00
2016 10 24 06 50 356 10.6 12.9  1.80  6.67  4.91  30 1020.6  12.2  16.2   7.7 99.0 99.00
2016 10 24 07 50 354  8.9 10.7  1.71  6.25  5.03  41 1021.3  12.2  16.2   6.9 99.0 99.00
2016 10 24 08 50 350  8.8 11.1  1.79  6.67  5.20  41 1021.8  11.9  16.2   5.8 99.0 99.00
2016 10 24 09 50 351  9.8 12.5  1.42  6.67  4.76  48 1022.7  11.8  16.3   6.6 99.0 99.00
2016 10 24 10 50 353 10.6 13.4  1.63  7.14  5.10  45 1023.5  11.4  16.3   5.5 99.0 99.00
2016 10 24 11 50 345 10.7 13.1  1.65  6.67  4.92  53 1024.2  11.3  16.2   4.6 99.0 99.00
2016 10 24 12 50 345  9.1 12.0  1.66  6.67  5.13  52 1025.4  11.2  16.2   3.8 99.0 99.00
2016 10 24 13 50 350 10.0 12.9  1.56  6.67  4.91  48 1026.2  11.0  16.2   5.5 99.0 99.00
2016 10 24 14 50 346  9.2 11.9  1.60  6.67  4.85  47 1027.3  10.0  16.2   3.8 99.0 99.00
2016 10 24 15 50 346  9.2 11.2  1.69  6.67  5.03  43 1027.9   9.9  16.2   4.1 99.0 99.00
2016 10 24 16 50 348  8.7 10.7  1.58  6.67  4.89  42 1028.2   9.7  16.2   3.9 99.0 99.00
2016 10 24 17 50 353  8.3 10.2  1.43  6.67  4.62  41 1028.3   9.4  16.1   3.7 99.0 99.00
2016 10 24 18 50   1  7.4 10.3  1.46  5.88  4.77  33 1028.1   9.5  16.1   3.1 99.0 99.00
2016 10 24 19 50   2  7.6  9.7  1.37  6.25  4.73  43 1028.2   9.8  16.0   2.8 99.0 99.00
2016 10 24 20 50  13  6.6  8.4  1.26  6.67  4.54  44 1028.2   9.9  16.0   2.3 99.0 99.00
2016 10 24 21 50  16  6.0  7.8  1.08  6.25  4.43  43 1028.3  10.3  16.0   2.9 99.0 99.00
2016 10 24 22 50 355  5.3  7.1  0.98  5.26  4.47  40 1028.5  10.2  16.0   3.1 99.0 99.00
2016 10 24 23 50  15  5.3  7.8  0.92  6.25  4.45  52 1028.7  10.6  16.1   3.7 99.0 99.00
2016 10 25 00 50  27  5.1  7.3  0.84  6.67  4.39  38 1029.0  10.6  16.1   4.2 99.0 99.00
2016 10 25 01 50  30  5.2  7.2  0.80  6.25  4.49  50 1029.4  10.6  16.1   4.1 99.0 99.00
2016 10 25 02 50  21  5.0  6.7  0.80  5.26  4.23  45 1029.5  10.9  16.1   3.7 99.0 99.00
2016 10 25 03 50  25  4.9  6.4  0.80  5.26  4.31  48 1029.5  11.0  16.1   3.8 99.0 99.00
2016 10 25 04 50  11  2.9  4.4  0.74  5.00  4.27  56 1029.6  11.1  16.1   3.3 99.0 99.00
2016 10 25 05 50  35  3.1  4.6  0.67  5.00  4.23  40 1029.4  11.1  16.1   2.4 99.0 99.00
2016 10 25 06 50  46  2.4  4.2  0.59  5.56  4.14  38 1029.4  11.3  16.0   2.7 99.0 99.00
2016 10 25 07 50  75  1.8  2.8  0.56  5.00  4.11  32 1029.2  11.2  16.0   2.7 99.0 99.00
2016 10 25 08 50  11  1.9  3.7  0.52  5.56  4.11  31 1029.4  11.3  16.0   2.9 99.0 99.00
2016 10 25 09 50  33  1.9  2.9  0.45  5.56  3.84  24 1029.7  11.3  16.0   2.5 99.0 99.00
2016 10 25 10 50  52  1.6  3.0  0.40  5.26  3.84  27 1029.9  11.3  16.0   2.7 99.0 99.00
2016 10 25 11 50  36  2.2  3.4  0.38  5.00  3.76  30 1030.1  11.5  16.0   2.4 99.0 99.00
2016 10 25 12 50   8  1.5  2.9  0.33  4.76  3.78  41 1030.2  11.5  16.0   2.3 99.0 99.00
2016 10 25 13 50 344  0.5  1.1  0.29  5.00  3.64  43 1030.7  11.6  16.0   2.6 99.0 99.00
2016 10 25 14 50 134  5.5  7.0  0.26  4.76  3.54  19 1030.9  11.0  16.0   6.1 99.0 99.00
2016 10 25 15 50 142  5.7  6.9  0.31  2.60  2.90 116 1031.2  10.4  16.0   5.5 99.0 99.00
2016 10 25 16 50 148  5.0  6.5  0.51  3.23  3.09 102 1031.2  10.5  16.0   5.8 99.0 99.00
2016 10 25 17 50 142  4.9  6.9  0.56  3.33  3.27  78 1030.6  10.4  16.0   5.5 99.0 99.00
2016 10 25 18 50 141  4.0  5.5  0.53  3.70  3.28 129 1030.1  10.5  16.0   5.5 99.0 99.00
2016 10 25 19 50 111  4.4  5.7  0.50  3.85  3.43 141 1029.7  10.3  16.0   5.1 99.0 99.00
2016 10 25 20 50 101  4.2  5.6  0.47  3.70  3.49 159 1029.5  10.4  16.0   5.0 99.0 99.00
2016 10 25 21 50 102  4.1  5.6  0.42  3.70  3.55 159 1029.1  10.6  16.0   3.7 99.0 99.00
2016 10 25 22 50  81  4.6  6.2  0.39  3.57  3.39 182 1028.9  10.8  16.0   3.6 99.0 99.00
2016 10 25 23 50  77  5.4  6.9  0.39  3.45  3.14 186 1029.2  11.4  16.0   3.4 99.0 99.00
2016 10 26 00 50  88  6.7  8.2  0.40  2.60  3.04  97 1029.1  11.5  16.0   4.2 99.0 99.00
2016 10 26 01 50  88  6.1  7.3  0.37  2.94  2.96  84 1029.1  11.8  16.0   4.0 99.0 99.00
2016 10 26 02 50  96  6.8  8.9  0.40  2.94  2.96  74 1028.5  11.8  15.9   3.8 99.0 99.00
2016 10 26 03 50 104  7.4  9.4  0.48  3.13  3.06  99 1028.0  11.7  15.9   3.9 99.0 99.00
2016 10 26 04 50 107  7.1  9.3  0.54  3.23  3.21  99 1028.0  11.7  15.9   3.4 99.0 99.00
2016 10 26 05 50 116  8.6 10.2  0.68  3.70  3.33  79 1027.4  11.8  15.9   3.9 99.0 99.00
2016 10 26 06 50 122  8.6 10.5  0.83  3.85  3.56  74 1027.7  11.8  15.9   3.8 99.0 99.00
2016 10 26 07 50 128  8.8 10.4  0.88  4.00  3.56  79 1027.4  11.6  15.9   4.3 99.0 99.00
2016 10 26 08 50 124  9.7 12.0  0.97  4.17  3.80 101 1026.3  11.3  15.8   5.0 99.0 99.00
2016 10 26 09 50 127 10.1 12.6  1.16  4.55  4.00 113 1026.5  10.5  15.8   5.3 99.0 99.00
2016 10 26 10 50 132 10.3 12.7  1.21  5.00  4.00 116 1027.1   9.7  15.8   5.9 99.0 99.00
2016 10 26 11 50 130 11.7 13.7  1.30  5.00  4.09 126 1025.1   9.1  15.8   5.8 99.0 99.00
2016 10 26 12 50 121 12.1 15.0  1.52  5.00  4.27 129 1024.5   9.1  15.8   6.7 99.0 99.00
2016 10 26 13 50 119 12.8 14.8  1.61  5.00  4.33 141 1024.7   8.9  15.7   6.5 99.0 99.00
2016 10 26 14 50 112 15.8 18.5  2.01  5.88  4.79 137 1022.4   8.9  15.7   6.7 99.0 99.00
2016 10 26 15 50 108 13.4 16.4  2.26  5.56  5.02 141 1023.3   8.9  15.7   6.7 99.0 99.00
2016 10 26 16 50 111 15.4 19.2  2.19  6.67  5.07 142 1020.8   9.1  15.7   7.6 99.0 99.00
2016 10 26 17 50 109 14.3 16.7  2.52  6.25  5.38 128 1020.5   9.0  15.6   6.8 99.0 99.00
2016 10 26 18 50 107 14.4 17.2  2.27  6.67  5.19 128 1019.2   8.8  15.6   7.0 99.0 99.00
2016 10 26 19 50 110 14.0 16.5  2.41  6.67  5.30 133 1018.2   8.9  15.6   7.3 99.0 99.00
2016 10 26 20 50 105 12.3 14.8  2.26  6.67  5.38 120 1018.4   9.0  15.5   7.6 99.0 99.00
2016 10 26 21 50 111 13.3 15.9  2.39  6.25  5.43 122 1017.8   9.1  15.5   7.2 99.0 99.00
2016 10 26 22 50 109 13.3 16.6  2.22  5.88  5.25 118 1017.2   9.1  15.5   7.6 99.0 99.00
2016 10 26 23 50 109 14.1 16.1  2.28  6.25  5.27 114 1017.0   8.8  15.4   7.3 99.0 99.00
2016 10 27 00 50 110 13.3 16.2  2.26  5.88  5.19 107 1016.3   8.8  15.4   7.8 99.0 99.00
2016 10 27 01 50 109 12.0 14.6  2.22  6.25  5.14 113 1016.0   9.1  15.3   8.2 99.0 99.00
2016 10 27 02 50 112 10.6 12.5  2.03  6.25  5.02 116 1015.7   9.3  15.3   8.6 99.0 99.00
2016 10 27 04 50  91  6.3  7.4  1.62  5.88  4.76 110 1016.0   9.0  15.3   8.7 99.0 99.00
2016 10 27 05 50  61  8.3  9.6  1.46  5.56  4.66 130 1015.8   8.8  15.3   8.3 99.0 99.00
2016 10 27 06 50  50  6.7  8.4  1.20  5.00  4.30 131 1016.2   8.7  15.3   7.3 99.0 99.00
2016 10 27 07 50  25  7.5  9.7  1.11  5.00  4.03 117 1016.5   9.1  15.3   6.9 99.0 99.00
2016 10 27 08 50  10  9.2 11.1  0.93  4.55  3.85 128 1016.9   8.8  15.3   6.2 99.0 99.00
2016 10 27 09 50  11  9.2 11.3  0.89  4.55  3.72 104 1017.0   8.4  15.2   5.8 99.0 99.00
2016 10 27 10 50   1  8.7 11.0  0.91  4.35  3.67  85 1018.2   8.5  15.2   5.7 99.0 99.00
2016 10 27 11 50 359  8.9 11.3  0.92  4.17  3.74  55 1018.9   8.4  15.2   5.0 99.0 99.00
2016 10 27 12 50 347  8.0 10.4  1.07  4.35  3.91  48 1020.1   8.4  15.2   5.0 99.0 99.00
2016 10 27 13 50 354  8.1 10.2  0.99  4.35  3.81  39 1020.5   8.6  15.1   5.0 99.0 99.00
2016 10 27 14 50 360  7.9 10.9  0.98  4.17  3.79  34 1021.3   8.6  15.1   5.1 99.0 99.00
2016 10 27 15 50   5  7.2  9.4  0.96  4.55  3.95  53 1021.8   8.8  15.1   5.4 99.0 99.00
2016 10 27 16 50  15  6.0  7.4  1.00  4.55  4.01  40 1022.7   8.7  15.1   4.7 99.0 99.00
2016 10 27 17 50 346  5.4  7.5  0.88  4.35  3.92  39 1022.6   9.1  15.1   4.4 99.0 99.00
2016 10 27 18 50 353  5.9  7.7  0.79  4.35  3.89  32 1022.7   9.2  15.1   3.9 99.0 99.00
2016 10 27 19 50   1  5.4  7.0  0.74  4.35  3.85  30 1022.7   9.3  15.1   3.8 99.0 99.00
2016 10 27 20 50 352  4.4  5.9  0.71  5.26  4.02  32 1022.9   9.7  15.1   4.7 99.0 99.00
2016 10 27 21 50 312  6.4  7.9  0.65  4.00  3.91  27 1023.0   9.7  15.1   5.6 99.0 99.00
2016 10 27 22 50 295  5.7  7.1  0.68  3.70  3.86   5 1023.4   9.8  15.2   5.4 99.0 99.00
2016 10 27 23 50 291  4.9  6.0  0.62  3.57  3.78 338 1023.9   9.8  15.2   4.4 99.0 99.00
2016 10 28 00 50 292  4.6  5.8  0.60  5.26  3.78 342 1024.3   9.9  15.2   4.2 99.0 99.00
2016 10 28 01 50 295  3.7  5.0  0.53  5.56  3.90   9 1024.3  10.0  15.2   4.0 99.0 99.00
2016 10 28 02 50 279  2.5  3.4  0.51  4.35  3.80 345 1024.4  10.1  15.2   4.2 99.0 99.00
2016 10 28 03 50 241  2.1  3.2  0.44  4.35  3.76 324 1024.1  10.0  15.1   5.0 99.0 99.00
2016 10 28 04 50 218  2.3  3.3  0.43  4.17  3.80 318 1023.9  10.0  15.1   5.2 99.0 99.00
2016 10 28 05 50 212  4.1  5.3  0.42  5.88  3.93 309 1024.0  10.1  15.1   5.3 99.0 99.00
2016 10 28 06 50 204  4.5  6.2  0.37  5.56  3.81 310 1023.9  10.3  15.1   5.6 99.0 99.00
2016 10 28 07 50 212  5.6  6.8  0.38  5.56  3.22 305 1024.2  10.5  15.0   5.6 99.0 99.00
2016 10 28 08 50 220  5.2  7.0  0.40  2.74  3.08 191 1024.0  10.3  15.0   5.8 99.0 99.00
2016 10 28 09 50 192  5.8  7.2  0.45  3.23  3.26 207 1023.5  10.0  15.0   6.3 99.0 99.00
2016 10 28 10 50 170  7.4  9.1  0.52  3.13  3.58 201 1023.4  10.3  15.0   7.1 99.0 99.00
2016 10 28 11 50 173  8.3 10.0  0.60  3.45  3.31 177 1022.8  10.5  15.0   7.3 99.0 99.00
2016 10 28 12 50 182  7.8  9.7  0.73  3.85  3.42 180 1023.0  10.5  15.0   8.1 99.0 99.00
2016 10 28 13 50 176  8.5 10.3  0.93  4.35  3.72 167 1022.9  10.6  15.0   8.5 99.0 99.00
2016 10 28 14 50 172 10.4 12.4  0.97  4.35  3.70 163 1022.1  10.7  15.0   8.9 99.0 99.00
2016 10 28 15 50 171 11.6 13.3  1.10  4.76  3.91 164 1021.2  10.7  15.0   8.6 99.0 99.00
2016 10 28 16 50 168 12.5 14.6  1.46  4.76  4.26 163 1020.1  11.1  15.0   8.9 99.0 99.00
2016 10 28 17 50 164 11.7 13.9  1.65  5.56  4.54 161 1018.7  11.8  15.0   9.5 99.0 99.00
2016 10 28 18 50 164 11.8 14.2  1.70  5.26  4.63 160 1017.4  12.2  14.9   9.7 99.0 99.00
2016 10 28 19 50 165 11.3 13.5  1.72  5.56  4.63 160 1016.7  13.1  14.7  10.4 99.0 99.00
2016 10 28 20 50 156 12.7 15.8  1.65  5.56  4.53 166 1014.6  13.5  14.6  10.8 99.0 99.00
2016 10 28 21 50 157 11.1 13.0  1.49  5.56  4.42 152 1014.5  14.1  14.6  11.3 99.0 99.00
2016 10 28 22 50 159 10.8 12.8  1.47  5.56  4.42 148 1013.7  14.7  14.7  12.2 99.0 99.00
2016 10 28 23 50 160 12.0 14.5  1.33  5.26  4.36 150 1012.4  15.2  14.7  12.9 99.0 99.00
2016 10 29 00 50 168 12.3 14.7  1.25  5.26  4.31 150 1012.2  15.3  14.8  13.3 99.0 99.00
2016 10 29 01 50 172 13.7 17.3  1.64  5.00  4.51 147 1010.9  15.6  14.8  13.5 99.0 99.00
2016 10 29 02 50 179 13.2 15.9  1.72  5.88  4.60 161 1010.5  15.7  14.9  13.8 99.0 99.00
2016 10 29 03 50 186 12.9 16.4  1.90  5.88  4.95 162 1010.5  15.9  14.9  14.0 99.0 99.00
2016 10 29 04 50 186 11.4 13.5  1.90  6.25  4.95 159 1010.5  15.9  14.9  14.2 99.0 99.00
2016 10 29 05 50 184 11.3 13.2  1.78  5.88  4.89 149 1010.0  15.9  15.0  14.5 99.0 99.00
2016 10 29 06 50 185  9.8 11.2  1.80  5.88  4.98 150 1009.7  15.9  15.0  14.7 99.0 99.00
2016 10 29 07 50 186  9.4 10.9  1.46  6.25  4.60 142 1009.7  16.3  15.0  15.0 99.0 99.00
2016 10 29 09 50 198  8.4  9.8  1.18  5.88  4.34 145 1009.6  16.4  15.0  15.0 99.0 99.00
2016 10 29 10 50 202  7.2  8.3  1.08  5.26  4.20 143 1010.1  16.5  15.0  15.1 99.0 99.00
2016 10 29 11 50 213  7.7  9.4  1.12  5.56  4.23 144 1010.2  16.2  15.0  15.0 99.0 99.00
2016 10 29 12 50 213  5.7  6.5  0.86  4.55  4.06 160 1011.0  15.9  15.0  15.0 99.0 99.00
2016 10 29 13 50 214  5.3  6.1  0.80  5.00  4.06 152 1011.7  15.5  15.0  14.9 99.0 99.00
2016 10 29 14 50 212  4.6  5.4  0.69  5.00  3.81 142 1012.3  15.6  15.0  14.9 99.0 99.00
2016 10 29 15 50 226  3.8  4.5  0.70  4.76  4.00 144 1012.1  15.6  15.1  15.0 99.0 99.00
2016 10 29 16 50 197  1.8  2.2  0.58  4.55  3.82 147 1012.6  15.5  15.1  15.1 99.0 99.00
2016 10 29 17 50 226  3.2  3.7  0.51  4.35  3.67 146 1012.5  15.6  15.1  15.2 99.0 99.00
2016 10 29 18 50 342  2.5  3.1  0.42  4.17  3.61 213 1012.6  15.8  15.2  15.5 99.0 99.00
2016 10 29 19 50  17  6.3  7.4  0.33  3.70  3.46 247 1013.0  15.1  15.2  14.9 99.0 99.00
2016 10 29 20 50  41  6.5  7.9  0.39  3.70  2.87 223 1013.1  14.5  15.2  13.7 99.0 99.00
2016 10 29 21 50  34  7.2  8.4  0.45  2.86  3.05  44 1013.5  14.2  15.1  12.6 99.0 99.00
2016 10 29 22 50  32  7.6  8.8  0.57  3.33  3.13  40 1014.1  14.1  15.1  12.4 99.0 99.00
2016 10 29 23 50  34  8.3  9.3  0.69  3.85  3.35  32 1014.5  13.8  15.1  11.9 99.0 99.00
2016 10 30 00 50  28  8.9 10.2  0.78  4.17  3.56  48 1015.0  13.8  15.1  11.3 99.0 99.00
2016 10 30 01 50  17  9.4 11.3  0.88  4.76  3.74  53 1015.2  13.8  15.0  11.5 99.0 99.00
2016 10 30 02 50  26 11.6 13.8  1.08  4.76  3.94  48 1015.1  13.7  15.0  10.2 99.0 99.00
2016 10 30 03 50  37  9.8 11.4  1.25  4.76  4.05  50 1015.3  13.5  15.0  10.5 99.0 99.00
2016 10 30 04 50  44  6.4  7.6  1.17  5.00  4.25  43 1015.9  13.4  15.0  10.6 99.0 99.00
2016 10 30 05 50  57  6.9  8.2  1.07  5.26  4.22  39 1015.2  13.4  15.0   9.9 99.0 99.00
2016 10 30 06 50  66  5.8  7.2  0.88  5.26  4.04  28 1015.0  13.3  14.9   9.7 99.0 99.00
2016 10 30 07 50  45  5.8  6.9  0.75  4.76  3.94  28 1015.8  13.1  14.9  10.1 99.0 99.00
2016 10 30 08 50  42  8.4 10.6  0.73  5.00  3.70  44 1016.2  12.8  14.9   9.7 99.0 99.00
2016 10 30 09 50  52  8.6 10.2  0.84  5.00  3.63  28 1016.8  12.1  14.8   9.3 99.0 99.00
2016 10 30 10 50  42  8.3  9.7  0.86  4.76  3.81  43 1017.6  11.7  14.7   8.6 99.0 99.00
2016 10 30 11 50  40  8.2  9.7  0.95  4.35  4.00  41 1018.3  11.3  14.6   7.8 99.0 99.00
2016 10 30 12 50  41  8.7  9.8  0.98  5.00  3.95  37 1018.7  11.3  14.6   7.9 99.0 99.00
2016 10 30 13 50  39  9.1 11.4  1.05  4.76  4.05  43 1019.5  11.1  14.6   8.1 99.0 99.00
2016 10 30 14 50  42  7.5  9.9  1.07  4.76  4.13  38 1020.1  11.2  14.6   8.1 99.0 99.00
2016 10 30 15 50  23  8.7 10.4  1.03  5.00  4.05  41 1020.8  11.4  14.6   7.7 99.0 99.00
2016 10 30 16 50  13  8.4 10.2  1.22  5.26  4.23  39 1021.2  11.1  14.6   6.9 99.0 99.00
2016 10 30 17 50  18  9.5 11.3  1.35  5.26  4.34  42 1021.4  10.9  14.6   7.1 99.0 99.00
2016 10 30 18 50   9  8.9 10.9  1.28  5.56  4.39  40 1021.7  10.5  14.6   6.2 99.0 99.00
2016 10 30 19 50 341  7.6  9.3  1.36  5.56  4.54  42 1022.1  10.2  14.5   4.8 99.0 99.00
2016 10 30 20 50 360  6.6  8.7  1.24  6.25  4.59  36 1022.3  10.5  14.4   5.9 99.0 99.00
2016 10 30 21 50 356  6.6  8.4  1.14  5.56  4.39  39 1022.8  10.3  14.4   5.5 99.0 99.00
2016 10 30 22 50 355  5.8  8.8  1.07  6.25  4.56  41 1023.0  10.5  14.3   5.4 99.0 99.00
2016 10 30 23 50 353  5.7  8.1  0.91  5.88  4.26  32 1023.5  10.8  14.3   5.5 99.0 99.00
2016 10 31 00 50  20  6.1  8.0  0.88  5.56  4.18  45 1023.5  10.8  14.3   5.6 99.0 99.00
2016 10 31 01 50  32  5.1  6.4  0.85  5.88  4.12  25 1023.1  10.9  14.3   6.2 99.0 99.00
2016 10 31 02 50  10  3.0  4.3  0.77  5.26  4.07  38 1023.4  10.9  14.3   5.5 99.0 99.00
2016 10 31 03 50  24  4.0  5.6  0.70  5.56  3.94  44 1023.0  11.0  14.3   5.9 99.0 99.00
2016 10 31 04 50  29  2.5  3.4  0.66  5.26  3.96  23 1022.3  11.1  14.3   5.5 99.0 99.00
2016 10 31 05 50  55  3.3  5.0  0.58  5.26  3.88  31 1022.7  11.1  14.3   5.0 99.0 99.00
2016 10 31 06 50  91  2.1  3.1  0.55  5.00  3.99  30 1022.3  11.2  14.2   5.0 99.0 99.00
2016 10 31 07 50 109  6.6  8.1  0.44  4.76  3.73   1 1021.7  11.3  14.2   7.0 99.0 99.00
2016 10 31 08 50 148  3.7  4.9  0.55  3.03  3.42  63 1021.2  11.4  14.2   6.7 99.0 99.00
2016 10 31 09 50 139  8.0  9.3  0.72  3.85  3.45  55 1021.1  10.9  14.2   7.1 99.0 99.00
2016 10 31 10 50 151  7.7  9.1  0.84  4.17  3.64  96 1021.8  10.5  14.2   6.8 99.0 99.00
2016 10 31 11 50 145  8.0  9.6  0.85  4.55  3.66 101 1021.6  10.1  14.1   6.1 99.0 99.00
2016 10 31 12 50 150  8.2  9.8  0.96  4.76  3.80 108 1021.3   9.9  14.0   5.7 99.0 99.00
2016 10 31 13 50 147  8.8 10.3  0.94  4.55  3.74 126 1021.1  10.0  13.9   5.6 99.0 99.00
2016 10 31 14 50 145  8.5 10.0  0.98  4.76  3.93 142 1021.1  10.0  13.9   5.6 99.0 99.00
2016 10 31 15 50 146  8.4 10.6  1.01  4.76  3.86 139 1020.8   9.9  13.9   5.5 99.0 99.00
2016 10 31 16 50 150  8.9 10.5  0.94  4.76  3.84 142 1020.1   9.7  13.9   5.9 99.0 99.00
2016 10 31 17 50 155  8.6 10.0  0.94  4.76  3.81 143 1019.2   9.9  13.9   6.1 99.0 99.00
2016 10 31 18 50 154  9.3 11.1  0.95  4.76  3.78 162 1018.0  10.3  13.9   6.5 99.0 99.00
2016 10 31 19 50 149  9.0 10.6  1.03  4.76  3.89 151 1016.7  10.9  13.9   6.9 99.0 99.00
2016 10 31 20 50 145  9.5 11.1  0.98  4.76  3.84 152 1015.6  11.8  13.9   7.7 99.0 99.00
2016 10 31 21 50 137  9.9 11.5  0.97  4.55  3.83 154 1014.7  12.5  13.9   8.0 99.0 99.00
2016 10 31 22 50 137 11.6 13.4  1.12  4.76  3.95 158 1013.3  13.0  13.9   8.3 99.0 99.00
2016 10 31 23 50 141 12.4 15.0  1.25  4.76  4.07 154 1012.7  13.2  13.9   8.7 99.0 99.00
2016 11 01 00 50 141 12.1 14.6  1.43  5.00  4.18 157 1012.1  13.3  13.9   9.2 99.0 99.00
2016 11 01 01 50 143 11.1 13.9  1.69  5.00  4.55 146 1011.6  13.4  13.9   9.8 99.0 99.00
2016 11 01 02 50 148 11.3 13.7  1.67  5.56  4.61 140 1011.4  13.6  13.8  10.1 99.0 99.00
2016 11 01 03 50 148 12.3 14.6  1.73  5.56  4.58 146 1010.7  13.6  13.8  10.5 99.0 99.00
2016 11 01 04 50 155 10.7 12.9  1.59  5.56  4.58 135 1011.0  13.9  13.8  11.5 99.0 99.00
2016 11 01 05 50 156 10.5 12.1  1.59  5.26  4.49 136 1010.5  13.9  13.8  12.1 99.0 99.00
2016 11 01 06 50 158 11.3 13.3  1.55  5.56  4.45 143 1009.5  14.3  13.8  12.8 99.0 99.00
2016 11 01 07 50 159 10.7 12.7  1.41  5.56  4.26 132 1009.5  14.7  13.9  13.2 99.0 99.00
2016 11 01 09 50 168 11.6 13.9  1.56  5.56  4.54 143 1008.3  15.2  13.9  13.9 99.0 99.00
2016 11 01 10 50 173  9.3 10.6  1.44  5.56  4.52 143 1008.9  15.3  14.0  14.4 99.0 99.00
2016 11 01 11 50 176  9.5 11.5  1.31  5.56  4.40 145 1008.9  15.5  14.0  14.6 99.0 99.00
2016 11 01 12 50 180  8.0  9.1  1.19  5.26  4.38 146 1009.7  15.1  14.0  14.5 99.0 99.00
2016 11 01 13 50 183  8.7  9.9  1.11  5.26  4.32 143 1010.3  15.4  14.0  14.6 99.0 99.00
2016 11 01 14 50 188  7.7  9.0  1.00  5.26  4.20 139 1011.1  15.5  14.0  14.7 99.0 99.00
2016 11 01 15 50 186  7.3  8.4  0.87  5.00  3.96 142 1011.1  15.5  14.0  14.6 99.0 99.00
2016 11 01 16 50 196  5.0  5.7  0.80  4.76  3.97 143 1012.0  15.4  14.1  14.5 99.0 99.00
2016 11 01 17 50 201  4.2  4.7  0.73  4.76  3.95 137 1012.0  15.5  14.3  14.6 99.0 99.00
2016 11 01 18 50 172  4.7  5.6  0.60  4.55  3.85 144 1011.8  15.3  14.4  14.5 99.0 99.00
2016 11 01 19 50 192  3.4  3.7  0.55  4.76  3.67 142 1012.4  15.6  14.4  14.3 99.0 99.00
2016 11 01 20 50 166  2.4  2.6  0.50  4.55  3.75 156 1012.5  15.7  14.5  14.4 99.0 99.00
2016 11 01 21 50 147  2.3  2.5  0.38  4.00  3.53 164 1012.8  15.8  14.5  14.3 99.0 99.00
2016 11 01 22 50 126  2.0  2.3  0.36  4.00  3.40 161 1013.6  15.9  14.4  14.7 99.0 99.00
2016 11 01 23 50 138  2.1  2.2  0.27  3.85  3.20 164 1014.4  16.3  14.4  14.6 99.0 99.00
2016 11 02 00 50 137  2.3  2.7  0.23 99.00  3.11 999 1014.7  16.2  14.3  14.6 99.0 99.00
2016 11 02 01 50 151  2.9  3.2  0.18 99.00  2.93 999 1015.2  16.2  14.3  14.5 99.0 99.00
2016 11 02 02 50  85  2.3  5.2  0.15 99.00  2.96 999 1015.9  16.5  14.3  14.5 99.0 99.00
2016 11 02 03 50  76  2.6  3.1  0.13 99.00  2.92 999 1016.5  15.7  14.3  14.7 99.0 99.00
2016 11 02 04 50 114  3.4  3.7  0.12 99.00  2.91 999 1016.9  16.0  14.3  14.9 99.0 99.00
2016 11 02 05 50 110  1.9  2.3  0.10 99.00  2.82 999 1017.1  15.8  14.3  14.6 99.0 99.00
2016 11 02 06 50  50  1.6  2.3  0.07 99.00  2.94 999 1017.5  15.6  14.3  14.8 99.0 99.00
2016 11 02 07 50  90  2.9  3.5  0.07 99.00  2.91 999 1017.9  15.4  14.4  15.1 99.0 99.00
2016 11 02 08 50  54  2.9  3.3  0.06 99.00  3.00 999 1017.9  15.1  14.4  15.1 99.0 99.00
2016 11 02 09 50  81  4.9  5.9  0.05 99.00  3.17 999 1017.6  15.6  14.4  15.1 99.0 99.00
2016 11 02 10 50  66  2.9  3.4  0.05 99.00  3.18 999 1018.7  15.5  14.4  15.3 99.0 99.00
2016 11 02 11 50  56  4.2  4.6  0.05 99.00  3.35 999 1018.7  15.4  14.3  15.3 99.0 99.00
2016 11 02 12 50  64  6.4  7.7  0.08 99.00  2.45 999 1018.9  15.8  14.3  14.4 99.0 99.00
2016 11 02 13 50  88  7.0  7.8  0.28  2.60  2.54  79 1018.7  15.7  14.3  13.3 99.0 99.00
2016 11 02 14 50  73  5.5  6.5  0.41  3.03  2.86  87 1018.7  15.5  14.2  13.2 99.0 99.00
2016 11 02 15 50 349  5.2  7.0  0.40  3.45  3.00  91 1021.3  15.0  14.2  14.0 99.0 99.00
2016 11 02 16 50 102  7.1  8.4  0.34  3.13  2.98  70 1018.8  14.4  14.2  14.4 99.0 99.00
2016 11 02 17 50 103  5.0  5.7  0.35  3.13  2.99  78 1018.1  14.8  14.3  14.8 99.0 99.00
2016 11 02 18 50 116  4.5  5.4  0.33  3.03  2.97  62 1018.0  14.9  14.4  14.9 99.0 99.00
2016 11 02 19 50 162  0.5  1.0  0.30  3.13  2.89  86 1019.3  14.8  14.4  14.8 99.0 99.00
2016 11 02 20 50  38  5.6  6.6  0.31  3.23  2.94  92 1018.5  14.3  14.2  14.3 99.0 99.00
2016 11 02 21 50  36  5.7  6.6  0.36  3.23  2.98  96 1019.1  14.2  14.2  14.2 99.0 99.00
2016 11 02 22 50  56  5.3  6.5  0.42  3.23  3.01  80 1018.6  14.2  14.2  14.2 99.0 99.00
2016 11 02 23 50  35  7.7  8.8  0.48  3.13  3.09  77 1018.5  14.1  14.2  14.1 99.0 99.00
2016 11 03 00 50  44  7.7  8.9  0.61  3.70  3.29  43 1018.4  14.0  14.2  14.0 99.0 99.00
2016 11 03 01 50  48  6.4  8.1  0.66  4.00  3.30  40 1018.5  13.9  14.2  13.9 99.0 99.00
2016 11 03 02 50  58  5.7  6.5  0.71  3.85  3.49  39 1018.5  13.9  14.3  13.9 99.0 99.00
2016 11 03 03 50  36  6.2  7.4  0.57  4.35  3.44  29 1019.1  14.0  14.4  14.0 99.0 99.00
2016 11 03 04 50  38  5.9  7.5  0.62  3.85  3.48  36 1019.0  13.9  14.4  13.7 99.0 99.00
2016 11 03 05 50  13  5.9  7.0  0.54  3.85  3.30  48 1019.4  14.0  14.5  13.4 99.0 99.00
2016 11 03 06 50  25  5.9  7.3  0.57  4.00  3.35  38 1019.7  13.3  14.5  12.2 99.0 99.00
2016 11 03 07 50  16  4.2  5.6  0.54  3.45  3.35  55 1020.1  13.0  14.5  11.8 99.0 99.00
2016 11 03 08 50 351  5.2  6.1  0.54  3.57  3.41  54 1020.6  13.3  14.5  11.8 99.0 99.00
2016 11 03 09 50 351  2.9  3.8  0.46  4.00  3.43  19 1020.1  13.2  14.5  12.0 99.0 99.00
2016 11 03 10 50 331  2.0  2.7  0.50  4.00  3.44  18 1020.4  13.2  14.5  11.7 99.0 99.00
2016 11 03 11 50 329  2.6  3.5  0.46  4.00  3.50  11 1020.5  13.0  14.4  11.6 99.0 99.00
2016 11 03 12 50 296  3.1  4.2  0.40  4.00  3.40   2 1021.2  12.8  14.4  11.5 99.0 99.00
2016 11 03 13 50 296  2.9  3.8  0.37  3.85  3.33   3 1021.9  11.7  14.4  10.9 99.0 99.00
2016 11 03 14 50 332  5.7  8.4  0.34  3.85  3.41  26 1022.7  11.0  14.3  11.0 99.0 99.00
2016 11 03 15 50 310  4.1  4.8  0.35  3.85  3.11  10 1022.6  12.2  14.2  11.1 99.0 99.00
2016 11 03 16 50 360  3.0  4.0  0.32  3.45  3.06  35 1022.3  12.8  14.1  10.3 99.0 99.00
2016 11 03 17 50  22  1.2  1.6  0.32  3.57  3.17  21 1022.0  13.2  14.2   9.1 99.0 99.00
2016 11 03 18 50 224  0.5  0.9  0.30  3.03  3.15  22 1021.8  13.4  14.4   8.7 99.0 99.00
2016 11 03 19 50 224  1.9  2.5  0.29  2.94  3.12 308 1021.8  13.4  14.5   8.8 99.0 99.00
2016 11 03 20 50 282  3.7  4.7  0.25  3.57  3.13 344 1022.6  12.9  14.6  11.1 99.0 99.00
2016 11 03 21 50 320  4.9  5.9  0.24 99.00  3.06 999 1023.1  13.2  14.6  10.5 99.0 99.00
2016 11 03 22 50 358  7.3  8.9  0.28  2.94  2.79  32 1023.6  13.1  14.5  11.1 99.0 99.00
2016 11 03 23 50  30 10.2 12.0  0.52  3.13  3.07  25 1024.1  13.0  14.5  11.2 99.0 99.00
2016 11 04 00 50  33 10.4 11.7  0.84  3.85  3.50  35 1024.8  12.5  14.3   9.5 99.0 99.00
2016 11 04 01 50  39  9.9 11.8  1.13  4.35  3.88  43 1025.4  12.6  13.9   8.0 99.0 99.00
2016 11 04 02 50  44  9.5 10.9  1.31  5.00  4.20  46 1025.9  12.3  13.9   7.1 99.0 99.00
2016 11 04 03 50  42  9.0 11.1  1.35  5.56  4.49  54 1026.3  12.3  13.8   6.9 99.0 99.00
2016 11 04 04 50  34  8.5 10.1  1.31  5.56  4.42  47 1026.9  12.0  13.6   6.9 99.0 99.00
2016 11 04 05 50  31  8.3 10.6  1.16  5.56  4.24  45 1027.3  11.8  13.5   6.3 99.0 99.00
2016 11 04 06 50  41  8.3  9.6  1.09  5.56  4.17  34 1027.6  11.5  13.4   6.1 99.0 99.00
2016 11 04 07 50  51  6.5  8.3  1.01  5.26  4.16  31 1027.9  11.2  13.4   6.5 99.0 99.00
2016 11 04 09 50  56  3.2  4.6  0.87  5.56  4.27  29 1028.8  10.9  13.4   6.0 99.0 99.00
2016 11 04 10 50  52  2.5  3.8  0.69  5.56  3.97  39 1029.4  10.8  13.4   6.0 99.0 99.00
2016 11 04 11 50  14  1.9  3.0  0.68  4.76  4.16  49 1030.0  10.8  13.4   5.3 99.0 99.00
2016 11 04 12 50  43  1.8  2.9  0.63  5.88  4.13  34 1030.4  10.9  13.5   5.6 99.0 99.00
2016 11 04 13 50 357  0.2  0.6  0.59  5.00  4.07  37 1030.7  11.4  13.4   4.8 99.0 99.00
2016 11 04 14 50 188  0.3  0.8  0.56  5.56  4.05  34 1030.7  11.8  13.5   4.5 99.0 99.00
2016 11 04 15 50 283  1.4  2.1  0.55  5.56  4.08 351 1030.8  11.3  13.5   5.3 99.0 99.00
2016 11 04 16 50 228  2.4  3.4  0.47  5.00  3.92 325 1030.5  11.5  13.6   5.7 99.0 99.00
2016 11 04 17 50 225  3.3  4.1  0.43  5.26  3.91 316 1029.8  11.7  13.6   6.6 99.0 99.00
2016 11 04 18 50 230  4.0  4.7  0.36  5.56  4.02 314 1029.3  11.8  13.7   7.0 99.0 99.00
2016 11 04 19 50 214  3.9  4.7  0.35  5.56  3.82 318 1028.9  12.0  13.7   7.9 99.0 99.00
2016 11 04 20 50 199  4.1  4.9  0.32  5.56  3.66 308 1028.7  12.3  13.8   8.2 99.0 99.00
2016 11 04 21 50 190  4.5  5.2  0.30  5.56  3.68 315 1028.4  12.5  13.8   8.4 99.0 99.00
2016 11 04 22 50 177  5.4  6.1  0.30  5.26  3.23 316 1027.8  12.4  13.8   9.0 99.0 99.00
2016 11 04 23 50 176  6.1  6.9  0.32  5.26  2.93 327 1027.2  12.5  13.8   9.6 99.0 99.00
2016 11 05 00 50 184  6.4  7.2  0.34  2.74  2.84 171 1026.9  12.8  13.8  10.5 99.0 99.00
2016 11 05 01 50 188  6.6  7.8  0.37  3.03  2.95 164 1026.8  13.0  13.8  10.6 99.0 99.00
2016 11 05 02 50 192  7.1  8.5  0.48  3.23  2.99 168 1026.7  13.2  13.8  10.7 99.0 99.00
2016 11 05 03 50 199  7.2  9.1  0.57  3.33  3.19 163 1026.5  13.3  13.9  10.9 99.0 99.00
2016 11 05 04 50 213  6.8  8.0  0.50  3.57  3.18 176 1026.3  13.7  13.9  10.6 99.0 99.00
2016 11 05 05 50 219  6.1  7.1  0.52  3.70  3.32 158 1026.3  13.6  13.8  10.2 99.0 99.00
2016 11 05 06 50 223  6.8  7.6  0.47  3.70  3.14 154 1026.0  13.4  13.8   9.7 99.0 99.00
2016 11 05 07 50 223  6.7  8.1  0.46  3.57  3.14 149 1026.0  13.4  13.8   9.6 99.0 99.00
2016 11 05 08 50 226  6.9  8.0  0.47  3.33  3.06 177 1025.7  13.3  13.7   9.6 99.0 99.00
2016 11 05 09 50 227  7.0  7.9  0.47  3.45  3.05 158 1025.8  13.1  13.7   9.8 99.0 99.00
2016 11 05 10 50 230  7.1  8.2  0.56  3.57  3.19 165 1026.0  13.1  13.7   9.7 99.0 99.00
2016 11 05 11 50 227  7.1  8.3  0.49  3.57  3.20 169 1026.0  13.1  13.7  10.1 99.0 99.00
2016 11 05 12 50 229  7.0  8.1  0.56  3.70  3.26 171 1026.2  13.1  13.7   9.9 99.0 99.00
2016 11 05 13 50 222  6.7  8.0  0.57  3.57  3.31 179 1026.5  13.1  13.7  10.2 99.0 99.00
2016 11 05 14 50 229  6.1  7.1  0.58  4.17  3.38 172 1026.7  13.1  13.8  10.0 99.0 99.00
2016 11 05 15 50 237  5.3  6.1  0.66  4.00  3.53 187 1026.8  13.0  13.8   9.4 99.0 99.00
2016 11 05 16 50 229  3.4  4.1  0.58  4.00  3.60 190 1027.0  13.1  13.9   9.5 99.0 99.00
2016 11 05 17 50 215  3.3  3.8  0.57  4.55  3.63 168 1026.4  13.3  14.0   9.5 99.0 99.00
2016 11 05 18 50 202  4.5  5.2  0.53  4.17  3.81 174 1025.3  13.6  14.1   9.8 99.0 99.00
2016 11 05 19 50 206  4.1  4.9  0.47  4.35  3.52 168 1024.6  14.0  14.2  10.6 99.0 99.00
2016 11 05 20 50 190  4.3  5.1  0.42  4.35  3.42 158 1024.4  14.2  14.2  11.6 99.0 99.00
2016 11 05 21 50 194  2.6  3.2  0.39  4.17  3.41 170 1024.5  14.3  14.2  12.2 99.0 99.00
2016 11 05 22 50 165  1.3  1.6  0.33  3.85  3.29 163 1024.7  14.1  14.1  12.8 99.0 99.00
2016 11 05 23 50 163  1.4  1.6  0.27  3.70  3.13 172 1025.0  14.3  14.0  12.4 99.0 99.00
2016 11 06 00 50 101  1.6  1.9  0.23 99.00  3.11 999 1025.4  14.0  14.0  13.0 99.0 99.00
2016 11 06 01 50 161  1.6  2.0  0.19 99.00  2.97 999 1025.4  14.1  13.9  12.9 99.0 99.00
2016 11 06 02 50 250  1.7  1.9  0.16 99.00  2.91 999 1025.7  14.6  13.9  12.6 99.0 99.00
2016 11 06 03 50 217  2.0  2.4  0.14 99.00  2.88 999 1025.6  14.4  13.9  12.6 99.0 99.00
2016 11 06 04 50 215  3.6  4.2  0.13 99.00  2.73 999 1025.6  14.5  13.9  12.3 99.0 99.00
2016 11 06 05 50 221  3.8  4.3  0.12 99.00  2.68 999 1025.7  14.3  13.9  12.4 99.0 99.00
2016 11 06 06 50 227  4.0  4.5  0.13 99.00  2.56 999 1025.7  14.0  13.9  12.1 99.0 99.00
2016 11 06 07 50 232  3.6  4.2  0.14 99.00  2.51 999 1025.8  13.9  13.9  12.1 99.0 99.00
2016 11 06 08 50 231  2.9  3.5  0.15 99.00  2.51 999 1025.9  13.7  13.9  11.9 99.0 99.00
2016 11 06 09 50 227  2.8  3.6  0.16 99.00  2.68 999 1026.3  13.6  13.9  11.6 99.0 99.00
2016 11 06 10 50 226  2.7  3.1  0.20 99.00  2.84 999 1026.9  13.5  13.9  11.5 99.0 99.00
2016 11 06 11 50 213  2.7  3.0  0.21 99.00  2.91 999 1027.1  13.4  13.8  11.2 99.0 99.00
2016 11 06 12 50 208  4.2  5.3  0.19 99.00  2.82 999 1027.1  13.3  13.8  11.0 99.0 99.00
2016 11 06 13 50 206  4.0  4.8  0.18 99.00  2.76 999 1027.4  13.4  13.8  11.1 99.0 99.00
2016 11 06 14 50 199  3.3  3.6  0.20 99.00  2.80 999 1027.9  13.4  13.9  10.7 99.0 99.00
2016 11 06 15 50 179  3.3  3.7  0.18 99.00  2.78 999 1027.9  13.4  13.9  11.0 99.0 99.00
2016 11 06 16 50 178  4.7  5.3  0.20 99.00  2.88 999 1027.4  13.4  13.9  11.2 99.0 99.00
2016 11 06 17 50 182  5.6  6.2  0.19 99.00  2.70 999 1026.7  13.3  13.9  11.3 99.0 99.00
2016 11 06 18 50 174  5.2  5.9  0.23 99.00  2.57 999 1026.4  13.5  13.9  11.6 99.0 99.00
2016 11 06 19 50 172  5.0  5.6  0.25 99.00  2.59 999 1026.1  13.7  13.9  12.0 99.0 99.00
2016 11 06 20 50 166  4.7  5.3  0.29  2.74  2.67 168 1025.9  13.9  13.9  11.6 99.0 99.00
2016 11 06 21 50 155  4.1  4.7  0.25 99.00  2.75 999 1025.6  14.2  13.9  11.9 99.0 99.00
2016 11 06 22 50 164  3.8  4.5  0.21 99.00  2.65 999 1025.6  14.5  13.9  11.9 99.0 99.00
2016 11 06 23 50 153  3.9  4.4  0.18 99.00  2.71 999 1025.8  14.8  13.9  11.9 99.0 99.00
2016 11 07 00 50 154  3.6  4.1  0.18 99.00  2.77 999 1026.0  14.8  13.9  12.2 99.0 99.00
2016 11 07 01 50 160  3.8  4.4  0.12 99.00  2.59 999 1026.1  14.9  13.9  12.0 99.0 99.00
2016 11 07 02 50 160  3.8  4.2  0.12 99.00  2.63 999 1026.2  14.7  13.9  12.4 99.0 99.00
2016 11 07 03 50 160  4.1  4.6  0.10 99.00  2.50 999 1026.3  14.6  14.0  12.4 99.0 99.00
2016 11 07 04 50 172  3.4  4.1  0.10 99.00  2.43 999 1026.2  14.9  14.0  12.0 99.0 99.00
2016 11 07 05 50 156  3.9  4.3  0.10 99.00  2.41 999 1026.2  14.4  14.0  12.2 99.0 99.00
2016 11 07 06 50 155  3.4  3.9  0.09 99.00  2.44 999 1026.1  14.3  14.0  12.4 99.0 99.00
2016 11 07 07 50 154  3.7  4.1  0.09 99.00  2.37 999 1026.2  14.2  14.0  12.6 99.0 99.00
2016 11 07 09 50 158  5.2  6.1  0.17 99.00  2.29 999 1026.2  14.3  14.0  11.8 99.0 99.00
2016 11 07 10 50 162  5.4  6.4  0.27  2.60  2.72 135 1026.7  14.1  14.0  11.6 99.0 99.00
2016 11 07 11 50 162  5.3  6.1  0.31  2.74  2.65 131 1026.6  13.8  14.0  11.4 99.0 99.00
2016 11 07 12 50 160  5.4  6.1  0.32  2.94  2.79 134 1026.8  13.7  14.1  11.4 99.0 99.00
2016 11 07 13 50 159  5.8  6.7  0.39  2.94  2.90 126 1027.0  13.9  14.1  11.3 99.0 99.00
2016 11 07 14 50 161  5.6  6.6  0.41  3.03  2.97 125 1026.9  13.9  14.1  11.0 99.0 99.00
2016 11 07 15 50 157  6.1  7.2  0.43  3.13  3.10 127 1026.8  13.8  14.2  11.1 99.0 99.00
2016 11 07 16 50 153  5.6  6.7  0.41  3.23  3.02 129 1026.6  13.7  14.2  11.3 99.0 99.00
2016 11 07 17 50 154  5.7  6.5  0.43  3.23  3.19 132 1026.0  13.8  14.3  11.0 99.0 99.00
2016 11 07 18 50 157  6.1  7.3  0.45  3.33  3.04 137 1025.4  13.9  14.3  10.7 99.0 99.00
2016 11 07 19 50 155  5.3  6.4  0.43  3.33  3.02 143 1024.9  14.3  14.4  10.6 99.0 99.00
2016 11 07 20 50 152  5.1  5.9  0.34  3.45  2.98 151 1024.2  14.5  14.4  10.7 99.0 99.00
2016 11 07 21 50 156  4.8  5.5  0.34  3.33  3.00 157 1024.0  14.7  14.4  10.8 99.0 99.00
2016 11 07 22 50 155  4.4  5.0  0.25 99.00  2.89 999 1023.8  14.7  14.4  11.0 99.0 99.00
2016 11 07 23 50 156  3.9  4.4  0.20 99.00  2.86 999 1023.8  14.9  14.4  10.5 99.0 99.00
2016 11 08 00 50 184  3.8  4.4  0.19 99.00  2.85 999 1024.0  14.7  14.4  11.1 99.0 99.00
2016 11 08 01 50 181  3.9  4.3  0.17 99.00  2.91 999 1023.5  14.8  14.3  10.6 99.0 99.00
2016 11 08 04 50 185  4.0  4.7  0.10 99.00  2.54 999 1022.4  14.6  14.3  10.9 99.0 99.00
2016 11 08 05 50 186  4.8  5.5  0.10 99.00  2.55 999 1021.7  14.5  14.3  11.1 99.0 99.00
2016 11 08 06 50 189  5.4  6.2  0.16 99.00  2.39 999 1021.2  14.6  14.3  11.2 99.0 99.00
2016 11 08 07 50 187  6.7  7.8  0.28  2.74  2.55 167 1020.7  14.7  14.3  10.9 99.0 99.00
2016 11 08 08 50 202  7.1  8.2  0.37  2.94  2.72 163 1020.2  14.6  14.2  11.2 99.0 99.00
2016 11 08 09 50 215  7.8  9.4  0.51  3.23  3.02 160 1020.0  14.3  14.2  10.7 99.0 99.00
2016 11 08 10 50 215  8.0  9.2  0.60  3.57  3.23 176 1019.5  14.0  14.1  10.9 99.0 99.00
2016 11 08 11 50 233  7.0  8.5  0.64  3.85  3.26 177 1019.8  14.0  14.1  11.4 99.0 99.00
2016 11 08 12 50 231  6.5  7.5  0.58  3.85  3.26 167 1019.8  14.0  14.2  11.4 99.0 99.00
2016 11 08 13 50 241  6.1  7.2  0.59  4.00  3.42 155 1020.0  13.8  14.2  11.8 99.0 99.00
2016 11 08 14 50 262  8.1  9.5  0.57  4.00  3.35 156 1019.8  13.8  14.1  11.2 99.0 99.00
2016 11 08 15 50 273  7.7  9.2  0.57  4.00  3.24 164 1019.7  13.5  14.1  10.8 99.0 99.00
2016 11 08 16 50 315  9.9 12.1  0.59  3.57  3.16 260 1020.3  12.9  14.1  10.1 99.0 99.00
2016 11 08 17 50 337 10.0 11.8  0.76  3.70  3.39 332 1020.1  11.9  14.1   8.5 99.0 99.00
2016 11 08 18 50 341 11.1 13.0  1.13  4.55  3.82   9 1020.5  11.2  14.1   6.9 99.0 99.00
2016 11 08 19 50 347 10.9 13.5  1.22  5.00  4.06   9 1020.5  11.2  14.0   6.1 99.0 99.00
2016 11 08 20 50 346 11.6 14.3  1.68  5.56  4.74  21 1021.1  11.6  13.9   6.1 99.0 99.00
2016 11 08 21 50 356 11.8 14.2  2.05  6.25  5.05  28 1021.5  11.8  13.9   5.9 99.0 99.00
2016 11 08 22 50 358 12.4 15.2  1.98  6.67  5.09  39 1021.8  11.9  13.8   6.2 99.0 99.00
2016 11 08 23 50 360 12.9 15.6  2.36  6.25  5.29  38 1022.4  11.7  13.7   6.2 99.0 99.00
2016 11 09 00 50 356 13.1 16.1  2.38  6.25  5.51  41 1023.0  11.4  13.7   5.9 99.0 99.00
2016 11 09 01 50 360 12.1 15.0  2.32  7.14  5.45  48 1023.5  11.3  13.6   6.6 99.0 99.00
2016 11 09 02 50   9 12.1 14.7  2.59  7.14  5.64  47 1023.6  11.2  13.5   6.5 99.0 99.00
2016 11 09 03 50  16 11.4 14.1  2.27  7.69  5.61  42 1023.5  11.2  13.5   6.1 99.0 99.00
2016 11 09 04 50   9 13.0 15.9  2.49  8.33  5.71  50 1023.6  11.2  13.6   5.6 99.0 99.00
2016 11 09 05 50  11 11.8 14.0  2.57  8.33  5.72  58 1023.8  10.9  13.6   5.1 99.0 99.00
2016 11 09 06 50   6 12.0 14.0  2.87  8.33  6.08  53 1023.7  10.6  13.6   4.1 99.0 99.00
2016 11 09 07 50  11 10.8 13.7  2.60  8.33  6.03  47 1024.2  10.6  13.6   4.7 99.0 99.00
2016 11 09 08 50  20 11.2 13.9  2.55  8.33  5.96  49 1024.0  10.7  13.4   5.1 99.0 99.00
2016 11 09 09 50  26 10.4 12.6  2.48  8.33  5.85  40 1024.4  10.5  13.3   4.8 99.0 99.00
2016 11 09 10 50  25  9.5 11.9  2.31  8.33  5.74  41 1024.9  10.5  13.2   4.5 99.0 99.00
2016 11 09 11 50  22  8.4 10.3  2.22  7.69  5.81  36 1025.0  10.6  13.1   5.1 99.0 99.00
2016 11 09 12 50  11  7.7  9.4  1.77  7.69  5.46  45 1025.6  10.6  13.1   5.3 99.0 99.00
2016 11 09 13 50  15  8.3 10.0  1.70  7.69  5.43  35 1026.3  10.6  13.1   5.3 99.0 99.00
2016 11 09 14 50   2  6.4  7.9  1.51  7.69  5.07  50 1026.5  10.3  13.1   6.0 99.0 99.00
2016 11 09 15 50   2  6.0  7.7  1.31  7.69  5.03  43 1026.6  10.3  13.1   6.2 99.0 99.00
2016 11 09 16 50 348  5.4  6.9  1.23  7.14  5.05  48 1026.5  10.5  13.1   5.7 99.0 99.00
2016 11 09 17 50 335  4.3  5.4  1.07  7.14  4.69  46 1025.8  10.6  13.2   5.0 99.0 99.00
2016 11 09 18 50 307  4.5  5.7  0.97  6.67  4.54  40 1025.2  10.7  13.3   4.6 99.0 99.00
2016 11 09 19 50 282  5.3  6.6  0.87  6.67  4.43   8 1024.4  10.8  13.3   4.7 99.0 99.00
2016 11 09 20 50 282  4.5  5.2  0.75  6.25  4.09   8 1023.9  11.4  13.4   3.1 99.0 99.00
2016 11 09 21 50 276  2.9  3.8  0.71  5.56  4.17   5 1024.0  11.8  13.4   1.7 99.0 99.00
2016 11 09 22 50 230  3.5  4.3  0.57  5.88  4.13 322 1023.6  11.7  13.4   2.9 99.0 99.00
2016 11 09 23 50 229  4.6  5.3  0.55  5.88  4.05 315 1023.8  12.0  13.4   4.3 99.0 99.00
2016 11 10 00 50 214  5.1  6.0  0.46  5.88  3.87 308 1023.6  12.2  13.4   6.3 99.0 99.00
2016 11 10 01 50 240  7.3  8.3  0.46  5.26  3.43 308 1022.7  12.8  13.4   3.7 99.0 99.00
2016 11 10 02 50 250  7.8  9.4  0.55  3.03  3.36 226 1022.4  12.7  13.4   4.5 99.0 99.00
2016 11 10 03 50 252  7.6  8.9  0.66  3.45  3.37 233 1022.1  12.5  13.3   4.3 99.0 99.00
2016 11 10 04 50 246  8.4 10.0  0.77  3.70  3.48 226 1021.2  12.4  13.3   4.0 99.0 99.00
2016 11 10 05 50 245  9.0 10.6  0.85  4.17  3.62 222 1021.4  12.0  13.2   3.9 99.0 99.00
2016 11 10 06 50 235  8.6 10.2  0.87  4.17  3.68 211 1020.9  11.8  13.2   3.9 99.0 99.00
2016 11 10 07 50 240  9.7 11.3  0.92  4.35  3.66 211 1020.6  11.6  13.2   3.8 99.0 99.00
2016 11 10 09 50 241  9.8 11.5  1.14  4.76  4.07 196 1019.8  11.5  13.2   4.7 99.0 99.00
2016 11 10 10 50 236 10.1 12.0  1.12  4.76  3.98 200 1019.3  11.5  13.2   4.6 99.0 99.00
2016 11 10 11 50 233 10.9 12.9  1.25  4.76  4.10 196 1018.6  11.2  13.2   4.4 99.0 99.00
2016 11 10 12 50 233 10.6 12.8  1.42  5.00  4.34 196 1018.3  11.4  13.2   5.0 99.0 99.00
2016 11 10 13 50 230 11.3 13.8  1.44  5.26  4.42 192 1017.3  11.6  13.2   5.3 99.0 99.00
2016 11 10 14 50 224 10.6 12.6  1.35  5.56  4.31 183 1016.9  11.7  13.3   5.8 99.0 99.00
2016 11 10 15 50 214 10.9 13.4  1.39  5.26  4.38 180 1016.0  11.3  13.3   5.8 99.0 99.00
2016 11 10 16 50 208 11.4 14.1  1.60  5.00  4.54 188 1014.8  12.0  13.4   5.8 99.0 99.00
2016 11 10 17 50 202 11.0 13.9  1.57  5.56  4.69 175 1013.4  12.7  13.4   6.4 99.0 99.00
2016 11 10 18 50 198 11.5 13.6  1.77  5.88  4.77 171 1012.2  13.4  13.4   7.3 99.0 99.00
2016 11 10 19 50 196 11.1 12.9  1.63  5.88  4.57 165 1011.3  14.1  13.5   7.8 99.0 99.00
2016 11 10 20 50 197 10.9 13.3  1.49  5.00  4.49 173 1010.5  14.5  13.5   8.4 99.0 99.00
2016 11 10 21 50 207 10.5 12.9  1.47  5.56  4.49 159 1010.0  14.7  13.5   9.1 99.0 99.00
2016 11 10 22 50 216  9.7 11.5  1.47  5.26  4.46 157 1010.5  15.0  13.5   8.9 99.0 99.00
2016 11 10 23 50 225 10.6 12.3  1.32  5.00  4.18 167 1010.6  15.2  13.5   8.5 99.0 99.00
2016 11 11 00 50 233 10.0 12.5  1.29  5.26  4.35 158 1010.8  14.8  13.5   8.7 99.0 99.00
2016 11 11 01 50 245  9.2 10.8  1.32  5.56  4.32 156 1011.7  14.5  13.4   8.9 99.0 99.00
2016 11 11 02 50 268  8.9 10.6  1.25  5.56  4.32 156 1012.1  14.4  13.4   8.7 99.0 99.00
2016 11 11 03 50 308 10.4 12.9  1.06  5.26  3.98 195 1012.7  15.0  13.4   8.9 99.0 99.00
2016 11 11 04 50 332 10.6 12.8  1.16  4.17  3.87 309 1013.5  14.7  13.4   8.8 99.0 99.00
2016 11 11 05 50 350 10.4 12.6  1.23  4.55  3.94 306 1014.3  14.5  13.5   8.4 99.0 99.00
2016 11 11 06 50 350 10.7 13.1  1.17  4.55  3.88 343 1015.3  14.2  13.5   7.5 99.0 99.00
2016 11 11 07 50 349 10.2 12.2  1.14  4.76  3.87 360 1016.2  13.9  13.5   7.5 99.0 99.00
2016 11 11 08 50 353 10.9 13.3  1.25  4.76  4.02  10 1016.8  13.4  13.6   7.1 99.0 99.00
2016 11 11 09 50  25 12.7 15.0  1.46  5.00  4.31  11 1017.8  12.2  13.6   7.6 99.0 99.00
2016 11 11 10 50  24 11.4 13.9  1.46  5.56  4.38  32 1019.1  11.7  13.6   6.3 99.0 99.00
2016 11 11 11 50  26 13.0 16.4  1.79  5.26  4.69  29 1019.8  11.3  13.5   5.1 99.0 99.00
2016 11 11 12 50  26 12.4 15.1  2.09  6.67  5.17  45 1021.1  10.7  13.5   4.6 99.0 99.00
2016 11 11 13 50  27 13.0 15.7  2.33  7.14  5.57  48 1022.6  10.2  13.4   3.9 99.0 99.00
2016 11 11 14 50  18 12.2 14.8  2.84  7.69  6.13  43 1024.1   9.6  13.4   2.8 99.0 99.00
2016 11 11 15 50  27 11.9 14.4  2.70  7.69  6.02  43 1025.1   9.1  13.3   2.8 99.0 99.00
2016 11 11 16 50  20 12.6 14.6  3.02  8.33  6.46  44 1025.8   8.6  13.3   3.9 99.0 99.00
2016 11 11 17 50  21 11.9 14.9  2.80  9.09  6.28  37 1026.0   8.7  13.3   3.6 99.0 99.00
2016 11 11 18 50  21 12.6 15.2  2.79  9.09  6.14  43 1026.1   8.5  13.2   2.0 99.0 99.00
2016 11 11 19 50  23 11.9 14.2  2.70  9.09  6.02  43 1026.5   8.6  13.2   2.5 99.0 99.00
2016 11 11 20 50  10 12.1 15.1  2.82  8.33  6.15  45 1027.0   8.1  13.2   3.2 99.0 99.00
2016 11 11 21 50  17 11.7 13.8  2.51  7.69  5.73  52 1027.8   8.3  13.2   1.8 99.0 99.00
2016 11 11 22 50  26 11.3 14.3  2.64  8.33  5.88  43 1028.4   8.4  13.2   1.7 99.0 99.00
2016 11 11 23 50  31 11.0 13.9  2.36  7.69  5.58  42 1029.0   8.3  13.2   1.9 99.0 99.00
2016 11 12 00 50  38  9.9 13.0  2.34  7.14  5.60  42 1029.6   8.2  13.2   2.0 99.0 99.00
2016 11 12 01 50  40  9.4 11.2  2.05  7.14  5.40  37 1030.4   7.9  13.1   2.2 99.0 99.00
2016 11 12 02 50  43  8.0 10.2  1.73  7.69  5.13  35 1030.7   7.9  13.1   2.7 99.0 99.00
2016 11 12 03 50  46  7.0  8.6  1.66  6.25  5.08  29 1030.6   7.4  13.1   1.4 99.0 99.00
2016 11 12 04 50  53  6.3  8.2  1.39  7.14  4.99  27 1030.5   7.3  13.1   1.5 99.0 99.00
2016 11 12 05 50  46  5.8  7.5  1.30  7.14  5.01  22 1030.9   7.1  13.0   0.9 99.0 99.00
2016 11 12 06 50  47  2.8  4.2  1.08  6.25  4.82  30 1030.9   7.0  13.0   0.9 99.0 99.00
2016 11 12 07 50  51  2.4  4.2  0.97  5.88  4.77  24 1031.1   7.0  12.9   0.6 99.0 99.00
2016 11 12 08 50  69  1.4  3.2  0.94  5.88  4.92  31 1030.8   7.0  12.9   0.5 99.0 99.00
2016 11 12 09 50 147  0.6  1.3  0.82  6.67  4.67 337 1030.9   7.0  12.9   0.4 99.0 99.00
2016 11 12 10 50 186  1.3  1.9  0.70  5.88  4.57 346 1030.9   7.0  12.8   0.4 99.0 99.00
2016 11 12 11 50 207  2.8  5.2  0.64  5.56  4.46 325 1030.6   7.3  12.8   1.3 99.0 99.00
2016 11 12 12 50 206  4.7  6.5  0.54  5.56  4.40 325 1030.5   7.4  12.8   1.5 99.0 99.00
2016 11 12 13 50 207  4.8  6.6  0.47  5.56  4.48 326 1030.7   7.7  12.8   2.0 99.0 99.00
2016 11 12 14 50 197  6.4  8.4  0.45  5.56  3.52 304 1030.4   8.1  12.8   2.7 99.0 99.00
2016 11 12 15 50 224  6.5  8.2  0.48  5.56  3.26 334 1030.5   8.2  12.9   3.1 99.0 99.00
2016 11 12 16 50 212  7.3  9.1  0.57  3.03  3.24 200 1030.2   8.1  12.9   3.6 99.0 99.00
2016 11 12 17 50 212  7.7  9.6  0.71  3.70  3.43 179 1029.0   8.1  13.0   3.3 99.0 99.00
2016 11 12 18 50 216  7.8  9.5  0.88  4.00  3.66 191 1027.9   8.2  13.1   2.3 99.0 99.00
2016 11 12 19 50 220  6.7  8.4  0.82  4.17  3.71 180 1027.1   8.8  13.1   2.6 99.0 99.00
2016 11 12 20 50 226  6.4  8.1  0.69  4.17  3.57 180 1026.5   9.5  13.1   3.0 99.0 99.00
2016 11 12 21 50 225  6.9  9.6  0.62  3.85  3.59 174 1026.0  10.1  13.2   3.2 99.0 99.00
2016 11 12 22 50 227  6.9  8.3  0.61  3.70  3.39 170 1025.4  10.5  13.2   3.4 99.0 99.00
2016 11 12 23 50 221  8.2  9.8  0.67  3.70  3.40 171 1025.0  10.8  13.1   3.2 99.0 99.00
2016 11 13 00 50 215  9.6 11.2  0.75  3.70  3.40 186 1024.4  10.6  13.1   3.4 99.0 99.00
2016 11 13 01 50 207 10.8 12.7  0.93  4.17  3.67 181 1023.5  10.5  13.1   3.8 99.0 99.00
2016 11 13 02 50 207 11.0 12.9  1.12  4.55  3.85 201 1022.8  10.6  13.0   4.6 99.0 99.00
2016 11 13 03 50 206 11.9 14.5  1.32  4.76  4.14 194 1022.4  10.5  13.0   4.2 99.0 99.00
2016 11 13 04 50 213 11.4 13.7  1.36  5.26  4.29 185 1022.2  10.6  13.0   4.3 99.0 99.00
2016 11 13 05 50 216 10.3 12.2  1.57  5.56  4.48 186 1022.2  10.5  13.0   4.8 99.0 99.00
2016 11 13 06 50 220 10.4 12.6  1.55  5.56  4.51 179 1022.3  10.3  12.9   4.4 99.0 99.00
2016 11 13 07 50 230  9.7 11.8  1.52  5.26  4.57 179 1022.6   9.8  12.9   4.1 99.0 99.00
2016 11 13 09 50 227 12.3 14.8  1.58  5.56  4.49 160 1021.7   9.1  12.9   2.8 99.0 99.00
2016 11 13 10 50 233 12.0 15.2  1.60  5.56  4.65 166 1021.5   9.1  12.9   2.8 99.0 99.00
2016 11 13 11 50 228 12.5 14.7  1.69  5.88  4.74 162 1021.0   9.1  12.9   2.8 99.0 99.00
2016 11 13 12 50 230 10.9 13.0  1.57  5.56  4.72 165 1021.0   9.0  12.9   3.3 99.0 99.00
2016 11 13 14 50 224 10.1 11.7  1.52  5.26  4.63 175 1021.2   8.9  13.0   3.3 99.0 99.00
2016 11 13 15 50 213  9.6 11.8  1.42  5.88  4.56 165 1020.6   8.6  12.9   3.4 99.0 99.00
2016 11 13 16 50 213  9.3 11.6  1.48  5.56  4.61 170 1019.9   9.2  13.0   3.4 99.0 99.00
2016 11 13 17 50 200 10.3 12.2  1.45  5.56  4.49 171 1018.3   9.7  13.0   3.3 99.0 99.00
2016 11 13 18 50 192 10.5 12.7  1.30  5.56  4.32 177 1017.1  10.5  13.0   3.6 99.0 99.00
2016 11 13 19 50 191 11.3 13.2  1.51  5.26  4.49 170 1016.1  11.1  13.0   4.0 99.0 99.00
2016 11 13 20 50 185 11.5 13.6  1.67  5.88  4.65 166 1015.2  11.6  13.0   4.4 99.0 99.00
2016 11 13 21 50 189 11.4 13.3  1.56  5.56  4.47 163 1015.0  12.2  13.0   5.0 99.0 99.00
2016 11 13 22 50 192 10.0 12.0  1.43  5.56  4.32 158 1015.6  12.6  13.0   6.0 99.0 99.00
2016 11 13 23 50 194  8.9 10.6  1.31  5.56  4.45 160 1015.9  12.8  13.0   6.5 99.0 99.00
2016 11 14 00 50 200 10.4 12.8  1.30  5.00  4.21 157 1015.4  12.7  13.0   4.7 99.0 99.00
2016 11 14 01 50 197 11.6 14.1  1.25  5.00  4.11 153 1014.5  12.3  13.0   4.7 99.0 99.00
2016 11 14 02 50 198 12.7 14.7  1.33  5.26  4.32 154 1013.8  12.0  13.0   4.9 99.0 99.00
2016 11 14 03 50 203 11.5 13.8  1.54  5.56  4.54 156 1013.9  11.9  13.0   5.4 99.0 99.00
2016 11 14 04 50 212 11.3 13.8  1.45  5.56  4.64 154 1014.1  11.7  13.0   5.2 99.0 99.00
2016 11 14 05 50 212 11.0 12.6  1.49  5.56  4.60 150 1014.2  11.5  13.0   5.2 99.0 99.00
2016 11 14 06 50 217 10.8 12.7  1.41  5.88  4.53 146 1014.0  11.2  12.9   4.8 99.0 99.00
2016 11 14 07 50 218 10.2 12.0  1.33  5.88  4.49 142 1013.7  11.3  12.9   5.3 99.0 99.00
2016 11 14 08 50 220  9.9 11.9  1.31  5.56  4.39 158 1013.0  11.3  12.9   5.5 99.0 99.00
2016 11 14 09 50 220  9.4 11.3  1.23  5.56  4.38 153 1012.4  11.2  12.8   5.7 99.0 99.00
2016 11 14 10 50 216  8.3  9.9  1.23  5.56  4.26 151 1012.1  11.1  12.8   6.3 99.0 99.00
2016 11 14 11 50 213  8.4  9.8  1.25  5.26  4.30 152 1011.9  11.0  12.7   6.4 99.0 99.00
2016 11 14 12 50 216  7.8  9.0  1.16  5.00  4.24 158 1012.2  10.8  12.7   6.4 99.0 99.00
2016 11 14 13 50 220  7.7  9.2  0.99  5.00  3.95 162 1012.7  10.6  12.7   6.3 99.0 99.00
2016 11 14 14 50 216  7.2  8.4  1.00  5.00  4.00 155 1012.3  10.3  12.7   6.2 99.0 99.00
2016 11 14 15 50 213  7.4  8.6  0.89  4.76  3.88 173 1012.2  10.3  12.7   6.5 99.0 99.00
2016 11 14 16 50 200  7.1  8.2  0.91  4.76  3.77 159 1011.9  10.3  12.8   6.4 99.0 99.00
2016 11 14 17 50 188  7.7  9.0  0.82  4.76  3.63 167 1011.3  10.7  12.9   6.8 99.0 99.00
2016 11 14 18 50 175  7.6  8.7  0.81  4.55  3.68 175 1010.6  11.3  12.9   7.4 99.0 99.00
2016 11 14 19 50 174  9.0 10.3  0.79  4.00  3.54 164 1010.0  11.4  13.0   7.6 99.0 99.00
2016 11 14 20 50 184  7.6  8.9  0.85  4.17  3.62 167 1010.3  11.9  13.0   7.9 99.0 99.00
2016 11 14 21 50 196  7.1  8.5  0.81  4.55  3.69 154 1010.6  12.3  13.0   7.7 99.0 99.00
2016 11 14 22 50 205  4.9  6.1  0.64  4.00  3.59 153 1010.8  12.4  13.0   8.4 99.0 99.00
2016 11 14 23 50 198  2.9  3.7  0.53  4.35  3.52 152 1011.0  12.5  13.0   9.5 99.0 99.00
2016 11 15 00 50 210  2.5  3.0  0.37  4.55  3.33 149 1011.0  12.7  13.0  10.0 99.0 99.00
2016 11 15 01 50 198  2.1  2.5  0.32  4.00  3.29 154 1010.8  12.6  12.9  10.7 99.0 99.00
2016 11 15 02 50 207  2.1  2.5  0.27  3.85  3.22 153 1011.2  12.7  12.9  10.8 99.0 99.00
2016 11 15 03 50 217  1.9  2.2  0.19 99.00  2.99 999 1010.8  12.6  12.9  10.6 99.0 99.00
2016 11 15 04 50 220  2.3  2.7  0.16 99.00  2.94 999 1010.5  12.4  12.8  10.6 99.0 99.00
2016 11 15 05 50 247  1.3  1.6  0.13 99.00  2.97 999 1010.5  12.4  12.8  10.9 99.0 99.00
2016 11 15 06 50 277  3.2  3.6  0.12 99.00  2.81 999 1010.6  12.4  12.8  10.2 99.0 99.00
2016 11 15 07 50 296  3.9  4.4  0.09 99.00  2.83 999 1011.0  12.4  12.8   9.5 99.0 99.00
2016 11 15 08 50  20  2.9  3.3  0.10 99.00  2.94 999 1010.7  11.9  12.8   9.0 99.0 99.00
2016 11 15 09 50  32  3.4  3.8  0.11 99.00  2.81 999 1010.7  11.8  12.9   9.6 99.0 99.00
2016 11 15 10 50  32  3.8  4.3  0.11 99.00  2.57 999 1010.7  11.6  12.9   9.5 99.0 99.00
2016 11 15 11 50  20  4.3  5.1  0.15 99.00  2.49 999 1011.0  11.4  12.9   9.6 99.0 99.00
2016 11 15 12 50  16  4.4  5.2  0.22 99.00  2.58 999 1011.4  11.0  12.9   9.4 99.0 99.00
2016 11 15 13 50   4  3.7  4.6  0.25  2.60  2.62  21 1011.9  10.9  12.8   9.2 99.0 99.00
2016 11 15 14 50 343  4.3  5.8  0.27  2.94  2.77  19 1012.3  10.7  12.8   8.7 99.0 99.00
2016 11 15 15 50 342  3.4  5.4  0.27  2.86  2.86  23 1012.1  10.6  12.8   8.3 99.0 99.00
2016 11 15 16 50 349  4.7  5.6  0.28  3.33  2.92   9 1011.9  10.7  12.8   8.1 99.0 99.00
2016 11 15 17 50 321  3.2  4.8  0.30  3.23  3.01  18 1010.9  10.6  12.8   7.7 99.0 99.00
2016 11 15 18 50 330  2.8  4.6  0.34  4.00  3.32  14 1010.7  10.9  12.9   8.0 99.0 99.00
2016 11 15 19 50 298  3.8  5.0  0.32  3.70  3.17 342 1011.0  10.8  13.0   7.8 99.0 99.00
2016 11 15 20 50 309  3.4  5.1  0.32  4.17  3.39   8 1011.1  10.4  13.0   8.2 99.0 99.00
2016 11 15 21 50 262  2.3  3.3  0.33  4.76  3.44 332 1011.1  10.0  13.0   7.7 99.0 99.00
2016 11 15 22 50 270  1.9  2.7  0.33  4.55  3.50 321 1011.5   9.9  13.0   7.7 99.0 99.00
2016 11 15 23 50 225  0.4  1.0  0.29  4.55  3.50 316 1011.1   9.7  12.9   7.8 99.0 99.00
2016 11 16 00 50 199  1.5  2.1  0.29  4.17  3.49 327 1011.2  10.0  12.9   7.9 99.0 99.00
2016 11 16 01 50 201  2.5  3.1  0.27  4.35  3.59 318 1011.2  10.3  12.8   8.5 99.0 99.00
2016 11 16 02 50 194  3.5  4.4  0.26  4.35  3.74 327 1011.2  10.5  12.8   8.8 99.0 99.00
2016 11 16 03 50 201  4.0  4.9  0.23 99.00  3.76 999 1010.9  10.7  12.8   8.7 99.0 99.00
2016 11 16 04 50 192  4.8  5.9  0.22 99.00  3.67 999 1010.4  10.9  12.8   9.7 99.0 99.00
2016 11 16 05 50 219  4.3  5.0  0.23 99.00  3.03 999 1010.6  11.6  12.7   9.5 99.0 99.00
2016 11 16 06 50 263  4.7  5.5  0.23 99.00  2.92 999 1010.2  11.8  12.7   8.6 99.0 99.00
2016 11 16 07 50 292  6.9  8.3  0.22 99.00  2.89 999 1010.7  11.8  12.7   7.7 99.0 99.00
2016 11 16 09 50 345  7.2  8.2  0.43  3.03  2.83 340 1010.9  11.0  12.6   7.9 99.0 99.00
2016 11 16 10 50   4  5.7  6.9  0.51  3.13  3.02 346 1011.3  10.8  12.5   8.0 99.0 99.00
2016 11 16 11 50  10  5.0  6.1  0.47  3.45  3.13 357 1012.2  10.6  12.6   8.1 99.0 99.00
2016 11 16 12 50 354  3.8  5.3  0.42  3.33  3.14   1 1012.9  10.6  12.6   8.1 99.0 99.00
2016 11 16 14 50   2  3.3  4.3  0.35  3.57  3.15 347 1013.6  10.4  12.7   7.6 99.0 99.00
2016 11 16 15 50  14  2.8  3.6  0.34  3.33  3.19 352 1014.0  10.4  12.8   7.3 99.0 99.00
2016 11 16 16 50  28  2.1  3.3  0.35  3.70  3.33   1 1014.3  10.4  12.8   6.8 99.0 99.00
2016 11 16 17 50  66  1.3  2.4  0.32  4.00  3.36 356 1013.6  10.6  12.9   6.7 99.0 99.00
2016 11 16 18 50 162  0.6  1.3  0.33  3.85  3.39 338 1013.6  11.2  13.1   6.6 99.0 99.00
2016 11 16 19 50 314  0.1  0.4  0.34  4.17  3.46 357 1013.7  11.2  13.2   6.7 99.0 99.00
2016 11 16 20 50 148  0.7  1.1  0.30  3.85  3.51 349 1013.9  11.5  13.2   6.6 99.0 99.00
2016 11 16 21 50 135  1.4  2.1  0.29  3.85  3.56 326 1014.0  10.9  13.1   7.1 99.0 99.00
2016 11 16 22 50 136  2.7  3.2  0.28  4.00  3.57 326 1013.8  10.8  13.0   7.7 99.0 99.00
2016 11 16 23 50 124  4.6  5.6  0.26  4.00  3.53 332 1013.7  11.0  13.0   8.2 99.0 99.00
2016 11 17 00 50 128  4.4  5.4  0.23 99.00  3.47 999 1013.8  11.1  13.0   9.0 99.0 99.00
2016 11 17 01 50 122  6.1  7.3  0.23 99.00  2.94 999 1013.2  11.3  12.9   9.5 99.0 99.00
2016 11 17 02 50 126  7.0  8.0  0.32  2.86  2.74 124 1013.2  11.5  12.9   9.4 99.0 99.00
2016 11 17 03 50 133  8.1  9.3  0.48  2.94  2.98 114 1013.0  11.6  12.9  10.1 99.0 99.00
2016 11 17 04 50 134  8.1  9.7  0.61  3.45  3.27 117 1012.8  11.7  12.8  10.1 99.0 99.00
2016 11 17 05 50 138  8.3  9.7  0.71  4.00  3.47 131 1012.8  11.6  12.8  10.3 99.0 99.00
2016 11 17 06 50 147  9.3 11.0  0.91  4.17  3.65 128 1012.2  12.0  12.8  10.2 99.0 99.00
2016 11 17 07 50 150  9.4 11.3  0.94  4.55  3.75 129 1012.0  12.1  12.8   9.9 99.0 99.00
2016 11 17 08 50 156  9.1 11.3  1.04  4.35  3.92 130 1012.0  12.3  12.8   9.9 99.0 99.00
2016 11 17 09 50 152  9.9 11.5  1.08  4.76  3.87 133 1011.2  12.3  12.8   9.9 99.0 99.00
2016 11 17 10 50 151  9.7 12.2  1.10  4.55  3.96 136 1010.5  12.3  12.8   9.9 99.0 99.00
2016 11 17 11 50 148 10.8 12.6  1.20  5.00  4.10 134 1009.7  12.5  12.8   9.7 99.0 99.00
2016 11 17 12 50 152 11.3 13.5  1.25  5.00  4.06 146 1009.2  12.6  12.8   9.5 99.0 99.00
2016 11 17 13 50 154 11.6 14.2  1.42  5.00  4.23 138 1009.3  12.8  12.8   8.9 99.0 99.00
2016 11 17 14 50 159 11.7 13.6  1.53  5.26  4.42 139 1009.0  12.7  12.8   9.2 99.0 99.00
2016 11 17 15 50 157 11.5 15.2  1.57  5.56  4.52 149 1008.7  13.2  12.8   9.5 99.0 99.00
2016 11 17 16 50 157 12.1 14.9  1.74  5.26  4.64 150 1008.0  13.2  12.8   9.7 99.0 99.00
2016 11 17 17 50 154 10.3 12.6  1.78  5.88  4.78 156 1007.0  13.4  12.8  10.4 99.0 99.00
2016 11 17 18 50 161 10.2 11.9  1.58  5.56  4.74 149 1006.6  14.1  12.7  10.6 99.0 99.00
2016 11 17 19 50 156  9.2 10.4  1.51  5.56  4.68 157 1006.2  14.6  12.7  11.1 99.0 99.00
2016 11 17 20 50 155  9.6 11.2  1.21  5.26  4.45 163 1005.6  15.3  12.8  11.2 99.0 99.00
2016 11 17 21 50 159  7.6  8.9  1.08  5.56  4.23 158 1005.9  15.2  12.8  11.5 99.0 99.00
2016 11 17 22 50 159  8.7  9.7  0.99  5.00  4.16 154 1005.9  15.4  12.8  11.5 99.0 99.00
2016 11 17 23 50 172  8.7  9.7  0.91  4.76  3.90 143 1007.0  15.9  12.8  11.4 99.0 99.00
2016 11 18 00 50 166  9.7 11.3  0.93  4.76  3.87 149 1007.2  16.1  12.8  11.2 99.0 99.00
2016 11 18 01 50 160  9.3 10.9  1.03  4.76  3.97 170 1007.5  15.3  12.8  11.4 99.0 99.00
2016 11 18 02 50 165  8.9 10.0  0.99  4.55  3.90 161 1008.1  15.2  12.8  11.5 99.0 99.00
2016 11 18 03 50 162  8.6 10.1  0.85  4.35  3.69 157 1008.1  14.9  12.8  11.6 99.0 99.00
2016 11 18 04 50 169  9.4 10.9  0.96  4.35  3.86 157 1008.3  15.3  12.8  11.4 99.0 99.00
2016 11 18 05 50 174 10.1 12.1  1.07  4.55  3.88 156 1008.6  15.4  12.8  11.2 99.0 99.00
2016 11 18 06 50 174  8.9 10.4  1.12  4.55  3.92 159 1008.9  14.7  12.8  11.5 99.0 99.00
2016 11 18 07 50 173  9.0 10.5  1.06  4.55  3.95 161 1009.1  14.3  12.8  11.6 99.0 99.00
2016 11 18 08 50 175  9.1 10.7  0.96  4.55  3.84 150 1008.9  14.4  12.8  11.4 99.0 99.00
2016 11 18 09 50 172  8.9 10.4  1.02  4.55  3.86 153 1008.7  14.2  12.8  11.4 99.0 99.00
2016 11 18 10 50 174  8.8 10.0  0.91  4.55  3.82 159 1008.4  14.1  12.8  11.2 99.0 99.00
2016 11 18 11 50 174  8.8 10.4  1.02  4.55  3.93 155 1008.7  13.8  12.7  11.1 99.0 99.00
2016 11 18 12 50 174  8.8 10.3  0.91  5.00  3.94 147 1008.6  13.8  12.7  10.8 99.0 99.00
2016 11 18 13 50 173  8.7  9.9  0.84  4.55  3.84 153 1008.7  13.9  12.7  10.5 99.0 99.00
2016 11 18 14 50 171  9.7 11.3  1.11  4.55  4.07 160 1008.4  14.0  12.6  10.0 99.0 99.00
2016 11 18 15 50 168  9.2 10.9  1.09  4.55  4.13 156 1007.8  14.0  12.5  10.1 99.0 99.00
2016 11 18 16 50 164  9.1 10.7  1.11  4.76  4.19 154 1007.3  13.9  12.6  10.7 99.0 99.00
2016 11 18 17 50 163  9.5 11.3  1.21  5.00  4.19 158 1006.0  14.2  12.6  11.1 99.0 99.00
2016 11 18 18 50 166 10.1 11.8  1.14  5.26  4.10 156 1005.1  14.5  12.6  12.1 99.0 99.00
2016 11 18 19 50 165 10.4 12.2  1.06  5.26  4.11 163 1005.2  14.4  12.7  12.2 99.0 99.00
2016 11 18 20 50 171  9.1 10.6  1.24  5.00  4.18 153 1004.7  14.6  12.7  13.0 99.0 99.00
2016 11 18 21 50 174 10.7 12.6  1.22  4.76  4.19 163 1004.1  14.8  12.7  13.8 99.0 99.00
2016 11 18 22 50 168 11.1 13.8  1.30  5.00  4.22 167 1003.4  14.7  12.8  14.0 99.0 99.00
2016 11 18 23 50 227 12.7 16.8  1.36  5.26  4.18 156 1004.5  13.6  12.8   8.2 99.0 99.00
2016 11 19 00 50 233 14.5 18.6  1.57  5.26  4.18 152 1005.0  10.5  12.7   5.9 99.0 99.00
2016 11 19 01 50 222 16.0 19.6  2.18  5.26  4.65 175 1006.4   8.4  12.5   3.3 99.0 99.00
2016 11 19 02 50 230 14.9 18.0  2.68  6.67  5.30 185 1006.9   7.4  12.4   1.9 99.0 99.00
2016 11 19 03 50 218 14.5 17.4  2.50  6.67  5.28 189 1007.7   6.8  12.1   1.5 99.0 99.00
2016 11 19 04 50 230 13.7 16.9  2.40  6.67  5.15 182 1008.1   6.5  12.0   1.2 99.0 99.00
2016 11 19 05 50 236 14.4 17.5  2.07  6.25  4.86 189 1008.7   6.0  12.0   0.4 99.0 99.00
2016 11 19 06 50 242 14.6 18.3  2.22  6.67  5.12 180 1008.9   5.4  11.9   0.3 99.0 99.00
2016 11 19 07 50 243 14.1 17.3  2.44  6.25  5.26 193 1009.3   5.2  12.0  -0.3 99.0 99.00
2016 11 19 08 50 259 13.6 16.2  2.20  6.25  5.14 194 1009.7   4.5  12.0   0.7 99.0 99.00
2016 11 19 09 50 264 14.2 17.2  1.94  6.25  4.89 200 1010.3   3.8  12.1   0.4 99.0 99.00
2016 11 19 10 50 275 15.2 18.6  2.74  6.25  5.49 247 1010.5   3.5  12.1   0.2 99.0 99.00
2016 11 19 11 50 293 15.3 18.5  2.86  6.67  5.73 271 1011.2   3.2  12.1   0.9 99.0 99.00
2016 11 19 12 50 301 16.5 20.2  2.90  7.14  5.73 311 1012.1   2.7  12.0  -0.2 99.0 99.00
2016 11 19 13 50 299 17.2 21.5  3.06  7.69  6.05 318 1013.3   2.4  11.9  -0.6 99.0 99.00
2016 11 19 14 50 299 17.4 22.7  3.58  7.69  6.24 326 1014.5   2.0  11.9  -0.5 99.0 99.00
2016 11 19 15 50 294 16.9 20.9  3.36  7.69  6.20 329 1015.5   2.3  11.8   0.4 99.0 99.00
2016 11 19 16 50 296 16.9 20.6  3.56  7.69  6.35 357 1015.9   2.5  11.7  -1.4 99.0 99.00
2016 11 19 17 50 299 15.5 19.5  3.36  7.69  6.12 348 1016.2   3.3  11.7  -1.8 99.0 99.00
2016 11 19 18 50 298 15.2 19.4  3.48  7.69  6.37 354 1017.0   3.6  11.7  -1.9 99.0 99.00
2016 11 19 19 50 293 15.5 18.9  3.39  7.69  6.30 337 1017.8   3.3  11.6  -2.4 99.0 99.00
2016 11 19 20 50 305 14.3 17.5  3.19  7.69  6.13 353 1019.1   3.4  11.6  -2.3 99.0 99.00
2016 11 19 21 50 297 14.3 18.2  3.07  7.69  5.92 345 1020.0   3.5  11.5  -2.3 99.0 99.00
2016 11 19 22 50 303 13.8 17.4  3.16  8.33  5.97  15 1020.8   3.4  11.5  -2.3 99.0 99.00
2016 11 19 23 50 300 14.0 19.0  3.01  8.33  6.04  29 1021.6   3.1  11.5  -3.0 99.0 99.00
2016 11 20 00 50 314 13.4 17.4  2.87  8.33  5.97  38 1021.8   3.0  11.5  -3.4 99.0 99.00
2016 11 20 01 50 310 13.3 16.8  3.21  8.33  6.13  33 1022.1   2.8  11.4  -3.0 99.0 99.00
2016 11 20 02 50 329 14.3 17.5  3.25  8.33  6.35  47 1022.8   1.9  11.4  -3.9 99.0 99.00
2016 11 20 03 50 343 12.5 16.5  3.06  9.09  6.14  46 1023.3   1.2  11.4  -4.6 99.0 99.00
2016 11 20 04 50 331 11.8 14.6  2.90  9.09  6.16  50 1023.7   1.0  11.3  -4.2 99.0 99.00
2016 11 20 05 50 341 10.6 14.1  2.87  8.33  6.21  48 1023.8   0.7  11.3  -4.6 99.0 99.00
2016 11 20 06 50 330 11.0 13.5  2.78  9.09  6.07  47 1024.1   0.6  11.2  -4.0 99.0 99.00
2016 11 20 07 50 333 11.1 14.2  2.76  8.33  6.15  55 1024.3   0.2  11.2  -4.4 99.0 99.00
2016 11 20 08 50 340 10.4 13.6  2.80  8.33  6.10  54 1024.3   0.1  11.2  -4.1 99.0 99.00
2016 11 20 09 50 345 10.9 13.7  2.60  8.33  6.00  49 1024.2   0.2  11.1  -3.9 99.0 99.00
2016 11 20 10 50 344 11.2 14.9  2.52  9.09  6.01  52 1024.9   0.1  11.1  -4.4 99.0 99.00
2016 11 20 11 50 349 11.0 15.1  2.48  8.33  6.10  48 1024.8  -0.1  11.1  -4.2 99.0 99.00
2016 11 20 12 50 349 10.6 13.7  2.46  6.67  5.90  47 1025.4  -0.1  11.1  -4.6 99.0 99.00
2016 11 20 13 50 350 10.6 14.3  2.55  8.33  5.92  48 1025.8  -0.1  11.0  -4.5 99.0 99.00
2016 11 20 14 50 344 10.6 13.6  2.52  8.33  5.89  48 1026.2   0.1  11.0  -4.5 99.0 99.00
2016 11 20 15 50 359  9.5 13.0  2.35  8.33  5.72  52 1025.9  -0.1  11.0  -5.1 99.0 99.00
2016 11 20 16 50 350  9.6 12.5  2.21  8.33  5.60  50 1026.5   0.2  11.0  -4.6 99.0 99.00
2016 11 20 17 50 343  9.0 12.1  2.22  7.14  5.49  49 1026.0   0.3  11.0  -4.6 99.0 99.00
2016 11 20 18 50 345  9.9 12.2  2.03  7.69  5.47  50 1025.6   0.5  11.0  -4.4 99.0 99.00
2016 11 20 19 50 352  9.8 12.4  1.90  7.69  5.21  46 1025.3   0.8  11.0  -4.2 99.0 99.00
2016 11 20 20 50 354  9.1 11.4  1.97  7.69  5.28  48 1025.5   0.8  11.0  -4.4 99.0 99.00
2016 11 20 21 50 360  9.0 11.7  1.97  7.14  5.26  48 1025.8   1.0  10.9  -4.6 99.0 99.00
2016 11 20 22 50 347  7.7 10.7  1.82  6.67  5.30  50 1026.0   1.1  10.9  -5.0 99.0 99.00
2016 11 20 23 50 345  8.1 10.4  1.76  7.69  5.29  54 1026.0   1.1  10.8  -5.3 99.0 99.00
2016 11 21 00 50 350  7.3  9.8  1.74  7.69  5.39  51 1026.0   1.4  10.8  -5.8 99.0 99.00
2016 11 21 01 50 357  6.9  9.0  1.64  7.69  5.40  45 1025.3   1.7  10.7  -5.5 99.0 99.00
2016 11 21 02 50 355  6.6  8.9  1.49  7.69  5.23  43 1024.9   1.5  10.7  -5.8 99.0 99.00
2016 11 21 03 50   5  6.5  8.9  1.51  7.14  5.34  45 1024.9   1.7  10.7  -5.3 99.0 99.00
2016 11 21 04 50   7  5.9  7.4  1.44  7.69  5.21  49 1024.9   1.6  10.7  -5.4 99.0 99.00
2016 11 21 05 50 345  5.1  7.7  1.30  7.69  5.06  51 1025.0   1.6  10.7  -5.9 99.0 99.00
2016 11 21 06 50 346  5.2  8.2  1.22  6.67  5.09  45 1025.0   1.7  10.7  -5.8 99.0 99.00
2016 11 21 07 50 357  5.9  8.4  1.06  7.69  4.86  49 1025.2   1.8  10.7  -5.3 99.0 99.00
2016 11 21 08 50 342  6.4  7.8  1.03  6.67  4.53  43 1025.0   1.8  10.7  -4.9 99.0 99.00
2016 11 21 09 50 336  6.6  8.9  1.05  7.14  4.70  46 1025.1   1.9  10.6  -4.7 99.0 99.00
2016 11 21 10 50 338  7.1  9.1  1.10  7.14  4.55  45 1025.4   1.7  10.6  -4.2 99.0 99.00
2016 11 21 11 50 347  7.3  9.6  1.04  6.67  4.36  53 1025.6   1.6  10.6  -3.9 99.0 99.00
2016 11 21 12 50 330  6.9  9.1  1.11  6.67  4.40  43 1025.8   1.4  10.6  -3.9 99.0 99.00
2016 11 21 13 50 330  7.7  9.8  1.07  5.26  4.18  49 1026.3   1.3  10.6  -3.8 99.0 99.00
2016 11 21 14 50 349  7.7  9.3  1.04  5.56  4.08  43 1026.1   1.2  10.6  -4.1 99.0 99.00
2016 11 21 15 50 356  7.1  9.0  1.02  6.67  4.12  47 1026.6   1.2  10.6  -4.3 99.0 99.00
2016 11 21 16 50   7  6.4  8.0  0.98  5.00  4.14  47 1026.6   1.3  10.6  -3.7 99.0 99.00
2016 11 21 17 50 346  5.8  7.4  0.93  4.76  4.11  44 1026.2   1.3  10.6  -4.2 99.0 99.00
2016 11 21 18 50 349  5.8  7.6  0.96  6.25  4.38  43 1026.0   1.6  10.5  -3.6 99.0 99.00
2016 11 21 19 50 355  5.4  6.9  0.83  5.56  4.13  54 1025.6   1.6  10.5  -3.5 99.0 99.00
2016 11 21 20 50 352  6.1  7.7  0.92  6.25  4.36  49 1025.8   1.8  10.4  -3.3 99.0 99.00
2016 11 21 21 50 352  5.2  7.3  0.91  5.56  4.43  45 1025.9   1.9  10.4  -3.0 99.0 99.00
2016 11 21 22 50 355  6.2  7.5  0.88  5.56  4.28  42 1025.6   2.0  10.5  -3.2 99.0 99.00
2016 11 21 23 50  22  6.5  8.3  0.83  5.88  4.25  42 1025.6   2.2  10.6  -2.8 99.0 99.00
2016 11 22 00 50 359  6.1  7.7  0.86  5.88  4.11  39 1025.7   2.4  10.5  -2.8 99.0 99.00
2016 11 22 02 50  10  5.2  7.2  0.76  5.00  4.04  57 1026.5   3.0  10.6  -2.8 99.0 99.00
2016 11 22 03 50  16  5.9  7.7  0.74  4.76  3.92  44 1026.0   3.2  10.6  -2.6 99.0 99.00
2016 11 22 04 50  18  5.1  6.9  0.72  5.88  3.89  42 1026.0   3.5  10.6  -2.1 99.0 99.00
2016 11 22 05 50  30  4.9  7.1  0.64  5.88  3.80  38 1025.9   3.7  10.6  -1.8 99.0 99.00
2016 11 22 06 50 347  2.6  4.1  0.65  5.88  3.90  42 1026.3   3.7  10.6  -2.4 99.0 99.00
2016 11 22 07 50 348  1.2  2.7  0.60  5.88  3.83  43 1026.5   3.8  10.6  -2.7 99.0 99.00
2016 11 22 08 50  53  2.5  3.8  0.58  5.26  4.05  49 1026.6   4.2  10.6  -2.1 99.0 99.00
2016 11 22 09 50  38  2.8  4.1  0.59  5.26  3.96  33 1026.3   4.1  10.6  -2.5 99.0 99.00
2016 11 22 10 50  58  2.5  3.9  0.52  4.76  4.02  41 1026.3   4.3  10.6  -2.3 99.0 99.00
2016 11 22 11 50  46  1.5  2.9  0.52  5.88  4.11  36 1026.7   4.4  10.6  -1.2 99.0 99.00
2016 11 22 12 50  94  2.0  2.9  0.49  5.00  3.97  28 1026.9   4.5  10.6  -1.3 99.0 99.00
2016 11 22 13 50  98  2.4  4.1  0.48  4.76  4.09  20 1027.3   4.6  10.6  -1.1 99.0 99.00
2016 11 22 14 50 113  5.8  7.3  0.48  5.56  3.42 355 1027.3   3.7  10.6   0.0 99.0 99.00
2016 11 22 15 50 112  4.3  5.4  0.51  5.26  3.42 348 1027.9   3.9  10.6  -0.3 99.0 99.00
2016 11 22 16 50 112  4.0  5.5  0.42  5.56  3.36 349 1027.7   3.8  10.6  -0.9 99.0 99.00
2016 11 22 17 50 127  5.3  7.5  0.43  5.56  3.45 347 1027.1   3.7  10.6  -0.3 99.0 99.00
2016 11 22 18 50 128  4.7  6.4  0.43  3.23  3.27  82 1026.2   3.4  10.6  -0.6 99.0 99.00
2016 11 22 19 50 106  5.1  6.9  0.42  3.23  3.28 106 1025.6   3.9  10.6  -0.5 99.0 99.00
2016 11 22 20 50  92  5.8  7.2  0.42  5.26  3.33   2 1025.3   4.1  10.6  -0.6 99.0 99.00
2016 11 22 21 50  99  5.4  7.3  0.46  3.03  3.29 111 1025.3   4.2  10.6  -1.3 99.0 99.00
2016 11 22 22 50 116  5.6  7.2  0.44  3.23  3.23  97 1025.4   4.8  10.6  -1.5 99.0 99.00
2016 11 22 23 50 120  6.2  7.6  0.46  3.13  3.20  90 1025.4   5.1  10.6  -2.0 99.0 99.00
2016 11 23 00 50 115  6.9  9.1  0.47  3.33  3.23 120 1024.3   5.4  10.6  -0.4 99.0 99.00
2016 11 23 01 50 119  8.0  9.5  0.58  3.45  3.18 119 1023.9   5.4  10.6  -0.5 99.0 99.00
2016 11 23 02 50 122  8.2  9.7  0.77  3.70  3.46 113 1023.9   5.4  10.6  -0.8 99.0 99.00
2016 11 23 03 50 124  9.4 11.6  0.85  4.35  3.61 127 1023.4   5.6  10.6  -1.0 99.0 99.00
2016 11 23 04 50 131  8.9 10.3  1.00  4.55  3.82 123 1023.1   5.7  10.6  -0.5 99.0 99.00
2016 11 23 05 50 138  9.2 10.8  1.08  4.76  3.99 127 1022.3   6.0  10.6   1.5 99.0 99.00
2016 11 23 06 50 135  9.1 10.5  1.19  4.55  4.03 121 1021.8   6.1  10.6   0.8 99.0 99.00
2016 11 23 07 50 139  8.7 10.0  1.19  5.00  4.07 134 1021.7   6.3  10.6   0.8 99.0 99.00
2016 11 23 08 50 148  8.9 10.7  1.11  5.00  3.96 138 1021.0   6.8  10.6   1.4 99.0 99.00
2016 11 23 09 50 140  9.5 11.4  1.14  5.00  4.10 143 1020.3   6.2  10.6   2.4 99.0 99.00
2016 11 23 10 50 131  9.4 11.3  1.10  4.76  4.12 145 1019.7   5.9  10.6   3.1 99.0 99.00
2016 11 23 11 50 131  9.7 11.8  1.17  5.56  4.15 150 1019.1   6.0  10.6   3.4 99.0 99.00
2016 11 23 12 50 128 11.5 13.3  1.22  5.26  4.07 150 1018.0   6.2  10.6   4.2 99.0 99.00
2016 11 23 13 50 133 12.6 14.9  1.53  5.26  4.37 144 1017.5   6.0  10.6   4.7 99.0 99.00
2016 11 23 14 50 132 11.5 13.6  1.72  5.56  4.72 152 1017.5   6.0  10.7   4.7 99.0 99.00
2016 11 23 15 50 131 11.2 13.6  1.70  5.88  4.74 142 1017.3   6.2  10.7   5.1 99.0 99.00
2016 11 23 16 50 133 11.9 14.3  1.72  5.88  4.87 137 1015.6   6.6  10.7   5.9 99.0 99.00
2016 11 23 17 50 133 11.5 14.6  1.99  6.25  4.98 135 1014.9   6.9  10.7   6.1 99.0 99.00
2016 11 23 18 50 136 10.7 13.5  1.83  5.88  4.89 134 1014.0   7.0  10.7   6.4 99.0 99.00
2016 11 23 19 50 136 10.0 11.9  1.74  5.88  4.82 139 1013.5   6.9  10.7   6.5 99.0 99.00
2016 11 23 20 50 143  9.9 11.5  1.62  5.88  4.67 143 1013.3   7.3  10.7   6.4 99.0 99.00
2016 11 23 21 50 147  9.2 11.1  1.39  5.56  4.45 141 1012.9   7.6  10.7   6.9 99.0 99.00
2016 11 23 22 50 153  9.2 11.0  1.28  5.26  4.35 135 1013.0   7.8  10.7   6.9 99.0 99.00
2016 11 23 23 50 162  9.1 10.4  1.25  5.26  4.31 136 1013.0   8.0  10.7   6.8 99.0 99.00
2016 11 24 00 50 171  9.2 10.7  1.27  5.26  4.24 128 1012.8   8.1  10.7   6.8 99.0 99.00
2016 11 24 01 50 181  7.9  9.3  1.22  5.26  4.20 136 1012.7   8.0  10.7   7.3 99.0 99.00
2016 11 24 02 50 217  6.7  7.8  1.12  5.26  4.07 136 1012.8   7.8  10.7   7.6 99.0 99.00
2016 11 24 03 50 238  6.7  7.5  0.88  5.00  3.91 130 1012.6   7.7  10.7   7.0 99.0 99.00
2016 11 24 04 50 259  6.3  7.4  0.77  4.55  3.66 137 1012.8   7.7  10.7   6.8 99.0 99.00
2016 11 24 05 50 272  7.6  8.8  0.72  4.76  3.66 151 1013.0   7.9  10.6   6.5 99.0 99.00
2016 11 24 06 50 288  8.0  9.2  0.68  4.55  3.35 166 1013.3   7.8  10.6   5.9 99.0 99.00
2016 11 24 07 50 286  8.5 10.1  0.78  3.45  3.40 260 1014.1   7.5  10.6   5.5 99.0 99.00
2016 11 24 08 50 279  9.1 10.6  0.90  4.17  3.59 258 1015.0   7.1  10.6   4.9 99.0 99.00
2016 11 24 09 50 276  9.1 10.7  1.01  4.35  3.76 269 1015.4   6.8  10.6   4.8 99.0 99.00
2016 11 24 10 50 275  9.6 11.4  1.12  4.76  3.89 273 1016.5   6.1  10.6   4.3 99.0 99.00
2016 11 24 11 50 274  9.7 12.1  1.14  5.00  4.00 274 1017.3   5.6  10.5   3.8 99.0 99.00
2016 11 24 12 50 277  9.2 11.1  1.19  5.26  4.10 281 1018.2   5.4  10.5   3.3 99.0 99.00
2016 11 24 13 50 276  8.9 10.7  1.31  5.26  4.27 275 1019.0   5.4  10.5   3.3 99.0 99.00
2016 11 24 14 50 274  8.4 10.2  1.21  4.76  4.24 265 1019.5   5.6  10.5   3.8 99.0 99.00
2016 11 24 15 50 293  7.7  9.1  1.19  5.00  4.25 298 1019.9   5.6  10.5   3.8 99.0 99.00
2016 11 24 16 50 283  6.4  7.6  1.19  5.00  4.33 312 1020.0   5.5  10.5   4.0 99.0 99.00
2016 11 24 17 50 282  6.4  8.0  1.07  5.00  4.26 303 1020.5   5.6  10.5   3.9 99.0 99.00
2016 11 24 18 50 265  5.2  6.8  0.98  5.00  4.25 303 1020.6   5.5  10.5   3.5 99.0 99.00
2016 11 24 19 50 258  4.8  5.9  0.92  5.26  4.16 314 1020.6   5.6  10.5   3.3 99.0 99.00
2016 11 24 20 50 263  4.6  5.6  0.88  4.76  4.14 306 1021.1   5.7  10.5   3.3 99.0 99.00
2016 11 24 21 50 254  4.4  5.3  0.65  5.00  3.79 301 1021.6   5.6  10.5   3.2 99.0 99.00
2016 11 24 22 50 238  5.7  7.1  0.62  4.35  3.60 294 1022.0   5.6  10.5   3.5 99.0 99.00
2016 11 24 23 50 241  6.4  7.3  0.64  4.55  3.45 301 1022.1   5.7  10.5   3.3 99.0 99.00
2016 11 25 00 50 250  6.1  7.8  0.60  4.35  3.35 304 1022.2   5.4  10.5   3.2 99.0 99.00
2016 11 25 01 50 248  6.9  8.6  0.58  3.23  3.36 219 1022.5   5.3  10.5   3.1 99.0 99.00
2016 11 25 02 50 253  7.0  8.3  0.66  3.57  3.34 225 1022.7   4.7  10.4   3.1 99.0 99.00
2016 11 25 03 50 236  5.3  6.5  0.58  3.45  3.28 236 1022.4   4.6  10.4   2.7 99.0 99.00
2016 11 25 04 50 235  6.6  8.6  0.56  3.57  3.37 224 1023.0   4.7  10.4   2.0 99.0 99.00
2016 11 25 05 50 244  5.5  8.2  0.58  3.70  3.35 240 1023.2   4.4  10.4   1.6 99.0 99.00
2016 11 25 06 50 239  7.4 11.1  0.64  3.85  3.35 239 1023.2   4.0  10.4   1.7 99.0 99.00
2016 11 25 07 50 277  7.1  8.8  0.64  3.57  3.38 227 1023.8   3.9  10.4   1.1 99.0 99.00
2016 11 25 08 50 279  5.8  8.2  0.66  3.70  3.46 282 1023.8   3.7  10.4   1.4 99.0 99.00
2016 11 25 09 50 306  6.0  8.3  0.73  4.35  3.67 263 1023.7   3.7  10.4   1.3 99.0 99.00
2016 11 25 10 50 312  4.8  8.7  0.85  4.17  3.77 290 1024.0   3.6  10.4   1.5 99.0 99.00
2016 11 25 11 50 305  4.4  6.2  0.71  4.00  3.61 315 1024.5   3.7  10.4   0.4 99.0 99.00
2016 11 25 12 50 276  4.9  8.1  0.71  3.85  3.73 269 1025.0   3.6  10.4   0.9 99.0 99.00
2016 11 25 13 50 284  3.5  5.9  0.62  3.85  3.61 299 1025.3   3.7  10.4   0.7 99.0 99.00
2016 11 25 14 50 239  4.1  5.9  0.59  4.00  3.57 292 1025.2   3.7  10.4   0.2 99.0 99.00
2016 11 25 15 50 254  3.5  5.7  0.53  4.00  3.49 288 1025.4   3.9  10.4   0.2 99.0 99.00
2016 11 25 16 50 258  6.3  8.2  0.48  4.17  3.31 302 1025.2   4.1  10.4   0.2 99.0 99.00
2016 11 25 18 50 262  7.4  9.4  0.58  3.23  3.21 252 1023.9   5.1  10.4   1.6 99.0 99.00
2016 11 25 19 50 271  8.4 10.0  0.73  3.70  3.31 261 1023.7   5.5  10.4   1.4 99.0 99.00
2016 11 25 20 50 268  8.6 10.1  0.77  3.70  3.46 247 1023.9   5.5  10.4   1.9 99.0 99.00
2016 11 25 21 50 267  8.9 10.7  0.92  3.85  3.61 239 1024.2   5.6  10.4   2.0 99.0 99.00
2016 11 25 22 50 268 10.0 11.8  1.14  4.35  3.87 239 1024.2   5.7  10.4   1.9 99.0 99.00
2016 11 25 23 50 276  9.9 11.9  1.13  4.76  3.97 258 1024.6   5.7  10.4   2.4 99.0 99.00
2016 11 26 00 50 287  9.3 11.7  1.09  4.76  3.97 265 1024.8   5.8  10.4   2.1 99.0 99.00
2016 11 26 01 50 293  9.1 11.3  1.24  4.76  4.10 282 1025.0   5.9  10.4   2.0 99.0 99.00
2016 11 26 02 50 301  9.2 11.5  1.31  4.76  4.24 324 1025.1   5.8  10.3   0.2 99.0 99.00
2016 11 26 03 50 291  9.2 11.3  1.14  5.00  4.23 300 1025.2   6.0  10.3  -0.6 99.0 99.00
2016 11 26 04 50 298  9.3 11.2  1.24  5.00  4.29 333 1025.6   5.6  10.4   0.2 99.0 99.00
2016 11 26 05 50 313  8.3 10.6  1.17  5.26  4.22   2 1025.3   5.2  10.4   0.4 99.0 99.00
2016 11 26 06 50 309  8.5 10.3  1.17  5.26  4.23   1 1025.6   5.0  10.3   0.2 99.0 99.00
2016 11 26 07 50 305  8.4 10.0  1.15  4.76  4.14 344 1026.1   4.8  10.3  -0.3 99.0 99.00
2016 11 26 08 50 298  8.2 10.4  1.19  5.26  4.30 344 1026.5   4.7  10.3  -0.1 99.0 99.00
2016 11 26 09 50 302  7.3  9.4  1.03  5.00  4.02 350 1026.5   4.6  10.3  -0.2 99.0 99.00
2016 11 26 10 50 287  6.7  8.9  0.97  4.55  3.98 338 1026.6   4.4  10.3  -0.5 99.0 99.00
2016 11 26 11 50 281  5.2  7.5  0.85  4.76  3.94 338 1026.9   4.0  10.3  -1.4 99.0 99.00
2016 11 26 12 50 261  4.9  6.4  0.84  4.76  4.01 312 1026.8   4.2  10.3  -0.6 99.0 99.00
2016 11 26 13 50 271  5.3  8.1  0.72  5.56  3.83 314 1026.9   4.4  10.3  -0.6 99.0 99.00
2016 11 26 14 50 286  5.2  6.6  0.67  5.00  3.73 346 1026.6   4.9  10.3   0.4 99.0 99.00
2016 11 26 15 50 249  5.4  6.7  0.61  5.56  3.63 330 1026.5   4.9  10.3   0.5 99.0 99.00
2016 11 26 16 50 246  4.7  7.2  0.55  5.88  3.60 347 1026.1   5.3  10.3   0.9 99.0 99.00
2016 11 26 17 50 239  5.1  6.8  0.57  3.33  3.56 249 1025.3   5.5  10.3   0.8 99.0 99.00
2016 11 26 18 50 219  5.3  6.7  0.52  3.33  3.41 232 1024.6   5.8  10.3   1.2 99.0 99.00
2016 11 26 19 50 207  6.4  8.2  0.54  3.45  3.38 208 1024.0   6.2  10.4   2.0 99.0 99.00
2016 11 26 20 50 189  7.2  8.8  0.56  3.33  3.35 199 1023.5   6.5  10.4   2.6 99.0 99.00
2016 11 26 21 50 183  7.3  9.2  0.62  3.45  3.36 190 1022.7   7.2  10.4   3.3 99.0 99.00
2016 11 26 22 50 183  8.3 10.0  0.67  3.85  3.39 191 1021.7   7.6  10.4   3.5 99.0 99.00
2016 11 26 23 50 173  8.7 10.9  0.72  3.85  3.38 177 1021.3   7.5  10.4   4.3 99.0 99.00
2016 11 27 00 50 175  9.7 11.9  0.94  4.00  3.68 173 1020.7   7.7  10.4   4.9 99.0 99.00
2016 11 27 01 50 180 10.1 11.7  1.12  4.55  3.89 155 1020.7   7.8  10.4   5.5 99.0 99.00
2016 11 27 02 50 190 10.4 12.0  1.07  5.00  4.00 153 1020.4   8.1  10.4   4.9 99.0 99.00
2016 11 27 03 50 198 10.4 12.3  1.20  5.26  4.11 154 1020.1   8.0  10.4   4.5 99.0 99.00
2016 11 27 04 50 206  9.8 11.7  1.29  5.26  4.21 155 1020.3   8.0  10.4   4.6 99.0 99.00
2016 11 27 05 50 198  8.8 10.6  1.28  5.26  4.31 163 1020.0   7.7  10.4   4.2 99.0 99.00
2016 11 27 06 50 191  7.9  9.5  1.12  5.00  4.17 157 1019.7   7.3  10.4   4.5 99.0 99.00
2016 11 27 07 50 189  7.4  8.7  1.05  5.26  4.08 164 1019.4   6.9  10.3   4.5 99.0 99.00
2016 11 27 08 50 191  6.8  8.3  1.08  5.26  4.19 156 1018.9   6.8  10.3   4.5 99.0 99.00
2016 11 27 09 50 187  6.5  7.7  1.04  5.26  4.31 147 1018.2   6.8  10.3   4.5 99.0 99.00
2016 11 27 10 50 190  7.0  8.3  1.01  5.26  4.13 150 1017.7   6.8  10.3   4.6 99.0 99.00
2016 11 27 11 50 184  5.8  7.3  0.87  5.26  3.98 150 1017.6   6.6  10.3   4.6 99.0 99.00
2016 11 27 12 50 178  6.1  8.6  0.85  5.00  4.11 155 1017.8   6.4  10.2   4.5 99.0 99.00
2016 11 27 13 50 174  5.5  7.2  0.85  5.26  4.08 150 1018.0   6.4  10.2   4.3 99.0 99.00
2016 11 27 14 50 158  5.5  8.0  0.79  5.00  4.04 164 1017.4   6.1  10.2   4.0 99.0 99.00
2016 11 27 15 50 157  6.7  9.0  0.81  5.00  3.98 162 1017.7   5.9  10.2   4.1 99.0 99.00
2016 11 27 16 50 155  7.5  9.2  0.79  4.55  3.71 164 1016.7   6.0  10.2   4.3 99.0 99.00
2016 11 27 17 50 157  8.8 10.7  0.74  4.55  3.58 169 1015.7   6.3  10.2   4.9 99.0 99.00
2016 11 27 18 50 154  9.1 10.7  0.88  3.70  3.57 153 1015.0   5.7  10.2   4.9 99.0 99.00
2016 11 27 19 50 158  9.3 11.4  1.02  4.55  3.79 162 1014.4   5.8  10.2   4.8 99.0 99.00
2016 11 27 20 50 154  9.7 11.4  1.07  4.35  3.90 163 1014.1   5.7  10.3   4.9 99.0 99.00
2016 11 27 21 50 152  9.6 11.3  1.07  4.76  3.98 169 1013.1   6.1  10.3   5.4 99.0 99.00
2016 11 27 22 50 153  9.2 11.1  1.10  4.76  4.03 156 1013.2   6.7  10.3   5.7 99.0 99.00
2016 11 27 23 50 145 10.0 11.6  1.21  4.76  4.20 164 1012.4   6.9  10.3   5.1 99.0 99.00
2016 11 28 00 50 141 10.6 12.3  1.18  5.00  4.10 167 1011.6   7.4  10.2   5.3 99.0 99.00
2016 11 28 01 50 141 10.5 12.6  1.26  5.26  4.18 166 1010.6   8.0  10.2   6.0 99.0 99.00
2016 11 28 02 50 147 12.0 14.2  1.33  5.26  4.28 159 1009.4   8.7  10.2   4.2 99.0 99.00
2016 11 28 03 50 153 11.6 14.0  1.40  5.26  4.43 149 1008.5   8.7  10.2   4.2 99.0 99.00
2016 11 28 04 50 152 12.7 15.4  1.50  5.26  4.55 148 1007.1   8.7  10.2   3.3 99.0 99.00
2016 11 28 05 50 148 12.6 15.3  1.69  5.88  4.74 158 1005.8   8.6  10.1   3.3 99.0 99.00
2016 11 28 06 50 150 12.7 15.7  2.21  6.25  5.17 155 1004.7   8.5  10.1   3.6 99.0 99.00
2016 11 28 07 50 167 13.0 15.4  2.23  6.67  5.20 156 1005.3   8.2  10.1   3.4 99.0 99.00
2016 11 28 08 50 166 13.3 16.7  2.20  6.25  5.24 161 1004.8   7.9  10.1   4.0 99.0 99.00
2016 11 28 09 50 163 12.7 15.1  2.14  6.67  5.22 157 1003.8   7.2  10.1   5.5 99.0 99.00
2016 11 28 10 50 165 13.6 17.0  2.25  6.67  5.23 159 1002.9   7.4  10.1   6.3 99.0 99.00
2016 11 28 11 50 167 13.5 16.8  2.48  6.67  5.35 156 1002.8   7.6  10.1   5.9 99.0 99.00
2016 11 28 12 50 165 13.6 16.7  2.42  6.67  5.36 157 1001.9   7.9  10.0   6.4 99.0 99.00
2016 11 28 13 50 166 14.3 18.0  2.35  7.14  5.40 160 1001.3   8.3   9.9   6.4 99.0 99.00
2016 11 28 14 50 161 14.2 17.4  2.40  6.67  5.31 160 1000.9   8.1   9.9   6.7 99.0 99.00
2016 11 28 15 50 163 12.8 16.0  2.41  6.67  5.38 163 1001.1   8.4   9.9   7.2 99.0 99.00
2016 11 28 16 50 160 13.3 17.1  2.12  6.67  5.37 158  999.8   8.6   9.9   7.0 99.0 99.00
2016 11 28 18 50 153 13.0 16.2  2.19  6.25  5.33 163  997.2   9.2   9.9   7.9 99.0 99.00
2016 11 28 19 50 149 11.3 14.6  2.08  6.67  5.17 162  996.2   9.0   9.8   8.9 99.0 99.00
2016 11 28 20 50 151 12.0 15.0  2.03  6.25  5.18 152  995.0   9.4   9.8   8.8 99.0 99.00
2016 11 28 21 50 145 12.5 14.9  2.08  6.25  5.27 160  993.8   9.7   9.8   8.9 99.0 99.00
2016 11 28 22 50 142 12.6 17.2  2.01  6.25  5.06 168  992.2   9.7   9.8   9.4 99.0 99.00
2016 11 28 23 50 136 13.3 16.1  2.01  5.88  5.00 158  991.7   9.6   9.8   9.3 99.0 99.00
2016 11 29 00 50 136 11.6 14.6  2.03  5.88  5.09 160  989.9   9.7   9.8   9.7 99.0 99.00
2016 11 29 01 50 137 10.0 12.1  1.79  5.88  4.81 153  988.5  10.0   9.8  10.0 99.0 99.00
2016 11 29 02 50 146 10.7 12.9  1.69  6.25  4.68 156  987.1  10.4   9.8  10.4 99.0 99.00
2016 11 29 03 50 156 10.1 11.8  1.75  5.88  4.70 143  986.6  10.4   9.8  10.4 99.0 99.00
2016 11 29 04 50 177 12.5 15.1  1.59  5.88  4.61 130  987.1  10.5   9.8  10.5 99.0 99.00
2016 11 29 05 50 189 10.8 13.1  1.66  5.88  4.55 145  987.7  10.4   9.8   9.1 99.0 99.00
2016 11 29 06 50 177 11.3 13.9  1.46  5.56  4.48 144  988.8  10.2   9.8   9.5 99.0 99.00
2016 11 29 07 50 202 11.4 13.2  1.43  5.56  4.41 140  990.8  10.6   9.8   8.9 99.0 99.00
2016 11 29 08 50 206 11.4 13.5  1.44  5.56  4.40 138  992.1  10.1   9.8   7.5 99.0 99.00
2016 11 29 09 50 197 10.4 12.6  1.47  5.88  4.35 131  992.8   9.8   9.8   7.4 99.0 99.00
2016 11 29 10 50 189  8.7 10.3  1.56  6.25  4.64 142  992.7   9.5   9.8   6.8 99.0 99.00
2016 11 29 11 50 183 10.9 13.5  1.34  5.88  4.39 155  995.0   9.7   9.8   7.2 99.0 99.00
2016 11 29 12 50 180 11.3 13.6  1.36  5.56  4.26 157  996.2   9.6   9.8   6.9 99.0 99.00
2016 11 29 13 50 180 11.7 14.0  1.42  5.26  4.37 154  996.9   9.3   9.7   6.6 99.0 99.00
2016 11 29 14 50 183 12.6 15.2  1.47  5.56  4.49 158  997.9   9.1   9.7   6.8 99.0 99.00
2016 11 29 15 50 184 11.3 14.0  1.70  5.88  4.69 155  998.7   9.1   9.7   6.9 99.0 99.00
2016 11 29 16 50 184 11.2 13.8  1.68  5.88  4.87 155  998.8   9.2   9.7   6.7 99.0 99.00
2016 11 29 17 50 184  9.6 12.1  1.50  5.88  4.61 155  999.1   9.5   9.7   7.0 99.0 99.00
2016 11 29 18 50 178  8.4 10.3  1.40  5.88  4.52 152  999.3   9.7   9.7   7.2 99.0 99.00
2016 11 29 19 50 177  7.3  8.5  1.16  5.26  4.31 158  999.4  10.1   9.7   7.6 99.0 99.00
2016 11 29 20 50 172  6.3  7.4  1.05  5.56  4.09 157  999.6  10.6   9.7   7.5 99.0 99.00
2016 11 29 21 50 159  6.3  7.5  0.80  5.26  3.81 163  999.7  10.8   9.8   7.8 99.0 99.00
2016 11 29 22 50 150  6.2  7.4  0.71  4.76  3.64 169  999.8  10.8   9.8   8.2 99.0 99.00
2016 11 29 23 50 160  9.4 11.5  0.63  3.85  3.46 165  999.9  11.2   9.8   8.1 99.0 99.00
2016 11 30 00 50 152  7.3  8.6  0.70  3.70  3.31 166 1000.3  11.0   9.8   8.1 99.0 99.00
2016 11 30 01 50 153  8.2 10.2  0.56  3.57  3.21 156 1000.2  10.9   9.8   8.6 99.0 99.00
2016 11 30 02 50 161  7.5  8.7  0.64  3.85  3.36 165 1000.3  10.8   9.8   8.4 99.0 99.00
2016 11 30 03 50 176  7.5  9.4  0.61  3.45  3.33 151 1000.3  10.6   9.8   8.5 99.0 99.00
2016 11 30 04 50 177  6.8  8.1  0.64  4.00  3.44 147 1000.7  10.2   9.8   9.0 99.0 99.00
2016 11 30 05 50 183  7.7  9.1  0.66  4.00  3.29 147 1000.9   9.9   9.8   9.2 99.0 99.00
2016 11 30 06 50 207  6.0  7.0  0.66  3.85  3.45 139 1000.9   9.6   9.8   9.0 99.0 99.00
2016 11 30 07 50 255  5.7  6.6  0.59  4.00  3.48 126 1001.1   9.1   9.8   7.1 99.0 99.00
2016 11 30 08 50 276  5.4  6.4  0.57  4.35  3.57 157 1001.5   8.6   9.7   4.9 99.0 99.00
2016 11 30 09 50 254  5.5  6.5  0.50  4.00  3.34 143 1001.1   7.9   9.7   4.7 99.0 99.00
2016 11 30 10 50 240  5.3  6.2  0.52  4.17  3.28 139 1001.0   7.4   9.7   4.0 99.0 99.00
2016 11 30 11 50 237  5.8  6.9  0.46  4.35  3.20 139 1001.3   7.3   9.6   0.7 99.0 99.00
2016 11 30 12 50 232  7.1  8.5  0.47  3.23  3.18 193 1001.3   6.5   9.6   1.3 99.0 99.00
2016 11 30 13 50 232  7.1  8.1  0.57  3.33  3.24 188 1001.3   6.1   9.6   0.7 99.0 99.00
2016 11 30 14 50 227  7.9  9.3  0.58  3.57  3.20 184 1001.3   6.0   9.7   0.0 99.0 99.00
2016 11 30 15 50 229  7.7  9.0  0.70  3.57  3.44 191 1001.3   5.6   9.7   0.7 99.0 99.00
2016 11 30 16 50 223  7.8  9.8  0.70  3.85  3.41 192 1001.1   5.3   9.7   0.5 99.0 99.00
2016 11 30 17 50 220  7.5  9.3  0.70  4.00  3.45 194 1000.6   5.2   9.8   0.6 99.0 99.00
2016 11 30 18 50 218  8.3 10.2  0.77  4.35  3.50 184 1000.3   4.9   9.8   0.3 99.0 99.00
2016 11 30 19 50 223  7.9 10.1  0.69  3.85  3.45 183 1000.1   5.0   9.7   0.6 99.0 99.00
2016 11 30 20 50 236  8.2 10.0  0.76  4.00  3.44 181 1000.7   4.6   9.6   0.7 99.0 99.00
2016 11 30 21 50 232  8.7 10.6  0.90  4.17  3.55 174 1001.2   4.2   9.6   0.6 99.0 99.00
2016 11 30 22 50 226 10.5 12.5  1.16  4.76  3.96 184 1001.8   4.0   9.5   1.2 99.0 99.00
2016 11 30 23 50 239 10.0 13.2  1.20  5.00  4.13 180 1002.2   4.5   9.5   0.8 99.0 99.00
2016 12 01 00 50 230  9.9 12.2  1.21  4.55  4.12 187 1002.6   4.8   9.5   0.4 99.0 99.00
2016 12 01 01 50 226 11.1 12.5  1.27  5.26  4.17 173 1002.4   4.7   9.5   0.9 99.0 99.00
2016 12 01 02 50 224 11.7 13.9  1.39  5.00  4.30 180 1002.1   4.6   9.5   1.3 99.0 99.00
2016 12 01 03 50 226 11.4 14.0  1.40  5.26  4.35 181 1002.2   4.5   9.5   1.3 99.0 99.00
2016 12 01 04 50 228 11.8 14.4  1.53  5.56  4.54 167 1002.2   4.4   9.5   1.3 99.0 99.00
2016 12 01 05 50 229 12.2 14.4  1.63  5.88  4.60 166 1002.2   4.5   9.5   0.9 99.0 99.00
2016 12 01 06 50 234 11.7 15.0  1.59  5.88  4.62 166 1002.5   4.3   9.6   0.5 99.0 99.00
2016 12 01 07 50 236 11.1 13.1  1.56  5.88  4.67 172 1003.0   4.4   9.6   0.1 99.0 99.00
2016 12 01 08 50 235 11.3 13.3  1.62  5.56  4.64 167 1003.0   4.0   9.6   1.9 99.0 99.00
2016 12 01 09 50 241 11.1 13.3  1.49  5.26  4.45 175 1003.2   4.1   9.5   2.1 99.0 99.00
2016 12 01 10 50 254 11.9 13.7  1.42  5.56  4.35 176 1003.6   4.5   9.5   1.8 99.0 99.00
2016 12 01 11 50 258 11.6 13.6  1.52  5.56  4.43 172 1004.3   4.8   9.5   2.1 99.0 99.00
2016 12 01 12 50 259 10.7 12.8  1.51  5.56  4.36 167 1004.9   4.9   9.5   2.3 99.0 99.00
2016 12 01 13 50 265 10.9 12.8  1.40  5.26  4.37 187 1005.6   5.1   9.5   2.7 99.0 99.00
2016 12 01 14 50 268 10.6 12.9  1.46  4.76  4.31 230 1006.2   5.2   9.5   2.6 99.0 99.00
2016 12 01 15 50 274 10.7 13.0  1.34  5.26  4.25 204 1007.1   5.3   9.5   2.6 99.0 99.00
2016 12 01 16 50 269 10.4 12.7  1.46  5.00  4.32 241 1007.4   5.6   9.5   2.3 99.0 99.00
2016 12 01 18 50 272 10.6 12.9  1.41  4.55  4.19 246 1008.2   5.9   9.5   2.4 99.0 99.00
2016 12 01 19 50 267 10.0 12.0  1.48  5.00  4.30 244 1008.7   6.1   9.5   2.1 99.0 99.00
2016 12 01 20 50 269 10.1 12.2  1.40  5.00  4.34 239 1009.4   6.3   9.5   2.5 99.0 99.00
2016 12 01 21 50 266 10.9 13.7  1.57  5.26  4.49 232 1010.1   6.1   9.5   2.7 99.0 99.00
2016 12 01 22 50 258  9.7 11.7  1.45  5.26  4.42 227 1010.8   6.1   9.5   2.5 99.0 99.00
2016 12 01 23 50 252 10.6 12.4  1.32  5.26  4.38 216 1011.3   6.0   9.5   2.8 99.0 99.00
2016 12 02 00 50 256 11.0 13.4  1.50  5.00  4.47 212 1011.9   5.8   9.5   2.3 99.0 99.00
2016 12 02 01 50 266 10.4 12.2  1.35  5.26  4.35 203 1012.3   5.8   9.5   2.4 99.0 99.00
2016 12 02 02 50 274 10.0 12.4  1.40  5.00  4.25 229 1012.8   5.8   9.5   2.2 99.0 99.00
2016 12 02 03 50 269  8.5 11.4  1.32  4.55  4.18 239 1013.2   5.6   9.4   1.6 99.0 99.00
2016 12 02 04 50 257  9.9 12.1  1.20  4.76  4.05 229 1013.6   5.3   9.4   2.3 99.0 99.00
2016 12 02 05 50 269  9.7 11.8  1.18  4.55  4.06 231 1013.9   5.1   9.4   2.1 99.0 99.00
2016 12 02 06 50 263  9.5 11.4  1.22  4.76  4.12 219 1014.2   5.0   9.4   1.9 99.0 99.00
2016 12 02 07 50 263  9.7 11.7  1.36  4.76  4.20 235 1015.0   5.0   9.4   1.3 99.0 99.00
2016 12 02 08 50 264  9.1 10.9  1.28  5.00  4.13 225 1015.4   4.7   9.4   1.5 99.0 99.00
2016 12 02 09 50 266  9.1 11.4  1.17  4.55  4.06 233 1015.7   4.8   9.4   0.4 99.0 99.00
2016 12 02 10 50 288 10.7 12.4  1.25  4.76  4.10 251 1016.3   4.2   9.4   1.7 99.0 99.00
2016 12 02 11 50 298 11.7 13.9  1.18  4.55  4.06 304 1016.9   4.5   9.4  -0.2 99.0 99.00
2016 12 02 12 50 310  9.5 12.2  1.33  4.76  4.20 332 1017.8   3.9   9.4  -1.2 99.0 99.00
2016 12 02 13 50 319  9.8 11.5  1.40  5.26  4.28  19 1018.5   3.5   9.4  -2.4 99.0 99.00
2016 12 02 14 50 299  9.2 10.8  1.19  5.26  4.19   1 1019.6   3.1   9.3  -2.8 99.0 99.00
2016 12 02 15 50 295  7.4  9.4  1.19  5.00  4.31 340 1020.5   2.8   9.3  -2.4 99.0 99.00
2016 12 02 16 50 302  6.9  9.7  1.03  5.26  4.20  22 1020.8   2.8   9.3  -2.4 99.0 99.00
2016 12 02 17 50 319  7.6 10.1  1.01  5.26  4.17  19 1020.7   2.8   9.3  -2.8 99.0 99.00
2016 12 02 18 50 297  7.0  9.4  0.99  5.56  4.10  32 1021.3   2.8   9.3  -3.5 99.0 99.00
2016 12 02 19 50 311  6.2  8.2  0.95  4.35  4.04 352 1021.9   2.9   9.3  -3.6 99.0 99.00
2016 12 02 20 50 312  5.2  7.0  0.99  5.26  4.25  21 1022.9   2.8   9.3  -4.1 99.0 99.00
2016 12 02 21 50 323  5.9  7.9  0.92  5.56  4.20  29 1023.0   3.2   9.3  -3.1 99.0 99.00
2016 12 02 22 50 303  5.4  7.4  0.84  5.26  3.99  18 1023.6   3.4   9.3  -2.7 99.0 99.00
2016 12 02 23 50 302  5.6  7.2  0.78  4.55  3.83  16 1024.2   3.3   9.3  -3.0 99.0 99.00
2016 12 03 00 50 312  5.6  7.6  0.71  5.26  3.87  16 1024.6   3.1   9.3  -2.9 99.0 99.00
2016 12 03 01 50 301  4.6  6.8  0.67  5.00  3.78   2 1025.1   2.8   9.3  -3.1 99.0 99.00
2016 12 03 02 50 280  3.8  6.0  0.64  5.00  3.75  28 1025.9   2.5   9.3  -3.5 99.0 99.00
2016 12 03 03 50 301  4.6  6.9  0.59  4.76  3.72 347 1025.9   2.6   9.3  -2.8 99.0 99.00
2016 12 03 04 50 296  4.9  6.3  0.58  5.00  3.69 345 1026.0   2.7   9.3  -2.2 99.0 99.00
2016 12 03 05 50 250  4.1  6.2  0.51  4.55  3.61 353 1026.2   2.4   9.3  -2.8 99.0 99.00
2016 12 03 06 50 288  4.5  7.1  0.48  4.17  3.62 327 1025.9   2.3   9.3  -2.9 99.0 99.00
2016 12 03 07 50 275  4.9  6.9  0.47  4.35  3.52 348 1026.1   2.2   9.3  -2.6 99.0 99.00
2016 12 03 08 50 251  4.2  6.1  0.43  4.35  3.45 358 1026.4   2.0   9.3  -2.8 99.0 99.00
2016 12 03 09 50 272  3.4  4.4  0.46  4.76  3.48 346 1026.5   1.9   9.2  -3.0 99.0 99.00
2016 12 03 10 50 299  3.2  6.0  0.47  4.76  3.48 324 1027.0   1.6   9.2  -3.8 99.0 99.00
2016 12 03 11 50 270  4.9  6.4  0.44  4.55  3.51 325 1026.9   1.7   9.2  -3.2 99.0 99.00
2016 12 03 12 50 263  5.4  8.0  0.42  4.76  3.35 329 1027.3   2.0   9.2  -2.8 99.0 99.00
2016 12 03 13 50 248  4.4  6.2  0.43  3.85  3.22 316 1027.6   1.6   9.2  -3.4 99.0 99.00
2016 12 03 14 50 268  5.6  8.4  0.43  3.85  3.25 314 1027.6   1.2   9.2  -3.7 99.0 99.00
2016 12 03 15 50 266  4.6  6.5  0.47  4.55  3.34 334 1027.3   1.1   9.2  -3.6 99.0 99.00
2016 12 03 16 50 291  2.6  4.1  0.44  3.13  3.38 299 1026.7   1.1   9.2  -3.3 99.0 99.00
2016 12 03 17 50 257  1.5  3.5  0.39  4.55  3.37 343 1026.9   1.2   9.2  -3.8 99.0 99.00
2016 12 03 18 50 256  4.9  6.4  0.36  3.23  3.32 238 1027.0   1.4   9.2  -3.2 99.0 99.00
2016 12 03 19 50 222  5.8  8.2  0.36  3.03  3.12 241 1027.1   1.5   9.2  -3.4 99.0 99.00
2016 12 03 20 50 257  1.8  3.1  0.32  2.94  3.08 247 1026.8   1.2   9.2  -3.8 99.0 99.00
2016 12 03 21 50 255  3.0  6.8  0.31  3.23  3.06 290 1027.0   1.4   9.1  -3.2 99.0 99.00
2016 12 03 22 50 267  4.2  6.5  0.31  2.86  2.92 238 1026.5   1.5   9.1  -3.3 99.0 99.00
2016 12 03 23 50 268  4.6  6.5  0.31  2.86  2.84 252 1026.1   1.6   9.1  -3.7 99.0 99.00
2016 12 04 01 50 300  1.0  2.9  0.25  2.86  3.01 262 1026.1   1.4   9.1  -3.8 99.0 99.00
2016 12 04 02 50 289  3.0  4.8  0.26  2.74  3.01 254 1025.9   1.6   9.1  -3.7 99.0 99.00
2016 12 04 03 50 287  2.8  4.3  0.27  2.86  2.98 257 1025.6   1.7   9.1  -4.1 99.0 99.00
2016 12 04 04 50 276  0.6  1.4  0.23 99.00  2.93 999 1025.1   1.8   9.1  -4.4 99.0 99.00
2016 12 04 05 50 277  1.2  3.6  0.21 99.00  2.91 999 1025.1   1.9   9.1  -3.9 99.0 99.00
2016 12 04 06 50 235  1.5  2.8  0.21 99.00  2.91 999 1024.6   1.9   9.1  -4.0 99.0 99.00
2016 12 04 07 50 233  1.1  2.2  0.18 99.00  2.90 999 1024.3   2.0   9.1  -4.2 99.0 99.00
2016 12 04 08 50 220  1.1  2.0  0.15 99.00  2.84 999 1024.0   2.1   9.1  -4.2 99.0 99.00
2016 12 04 09 50 183  0.4  1.3  0.12 99.00  2.89 999 1023.4   2.2   9.1  -4.3 99.0 99.00
2016 12 04 10 50 214  1.7  2.7  0.11 99.00  2.98 999 1022.7   2.3   9.0  -3.9 99.0 99.00
2016 12 04 11 50 281  1.0  1.8  0.09 99.00  3.01 999 1022.3   2.4   9.0  -3.8 99.0 99.00
2016 12 04 12 50 204  2.2  3.7  0.08 99.00  3.00 999 1022.4   2.7   9.0  -3.4 99.0 99.00
2016 12 04 13 50 192  1.8  3.0  0.08 99.00  3.12 999 1022.1   2.9   9.0  -3.2 99.0 99.00
2016 12 04 14 50 137  2.9  4.5  0.07 99.00  3.07 999 1021.0   3.2   9.0  -2.6 99.0 99.00
2016 12 04 15 50 140  6.6  8.6  0.09 99.00  3.04 999 1020.2   3.6   9.0  -0.7 99.0 99.00
2016 12 04 16 50 136  6.5  7.6  0.31  2.74  2.63 121 1018.4   3.3   9.1  -0.9 99.0 99.00
2016 12 04 18 50 130  6.1  7.1  0.63  3.70  3.38 138 1016.2   1.7   9.1   0.9 99.0 99.00
2016 12 04 19 50 136  7.3  8.9  0.55  3.57  3.26 137 1014.7   2.1   9.1   1.8 99.0 99.00
2016 12 04 20 50 137  7.3  8.5  0.67  4.00  3.31 140 1013.7   2.3   9.1   1.7 99.0 99.00
2016 12 04 21 50 139  7.6  9.2  0.78  4.00  3.43 137 1012.5   2.5   9.1   1.9 99.0 99.00
2016 12 04 22 50 155  5.3  7.3  0.81  4.17  3.67 135 1012.4   2.2   9.1   1.7 99.0 99.00
2016 12 04 23 50 176  5.8  6.8  0.81  4.55  3.74 103 1012.7   2.1   9.1   1.6 99.0 99.00
