#YY  MM DD hh mm WDIR WSPD GST  WVHT   DPD   APD MWD   PRES  ATMP  WTMP  DEWP  VIS  TIDE
#yr  mo dy hr mn degT m/s  m/s     m   sec   sec degT   hPa  degC  degC  degC   mi    ft
2018 05 23 03 50 257  2.8  3.1  0.09 99.00  2.83 999 1019.5   5.0   4.0 999.0 99.0 99.00
2018 05 23 04 50 265  1.1  1.5  0.06 99.00  2.73 999 1019.7   5.0   3.9 999.0 99.0 99.00
2018 05 23 05 50 194  1.4  1.7  0.07 99.00  2.73 999 1019.9   4.7   3.9 999.0 99.0 99.00
2018 05 23 06 50 189  1.8  2.1  0.07 99.00  2.72 999 1020.3   4.6   3.8 999.0 99.0 99.00
2018 05 23 07 50 222  2.7  3.5  0.06 99.00  2.74 999 1020.3   5.8   3.8 999.0 99.0 99.00
2018 05 23 08 50 224  2.0  2.2  0.05 99.00  2.70 999 1020.8   5.6   3.8 999.0 99.0 99.00
2018 05 23 09 50 188  3.1  3.4  0.05 99.00  2.67 999 1021.2   5.4   3.7 999.0 99.0 99.00
2018 05 23 10 50 172  2.0  2.2  0.04 99.00  2.74 999 1021.8   5.5   3.7 999.0 99.0 99.00
2018 05 23 11 50 170  2.5  2.8  0.12 99.00  3.44 999 1022.7   4.8   3.7 999.0 99.0 99.00
2018 05 23 12 50 180  3.4  3.8  0.05 99.00  2.98 999 1023.1   5.1   3.8 999.0 99.0 99.00
2018 05 23 13 50 192  2.6  3.2  0.05 99.00  3.51 999 1023.6   5.0   3.8 999.0 99.0 99.00
2018 05 23 14 50 182  1.5  1.9  0.05 99.00  4.13 999 1023.6   5.1   3.9 999.0 99.0 99.00
2018 05 23 15 50 183  2.1  2.4  0.04 99.00  3.53 999 1023.7   5.2   4.0 999.0 99.0 99.00
2018 05 23 16 50 166  2.4  2.6  0.03 99.00  3.02 999 1023.9   5.7   4.1 999.0 99.0 99.00
2018 05 23 17 50 179  1.4  1.8  0.03 99.00  3.39 999 1024.0   5.8   4.2 999.0 99.0 99.00
2018 05 23 18 50 168  1.4  1.7  0.06 99.00  4.80 999 1023.9   6.1   4.2 999.0 99.0 99.00
2018 05 23 19 50 132  1.5  1.7  0.03 99.00  3.31 999 1023.5   6.8   4.5 999.0 99.0 99.00
2018 05 23 20 50 152  2.0  2.1  0.03 99.00  3.35 999 1022.8   7.6   4.3 999.0 99.0 99.00
2018 05 23 21 50 144  2.0  2.2  0.06 99.00  3.65 999 1022.5   8.5   4.5 999.0 99.0 99.00
2018 05 23 22 50 120  0.9  1.0  0.05 99.00  3.62 999 1022.3   9.3   4.2 999.0 99.0 99.00
2018 05 23 23 50  88  2.5  2.8  0.04 99.00  3.59 999 1022.2   9.4   4.1 999.0 99.0 99.00
2018 05 24 00 50  75  2.4  2.8  0.06 99.00  4.06 999 1022.2   7.9   4.1 999.0 99.0 99.00
2018 05 24 01 50  86  2.3  2.5  0.05 99.00  3.95 999 1022.5   8.2   4.1   8.1 99.0 99.00
2018 05 24 02 50 106  2.8  3.0  0.03 99.00  3.22 999 1022.8   8.8   4.0   8.7 99.0 99.00
2018 05 24 03 50 113  3.0  3.2  0.04 99.00  3.26 999 1022.8   9.7   4.0   9.2 99.0 99.00
2018 05 24 04 50 138  2.9  3.0  0.03 99.00  3.25 999 1022.9  10.6   3.9   9.6 99.0 99.00
2018 05 24 05 50 128  3.0  3.2  0.04 99.00  3.31 999 1022.9   9.5   3.8   9.1 99.0 99.00
2018 05 24 06 50 134  3.1  3.5  0.03 99.00  2.96 999 1022.3   9.6   3.8   9.1 99.0 99.00
2018 05 24 07 50 143  3.5  4.0  0.06 99.00  4.36 999 1022.1  10.1   3.8   9.5 99.0 99.00
2018 05 24 08 50 126  3.6  3.8  0.03 99.00  2.73 999 1022.2  10.4   3.8   9.6 99.0 99.00
2018 05 24 09 50 140  2.8  2.8  0.05 99.00  2.91 999 1022.6  10.0   3.7   9.0 99.0 99.00
2018 05 24 10 50 147  1.7  1.8  0.04 99.00  3.22 999 1023.1  10.7   3.8   9.5 99.0 99.00
2018 05 24 11 50 288  0.6  1.0  0.03 99.00  3.16 999 1023.7   9.4   3.8   8.4 99.0 99.00
2018 05 24 12 50 247  0.7  1.4  0.03 99.00  3.11 999 1023.8   9.8   3.9   9.0 99.0 99.00
2018 05 24 13 50 164  2.1  2.4  0.02 99.00  3.18 999 1023.8  10.4   4.3   9.9 99.0 99.00
2018 05 24 14 50 140  2.7  2.8  0.03 99.00  4.31 999 1023.3  10.2   4.2   9.3 99.0 99.00
2018 05 24 15 50 144  3.1  3.4  0.04 99.00  4.33 999 1023.1   9.5   4.6   8.5 99.0 99.00
2018 05 24 16 50 145  4.0  4.4  0.05 99.00  3.53 999 1022.7   9.5   4.5   8.2 99.0 99.00
2018 05 24 17 50 159  3.6  4.0  0.05 99.00  4.24 999 1022.2   9.5   4.5   8.1 99.0 99.00
2018 05 24 18 50 149  3.6  3.8  0.08 99.00  4.27 999 1021.7  10.9   4.4   8.8 99.0 99.00
2018 05 24 19 50 141  3.8  4.0  0.06 99.00  3.24 999 1021.0  12.8   4.5   9.8 99.0 99.00
2018 05 24 20 50 156  3.9  4.2  0.04 99.00  3.77 999 1020.3  15.3   4.7  10.9 99.0 99.00
2018 05 24 21 50 149  4.3  4.5  0.06 99.00  3.99 999 1019.4  16.1   5.1  11.1 99.0 99.00
2018 05 24 22 50 141  4.1  4.4  0.04 99.00  3.70 999 1018.6  15.4   4.9  10.4 99.0 99.00
2018 05 24 23 50 138  3.8  4.0  0.03 99.00  3.58 999 1018.2  15.1   4.4  10.4 99.0 99.00
2018 05 25 00 50 138  4.3  4.6  0.05 99.00  4.40 999 1017.6  16.2   4.5  11.4 99.0 99.00
2018 05 25 01 50 139  3.7  4.1  0.05 99.00  3.87 999 1017.4  13.9   4.2  10.6 99.0 99.00
2018 05 25 02 50 144  4.2  4.4  0.07 99.00  3.43 999 1017.3  13.1   4.1  11.3 99.0 99.00
2018 05 25 03 50 148  4.7  5.1  0.05 99.00  3.27 999 1017.2  11.9   3.9  10.4 99.0 99.00
2018 05 25 04 50 151  4.5  4.6  0.04 99.00  3.31 999 1017.0  11.8   4.0   9.4 99.0 99.00
2018 05 25 05 50 162  4.6  4.8  0.04 99.00  2.98 999 1016.7  11.2   3.9   8.7 99.0 99.00
2018 05 25 06 50 172  4.5  4.8  0.05 99.00  3.27 999 1016.1  10.5   3.8   7.6 99.0 99.00
2018 05 25 07 50 171  4.7  5.0  0.06 99.00  2.86 999 1015.9   9.9   3.8   7.2 99.0 99.00
2018 05 25 08 50 179  4.8  5.0  0.07 99.00  3.22 999 1015.3   9.8   3.8   7.0 99.0 99.00
2018 05 25 09 50 176  4.6  4.9  0.04 99.00  2.53 999 1014.7   9.2   3.7   6.6 99.0 99.00
2018 05 25 10 50 181  4.6  4.9  0.06 99.00  2.41 999 1014.3   9.3   3.8   6.5 99.0 99.00
2018 05 25 11 50 181  4.8  5.2  0.08 99.00  2.28 999 1014.1   9.3   3.8   6.6 99.0 99.00
2018 05 25 12 50 185  4.4  4.7  0.10 99.00  2.24 999 1014.3   8.9   3.8   6.6 99.0 99.00
2018 05 25 13 50 185  4.6  4.9  0.12 99.00  2.34 999 1014.0   8.7   3.8   6.6 99.0 99.00
2018 05 25 14 50 189  4.8  5.1  0.15 99.00  2.50 999 1013.7   8.6   3.9   6.8 99.0 99.00
2018 05 25 15 50 187  4.2  4.4  0.15 99.00  2.50 999 1013.5   8.6   4.0   6.9 99.0 99.00
2018 05 25 16 50 179  4.0  4.3  0.14 99.00  2.60 999 1013.4   8.7   3.9   7.0 99.0 99.00
2018 05 25 17 50 172  4.1  4.4  0.13 99.00  2.51 999 1012.9   9.3   4.0   7.3 99.0 99.00
2018 05 25 18 50 171  3.3  3.6  0.14 99.00  2.75 999 1012.3  10.2   4.0   7.9 99.0 99.00
2018 05 25 19 50 153  3.6  4.0  0.12 99.00  2.53 999 1011.2  10.5   4.0   8.1 99.0 99.00
2018 05 25 20 50 152  4.7  5.0  0.09 99.00  2.41 999 1010.1  10.6   4.0   8.3 99.0 99.00
2018 05 25 21 50 151  5.7  6.1  0.09 99.00  2.79 999 1009.0  11.6   4.0   9.0 99.0 99.00
2018 05 25 22 50 147  4.8  5.0  0.06 99.00  2.59 999 1008.5  11.5   4.1   8.8 99.0 99.00
2018 05 25 23 50 134  4.7  4.9  0.06 99.00  2.51 999 1007.7  11.5   4.1   9.0 99.0 99.00
2018 05 26 00 50 144  4.2  4.3  0.07 99.00  3.82 999 1008.1  11.8   4.0   9.2 99.0 99.00
2018 05 26 01 50 140  3.5  3.9  0.05 99.00  3.07 999 1008.1  14.4   3.9  11.1 99.0 99.00
2018 05 26 02 50 232  2.9  3.7  0.05 99.00  2.80 999 1008.6  12.0   3.9   8.9 99.0 99.00
2018 05 26 03 50 211  4.6  5.1  0.07 99.00  3.02 999 1008.1  14.5   3.9  10.3 99.0 99.00
2018 05 26 04 50 212  4.4  4.5  0.05 99.00  3.04 999 1008.0  12.2   3.9   9.3 99.0 99.00
2018 05 26 05 50 193  6.6  7.6  0.07 99.00  2.95 999 1008.1  11.0   3.8   9.7 99.0 99.00
2018 05 26 06 50 180  7.5  8.3  0.19 99.00  2.38 999 1007.8  11.1   3.8  10.9 99.0 99.00
2018 05 26 07 50 180  5.0  5.4  0.33  3.03  2.84 157 1007.3  11.6   3.8  11.5 99.0 99.00
2018 05 26 08 50 178  4.5  4.9  0.34  3.03  3.02 160 1007.5  11.8   3.8  11.7 99.0 99.00
2018 05 26 09 50 173  4.9  5.2  0.26  3.03  2.85 172 1007.3   9.3   3.8   9.2 99.0 99.00
2018 05 26 10 50 172  4.9  5.4  0.25 99.00  2.94 999 1007.4   8.5   3.8   8.4 99.0 99.00
2018 05 26 11 50 171  4.3  4.7  0.19 99.00  2.78 999 1008.0   8.0   3.8   7.9 99.0 99.00
2018 05 26 12 50 176  3.7  4.3  0.16 99.00  2.70 999 1008.5   7.5   3.8   7.4 99.0 99.00
2018 05 26 13 50 170  3.4  3.6  0.13 99.00  2.57 999 1008.7   9.8   3.9   9.6 99.0 99.00
2018 05 26 14 50 174  3.5  3.9  0.15 99.00  2.56 999 1009.0   7.8   3.8   7.6 99.0 99.00
2018 05 26 15 50 159  4.0  4.4  0.12 99.00  2.67 999 1009.2   7.7   3.9   7.5 99.0 99.00
2018 05 26 16 50 153  3.6  4.1  0.10 99.00  2.56 999 1009.3   8.1   3.9   7.9 99.0 99.00
2018 05 26 17 50 175  4.3  4.5  0.10 99.00  2.51 999 1009.1   8.5   4.0   8.3 99.0 99.00
2018 05 26 18 50 186  4.2  4.3  0.10 99.00  2.74 999 1008.9   9.5   4.2   9.3 99.0 99.00
2018 05 26 19 50 179  3.2  3.4  0.08 99.00  2.61 999 1008.7  10.6   4.2  10.4 99.0 99.00
2018 05 26 20 50 176  3.2  3.4  0.08 99.00  2.73 999 1008.2   9.8   4.6   9.5 99.0 99.00
2018 05 26 21 50 184  4.2  4.4  0.08 99.00  2.87 999 1007.7  13.0   4.7  12.8 99.0 99.00
2018 05 26 22 50 183  4.1  4.4  0.06 99.00  2.66 999 1007.5  13.9   4.8  13.6 99.0 99.00
2018 05 26 23 50 170  3.5  3.6  0.05 99.00  2.92 999 1007.6  12.6   5.0  12.0 99.0 99.00
2018 05 27 00 50 163  3.9  4.4  0.08 99.00  3.41 999 1008.0  15.2   5.0  14.5 99.0 99.00
2018 05 27 01 50 155  4.3  4.7  0.06 99.00  3.04 999 1008.6  13.1   4.9  12.5 99.0 99.00
2018 05 27 02 50 149  4.1  4.9  0.05 99.00  2.91 999 1009.2  12.0   4.8  11.5 99.0 99.00
2018 05 27 03 50 110  3.5  4.1  0.06 99.00  3.05 999 1009.9  11.1   4.7  10.4 99.0 99.00
2018 05 27 04 50 132  3.3  4.1  0.06 99.00  2.91 999 1009.9  12.4   4.7  10.8 99.0 99.00
2018 05 27 05 50 140  4.2  4.3  0.06 99.00  2.85 999 1009.8  13.4   4.7  11.0 99.0 99.00
2018 05 27 06 50 157  3.2  3.7  0.05 99.00  2.90 999 1009.7  12.1   4.6   9.9 99.0 99.00
2018 05 27 07 50 191  5.0  5.5  0.06 99.00  2.91 999 1009.3  12.4   4.6  10.2 99.0 99.00
2018 05 27 08 50 151  3.5  3.8  0.08 99.00  2.89 999 1009.8  12.8   4.3  11.0 99.0 99.00
2018 05 27 09 50 150  3.6  4.1  0.06 99.00  2.80 999 1010.1  10.9   4.2  10.0 99.0 99.00
2018 05 27 10 50 178  4.1  4.3  0.05 99.00  2.73 999 1010.4  12.0   4.3  11.0 99.0 99.00
2018 05 27 11 50 212  3.8  4.1  0.04 99.00  2.65 999 1011.0  12.7   4.4  11.4 99.0 99.00
2018 05 27 12 50 213  3.7  4.0  0.05 99.00  3.15 999 1011.3  11.9   4.5  10.5 99.0 99.00
2018 05 27 13 50 182  3.3  3.8  0.04 99.00  2.83 999 1011.7  11.3   4.6   9.6 99.0 99.00
2018 05 27 14 50 180  3.6  3.7  0.05 99.00  3.99 999 1011.9  10.6   4.8   9.3 99.0 99.00
2018 05 27 15 50 183  3.7  3.8  0.04 99.00  3.65 999 1011.8  11.3   5.0  10.4 99.0 99.00
2018 05 27 16 50 179  3.1  3.6  0.04 99.00  3.18 999 1012.2  12.8   5.2  11.9 99.0 99.00
2018 05 27 17 50 190  1.8  2.5  0.06 99.00  3.43 999 1012.8  13.1   6.9  12.1 99.0 99.00
2018 05 27 18 50 181  1.8  2.0  0.08 99.00  3.35 999 1012.7  12.4   8.5  12.1 99.0 99.00
2018 05 27 19 50 149  3.8  4.1  0.05 99.00  3.35 999 1012.1  14.2   7.8  13.8 99.0 99.00
2018 05 27 20 50 155  4.4  4.7  0.03 99.00  3.38 999 1011.6  15.2   8.3  14.8 99.0 99.00
2018 05 27 21 50 152  4.5  4.6  0.06 99.00  4.20 999 1011.2  16.7   8.3  15.9 99.0 99.00
2018 05 27 22 50 129  4.0  4.3  0.06 99.00  3.35 999 1011.5  16.7   8.2  15.1 99.0 99.00
2018 05 27 23 50 139  3.5  3.7  0.04 99.00  3.40 999 1011.6  18.3   8.6  15.7 99.0 99.00
2018 05 28 00 50 136  4.0  4.2  0.05 99.00  3.55 999 1011.4  18.0   8.4  15.8 99.0 99.00
2018 05 28 01 50 151  4.6  4.9  0.06 99.00  3.53 999 1011.5  16.8   8.4  13.5 99.0 99.00
2018 05 28 02 50 149  4.0  4.4  0.06 99.00  2.99 999 1012.0  15.4   7.8  12.7 99.0 99.00
2018 05 28 03 50 121  1.9  2.2  0.07 99.00  2.97 999 1013.1  15.5   8.0  13.5 99.0 99.00
2018 05 28 04 50 163  2.9  3.2  0.07 99.00  2.83 999 1012.8  16.5   8.1  14.4 99.0 99.00
2018 05 28 05 50 212  1.3  1.8  0.08 99.00  2.82 999 1012.6  14.4   8.2  13.0 99.0 99.00
2018 05 28 06 50 273  0.4  1.7  0.07 99.00  2.82 999 1012.4  14.6   8.3  14.1 99.0 99.00
2018 05 28 07 50 226  0.9  1.1  0.07 99.00  2.77 999 1012.3  14.6   8.3  14.0 99.0 99.00
2018 05 28 08 50 141  0.4  0.5  0.06 99.00  2.77 999 1013.0  14.7   8.2  13.6 99.0 99.00
2018 05 28 09 50 134  1.3  1.5  0.06 99.00  2.74 999 1012.9  15.8   8.0  13.3 99.0 99.00
2018 05 28 10 50 161  1.9  2.0  0.07 99.00  2.83 999 1013.1  16.7   7.9  13.3 99.0 99.00
2018 05 28 11 50 117  3.6  3.7  0.05 99.00  2.77 999 1013.6  14.7   7.9  11.9 99.0 99.00
2018 05 28 12 50 122  3.5  3.9  0.08 99.00  3.31 999 1014.3  13.7   7.8  11.6 99.0 99.00
2018 05 28 13 50 176  0.1  0.5  0.04 99.00  2.80 999 1015.6  15.1   8.2  12.5 99.0 99.00
2018 05 28 14 50  13  3.5  3.8  0.05 99.00  4.04 999 1016.1  11.6   8.5  10.4 99.0 99.00
2018 05 28 15 50  29  4.2  4.6  0.06 99.00  2.67 999 1016.6  11.9   8.4  10.9 99.0 99.00
2018 05 28 16 50  67  3.5  3.8  0.04 99.00  3.23 999 1015.9  12.8   8.3  11.2 99.0 99.00
2018 05 28 17 50 119  5.6  5.9  0.03 99.00  3.26 999 1014.1  13.3   8.0  10.6 99.0 99.00
2018 05 28 18 50 109  2.4  2.8  0.09 99.00  3.11 999 1013.8  15.4   7.1  11.5 99.0 99.00
2018 05 28 19 50 125  4.2  4.4  0.06 99.00  2.74 999 1013.1  18.4   8.5  12.5 99.0 99.00
2018 05 28 20 50 348  5.2  6.4  0.08 99.00  2.85 999 1013.3  16.5   8.3  11.7 99.0 99.00
2018 05 28 21 50 326  3.8  4.2  0.14 99.00  2.78 999 1013.2  11.3   8.0   9.5 99.0 99.00
2018 05 28 22 50 349  2.8  3.0  0.12 99.00  2.69 999 1012.7  11.6   7.8   9.6 99.0 99.00
2018 05 28 23 50 359  4.0  4.3  0.09 99.00  2.68 999 1013.0  11.5   7.9   9.8 99.0 99.00
2018 05 29 00 50   1  3.2  3.6  0.10 99.00  2.68 999 1013.1  11.5   7.5   9.6 99.0 99.00
2018 05 29 01 50   8  4.2  4.6  0.13 99.00  3.15 999 1013.7  11.5   7.5   9.6 99.0 99.00
2018 05 29 02 50  31  4.0  4.3  0.10 99.00  2.58 999 1014.0  10.8   7.4   9.2 99.0 99.00
2018 05 29 03 50  32  4.2  4.4  0.10 99.00  2.73 999 1013.8  11.4   7.2   9.5 99.0 99.00
2018 05 29 04 50  41  4.2  4.5 99.00 99.00 99.00 999 1013.9  11.4   6.8   9.0 99.0 99.00
2018 05 29 05 50  31  3.6  4.1 99.00 99.00 99.00 999 1013.7  10.5   6.4   8.7 99.0 99.00
2018 05 29 06 50  40  3.4  3.6  0.11 99.00  2.48 999 1013.4  10.1   6.3   8.3 99.0 99.00
2018 05 29 07 50  18  3.1  3.2  0.12 99.00  2.51 999 1013.2   9.9   6.1   8.4 99.0 99.00
2018 05 29 08 50  40  3.4  3.8  0.14 99.00  2.63 999 1012.8  10.9   6.5   9.3 99.0 99.00
2018 05 29 09 50  17  3.0  3.8  0.11 99.00  2.61 999 1012.9  10.9   6.6   9.6 99.0 99.00
2018 05 29 10 50 348  3.2  3.7  0.09 99.00  2.63 999 1013.8   9.7   6.6   8.6 99.0 99.00
2018 05 29 11 50 356  3.8  4.0  0.09 99.00  2.58 999 1013.9   9.7   6.6   8.7 99.0 99.00
2018 05 29 12 50  13  3.1  3.8  0.07 99.00  2.55 999 1013.9  10.1   6.7   9.0 99.0 99.00
2018 05 29 13 50   2  3.2  4.0  0.07 99.00  2.60 999 1013.8  10.5   6.9   9.6 99.0 99.00
2018 05 29 14 50   2  3.2  4.3  0.11 99.00  2.64 999 1013.9  10.8   7.1  10.1 99.0 99.00
2018 05 29 15 50  14  1.6  3.7  0.15 99.00  2.68 999 1014.0  11.1   7.1  10.4 99.0 99.00
2018 05 29 16 50  23  3.4  4.1  0.15 99.00  2.68 999 1014.0  11.8   7.4  10.9 99.0 99.00
2018 05 29 17 50  31  2.3  3.4  0.17 99.00  2.81 999 1013.5  14.5   8.5  12.8 99.0 99.00
2018 05 29 18 50 340  2.7  3.8  0.22 99.00  3.10 999 1013.6  11.5   7.9  10.3 99.0 99.00
2018 05 29 19 50   4  2.7  3.3  0.21 99.00  2.92 999 1013.1  12.0   8.8  10.6 99.0 99.00
2018 05 29 20 50 351  3.5  3.7  0.19 99.00  3.03 999 1012.3  11.7   8.8  10.4 99.0 99.00
2018 05 29 21 50  20  3.2  3.5  0.20 99.00  3.08 999 1011.9  11.9   8.7  10.4 99.0 99.00
2018 05 29 22 50  83  3.1  4.0  0.18 99.00  3.05 999 1011.8  14.7   9.0  13.0 99.0 99.00
2018 05 29 23 50  12  2.9  3.5  0.20 99.00  3.14 999 1010.6  12.9   9.1  11.5 99.0 99.00
2018 05 30 00 50  10  3.7  4.6  0.21 99.00  3.15 999 1010.3  12.2   9.0  11.0 99.0 99.00
2018 05 30 01 50  46  4.4  4.8  0.49  4.35  3.45 133 1010.2  13.0   9.0  11.6 99.0 99.00
2018 05 30 02 50  67  4.5  5.0  0.33  3.70  3.04  84 1010.7  13.5   9.0  12.3 99.0 99.00
2018 05 30 03 50  48  4.4  4.7  0.24 99.00  2.90 999 1010.9  13.9   8.9  12.5 99.0 99.00
2018 05 30 04 50  52  4.0  4.3  0.21 99.00  2.83 999 1010.7  14.5   8.9  13.1 99.0 99.00
2018 05 30 05 50  67  3.4  4.3  0.19 99.00  2.83 999 1010.1  13.4   9.1  12.6 99.0 99.00
2018 05 30 06 50  84  4.7  5.0  0.15 99.00  2.80 999 1009.6  15.1   9.0  14.0 99.0 99.00
2018 05 30 07 50  81  4.9  5.2  0.17 99.00  2.71 999 1009.1  14.9   9.1  13.9 99.0 99.00
2018 05 30 08 50  89  5.2  5.5  0.20 99.00  2.65 999 1008.7  15.0   8.7  13.9 99.0 99.00
2018 05 30 09 50  88  4.8  5.3  0.22 99.00  2.70 999 1008.1  14.7   8.3  13.5 99.0 99.00
2018 05 30 10 50  92  5.0  5.3  0.25 99.00  2.74 999 1008.1  14.3   8.2  13.2 99.0 99.00
2018 05 30 11 50  90  4.6  5.1  0.22 99.00  2.72 999 1007.8  14.2   8.2  13.0 99.0 99.00
2018 05 30 12 50  88  5.1  5.4  0.25  2.94  2.81  89 1007.4  14.2   8.1  13.1 99.0 99.00
2018 05 30 13 50  88  4.6  4.9  0.23 99.00  2.73 999 1007.2  14.0   8.1  13.1 99.0 99.00
2018 05 30 14 50  91  4.3  4.5  0.28  2.86  2.81 100 1006.7  13.7   8.2  13.1 99.0 99.00
2018 05 30 15 50  95  4.3  4.7  0.25 99.00  2.80 999 1006.2  14.2   8.3  13.6 99.0 99.00
2018 05 30 16 50  85  3.8  4.0  0.24 99.00  2.77 999 1005.6  15.1   8.5  14.5 99.0 99.00
2018 05 30 17 50  83  4.1  4.3  0.21 99.00  2.76 999 1005.1  16.0   8.8  15.2 99.0 99.00
2018 05 30 19 50  58  3.6  4.3  0.14 99.00  2.70 999 1002.8  15.7  10.0  14.7 99.0 99.00
2018 05 30 20 50  58  3.6  4.3  0.13 99.00  2.77 999 1002.2  17.9  10.0  16.4 99.0 99.00
2018 05 30 21 50  63  3.8  4.3  0.11 99.00  2.82 999 1001.2  16.6  10.6  15.5 99.0 99.00
2018 05 30 22 50 162  5.9  6.3  0.11 99.00  2.70 999 1001.7  16.9   9.9  16.4 99.0 99.00
2018 05 30 23 50 199  3.9  5.7  0.11 99.00  2.65 999 1001.8  14.4   9.6  14.3 99.0 99.00
2018 05 31 00 50 260  4.0  4.7  0.10 99.00  2.94 999 1001.4  15.3   9.5  15.2 99.0 99.00
2018 05 31 01 50 301  3.5  3.8  0.09 99.00  3.07 999 1000.5  16.0   9.3  15.9 99.0 99.00
2018 05 31 02 50 322  2.1  2.4  0.17 99.00  3.01 999 1001.2  16.0   9.6  15.9 99.0 99.00
2018 05 31 03 50  26  0.2  0.7  0.16 99.00  3.02 999 1001.4  13.9   9.6  13.8 99.0 99.00
2018 05 31 04 50 224  2.5  3.5  0.13 99.00  2.99 999 1001.7  13.1   9.7  13.0 99.0 99.00
2018 05 31 05 50 228  2.9  3.4  0.13 99.00  2.94 999 1001.5  12.2   9.6  12.1 99.0 99.00
2018 05 31 06 50 188  2.1  2.4  0.11 99.00  2.94 999 1001.7  12.3   9.4  12.2 99.0 99.00
2018 05 31 07 50 188  3.2  3.6  0.11 99.00  3.00 999 1002.1  12.8   9.3  12.7 99.0 99.00
2018 05 31 08 50 211  5.5  5.8  0.10 99.00  2.80 999 1002.3  14.1   9.1  14.0 99.0 99.00
2018 05 31 09 50 209  4.7  5.0  0.15 99.00  2.52 999 1002.8  12.8   9.0  12.7 99.0 99.00
2018 05 31 10 50 211  5.5  6.0  0.15 99.00  2.46 999 1003.2  13.3   9.0  13.2 99.0 99.00
2018 05 31 11 50 208  6.0  6.6  0.25  2.86  2.68 162 1003.8  13.4   8.9  13.3 99.0 99.00
2018 05 31 12 50 202  5.2  6.3  0.29  2.86  2.73 161 1004.4  13.1   8.8  13.0 99.0 99.00
2018 05 31 13 50 197  4.4  4.7  0.27  2.94  2.79 157 1004.6  12.6   8.8  12.5 99.0 99.00
2018 05 31 14 50 189  4.8  5.3  0.31  3.33  2.99 146 1005.0  13.0   8.9  12.8 99.0 99.00
2018 05 31 15 50 181  4.6  5.1  0.26  3.23  2.97 149 1005.2  13.1   9.0  12.5 99.0 99.00
2018 05 31 16 50 195  4.8  5.2  0.29  3.33  3.04 147 1005.7  13.3   9.2  12.6 99.0 99.00
2018 05 31 17 50 192  4.7  5.3  0.27  3.45  2.98 141 1005.6  14.2   9.2  13.2 99.0 99.00
2018 05 31 18 50 174  3.3  3.6  0.22 99.00  3.00 999 1005.4  14.6   9.6  13.2 99.0 99.00
2018 05 31 19 50 162  3.5  3.7  0.19 99.00  2.91 999 1005.3  14.4   9.8  13.1 99.0 99.00
2018 05 31 20 50 174  2.8  3.3  0.17 99.00  2.92 999 1005.1  15.6  10.0  13.9 99.0 99.00
2018 05 31 21 50 184  2.4  2.6  0.17 99.00  2.95 999 1005.1  17.3  10.7  15.5 99.0 99.00
2018 05 31 22 50 142  1.8  2.6  0.13 99.00  2.83 999 1005.3  17.8  11.1  15.3 99.0 99.00
2018 05 31 23 50 176  0.0  0.0  0.11 99.00  2.77 999 1005.6  19.6  10.8  16.5 99.0 99.00
2018 06 01 00 50 178  0.8  1.1  0.11 99.00  3.05 999 1006.2  17.2  10.6  15.5 99.0 99.00
2018 06 01 01 50 349  1.0  1.7  0.11 99.00  3.06 999 1006.4  17.6  11.6  16.3 99.0 99.00
2018 06 01 02 50  98  2.3  2.4  0.08 99.00  2.73 999 1007.3  14.9  11.9  14.4 99.0 99.00
2018 06 01 03 50 142  2.9  3.4  0.09 99.00  2.83 999 1008.0  14.5  10.9  13.8 99.0 99.00
2018 06 01 04 50 131  2.0  2.4  0.10 99.00  2.75 999 1008.2  17.0  11.0  16.7 99.0 99.00
2018 06 01 05 50 180  3.3  3.4  0.09 99.00  2.77 999 1008.3  15.9  10.6  15.4 99.0 99.00
2018 06 01 06 50 196  3.2  3.8  0.11 99.00  3.08 999 1008.0  15.8  10.5  15.2 99.0 99.00
2018 06 01 07 50 213  2.4  2.8  0.07 99.00  2.94 999 1008.2  14.5  10.4  14.1 99.0 99.00
2018 06 01 08 50 312  2.9  3.3  0.06 99.00  2.83 999 1008.8  13.1  10.5  12.9 99.0 99.00
2018 06 01 09 50 328  2.5  3.1  0.06 99.00  3.02 999 1009.3  12.9  10.6  12.8 99.0 99.00
2018 06 01 10 50   5  2.3  2.6  0.05 99.00  2.95 999 1009.9  13.0  10.6  12.9 99.0 99.00
2018 06 01 11 50 359  6.2  7.8  0.05 99.00  2.97 999 1010.6  11.7  10.2  11.4 99.0 99.00
2018 06 01 12 50   5  8.8 10.4  0.38  2.47  2.57  25 1011.4   9.4   9.4   9.2 99.0 99.00
2018 06 01 13 50   4  8.4  9.9  0.84  4.00  3.41  27 1012.3   8.6   8.5   8.4 99.0 99.00
2018 06 01 14 50   1  8.6 10.4  1.02  4.55  3.85  19 1012.7   8.4   7.7   8.2 99.0 99.00
2018 06 01 15 50 359  9.7 11.4  1.34  5.56  4.36  27 1013.2   8.0   7.1   7.2 99.0 99.00
2018 06 01 16 50   3  9.6 11.1  1.43  5.00  4.36  32 1013.6   7.6   6.6   6.4 99.0 99.00
2018 06 01 17 50   2  9.0 10.9  1.72  6.25  4.78  27 1013.9   7.4   6.0   6.0 99.0 99.00
2018 06 01 18 50 359  9.9 11.7  1.79  6.67  4.94  21 1013.8   7.2   5.2   5.9 99.0 99.00
2018 06 01 19 50   2 11.8 13.9  1.85  6.25  4.81  35 1013.8   7.1   5.4   5.7 99.0 99.00
2018 06 01 20 50   2 10.1 12.0  1.85  6.25  5.11  33 1013.9   7.4   5.6   5.6 99.0 99.00
2018 06 01 21 50 356 10.5 12.4  2.12  6.67  5.23  33 1014.4   7.7   5.2   5.7 99.0 99.00
2018 06 01 22 50   1 10.0 11.6  1.75  6.25  4.88  42 1014.1   7.9   5.4   5.8 99.0 99.00
2018 06 01 23 50   2  9.1 10.4  1.77  6.25  5.06  40 1014.0   7.9   5.5   5.5 99.0 99.00
2018 06 02 00 50 357  9.4 10.7  1.63  6.25  4.83  47 1014.2   7.6   5.8   5.6 99.0 99.00
2018 06 02 01 50   1  9.2 10.6  1.59  6.25  4.88  47 1014.7   7.8   5.8   5.9 99.0 99.00
2018 06 02 02 50   4  8.6 10.1  1.60  6.25  4.87  40 1014.9   7.6   5.9   5.8 99.0 99.00
2018 06 02 03 50  10  7.6  9.7  1.51  6.25  4.83  41 1014.7   7.2   5.8   5.9 99.0 99.00
2018 06 02 04 50   4  6.9  7.8  1.23  6.25  4.58  42 1015.1   7.2   5.7   6.3 99.0 99.00
2018 06 02 05 50  16  7.2  8.6  1.31  5.56  4.56  35 1014.6   7.9   5.7   6.9 99.0 99.00
2018 06 02 06 50 355  6.7  7.7  1.17  5.88  4.53  47 1015.4   7.3   5.7   6.5 99.0 99.00
2018 06 02 07 50  12  6.7  7.7  1.09  5.88  4.46  37 1015.3   7.1   5.7   6.4 99.0 99.00
2018 06 02 08 50  19  5.1  6.3  1.13  5.56  4.47  26 1015.3   7.3   5.7   6.7 99.0 99.00
2018 06 02 09 50  29  3.0  3.5  0.97  6.25  4.39  26 1015.0   7.5   5.7   6.9 99.0 99.00
2018 06 02 10 50  27  3.8  4.5  0.87  5.88  4.38  30 1015.7   7.7   5.7   7.3 99.0 99.00
2018 06 02 11 50  31  2.7  3.5  0.73  5.26  4.21  27 1016.0   8.2   5.7   7.9 99.0 99.00
2018 06 02 12 50   2  4.7  5.1  0.73  5.56  4.20  28 1016.8   7.3   5.8   6.9 99.0 99.00
2018 06 02 13 50  21  4.2  4.7  0.70  5.26  4.06  27 1017.2   7.5   5.8   6.9 99.0 99.00
2018 06 02 14 50  37  3.4  3.7  0.69  5.26  4.05  26 1016.9   7.9   5.8   7.3 99.0 99.00
2018 06 02 15 50  42  3.5  3.8  0.65  5.26  3.82  10 1016.4   8.3   5.9   7.7 99.0 99.00
2018 06 02 16 50  30  2.3  2.8  0.54  5.00  3.65  24 1016.3   8.4   6.3   7.8 99.0 99.00
2018 06 02 17 50  33  3.5  4.2  0.53  4.76  3.81  24 1015.1   8.4   6.3   7.8 99.0 99.00
2018 06 02 18 50  48  4.0  5.3  0.48  4.55  3.85  18 1013.8   8.8   6.5   8.2 99.0 99.00
2018 06 02 19 50  18  2.6  3.3  0.43  4.55  3.74  29 1013.8   8.7   6.4   8.1 99.0 99.00
2018 06 02 20 50  11  3.5  3.8  0.41  4.55  3.75  22 1013.5   8.5   6.7   7.8 99.0 99.00
2018 06 02 21 50  34  4.1  4.4  0.37  4.55  3.74  20 1012.7   9.3   6.9   8.5 99.0 99.00
2018 06 02 22 50  15  2.7  3.0  0.36  4.55  3.72  22 1012.8   9.1   6.7   8.3 99.0 99.00
2018 06 02 23 50   3  2.9  3.1  0.31  4.17  3.63  24 1012.6   8.8   6.7   8.0 99.0 99.00
2018 06 03 00 50  41  2.7  3.0  0.29  4.17  3.50  29 1011.8   8.8   6.7   8.2 99.0 99.00
2018 06 03 01 50  16  2.3  2.9  0.32  4.55  3.66  13 1011.6   9.2   6.7   8.6 99.0 99.00
2018 06 03 02 50   4  5.8  6.5  0.29  4.35  3.47  23 1012.1   8.0   6.6   7.3 99.0 99.00
2018 06 03 03 50  37  5.0  5.9  0.29  3.85  3.12  31 1011.7   8.7   6.6   8.0 99.0 99.00
2018 06 03 04 50  67  4.7  5.2  0.31  4.17  3.01  17 1010.9   9.4   6.5   9.0 99.0 99.00
2018 06 03 05 50  81  3.3  4.2  0.29  4.00  3.04  12 1010.3  11.3   6.5  11.2 99.0 99.00
2018 06 03 06 50  98  4.2  4.4  0.26  3.85  3.04   4 1009.9  12.5   6.5  12.4 99.0 99.00
2018 06 03 07 50  43  3.8  4.2  0.25  4.17  2.97  22 1010.0   9.8   6.6   9.6 99.0 99.00
2018 06 03 08 50  54  1.8  2.1  0.33  2.74  2.92  37 1009.7  10.3   6.5  10.1 99.0 99.00
2018 06 03 09 50 335  1.3  2.1  0.30  2.94  3.00  32 1009.9  10.1   6.5   9.9 99.0 99.00
2018 06 03 10 50 266  3.1  3.5  0.29  2.86  3.07  13 1010.3   7.8   6.6   7.7 99.0 99.00
2018 06 03 11 50 254  3.1  3.5  0.27  4.17  3.10 313 1010.4   7.1   6.6   7.0 99.0 99.00
2018 06 03 12 50 251  3.8  4.5  0.27  4.00  3.27 324 1010.5   7.7   6.6   7.5 99.0 99.00
2018 06 03 13 50 246  5.4  6.1  0.25 99.00  3.11 999 1010.7   8.4   6.6   8.2 99.0 99.00
2018 06 03 14 50 259  5.4  6.1  0.24 99.00  3.06 999 1010.6   9.5   6.7   9.4 99.0 99.00
2018 06 03 15 50 251  4.5  5.0 99.00 99.00 99.00 999 1010.7   9.2   6.8   9.0 99.0 99.00
2018 06 03 16 50 226  3.6  4.0  0.21 99.00  2.97 999 1010.9   9.4   7.0   8.7 99.0 99.00
2018 06 03 17 50 196  3.9  4.2  0.18 99.00  3.16 999 1010.8  10.0   7.2   8.7 99.0 99.00
2018 06 03 18 50 194  2.9  3.4  0.19 99.00  3.24 999 1010.7   9.4   7.1   8.4 99.0 99.00
2018 06 03 19 50 242  2.5  2.9  0.18 99.00  3.11 999 1011.0  10.1   7.1   8.4 99.0 99.00
2018 06 03 20 50 259  3.1  3.4  0.16 99.00  3.08 999 1011.2  10.8   7.3   8.3 99.0 99.00
2018 06 03 21 50 301  3.4  3.7  0.15 99.00  3.02 999 1011.6  10.9   7.6   8.6 99.0 99.00
2018 06 03 22 50 301  6.5  7.3  0.14 99.00  2.92 999 1011.6  12.0   7.5   8.7 99.0 99.00
2018 06 03 23 50 277  3.7  4.1  0.21 99.00  3.07 999 1012.2  10.0   7.4   8.1 99.0 99.00
2018 06 04 00 50 275  4.2  4.6  0.26  3.57  3.14 235 1012.3  10.2   7.5   8.0 99.0 99.00
2018 06 04 01 50 293  3.8  4.7  0.26  3.57  3.16 245 1012.7  10.7   7.7   8.3 99.0 99.00
2018 06 04 02 50 306  5.5  6.3  0.28  3.33  3.12 286 1013.2  11.0   8.0   8.4 99.0 99.00
2018 06 04 03 50 294  5.4  6.6  0.30  3.45  3.16 279 1013.6  10.4   7.9   8.1 99.0 99.00
2018 06 04 04 50 303  6.6  7.4  0.37  3.57  3.24 290 1013.8  10.9   7.8   8.0 99.0 99.00
2018 06 04 05 50 308  4.1  4.6  0.37  3.57  3.04 302 1013.7   9.5   7.7   7.6 99.0 99.00
2018 06 04 06 50 318  5.1  5.7  0.40  3.45  3.07 310 1013.9   9.9   7.7   7.8 99.0 99.00
2018 06 04 07 50 314  5.0  5.7  0.38  3.70  3.17 319 1014.5   9.7   7.7   7.4 99.0 99.00
2018 06 04 08 50 287  5.0  5.5  0.36  3.57  3.17 288 1014.8   8.9   7.7   6.9 99.0 99.00
2018 06 04 09 50 283  3.9  4.4  0.38  3.70  3.21 294 1015.0   9.0   7.7   7.1 99.0 99.00
2018 06 04 11 50 271  3.8  4.2  0.37  3.85  3.35 283 1015.4   9.5   8.0   7.6 99.0 99.00
2018 06 04 12 50 263  4.8  5.6  0.35  3.57  3.29 289 1016.1   9.2   8.1   7.7 99.0 99.00
2018 06 04 13 50 263  4.4  4.9  0.32  3.85  3.21 299 1016.6   9.1   8.1   7.7 99.0 99.00
2018 06 04 14 50 261  4.6  5.3  0.32  3.85  3.21 308 1016.9   9.4   8.2   7.7 99.0 99.00
2018 06 04 15 50 247  3.3  3.9  0.28  4.00  2.98 308 1016.6   9.6   8.3   7.7 99.0 99.00
2018 06 04 16 50 236  3.4  3.8  0.25  3.33  3.04 293 1015.5  10.1   8.5   7.8 99.0 99.00
2018 06 04 17 50 200  3.4  3.7  0.20 99.00  3.03 999 1014.9  10.0   8.7   7.9 99.0 99.00
2018 06 04 18 50 193  5.6  6.2  0.18 99.00  2.96 999 1014.3  10.5   8.8   8.0 99.0 99.00
2018 06 04 19 50 183  5.7  6.3  0.19 99.00  2.66 999 1013.6  11.0   8.8   8.0 99.0 99.00
2018 06 04 20 50 183  6.1  7.0  0.20 99.00  2.54 999 1012.9  10.9   8.9   8.1 99.0 99.00
2018 06 04 21 50 185  6.1  7.2  0.27  2.60  2.53 165 1012.2  10.9   9.0   8.1 99.0 99.00
2018 06 04 22 50 190  6.4  7.6  0.31  2.74  2.67 170 1011.4  10.9   8.9   7.9 99.0 99.00
2018 06 04 23 50 195  5.7  6.7  0.37  2.86  2.82 167 1011.1  11.2   8.8   7.7 99.0 99.00
2018 06 05 00 50 201  5.5  6.0  0.41  3.23  2.94 155 1010.4  11.0   8.6   7.8 99.0 99.00
2018 06 05 01 50 216  6.6  7.2  0.42  3.23  3.05 149 1009.6  11.2   8.4   8.0 99.0 99.00
2018 06 05 02 50 240  7.0  8.7  0.44  3.03  2.99 177 1009.2  13.4   8.2   8.3 99.0 99.00
2018 06 05 03 50 250  5.3  9.3  0.38  3.13  2.95 179 1009.9  11.9   8.1   8.1 99.0 99.00
2018 06 05 04 50  12  3.1  4.9  0.35  3.13  3.00 254 1010.8  12.0   8.1   9.2 99.0 99.00
2018 06 05 05 50 125  0.8  1.1  0.28  2.94  2.91 200 1010.0  12.1   8.1   9.1 99.0 99.00
2018 06 05 06 50 183  1.6  2.4  0.23 99.00  2.86 999 1009.6  11.1   8.1   8.8 99.0 99.00
2018 06 05 07 50 234  1.6  2.5  0.23 99.00  2.82 999 1009.5  10.1   8.1   8.1 99.0 99.00
2018 06 05 08 50 325  1.2  1.9  0.19 99.00  2.84 999 1009.7  10.7   8.2   8.7 99.0 99.00
2018 06 05 09 50  14  3.1  3.7  0.19 99.00  2.81 999 1010.0   9.5   8.2   8.3 99.0 99.00
2018 06 05 10 50  18  5.1  5.7  0.14 99.00  2.82 999 1010.2   9.2   8.2   8.5 99.0 99.00
2018 06 05 11 50  24  6.1  7.4  0.22 99.00  2.53 999 1010.9   9.0   8.3   7.7 99.0 99.00
2018 06 05 12 50  21  7.7  9.2  0.36  2.86  2.71  35 1010.9   8.8   8.4   7.5 99.0 99.00
2018 06 05 13 50   8  7.4  8.7  0.56  3.23  3.04  39 1011.9   8.2   8.7   6.9 99.0 99.00
2018 06 05 14 50   7  8.1  9.5  0.72  4.00  3.53  28 1012.2   7.8   8.6   6.7 99.0 99.00
2018 06 05 15 50   9  9.2 10.5  0.85  4.17  3.71  19 1012.2   7.5   8.5   6.3 99.0 99.00
2018 06 05 16 50   7  9.4 11.3  0.91  4.76  3.76  15 1012.8   7.3   8.5   6.0 99.0 99.00
2018 06 05 17 50   1  9.5 11.5  0.95  4.76  3.81  21 1012.9   7.6   8.5   6.2 99.0 99.00
2018 06 05 18 50 356  8.6 10.1  1.06  4.76  3.95  39 1012.9   7.6   8.5   6.3 99.0 99.00
2018 06 05 19 50 354  8.7 10.5  1.11  5.26  3.97  52 1012.9   7.9   8.7   6.3 99.0 99.00
2018 06 05 20 50 349  8.3 10.0  0.92  4.76  3.78  44 1012.9   8.3   8.9   6.4 99.0 99.00
2018 06 05 21 50 358  7.7  9.1  0.94  4.55  3.89  42 1013.1   8.8   9.1   6.1 99.0 99.00
2018 06 05 22 50 359  5.4  6.3  0.93  4.76  4.12  53 1013.6   9.0   9.3   6.1 99.0 99.00
2018 06 05 23 50 347  5.6  6.5  0.83  4.76  4.02  56 1013.8   9.4   9.4   6.2 99.0 99.00
2018 06 06 00 50 346  5.2  5.9  0.77  5.00  3.93  49 1013.5   9.5   9.7   6.3 99.0 99.00
2018 06 06 01 50 352  5.0  6.1  0.65  4.55  3.85  49 1013.6   9.2  10.1   6.6 99.0 99.00
2018 06 06 02 50 358  5.4  6.3  0.68  5.26  3.98  52 1013.9  10.1  10.3   6.6 99.0 99.00
2018 06 06 03 50 358  6.6  7.8  0.66  5.00  3.83  44 1014.0   9.9  10.4   6.5 99.0 99.00
2018 06 06 04 50  20  6.6  7.7  0.61  5.00  3.67  44 1014.0   9.5  10.3   6.6 99.0 99.00
2018 06 06 05 50  23  5.4  6.1  0.56  4.35  3.55  45 1014.1   9.5  10.1   7.3 99.0 99.00
2018 06 06 06 50  28  4.5  5.4  0.50  4.76  3.52  40 1014.0   9.6   9.9   7.9 99.0 99.00
2018 06 06 07 50  34  4.4  5.2  0.41  4.76  3.44  40 1014.2   9.9   9.7   8.4 99.0 99.00
2018 06 06 08 50  65  3.8  4.4  0.39  4.55  3.41  29 1013.8  10.4   9.6   9.0 99.0 99.00
2018 06 06 09 50  68  2.5  2.9  0.34  4.35  3.39  26 1014.7  10.7   9.6   9.4 99.0 99.00
2018 06 06 10 50  38  2.0  2.3  0.31  4.00  3.45  33 1016.1  10.9   9.6   9.5 99.0 99.00
2018 06 06 11 50  74  3.2  3.6  0.28  3.57  3.44  33 1016.1  11.1   9.6   9.6 99.0 99.00
2018 06 06 12 50  99  2.8  3.1  0.29  3.23  3.32  14 1016.0  11.6   9.6  10.1 99.0 99.00
2018 06 06 13 50 118  1.7  2.2  0.29  3.85  3.24   9 1016.4  12.2  10.5  10.9 99.0 99.00
2018 06 06 14 50 125  2.8  3.4  0.29  3.57  3.16  62 1016.0  12.3  10.9  11.0 99.0 99.00
2018 06 06 15 50 139  1.7  2.1  0.30  3.57  3.22 118 1016.3  12.9  11.3  11.0 99.0 99.00
2018 06 06 16 50 126  1.5  1.8  0.31  3.57  3.22 120 1016.1  13.2  12.0  11.4 99.0 99.00
2018 06 06 17 50  46  1.0  1.4  0.32  3.70  3.18 166 1016.7  13.2  12.4  12.0 99.0 99.00
2018 06 06 18 50 106  8.4 10.2  0.31  3.57  3.28 148 1012.3  13.5  11.6  11.5 99.0 99.00
2018 06 06 19 50 161  1.6  2.1  0.37  3.57  3.00 129 1014.3  14.0  11.4  11.0 99.0 99.00
2018 06 06 20 50 108  3.4  3.8  0.31  3.70  3.04 148 1013.8  13.7  11.5  11.5 99.0 99.00
2018 06 06 21 50 150  5.2  5.8  0.27  3.03  2.97 128 1012.3  14.0  11.4  11.1 99.0 99.00
2018 06 06 22 50 114  0.5  0.8  0.23 99.00  2.85 999 1013.2  14.0  11.3  10.9 99.0 99.00
2018 06 06 23 50  69  2.2  2.5  0.17 99.00  2.80 999 1012.4  13.3  11.4  11.7 99.0 99.00
2018 06 07 00 50  77  2.6  2.8  0.16 99.00  2.76 999 1012.6  12.9  11.3  11.4 99.0 99.00
2018 06 07 01 50  71  1.7  1.9  0.13 99.00  2.88 999 1012.8  12.8  11.2  11.1 99.0 99.00
2018 06 07 02 50 106  2.6  3.2  0.11 99.00  2.92 999 1013.2  14.0  11.1  11.3 99.0 99.00
2018 06 07 03 50 107  2.3  2.6  0.09 99.00  3.11 999 1013.3  14.1  11.1  11.8 99.0 99.00
2018 06 07 04 50  80  1.9  2.0  0.08 99.00  3.25 999 1013.2  14.9  11.2  11.6 99.0 99.00
2018 06 07 05 50  59  2.8  3.0  0.09 99.00  3.28 999 1013.0  15.5  11.2  10.6 99.0 99.00
2018 06 07 06 50  85  2.9  3.1  0.07 99.00  3.37 999 1012.6  14.7  11.2  11.2 99.0 99.00
2018 06 07 07 50  99  1.8  2.1  0.06 99.00  3.22 999 1012.9  14.3  11.2  11.6 99.0 99.00
2018 06 07 08 50  48  2.2  2.4  0.06 99.00  3.22 999 1013.3  14.3  11.2  11.6 99.0 99.00
2018 06 07 09 50  15  2.6  2.9  0.05 99.00  3.14 999 1014.1  12.3  11.2  10.9 99.0 99.00
2018 06 07 10 50  11  2.5  3.1  0.05 99.00  3.17 999 1014.8  11.5  11.2  10.1 99.0 99.00
2018 06 07 11 50  22  1.4  1.6  0.05 99.00  3.08 999 1015.4  11.8  11.2  10.1 99.0 99.00
2018 06 07 12 50  45  1.5  1.6  0.05 99.00  3.10 999 1015.7  12.4  11.3  10.5 99.0 99.00
2018 06 07 13 50  31  1.5  1.7  0.05 99.00  2.94 999 1016.5  13.1  11.7  11.0 99.0 99.00
2018 06 07 14 50  27  1.7  2.2  0.05 99.00  3.11 999 1016.9  13.0  12.0  11.3 99.0 99.00
2018 06 07 15 50  28  1.5  2.0  0.06 99.00  3.65 999 1017.2  13.9  13.6  11.7 99.0 99.00
2018 06 07 16 50  27  1.7  1.9  0.04 99.00  2.88 999 1017.0  13.8  13.3  11.9 99.0 99.00
2018 06 07 17 50  16  2.5  3.0  0.05 99.00  3.06 999 1017.0  14.2  13.8  12.4 99.0 99.00
2018 06 07 18 50   6  5.1  6.1  0.08 99.00  4.07 999 1017.5  13.0  13.3  12.0 99.0 99.00
2018 06 07 19 50  12  6.5  7.8  0.12 99.00  2.26 999 1017.7  12.0  12.7  11.3 99.0 99.00
2018 06 07 20 50  14  6.5  7.7  0.31  2.60  2.54  31 1018.3  12.1  12.4  10.8 99.0 99.00
2018 06 07 21 50  14  6.9  7.9  0.36  2.86  2.72  37 1018.4  12.1  12.4  10.6 99.0 99.00
2018 06 07 22 50  17  6.5  7.7  0.34  2.74  2.68  39 1018.6  12.1  12.2  10.5 99.0 99.00
2018 06 07 23 50  23  7.7  9.1  0.41  2.94  2.74  45 1017.8  12.0  12.1  10.4 99.0 99.00
2018 06 08 00 50  24  7.8  9.7  0.47  3.03  2.91  43 1018.0  12.9  11.9  10.2 99.0 99.00
2018 06 08 01 50  22  8.3  9.5  0.60  3.45  3.11  43 1018.5  12.9  11.7   9.9 99.0 99.00
2018 06 08 02 50  24  6.3  7.2  0.66  3.70  3.36  54 1019.2  12.5  11.6   9.7 99.0 99.00
2018 06 08 03 50  24  4.9  5.6  0.56  3.85  3.35  45 1019.5  12.3  11.6   9.7 99.0 99.00
2018 06 08 04 50  21  6.5  7.4  0.48  3.70  3.25  41 1019.3  12.8  11.6  10.0 99.0 99.00
2018 06 08 05 50  21  4.7  5.7  0.39  3.85  3.24  50 1019.8  12.0  11.6   9.9 99.0 99.00
2018 06 08 06 50  20  4.8  5.8  0.37  4.00  3.15  48 1019.5  11.6  11.6   9.9 99.0 99.00
2018 06 08 07 50  30  5.4  6.3  0.36  3.85  3.14  38 1019.4  12.0  11.6  10.3 99.0 99.00
2018 06 08 08 50  33  5.3  6.0  0.34  3.70  3.07  40 1019.6  12.1  11.6  10.4 99.0 99.00
2018 06 08 09 50  31  6.2  7.0  0.35  3.85  3.01  35 1019.9  12.5  11.6  10.7 99.0 99.00
2018 06 08 10 50  36  5.6  6.5  0.38  3.03  2.99  37 1020.5  12.4  11.6  10.8 99.0 99.00
2018 06 08 11 50  41  5.6  6.5  0.34  3.03  2.94  44 1020.9  12.2  11.7  10.7 99.0 99.00
2018 06 08 12 50  36  5.1  5.8  0.33  3.03  2.92  34 1021.1  12.0  11.7  10.6 99.0 99.00
2018 06 08 13 50  33  4.7  5.4  0.31  2.86  2.91  35 1020.9  12.0  11.8  10.7 99.0 99.00
2018 06 08 14 50  19  3.0  3.4  0.29  2.74  2.98  34 1021.5  12.4  11.9  11.0 99.0 99.00
2018 06 08 15 50 330  3.7  4.4  0.25 99.00  2.90 999 1022.2  11.5  11.9  10.4 99.0 99.00
2018 06 08 16 50 308  3.7  4.2  0.25 99.00  2.94 999 1022.3  10.9  12.0   9.7 99.0 99.00
2018 06 08 17 50  17  5.0  6.0  0.25 99.00  2.90 999 1021.6  11.2  12.1   9.9 99.0 99.00
2018 06 08 18 50 351  4.3  5.1  0.30  3.33  2.84  22 1021.4  11.5  12.0  10.2 99.0 99.00
2018 06 08 19 50  25  6.2  7.0  0.28  3.23  2.81  17 1019.7  11.5  12.0  10.1 99.0 99.00
2018 06 08 20 50   5  3.4  4.3  0.34  3.45  2.87  21 1020.2  12.4  12.0  10.5 99.0 99.00
2018 06 08 21 50 315  2.3  3.2  0.31  3.13  2.95  28 1020.2  12.3  12.1  10.4 99.0 99.00
2018 06 08 22 50 281  1.7  2.3  0.25 99.00  2.98 999 1019.9  12.1  12.1  10.2 99.0 99.00
2018 06 08 23 50 318  2.8  3.4  0.23 99.00  3.00 999 1019.8  11.3  12.1  10.0 99.0 99.00
2018 06 09 00 50 298  3.9  5.2  0.27  3.23  3.11  12 1020.1  11.3  12.1   9.8 99.0 99.00
2018 06 09 01 50 336  3.0  3.5  0.28  3.45  3.19  14 1020.4  11.1  12.1   9.4 99.0 99.00
2018 06 09 02 50 342  3.1  3.8  0.25  3.70  3.14  10 1020.3  11.4  12.1   9.7 99.0 99.00
2018 06 09 03 50 360  1.3  1.7  0.29  3.70  3.28  13 1020.0  11.3  12.1   9.3 99.0 99.00
2018 06 09 04 50   4  1.1  1.6  0.32  3.70  3.35  28 1019.6  11.5  12.1   9.6 99.0 99.00
2018 06 09 05 50 354  1.7  2.3  0.29  3.57  3.25  22 1019.1  11.4  12.2   9.9 99.0 99.00
2018 06 09 06 50  35  3.1  3.5  0.29  3.57  3.15  19 1018.9  11.7  12.3  10.3 99.0 99.00
2018 06 09 07 50  65  2.2  4.3  0.30  3.57  3.05  23 1018.5  11.6  12.3  10.7 99.0 99.00
2018 06 09 08 50  46  1.9  2.3  0.31  3.57  3.20  21 1018.0  12.3  12.3  11.3 99.0 99.00
2018 06 09 09 50  40  3.7  4.8  0.28  3.70  3.34  28 1017.5  12.3  12.2  11.7 99.0 99.00
2018 06 09 10 50  67  3.9  4.6  0.27  3.85  3.28  25 1017.7  13.4  12.2  13.0 99.0 99.00
2018 06 09 11 50 314  2.3  2.7  0.26  3.57  3.25  23 1018.7  12.6  12.2  12.1 99.0 99.00
2018 06 09 12 50  41  2.2  2.7  0.24 99.00  3.20 999 1017.4  12.6  12.2  12.1 99.0 99.00
2018 06 09 13 50  24  3.7  4.6  0.23 99.00  3.11 999 1017.7  12.2  12.2  12.0 99.0 99.00
2018 06 09 14 50  58  2.2  2.7  0.23 99.00  3.16 999 1017.3  12.6  12.2  12.4 99.0 99.00
2018 06 09 15 50  50  3.7  4.6  0.20 99.00  3.05 999 1016.8  12.8  12.2  12.6 99.0 99.00
2018 06 09 16 50  42  1.4  2.2  0.20 99.00  2.95 999 1017.3  13.4  12.2  13.3 99.0 99.00
2018 06 09 17 50  38  2.0  2.4  0.21 99.00  2.97 999 1017.1  13.9  12.4  13.8 99.0 99.00
2018 06 09 18 50  67  1.4  1.9  0.27  3.23  3.09  57 1016.2  14.3  12.7  14.1 99.0 99.00
2018 06 09 19 50 329  3.4  3.7  0.27  3.13  3.19  37 1015.9  13.6  13.0  13.4 99.0 99.00
2018 06 09 20 50  41  3.3  3.7  0.24 99.00  3.13 999 1014.7  13.4  12.9  13.2 99.0 99.00
2018 06 09 21 50  35  2.5  3.6  0.24 99.00  3.17 999 1014.8  13.8  13.0  13.6 99.0 99.00
2018 06 09 22 50   6  1.7  2.0  0.19 99.00  3.04 999 1015.1  13.4  13.1  13.3 99.0 99.00
2018 06 09 23 50 360  2.8  3.2  0.19 99.00  2.95 999 1015.5  13.7  13.2  13.6 99.0 99.00
2018 06 10 00 50  46  2.2  3.0  0.18 99.00  2.95 999 1015.3  13.5  13.1  13.4 99.0 99.00
2018 06 10 01 50  51  4.9  5.6  0.17 99.00  2.78 999 1015.0  14.4  13.1  14.3 99.0 99.00
2018 06 10 02 50  65  3.8  4.9  0.20 99.00  2.80 999 1015.3  14.6  13.0  14.4 99.0 99.00
2018 06 10 03 50  57  4.1  4.6  0.19 99.00  2.71 999 1014.6  14.5  12.8  14.3 99.0 99.00
2018 06 10 04 50  44  3.4  3.7  0.19 99.00  2.77 999 1014.8  13.7  12.7  13.6 99.0 99.00
2018 06 10 05 50  61  6.1  7.3  0.19 99.00  2.74 999 1013.5  14.6  12.8  14.5 99.0 99.00
2018 06 10 06 50  91  6.6  7.5  0.28  2.74  2.65  77 1013.3  15.2  12.9  14.7 99.0 99.00
2018 06 10 07 50  95  6.1  7.2  0.32  2.74  2.67  82 1012.8  15.1  13.0  14.6 99.0 99.00
2018 06 10 08 50  90  4.8  5.4  0.31  3.03  2.76  77 1013.1  14.5  13.1  14.2 99.0 99.00
2018 06 10 09 50  91  5.9  6.6  0.36  3.33  2.92  71 1012.5  14.6  13.1  13.8 99.0 99.00
2018 06 10 10 50  82  1.9  4.2  0.40  3.85  3.15  51 1013.5  14.6  13.0  13.9 99.0 99.00
2018 06 10 11 50  80  7.9  8.7  0.45  3.85  3.23  79 1011.6  14.0  13.0  13.6 99.0 99.00
2018 06 10 12 50  86 11.1 13.0  0.75  4.35  3.47  89 1009.4  14.3  13.1  13.8 99.0 99.00
2018 06 10 13 50  94  5.9  7.2  0.85  4.17  3.52  97 1011.3  14.3  13.0  13.5 99.0 99.00
2018 06 10 14 50  86  2.5  3.6  0.67  4.35  3.58  92 1012.2  13.9  13.4  13.3 99.0 99.00
2018 06 10 15 50  43  3.2  3.7  0.73  4.17  3.71 115 1012.3  13.5  13.5  13.1 99.0 99.00
2018 06 10 16 50  33  3.9  4.7  0.69  4.35  3.86 116 1012.3  13.6  13.5  13.3 99.0 99.00
2018 06 10 17 50  37  4.6  5.5  0.66  4.35  3.85 118 1012.4  13.6  13.5  13.4 99.0 99.00
2018 06 10 18 50  47  4.9  6.1  0.58  4.35  3.69 122 1012.3  13.9  13.6  13.7 99.0 99.00
2018 06 10 19 50  51  6.0  6.7  0.49  4.00  3.43 124 1011.2  14.3  13.5  14.1 99.0 99.00
2018 06 10 21 50  61  6.5  7.4  0.36  3.45  2.98 106 1011.0  15.1  13.4  14.9 99.0 99.00
2018 06 10 22 50  52  5.0  5.6  0.32  3.13  2.83 107 1011.5  14.7  13.4  14.6 99.0 99.00
2018 06 10 23 50  51  5.8  6.5  0.28  2.86  2.72 110 1012.2  14.6  13.5  14.2 99.0 99.00
2018 06 11 00 50  69  7.6  8.7  0.35  2.47  2.65  83 1011.4  15.5  13.5  14.9 99.0 99.00
2018 06 11 01 50  66  7.0  7.8  0.37  2.86  2.77  88 1011.6  14.9  13.5  14.2 99.0 99.00
2018 06 11 02 50  66  6.5  7.5  0.40  2.86  2.85  84 1012.6  15.0  13.4  13.9 99.0 99.00
2018 06 11 03 50  89  2.1  2.4  0.46  3.70  3.21  95 1013.4  13.9  13.4  13.2 99.0 99.00
2018 06 11 04 50  63  3.6  4.3  0.42  3.57  3.26  76 1013.4  14.0  13.5  13.2 99.0 99.00
2018 06 11 05 50  51  5.1  5.8  0.40  3.33  3.20  75 1012.9  13.9  13.4  13.0 99.0 99.00
2018 06 11 06 50  46  4.3  5.0  0.39  3.23  3.30  82 1012.9  13.6  13.4  12.6 99.0 99.00
2018 06 11 07 50  54  5.1  5.8  0.36  4.17  3.27   1 1012.8  13.8  13.5  12.4 99.0 99.00
2018 06 11 08 50  56  5.2  6.0  0.35  4.00  3.26   1 1012.4  13.9  13.5  12.5 99.0 99.00
2018 06 11 09 50  51  6.3  7.0  0.35  3.23  3.05  49 1012.5  14.1  13.5  12.7 99.0 99.00
2018 06 11 10 50  68  5.0  5.8  0.40  3.13  3.16  81 1013.7  14.3  13.5  12.5 99.0 99.00
2018 06 11 11 50  71  5.8  6.5  0.41  3.45  3.16  41 1013.6  14.5  13.4  12.3 99.0 99.00
2018 06 11 12 50  66  6.6  7.5  0.45  3.57  3.25  70 1013.5  14.8  13.4  12.1 99.0 99.00
2018 06 11 13 50  71  4.6  5.0  0.58  3.85  3.40  77 1014.4  14.4  13.5  12.3 99.0 99.00
2018 06 11 14 50  62  4.2  4.8  0.59  4.00  3.63  72 1014.4  14.5  13.5  12.6 99.0 99.00
2018 06 11 15 50  73  3.1  3.7  0.51  3.85  3.49  81 1014.5  14.8  13.5  13.0 99.0 99.00
2018 06 11 16 50  68  2.9  3.4  0.56  4.00  3.56  89 1014.4  15.1  13.5  13.5 99.0 99.00
2018 06 11 17 50  65  3.8  4.3  0.52  3.85  3.56  86 1014.1  15.4  13.7  13.8 99.0 99.00
2018 06 11 18 50  44  2.8  3.3  0.45  3.57  3.36  91 1014.0  15.8  14.1  14.3 99.0 99.00
2018 06 11 19 50  52  1.8  2.2  0.40  3.45  3.34  90 1013.9  16.3  14.6  14.5 99.0 99.00
2018 06 11 20 50  14  1.3  1.6  0.36  3.33  3.23  83 1013.5  15.7  15.0  14.3 99.0 99.00
2018 06 11 21 50 357  3.2  3.7  0.30  3.13  3.22  92 1013.9  15.4  14.8  14.1 99.0 99.00
2018 06 11 22 50  14  1.9  2.3  0.25  2.86  3.10 106 1014.2  14.5  14.6  13.2 99.0 99.00
2018 06 11 23 50   5  2.8  3.6  0.24 99.00  3.13 999 1014.3  14.3  14.6  12.9 99.0 99.00
2018 06 12 00 50  25  4.1  5.1  0.24 99.00  3.14 999 1013.9  14.2  14.4  12.7 99.0 99.00
2018 06 12 01 50  19  3.7  4.5  0.29  3.23  3.10 149 1014.4  13.8  14.3  12.5 99.0 99.00
2018 06 12 02 50  49  4.7  5.4  0.26  3.13  2.96 126 1013.7  14.7  14.1  13.1 99.0 99.00
2018 06 12 03 50  52  3.9  4.7  0.24 99.00  2.94 999 1014.4  15.2  14.0  13.3 99.0 99.00
2018 06 12 04 50  76  3.6  4.2  0.23 99.00  2.97 999 1014.9  15.2  14.0  13.9 99.0 99.00
2018 06 12 05 50  77  4.0  4.8  0.20 99.00  3.07 999 1014.7  15.8  14.1  14.9 99.0 99.00
2018 06 12 06 50 108  6.1  7.3  0.19 99.00  3.03 999 1014.2  16.4  14.1  15.6 99.0 99.00
2018 06 12 07 50 114  6.0  6.8  0.22 99.00  2.62 999 1013.5  16.3  14.0  15.6 99.0 99.00
2018 06 12 08 50 115  4.8  5.4 99.00 99.00 99.00 999 1013.1  15.8  14.0  15.3 99.0 99.00
2018 06 12 09 50 105  3.8  4.4  0.29  2.60  2.70 126 1013.0  15.4  14.0  15.1 99.0 99.00
2018 06 12 10 50  92  3.7  4.5  0.35  3.23  3.08 136 1013.1  15.2  13.9  14.9 99.0 99.00
2018 06 12 11 50  92  5.4  6.0  0.45  3.57  3.27 118 1013.2  15.6  13.9  15.2 99.0 99.00
2018 06 12 12 50 104  4.6  5.4  0.41  3.45  3.13 112 1013.6  15.9  13.9  15.3 99.0 99.00
2018 06 12 13 50 107  4.5  5.3  0.31  3.33  2.97 120 1013.7  15.7  14.1  15.3 99.0 99.00
2018 06 12 14 50  98  3.4  3.8  0.28  3.03  2.91 116 1014.1  15.7  14.2  15.3 99.0 99.00
2018 06 12 15 50  96  3.8  4.3  0.27  3.13  3.00 125 1013.6  15.7  14.3  15.2 99.0 99.00
2018 06 12 16 50 104  4.0  4.5  0.24 99.00  2.94 999 1012.9  16.2  14.4  15.5 99.0 99.00
2018 06 12 17 50 111  3.0  3.3  0.19 99.00  2.82 999 1012.8  16.3  14.5  15.7 99.0 99.00
2018 06 12 18 50 119  4.1  4.5  0.19 99.00  2.82 999 1012.6  16.7  14.6  16.0 99.0 99.00
2018 06 12 19 50 126  2.2  2.7  0.15 99.00  2.87 999 1012.5  16.7  14.7  16.2 99.0 99.00
2018 06 12 20 50 145  1.5  1.9  0.14 99.00  2.79 999 1012.2  17.3  15.0  16.8 99.0 99.00
2018 06 12 21 50  98  1.6  1.8  0.13 99.00  2.93 999 1011.3  17.9  15.6  17.1 99.0 99.00
2018 06 12 22 50  90  1.4  1.6  0.12 99.00  2.84 999 1011.2  18.2  15.8  17.3 99.0 99.00
2018 06 12 23 50 122  0.8  1.0  0.11 99.00  2.85 999 1011.3  18.1  16.0  17.3 99.0 99.00
2018 06 13 00 50 135  1.0  1.2  0.10 99.00  2.96 999 1011.0  18.2  15.7  17.6 99.0 99.00
2018 06 13 01 50 147  1.9  2.0  0.11 99.00  3.09 999 1011.0  17.7  15.6  17.5 99.0 99.00
2018 06 13 02 50 167  1.7  1.8  0.09 99.00  2.98 999 1011.3  16.7  15.2  16.6 99.0 99.00
2018 06 13 03 50 178  2.2  2.4  0.08 99.00  3.02 999 1011.2  15.9  15.0  15.8 99.0 99.00
2018 06 13 04 50 211  2.5  2.7  0.07 99.00  3.10 999 1011.0  15.2  14.6  15.1 99.0 99.00
2018 06 13 05 50 226  2.9  3.4  0.06 99.00  3.05 999 1010.9  14.0  14.4  13.9 99.0 99.00
2018 06 13 06 50 229  3.1  3.6  0.07 99.00  3.29 999 1010.9  14.0  14.3  13.9 99.0 99.00
2018 06 13 07 50 202  3.9  4.6  0.06 99.00  3.18 999 1009.9  14.1  14.3  14.0 99.0 99.00
2018 06 13 08 50 223  4.7  5.4  0.05 99.00  3.12 999 1010.0  14.4  14.3  14.3 99.0 99.00
2018 06 13 09 50 244  4.2  4.8  0.06 99.00  2.77 999 1009.7  14.7  14.4  14.6 99.0 99.00
2018 06 13 10 50 253  5.0  5.7  0.07 99.00  2.60 999 1010.4  14.8  14.3  14.7 99.0 99.00
2018 06 13 11 50 253  5.4  6.3  0.15 99.00  2.25 999 1010.8  14.9  14.3  14.8 99.0 99.00
2018 06 13 12 50 254  7.1  8.1  0.17 99.00  2.36 999 1011.5  15.3  14.2  15.2 99.0 99.00
2018 06 13 13 50 261  5.2  5.7  0.27  2.47  2.48 216 1012.4  15.2  14.2  15.1 99.0 99.00
2018 06 13 14 50 305  7.1  8.2  0.21 99.00  2.47 999 1012.9  15.3  14.1  14.8 99.0 99.00
2018 06 13 15 50 299  5.4  6.2 99.00 99.00 99.00 999 1013.7  15.2  14.1  12.9 99.0 99.00
2018 06 13 16 50 312  4.6  5.4  0.23 99.00  2.46 999 1014.4  15.7  14.1  11.9 99.0 99.00
2018 06 13 17 50 325  6.2  6.8 99.00 99.00 99.00 999 1014.4  15.7  14.0  11.5 99.0 99.00
2018 06 13 18 50 329  4.5  5.1 99.00 99.00 99.00 999 1014.8  15.9  13.9  11.4 99.0 99.00
2018 06 13 19 50 349  2.7  3.2  0.19 99.00  2.41 999 1015.1  16.2  14.1  11.5 99.0 99.00
2018 06 13 20 50 298  1.8  2.5  0.13 99.00  2.42 999 1015.2  16.2  14.7  12.0 99.0 99.00
2018 06 13 21 50  23  2.4  2.8  0.14 99.00  2.79 999 1015.0  17.7  16.2  11.2 99.0 99.00
2018 06 13 22 50 333  0.6  0.9  0.13 99.00  2.74 999 1015.2  18.5  16.2  12.1 99.0 99.00
2018 06 13 23 50 165  2.4  3.1  0.15 99.00  3.00 999 1015.2  17.8  16.2  13.0 99.0 99.00
2018 06 14 00 50 163  2.5  3.7  0.15 99.00  3.32 999 1015.2  17.4  16.0  14.4 99.0 99.00
2018 06 14 01 50 156  2.4  2.9  0.16 99.00  3.32 999 1015.4  16.9  15.7  13.5 99.0 99.00
2018 06 14 02 50 186  2.6  3.0  0.14 99.00  3.26 999 1016.1  16.2  15.5  14.5 99.0 99.00
2018 06 14 03 50 206  2.2  2.5  0.14 99.00  3.25 999 1016.5  15.9  15.1  13.2 99.0 99.00
2018 06 14 04 50 219  4.4  4.9  0.12 99.00  3.16 999 1016.8  15.9  15.1  12.1 99.0 99.00
2018 06 14 05 50 211  4.4  5.0  0.24 99.00  2.50 999 1016.5  16.6  14.9  11.6 99.0 99.00
2018 06 14 06 50 219  5.8  6.8  0.12 99.00  2.72 999 1016.8  16.2  14.9  11.6 99.0 99.00
2018 06 14 07 50 223  4.1  4.6  0.11 99.00  2.64 999 1016.9  15.8  14.9  11.6 99.0 99.00
2018 06 14 08 50 230  3.5  4.1  0.12 99.00  2.78 999 1017.0  15.2  14.7  11.3 99.0 99.00
2018 06 14 09 50 262  4.2  4.7  0.12 99.00  3.00 999 1017.4  14.9  14.5  11.6 99.0 99.00
2018 06 14 10 50 284  3.7  4.0  0.09 99.00  2.90 999 1017.8  14.8  14.3  11.5 99.0 99.00
2018 06 14 11 50 302  2.9  3.2  0.07 99.00  2.77 999 1017.9  14.7  14.0  11.3 99.0 99.00
2018 06 14 12 50 246  1.2  1.4  0.06 99.00  2.86 999 1017.9  14.4  14.0  11.8 99.0 99.00
2018 06 14 13 50 254  1.2  1.4  0.07 99.00  3.17 999 1018.4  14.6  14.2  11.6 99.0 99.00
2018 06 14 14 50 240  0.8  1.0  0.07 99.00  3.46 999 1018.3  14.9  14.6  12.2 99.0 99.00
2018 06 14 15 50 224  0.9  1.2  0.09 99.00  3.29 999 1018.8  15.0  15.0  12.6 99.0 99.00
2018 06 14 16 50 215  2.1  2.8  0.07 99.00  3.25 999 1019.0  15.2  15.2  12.9 99.0 99.00
2018 06 14 17 50 237  1.5  1.7  0.07 99.00  2.91 999 1019.0  16.1  15.5  12.9 99.0 99.00
2018 06 14 18 50 311  0.5  0.7  0.09 99.00  3.79 999 1018.4  16.6  16.1  12.8 99.0 99.00
2018 06 14 19 50 294  0.5  0.7  0.07 99.00  3.28 999 1018.4  16.9  16.5  13.7 99.0 99.00
2018 06 14 20 50  61  0.6  1.2  0.06 99.00  3.22 999 1018.1  17.9  17.1  14.0 99.0 99.00
2018 06 14 21 50  81  1.4  1.8  0.07 99.00  3.37 999 1017.5  17.8  17.3  15.9 99.0 99.00
2018 06 14 22 50 111  1.5  1.7  0.08 99.00  3.55 999 1016.7  17.9  17.4  15.4 99.0 99.00
2018 06 14 23 50  96  2.3  2.6  0.05 99.00  2.91 999 1016.2  18.0  17.3  15.6 99.0 99.00
2018 06 15 00 50 114  1.8  2.1  0.05 99.00  3.59 999 1015.8  17.5  16.9  14.9 99.0 99.00
2018 06 15 01 50 122  1.3  1.6  0.04 99.00  3.32 999 1015.7  17.3  16.6  14.6 99.0 99.00
2018 06 15 02 50  72  1.5  1.6  0.05 99.00  3.38 999 1016.7  17.2  16.4  15.4 99.0 99.00
2018 06 15 03 50  71  1.5  1.8  0.04 99.00  3.33 999 1017.2  16.8  16.2  15.7 99.0 99.00
2018 06 15 04 50  64  1.8  2.0  0.06 99.00  3.17 999 1017.5  16.8  16.0  15.1 99.0 99.00
2018 06 15 05 50  73  2.4  2.7  0.04 99.00  3.22 999 1017.6  16.8  16.0  14.8 99.0 99.00
2018 06 15 06 50  86  2.5  2.7  0.04 99.00  2.97 999 1017.6  17.2  15.9  13.9 99.0 99.00
2018 06 15 07 50  80  2.8  3.3  0.04 99.00  2.82 999 1017.7  17.0  15.7  14.4 99.0 99.00
2018 06 15 08 50  86  2.9  3.4  0.04 99.00  2.80 999 1017.6  16.8  15.6  14.1 99.0 99.00
2018 06 15 09 50  98  3.0  3.3  0.04 99.00  2.95 999 1017.5  16.8  15.6  14.5 99.0 99.00
2018 06 15 10 50 127  4.1  4.8  0.04 99.00  3.12 999 1016.3  17.2  15.7  14.2 99.0 99.00
2018 06 15 11 50 153  3.9  4.5  0.05 99.00  3.67 999 1016.6  17.2  15.5  14.6 99.0 99.00
2018 06 15 12 50 127  4.3  4.7  0.05 99.00  3.74 999 1016.4  16.9  15.5  14.6 99.0 99.00
2018 06 15 13 50 157  3.1  3.4  0.03 99.00  3.39 999 1017.3  17.2  15.5  14.6 99.0 99.00
2018 06 15 14 50 118  3.5  4.0  0.03 99.00  3.79 999 1016.9  17.0  15.8  15.0 99.0 99.00
2018 06 15 15 50  89  0.4  0.9  0.05 99.00  3.42 999 1017.7  17.7  16.1  14.9 99.0 99.00
2018 06 15 16 50 137  5.0  5.6  0.05 99.00  2.33 999 1016.0  17.6  16.1  14.9 99.0 99.00
2018 06 15 17 50  91  4.3  4.9  0.05 99.00  2.34 999 1016.1  17.7  15.7  15.5 99.0 99.00
2018 06 15 18 50  91  3.3  3.7  0.09 99.00  3.07 999 1015.9  17.4  15.7  15.3 99.0 99.00
2018 06 15 19 50 147  2.4  2.6  0.11 99.00  2.59 999 1015.8  18.2  15.4  15.3 99.0 99.00
2018 06 15 20 50  84  3.0  3.3  0.10 99.00  2.61 999 1015.4  18.4  15.7  15.7 99.0 99.00
2018 06 15 21 50  74  2.6  3.4  0.09 99.00  2.68 999 1014.8  18.4  15.7  15.8 99.0 99.00
2018 06 15 22 50  64  4.3  5.1  0.09 99.00  2.55 999 1013.9  17.5  15.4  15.2 99.0 99.00
2018 06 15 23 50 123  4.2  4.5  0.13 99.00  2.41 999 1012.3  17.5  15.4  15.4 99.0 99.00
2018 06 16 00 50 125  3.5  3.9  0.15 99.00  2.53 999 1012.0  18.3  15.6  15.4 99.0 99.00
2018 06 16 01 50 122  3.9  4.2  0.17 99.00  2.61 999 1012.7  18.8  15.3  15.3 99.0 99.00
2018 06 16 02 50 130  5.5  6.0  0.14 99.00  2.55 999 1013.1  19.4  15.3  15.3 99.0 99.00
2018 06 16 03 50 150  5.5  6.2  0.12 99.00  2.67 999 1013.4  19.5  15.4  15.3 99.0 99.00
2018 06 16 04 50 165  4.2  5.1  0.13 99.00  2.38 999 1013.5  18.8  15.4  16.1 99.0 99.00
2018 06 16 05 50  10  2.4  3.5  0.26  2.60  2.52  31 1015.4  17.6  15.4  17.2 99.0 99.00
2018 06 16 06 50 173  2.7  3.9  0.31  3.13  2.90  17 1014.8  18.6  15.5  18.4 99.0 99.00
2018 06 16 07 50 183  5.9  6.6  0.23 99.00  2.92 999 1014.0  18.5  15.5  17.5 99.0 99.00
2018 06 16 08 50 196 10.1 12.4  0.29  2.25  2.45 168 1013.3  17.6  15.5  17.2 99.0 99.00
2018 06 16 09 50 170  7.1  9.0  0.55  2.74  2.77 171 1013.1  17.9  15.1  17.1 99.0 99.00
2018 06 16 10 50 220  6.5 10.4  0.43  2.86  2.80 158 1014.6  18.6  15.1  16.5 99.0 99.00
2018 06 16 11 50 223  4.3  4.7  0.37  3.03  2.80 154 1014.0  15.8  14.8  15.1 99.0 99.00
2018 06 16 12 50 347  0.9  3.4  0.31  2.74  2.74 158 1014.9  15.6  13.9  14.8 99.0 99.00
2018 06 16 13 50  87  3.6  7.3  0.33  2.74  2.86  81 1016.3  18.2  13.5  15.7 99.0 99.00
2018 06 16 14 50 120  4.7  5.5  0.37  3.33  3.01 120 1015.6  18.7  13.8  15.7 99.0 99.00
2018 06 16 15 50 126  8.1  9.3  0.38  3.03  2.91  56 1015.1  18.9  13.9  16.2 99.0 99.00
2018 06 16 16 50 131  4.8  5.3  0.45  3.33  3.01 160 1015.5  18.4  13.7  15.4 99.0 99.00
2018 06 16 17 50 116  2.0  2.5  0.39  4.00  3.19 191 1015.3  19.4  13.9  15.6 99.0 99.00
2018 06 16 18 50 245  1.3  1.7  0.34  3.70  3.12 209 1015.7  18.8  14.4  15.6 99.0 99.00
2018 06 16 19 50 199  2.5  3.0  0.28  3.03  2.94 100 1014.9  18.8  15.2  16.1 99.0 99.00
2018 06 16 20 50 180  3.2  3.6  0.20 99.00  2.90 999 1014.6  17.9  15.4  15.7 99.0 99.00
2018 06 16 21 50 186  3.2  3.4  0.14 99.00  2.89 999 1014.0  18.9  15.6  15.8 99.0 99.00
2018 06 16 22 50 179  3.7  4.0  0.12 99.00  2.84 999 1014.0  19.5  15.9  16.1 99.0 99.00
2018 06 16 23 50 176  3.5  3.7  0.10 99.00  2.84 999 1013.6  19.2  15.8  16.2 99.0 99.00
2018 06 17 00 50 140  3.4  3.7  0.09 99.00  2.98 999 1014.0  19.8  15.7  17.1 99.0 99.00
2018 06 17 01 50 170  5.1  5.4  0.09 99.00  3.11 999 1013.5  21.0  15.3  18.4 99.0 99.00
2018 06 17 02 50 124  5.1  5.9  0.08 99.00  2.98 999 1013.7  19.5  15.2  17.8 99.0 99.00
2018 06 17 03 50 142  6.1  6.8  0.11 99.00  2.54 999 1013.1  19.4  15.1  17.6 99.0 99.00
2018 06 17 04 50 122  2.8  3.1 99.00 99.00 99.00 999 1013.5  18.1  14.8  17.2 99.0 99.00
2018 06 17 05 50 155  1.5  3.0  0.22 99.00  2.46 999 1014.2  18.5  14.8  17.1 99.0 99.00
2018 06 17 06 50 163  3.5  4.0  0.24 99.00  2.57 999 1014.4  17.6  14.6  16.5 99.0 99.00
2018 06 17 07 50 188  3.9  4.2  0.20 99.00  2.68 999 1014.5  17.2  14.4  16.4 99.0 99.00
2018 06 17 08 50 186  4.7  5.1  0.17 99.00  2.61 999 1014.5  17.1  14.2  16.3 99.0 99.00
2018 06 17 09 50 192  4.8  5.2  0.16 99.00  2.58 999 1015.0  17.3  14.2  16.5 99.0 99.00
2018 06 17 10 50 177  3.6  3.9  0.16 99.00  2.57 999 1015.1  16.9  14.1  16.0 99.0 99.00
2018 06 17 11 50 171  4.5  5.0  0.14 99.00  2.55 999 1014.8  16.6  14.0  15.9 99.0 99.00
2018 06 17 12 50 171  4.5  5.0  0.21 99.00  2.55 999 1015.6  16.8  14.0  16.0 99.0 99.00
2018 06 17 13 50 170  5.1  5.6  0.20 99.00  2.62 999 1015.9  17.3  14.2  16.4 99.0 99.00
2018 06 17 14 50 168  5.4  5.9  0.21 99.00  2.65 999 1016.0  17.2  14.4  16.4 99.0 99.00
2018 06 17 15 50 175  5.7  6.6  0.20 99.00  2.53 999 1015.9  17.7  14.6  16.9 99.0 99.00
2018 06 17 16 50 170  5.8  6.4  0.21 99.00  2.56 999 1015.7  18.0  14.7  17.2 99.0 99.00
2018 06 17 17 50 175  5.2  5.5  0.24 99.00  2.64 999 1015.5  18.2  14.9  17.1 99.0 99.00
2018 06 17 18 50 183  5.2  5.7  0.24 99.00  2.61 999 1015.2  18.4  15.0  17.0 99.0 99.00
2018 06 17 19 50 172  5.6  6.1  0.21 99.00  2.59 999 1014.8  19.4  15.1  17.6 99.0 99.00
2018 06 17 20 50 177  5.2  5.7  0.18 99.00  2.49 999 1014.4  20.0  15.2  18.0 99.0 99.00
2018 06 17 21 50 174  5.1  5.4  0.16 99.00  2.62 999 1013.9  19.7  15.1  17.4 99.0 99.00
2018 06 17 22 50 173  6.3  6.8  0.14 99.00  2.53 999 1013.0  19.8  15.0  17.6 99.0 99.00
2018 06 17 23 50 184  6.5  7.2  0.23 99.00  2.52 999 1012.6  19.8  14.8  17.2 99.0 99.00
2018 06 18 00 50 200  5.5  6.1  0.18 99.00  2.49 999 1012.8  18.9  14.8  16.6 99.0 99.00
2018 06 18 01 50 205  5.5  6.1  0.18 99.00  2.53 999 1013.4  19.2  15.1  16.8 99.0 99.00
2018 06 18 02 50 207  4.7  5.1  0.17 99.00  2.64 999 1014.0  18.4  14.8  16.5 99.0 99.00
2018 06 18 03 50 203  5.3  5.9  0.17 99.00  2.63 999 1014.1  18.7  14.3  16.9 99.0 99.00
2018 06 18 04 50 201  5.1  5.6 99.00 99.00 99.00 999 1013.9  18.1  14.0  16.9 99.0 99.00
2018 06 18 05 50 191  5.1  5.5  0.21 99.00  2.69 999 1013.8  17.7  13.9  16.3 99.0 99.00
2018 06 18 06 50 197  5.8  6.3  0.23 99.00  2.64 999 1013.4  18.1  14.0  16.4 99.0 99.00
2018 06 18 07 50 189  5.8  6.4  0.23 99.00  2.73 999 1013.0  17.8  14.2  16.3 99.0 99.00
2018 06 18 08 50 195  5.7  6.3  0.27  2.94  2.76 172 1012.9  17.8  14.3  16.5 99.0 99.00
2018 06 18 09 50 203  5.7  6.5  0.31  2.86  2.80 170 1012.9  17.8  14.4  16.7 99.0 99.00
2018 06 18 10 50 205  4.8  5.3  0.30  3.13  2.84 164 1013.2  17.8  14.4  16.9 99.0 99.00
2018 06 18 11 50 213  3.0  4.4  0.30  3.23  2.88 151 1013.7  17.0  14.5  16.3 99.0 99.00
2018 06 18 12 50 208  5.8  6.4  0.30  3.03  2.84 162 1013.6  18.2  14.7  17.2 99.0 99.00
2018 06 18 13 50 209  5.7  6.3  0.33  3.13  2.89 158 1014.0  17.8  14.8  16.9 99.0 99.00
2018 06 18 14 50 210  5.0  5.5  0.28  3.13  2.79 149 1014.0  17.5  14.8  16.6 99.0 99.00
2018 06 18 15 50 212  6.1  6.6  0.29  3.45  2.90 142 1013.7  18.5  14.9  17.3 99.0 99.00
2018 06 18 16 50 219  5.6  6.6  0.24 99.00  2.83 999 1013.4  18.9  14.9  17.7 99.0 99.00
2018 06 18 17 50 197  4.1  4.7  0.24 99.00  2.73 999 1013.3  18.0  14.9  17.0 99.0 99.00
2018 06 18 18 50 190  4.2  4.6  0.23 99.00  2.93 999 1012.8  17.7  15.0  16.7 99.0 99.00
2018 06 18 19 50 162  2.3  2.6  0.21 99.00  2.88 999 1012.1  18.5  15.1  17.1 99.0 99.00
2018 06 18 20 50  47  5.0  6.6  0.18 99.00  2.84 999 1012.1  18.9  15.2  17.7 99.0 99.00
2018 06 18 21 50 337  5.2  8.9  0.19 99.00  2.73 999 1013.2  18.2  14.5  17.9 99.0 99.00
2018 06 18 22 50 177  3.6  4.5  0.18 99.00  2.56 999 1013.6  19.1  14.7  19.0 99.0 99.00
2018 06 18 23 50 276  3.2  3.5  0.19 99.00  2.66 999 1013.9  18.1  15.0  18.0 99.0 99.00
2018 06 19 00 50 345  3.2  3.7  0.14 99.00  2.61 999 1014.1  19.0  15.1  18.9 99.0 99.00
2018 06 19 01 50 342  7.2  8.3  0.12 99.00  2.49 999 1014.3  14.6  14.7  14.5 99.0 99.00
2018 06 19 02 50 351  6.8  7.8  0.29  2.60  2.58   9 1015.2  15.0  14.5  14.8 99.0 99.00
2018 06 19 03 50   4  7.9  9.4  0.43  3.13  2.88  14 1015.2  14.8  14.4  14.4 99.0 99.00
2018 06 19 04 50   6  5.7  7.1  0.50  3.57  3.13  22 1015.8  15.1  14.5  14.7 99.0 99.00
2018 06 19 05 50  15  4.9  5.9  0.52  3.45  3.30  15 1015.9  15.3  14.7  14.8 99.0 99.00
2018 06 19 06 50  32  4.4  5.1  0.50  3.85  3.41  19 1015.6  15.9  14.9  15.2 99.0 99.00
2018 06 19 07 50  20  5.2  6.0  0.45  4.00  3.41  25 1015.4  15.8  15.0  15.2 99.0 99.00
2018 06 19 08 50  25  6.3  7.1  0.49  3.85  3.37  16 1014.7  15.4  15.0  14.9 99.0 99.00
2018 06 19 09 50  13  4.1  4.7  0.52  4.17  3.39  15 1015.5  16.1  15.1  15.6 99.0 99.00
2018 06 19 10 50  32  4.2  5.0  0.45  3.85  3.32  20 1015.8  16.1  15.2  15.7 99.0 99.00
2018 06 19 11 50  59  4.8  5.4  0.41  4.00  3.27  12 1015.1  16.9  15.4  16.6 99.0 99.00
2018 06 19 12 50  52  3.7  4.1  0.35  4.00  3.21  26 1015.5  16.9  15.6  16.7 99.0 99.00
2018 06 19 13 50  37  3.4  4.0  0.33  3.70  3.12  20 1015.6  16.8  15.8  16.4 99.0 99.00
2018 06 19 14 50  44  2.6  3.0  0.29  3.33  3.07  26 1015.8  16.7  16.0  16.4 99.0 99.00
2018 06 19 15 50 354  3.8  4.5  0.23 99.00  3.04 999 1016.1  16.7  16.0  16.4 99.0 99.00
2018 06 19 16 50  73  4.3  5.2  0.23 99.00  2.84 999 1014.9  17.0  16.0  16.8 99.0 99.00
2018 06 19 17 50  60  3.9  4.6  0.23 99.00  2.82 999 1014.6  17.1  16.0  16.8 99.0 99.00
2018 06 19 18 50  49  4.1  4.7  0.23 99.00  2.83 999 1013.6  17.2  16.1  16.8 99.0 99.00
2018 06 19 19 50  36  4.0  4.6  0.26  2.94  2.73 104 1013.4  16.7  16.1  16.2 99.0 99.00
2018 06 19 20 50  52  5.2  5.7  0.30  2.86  2.81  78 1013.0  17.9  16.1  16.6 99.0 99.00
2018 06 19 21 50  32  5.3  6.5  0.34  2.94  2.93  93 1013.1  17.0  16.2  16.0 99.0 99.00
2018 06 19 22 50  44  5.4  6.2  0.44  3.33  3.10  79 1012.8  17.3  16.1  16.1 99.0 99.00
2018 06 19 23 50  50  5.0  5.7  0.44  3.57  3.14  89 1012.9  17.7  16.1  16.6 99.0 99.00
2018 06 20 00 50  52  5.0  5.9  0.45  3.70  3.24  32 1012.5  17.8  16.2  16.8 99.0 99.00
2018 06 20 01 50  37  4.3  4.8  0.45  3.70  3.28  29 1012.2  17.5  16.3  16.7 99.0 99.00
2018 06 20 02 50  34  4.8  5.5  0.46  3.33  3.56  61 1012.4  17.1  16.5  16.3 99.0 99.00
2018 06 20 03 50  54  6.2  7.2  0.44  3.85  3.25   6 1011.7  18.1  16.5  16.7 99.0 99.00
2018 06 20 04 50  46  3.4  4.0  0.42  3.33  3.14  16 1012.2  17.9  16.7  17.0 99.0 99.00
2018 06 20 05 50  59  5.2  6.0  0.42  3.33  3.23  32 1011.8  18.1  16.7  17.1 99.0 99.00
2018 06 20 06 50  60  5.2  5.8  0.44  3.33  3.33  39 1011.8  18.2  16.7  17.2 99.0 99.00
2018 06 20 07 50  58  4.7  5.4  0.43  3.85  3.21  15 1011.5  17.9  16.6  17.1 99.0 99.00
2018 06 20 08 50  59  5.9  6.8  0.43  3.70  3.16  25 1011.3  17.6  16.5  16.6 99.0 99.00
2018 06 20 09 50  60  6.2  7.3  0.49  3.70  3.12  35 1011.1  17.5  16.4  16.4 99.0 99.00
2018 06 20 10 50  60  6.0  7.0  0.53  3.57  3.25  48 1011.4  17.4  16.4  16.2 99.0 99.00
2018 06 20 11 50  62  5.6  6.6  0.53  3.85  3.28  49 1011.4  17.2  16.4  16.0 99.0 99.00
2018 06 20 12 50  41  4.9  6.0  0.54  4.17  3.36  72 1012.1  17.0  16.5  16.0 99.0 99.00
2018 06 20 13 50  57  3.4  4.2  0.57  3.57  3.41  87 1011.9  17.3  16.6  15.9 99.0 99.00
2018 06 20 14 50  52  4.0  4.9  0.54  3.85  3.46  81 1011.8  17.3  16.7  15.9 99.0 99.00
2018 06 20 15 50  36  3.8  4.5  0.48  4.00  3.36  76 1012.5  17.2  16.8  15.8 99.0 99.00
2018 06 20 16 50  46  3.2  3.6  0.48  4.00  3.41  79 1012.4  17.3  16.9  15.9 99.0 99.00
2018 06 20 17 50  41  2.8  3.3  0.41  3.85  3.35  90 1012.5  17.5  17.1  15.6 99.0 99.00
2018 06 20 18 50  19  3.7  4.6  0.38  3.85  3.40  81 1012.5  17.2  17.3  15.9 99.0 99.00
2018 06 20 19 50  39  3.7  4.3  0.36  3.70  3.30  98 1011.4  17.2  17.4  15.8 99.0 99.00
2018 06 20 20 50   8  2.8  3.2  0.30  3.57  3.17 100 1011.6  17.6  17.6  16.2 99.0 99.00
2018 06 20 21 50   5  4.1  4.6  0.30  3.45  3.17 102 1011.2  16.7  17.6  15.6 99.0 99.00
2018 06 20 22 50  27  4.9  5.7  0.25  3.45  2.86 107 1010.5  16.7  17.5  15.4 99.0 99.00
2018 06 20 23 50  19  5.4  6.4  0.24 99.00  2.71 999 1011.0  17.0  17.4  15.4 99.0 99.00
2018 06 21 00 50  22  4.2  4.9  0.26  2.94  2.67  82 1011.6  17.0  17.3  15.5 99.0 99.00
2018 06 21 01 50  19  4.7  5.3  0.24 99.00  2.69 999 1011.6  16.9  17.3  15.4 99.0 99.00
2018 06 21 02 50  14  3.2  3.6  0.22 99.00  2.63 999 1012.0  16.6  17.3  15.1 99.0 99.00
2018 06 21 03 50  33  3.3  3.8  0.19 99.00  2.77 999 1011.4  16.7  17.3  15.2 99.0 99.00
2018 06 21 04 50  34  2.6  3.0  0.17 99.00  2.72 999 1011.1  16.8  17.3  14.9 99.0 99.00
2018 06 21 05 50  49  4.5  5.2  0.17 99.00  2.65 999 1010.7  17.0  17.3  15.3 99.0 99.00
2018 06 21 06 50  50  4.5  5.4  0.16 99.00  2.80 999 1010.2  17.2  17.3  16.1 99.0 99.00
2018 06 21 07 50  69  3.7  4.2  0.17 99.00  2.78 999 1010.0  17.8  17.2  17.2 99.0 99.00
2018 06 21 08 50  84  3.3  3.7  0.15 99.00  2.80 999 1009.9  17.6  17.2  17.2 99.0 99.00
2018 06 21 09 50  74  4.1  4.4  0.15 99.00  2.85 999 1009.6  17.9  17.2  17.5 99.0 99.00
2018 06 21 10 50  76  4.1  4.6  0.12 99.00  2.87 999 1009.5  17.8  17.3  17.4 99.0 99.00
2018 06 21 11 50  84  4.4  4.9  0.11 99.00  2.81 999 1009.9  18.0  17.3  17.3 99.0 99.00
2018 06 21 12 50  91  5.0  6.1 99.00 99.00 99.00 999 1010.1  18.3  17.3  17.1 99.0 99.00
2018 06 21 13 50  81  4.8  5.6  0.27  3.13  2.79 133 1010.2  18.3  17.1  16.6 99.0 99.00
2018 06 21 14 50  75  5.0  5.8  0.39  3.45  3.14 126 1010.1  18.2  16.8  16.5 99.0 99.00
2018 06 21 15 50  57  5.0  5.5  0.42  3.85  3.27 120 1010.1  18.0  16.5  16.6 99.0 99.00
2018 06 21 16 50  52  5.1  5.9  0.44  3.85  3.33 120 1010.0  18.1  16.6  16.1 99.0 99.00
2018 06 21 17 50  57  4.3  5.1  0.43  3.85  3.32 113 1009.7  18.3  17.1  15.9 99.0 99.00
2018 06 21 18 50  59  1.7  2.2  0.37  3.70  3.27 120 1009.8  18.2  17.2  16.0 99.0 99.00
2018 06 21 19 50  43  2.0  2.6  0.34  3.45  3.16 119 1009.8  17.8  17.1  16.2 99.0 99.00
2018 06 21 20 50  49  4.5  5.0  0.36  3.70  3.18 115 1009.6  17.8  17.1  16.0 99.0 99.00
2018 06 21 21 50  61  6.7  8.6  0.33  3.57  3.13  98 1009.0  18.4  16.9  15.9 99.0 99.00
2018 06 21 22 50  62  4.1  5.4  0.36  3.33  3.03  93 1008.7  18.3  16.6  16.3 99.0 99.00
2018 06 21 23 50  78  0.8  1.7  0.31  3.33  2.93 110 1009.2  19.1  16.6  16.0 99.0 99.00
2018 06 22 00 50 324  4.6  5.5  0.34  3.13  2.98 104 1009.3  17.1  16.8  16.0 99.0 99.00
2018 06 22 01 50 318  5.4  6.2  0.34  3.13  3.00 123 1009.5  16.6  17.0  15.3 99.0 99.00
2018 06 22 02 50 329  5.9  6.6  0.39  2.60  2.82 317 1009.8  16.1  17.0  15.0 99.0 99.00
2018 06 22 03 50  45  3.4  4.7  0.41  3.85  3.12 359 1010.1  18.6  17.0  16.0 99.0 99.00
2018 06 22 04 50  84  3.8  4.5  0.42  2.86  3.09  20 1010.3  18.4  16.9  16.3 99.0 99.00
2018 06 22 05 50  54  6.0  7.7  0.51  3.70  3.25  23 1009.7  18.0  16.8  15.5 99.0 99.00
2018 06 22 06 50  60  8.7 10.4  0.71  4.17  3.59  94 1009.2  17.4  16.7  13.6 99.0 99.00
2018 06 22 07 50  51  8.6 10.1  0.81  4.17  3.71  77 1008.9  17.0  16.8  13.2 99.0 99.00
2018 06 22 08 50  60  9.3 11.4  0.92  4.35  3.83  71 1008.5  17.1  16.8  11.2 99.0 99.00
2018 06 22 09 50  57  8.3 10.2  1.02  5.00  3.88  63 1008.4  17.2  16.9  12.0 99.0 99.00
2018 06 22 10 50  63  7.4  8.7  0.99  4.55  4.04  65 1008.7  17.1  17.1  13.4 99.0 99.00
2018 06 22 11 50  74  6.3  7.3  0.96  4.76  4.02  62 1009.1  17.4  17.2  13.8 99.0 99.00
2018 06 22 12 50  66  6.1  7.1  0.83  4.76  3.92  65 1009.2  17.4  17.3  13.5 99.0 99.00
2018 06 22 13 50  55  6.9  8.0  0.99  4.76  4.12  49 1009.2  17.3  17.5  13.4 99.0 99.00
2018 06 22 14 50  62  7.4  8.6  0.92  4.76  3.91  59 1009.4  16.3  17.4  13.5 99.0 99.00
2018 06 22 15 50  45  8.6 10.4  0.91  4.55  3.84  71 1008.9  16.1  17.4  14.1 99.0 99.00
2018 06 22 16 50  47  7.6  9.0  0.86  4.55  3.89  59 1008.3  16.2  17.4  14.2 99.0 99.00
2018 06 22 17 50  46  6.5  7.8  0.90  4.35  3.76  66 1008.2  17.0  17.6  13.8 99.0 99.00
2018 06 22 18 50  38  6.1  7.3  0.71  4.35  3.68  55 1007.8  17.2  17.6  14.3 99.0 99.00
2018 06 22 19 50  35  5.6  7.1  0.63  4.17  3.49  60 1007.7  17.2  17.7  15.0 99.0 99.00
2018 06 22 20 50  20  5.3  6.0  0.57  4.17  3.54  60 1007.7  16.3  17.7  14.4 99.0 99.00
2018 06 22 21 50   3  5.3  6.1  0.52  3.85  3.49  73 1007.2  15.9  17.7  14.4 99.0 99.00
2018 06 22 22 50 345  4.8  5.3  0.50  3.85  3.36  42 1007.0  16.0  17.7  14.4 99.0 99.00
2018 06 22 23 50 341  5.5  6.2  0.50  3.85  3.38  32 1006.8  16.2  17.6  14.8 99.0 99.00
2018 06 23 00 50 348  4.3  5.0  0.51  4.55  3.54   4 1006.7  16.6  17.6  15.2 99.0 99.00
2018 06 23 01 50  45  4.9  6.6  0.49  4.00  3.44  13 1007.2  17.3  17.6  15.7 99.0 99.00
2018 06 23 02 50  61  6.5  7.9  0.49  4.00  3.29 357 1007.3  17.5  17.6  16.5 99.0 99.00
2018 06 23 03 50  59  5.2  7.8  0.56  4.55  3.78   7 1006.7  19.0  17.6  15.2 99.0 99.00
2018 06 23 04 50  24  3.5  4.0  0.60  5.00  4.02  18 1006.6  18.5  17.6  15.5 99.0 99.00
2018 06 23 05 50  33  3.9  4.4  0.63  5.26  4.04  21 1006.4  18.2  17.6  14.9 99.0 99.00
2018 06 23 06 50  30  3.8  4.6  0.66  4.76  4.07  26 1006.0  17.8  17.6  15.3 99.0 99.00
2018 06 23 07 50  52  5.0  5.9  0.57  5.00  3.95   8 1005.2  17.9  17.7  14.6 99.0 99.00
2018 06 23 08 50  44  3.1  3.8  0.58  5.00  3.88  17 1005.6  17.8  17.7  14.8 99.0 99.00
2018 06 23 09 50  31  2.4  2.8  0.52  4.76  3.73  19 1006.0  17.8  17.6  14.9 99.0 99.00
2018 06 23 10 50 335  2.3  2.7  0.44  4.55  3.53  17 1006.6  17.6  17.6  15.1 99.0 99.00
2018 06 23 11 50 321  5.5  6.3  0.42  4.55  3.53 352 1007.0  15.5  17.6  14.3 99.0 99.00
2018 06 23 12 50 360  5.8  6.9  0.47  4.35  3.22  15 1006.9  15.8  17.5  13.1 99.0 99.00
2018 06 23 13 50   7  6.3  7.1 99.00 99.00 99.00 999 1006.7  16.1  17.5  12.9 99.0 99.00
2018 06 23 14 50  12  4.3  5.0  0.49  3.45  3.22  16 1007.0  16.3  17.5  13.1 99.0 99.00
2018 06 23 15 50   3  2.2  2.8  0.46  4.00  3.29  16 1007.0  16.5  17.6  13.6 99.0 99.00
2018 06 23 16 50 302  1.1  1.3  0.38  3.57  3.22 338 1006.9  16.6  17.9  13.6 99.0 99.00
2018 06 23 17 50 265  2.4  3.2  0.32  3.45  3.20 333 1006.8  16.6  18.4  14.0 99.0 99.00
2018 06 23 18 50 274  5.6  6.4  0.28  3.33  3.26 324 1007.8  16.1  18.2  14.2 99.0 99.00
2018 06 23 19 50 301  3.5  4.0  0.28  3.70  3.03 347 1007.9  16.1  18.2  13.7 99.0 99.00
2018 06 23 20 50 303  2.6  3.1  0.26  3.85  3.02   6 1008.1  16.9  18.4  12.8 99.0 99.00
2018 06 23 21 50 360  2.0  2.4  0.27  3.70  3.19  38 1008.0  17.4  18.6  13.4 99.0 99.00
2018 06 23 22 50   5  1.7  2.3  0.23 99.00  3.07 999 1007.7  17.8  18.6  12.8 99.0 99.00
2018 06 23 23 50 329  1.0  1.4  0.21 99.00  3.07 999 1007.9  18.2  18.6  13.2 99.0 99.00
2018 06 24 00 50 325  1.6  2.0  0.20 99.00  3.18 999 1008.4  17.7  18.5  13.7 99.0 99.00
2018 06 24 01 50 290  2.0  2.3  0.18 99.00  3.18 999 1008.6  17.2  18.4  13.9 99.0 99.00
2018 06 24 02 50 297  1.9  2.2  0.18 99.00  3.15 999 1008.7  17.3  18.3  14.7 99.0 99.00
2018 06 24 03 50 244  5.2  5.9  0.18 99.00  3.19 999 1009.1  17.3  18.3  14.7 99.0 99.00
2018 06 24 04 50 256  4.2  4.9  0.21 99.00  2.91 999 1009.2  17.5  18.2  14.6 99.0 99.00
2018 06 24 05 50 304  3.7  4.6  0.22 99.00  2.79 999 1009.3  17.4  18.1  14.5 99.0 99.00
2018 06 24 06 50 336  3.5  4.1  0.23 99.00  3.01 999 1009.4  17.0  18.1  14.2 99.0 99.00
2018 06 24 07 50   7  3.3  4.3  0.24 99.00  3.20 999 1009.6  17.0  18.1  14.4 99.0 99.00
2018 06 24 08 50   5  2.5  3.3  0.25  3.70  3.32  40 1009.8  17.7  18.0  15.6 99.0 99.00
2018 06 24 09 50 334  4.5  5.3  0.29  4.00  3.09  25 1010.4  17.6  18.0  16.0 99.0 99.00
2018 06 24 10 50 341  5.3  6.1  0.29  4.00  2.91  36 1010.7  16.7  18.0  15.6 99.0 99.00
2018 06 24 11 50 342  5.6  6.7  0.28  4.00  2.95  40 1011.4  15.8  18.0  15.4 99.0 99.00
2018 06 24 12 50 343  4.9  5.7  0.33  2.74  2.92  39 1011.9  15.3  18.0  15.1 99.0 99.00
2018 06 24 13 50 342  4.4  5.1  0.35  4.00  3.09  46 1013.0  15.3  18.0  15.1 99.0 99.00
2018 06 24 14 50 321  7.1  8.2  0.40  3.57  3.00  42 1013.8  14.8  18.0  14.6 99.0 99.00
2018 06 24 15 50 318  7.1  8.1  0.49  3.57  3.06  36 1014.0  15.1  18.0  14.9 99.0 99.00
2018 06 24 16 50 351  8.3  9.6  0.62  3.45  3.24  32 1013.8  15.7  18.0  15.3 99.0 99.00
2018 06 24 17 50 335  5.5  6.4  0.63  3.70  3.30  30 1015.0  15.9  18.0  14.9 99.0 99.00
2018 06 24 18 50 328  5.4  6.4  0.53  3.85  3.43  38 1016.4  15.5  18.0  14.5 99.0 99.00
2018 06 24 19 50 343  5.6  6.4  0.49  4.00  3.34  49 1016.3  15.9  18.1  14.5 99.0 99.00
2018 06 24 20 50 350  6.9  7.9  0.56  4.00  3.40  40 1016.3  16.2  18.2  15.0 99.0 99.00
2018 06 24 21 50  14  6.7  7.9  0.53  3.85  3.28  36 1015.9  16.8  18.1  16.0 99.0 99.00
2018 06 24 22 50  16  6.2  7.4  0.50  4.55  3.34  30 1015.6  17.8  18.1  16.6 99.0 99.00
2018 06 24 23 50  19  5.7  6.5  0.58  4.76  3.58  37 1016.5  17.2  18.0  15.9 99.0 99.00
2018 06 25 00 50  17  4.5  5.4  0.50  4.35  3.58  34 1016.9  17.0  17.9  15.7 99.0 99.00
2018 06 25 01 50  16  4.5  5.2  0.44  4.76  3.52  26 1017.4  17.2  17.9  15.8 99.0 99.00
2018 06 25 02 50  19  4.5  5.3  0.43  4.00  3.35  32 1018.0  17.4  17.9  15.7 99.0 99.00
2018 06 25 03 50  13  4.2  5.1  0.40  4.55  3.40  31 1018.2  17.5  17.9  15.7 99.0 99.00
2018 06 25 04 50  12  4.1  4.8  0.37  4.55  3.40  30 1018.7  17.4  17.9  15.7 99.0 99.00
2018 06 25 05 50  11  4.4  5.1  0.40  4.55  3.48  44 1018.8  17.3  17.9  15.7 99.0 99.00
2018 06 25 06 50  18  4.5  5.1  0.42  4.35  3.53  43 1018.6  17.2  17.9  16.0 99.0 99.00
2018 06 25 07 50  26  3.6  4.1  0.45  4.55  3.64  43 1019.3  17.4  17.9  16.4 99.0 99.00
2018 06 25 08 50  40  2.9  3.8  0.40  4.35  3.53  46 1019.6  17.3  17.9  16.3 99.0 99.00
2018 06 25 09 50  67  3.6  4.4  0.42  4.55  3.60  35 1019.8  17.6  17.9  16.8 99.0 99.00
2018 06 25 10 50  95  5.2  5.9  0.37  4.35  3.56  20 1020.7  18.0  17.9  16.6 99.0 99.00
2018 06 25 11 50  96  7.5  8.7  0.40  4.35  3.12  16 1020.4  17.8  17.9  16.0 99.0 99.00
2018 06 25 12 50  94  7.5  8.7  0.70  3.70  3.33  81 1020.6  17.8  17.9  15.9 99.0 99.00
2018 06 25 13 50  93  5.8  7.0  0.85  4.00  3.65  78 1021.5  17.9  17.9  15.5 99.0 99.00
2018 06 25 14 50  81  3.9  4.4  0.71  4.35  3.68  75 1022.4  17.9  17.9  15.7 99.0 99.00
2018 06 25 15 50  60  5.4  6.2  0.67  4.35  3.59  88 1022.3  18.0  18.0  15.4 99.0 99.00
2018 06 25 16 50  66  4.4  5.2  0.55  4.17  3.40  75 1022.3  18.1  18.1  15.2 99.0 99.00
2018 06 25 17 50  65  4.7  5.3  0.53  3.85  3.42  88 1021.9  18.4  18.2  15.5 99.0 99.00
2018 06 25 18 50  58  4.2  4.9  0.46  3.85  3.38  80 1021.5  18.7  18.3  15.9 99.0 99.00
2018 06 25 19 50  49  4.8  5.6  0.43  3.85  3.39  65 1020.9  18.7  18.3  16.5 99.0 99.00
2018 06 25 20 50  50  4.7  5.5  0.39  3.45  3.20  79 1020.4  18.9  18.4  16.7 99.0 99.00
2018 06 25 21 50  50  4.1  4.7  0.35  3.45  3.27  85 1019.7  18.9  18.4  17.2 99.0 99.00
2018 06 25 22 50  55  4.1  4.6  0.27  4.00  3.17  11 1019.3  19.8  18.4  17.1 99.0 99.00
2018 06 25 23 50  66  5.1  6.0  0.27  4.00  3.16  11 1018.6  20.1  18.4  17.0 99.0 99.00
2018 06 26 00 50  72  4.5  5.1  0.27  3.57  3.00  16 1018.7  19.9  18.3  17.3 99.0 99.00
2018 06 26 01 50  86  4.7  5.3  0.29  3.57  3.02  13 1019.0  20.2  18.2  17.0 99.0 99.00
2018 06 26 02 50  84  5.4  6.3  0.31  3.03  2.91  72 1019.4  19.8  18.2  17.2 99.0 99.00
2018 06 26 03 50  94  6.2  7.0  0.36  3.03  2.90  60 1019.4  19.9  18.2  17.1 99.0 99.00
2018 06 26 04 50 100  6.4  7.4  0.42  3.13  2.93  67 1019.2  19.6  18.1  17.1 99.0 99.00
2018 06 26 05 50 104  6.0  7.2  0.47  3.23  2.97  66 1019.2  19.3  18.1  17.1 99.0 99.00
2018 06 26 06 50 112  8.2 10.6  0.44  3.23  2.97  82 1018.7  19.4  18.1  15.7 99.0 99.00
2018 06 26 07 50 108  7.8  9.1  0.51  3.13  3.01 101 1018.3  19.0  18.1  15.9 99.0 99.00
2018 06 26 08 50 105  8.4  9.8  0.73  3.70  3.28 101 1018.0  18.7  18.1  15.5 99.0 99.00
2018 06 26 09 50 107  8.2  9.6  0.81  3.85  3.48 118 1017.8  18.6  18.1  15.3 99.0 99.00
2018 06 26 10 50 109  9.1 10.9  0.90  4.00  3.67 122 1017.3  18.5  18.0  14.7 99.0 99.00
2018 06 26 11 50 112  8.9 10.7  1.04  4.35  3.75  98 1017.1  18.5  18.1  14.9 99.0 99.00
2018 06 26 12 50 110  9.1 11.0  1.07  5.00  3.92  95 1016.4  18.4  18.1  15.0 99.0 99.00
2018 06 26 13 50 105  8.0  9.4  1.04  4.55  3.90 113 1015.9  18.4  18.1  15.3 99.0 99.00
2018 06 26 14 50 108  7.5  8.7  0.91  4.55  3.96 107 1015.5  18.6  18.2  15.8 99.0 99.00
2018 06 26 15 50 109  5.7  6.5  0.82  4.55  3.84 109 1015.4  19.0  18.1  16.7 99.0 99.00
2018 06 26 16 50 128  8.5 11.1  0.71  4.35  3.76  95 1014.1  18.4  18.1  17.6 99.0 99.00
2018 06 26 17 50 146  7.4  8.8  0.58  4.17  3.49  98 1014.3  19.1  18.0  17.9 99.0 99.00
2018 06 26 18 50 131  5.1  6.0  0.50  3.85  3.30 101 1013.3  19.1  17.9  17.9 99.0 99.00
2018 06 26 19 50 123  7.2  8.5  0.48  3.57  3.17 108 1012.5  19.5  17.8  18.2 99.0 99.00
2018 06 26 20 50 114  5.6  6.5  0.51  3.57  3.24 129 1012.0  19.4  17.8  18.2 99.0 99.00
2018 06 26 21 50 109  6.0  7.0  0.50  3.70  3.32 126 1010.7  19.6  17.7  18.2 99.0 99.00
2018 06 26 22 50 101  4.3  4.8  0.43  3.45  3.18 132 1009.9  19.3  17.7  18.3 99.0 99.00
2018 06 26 23 50  97  3.8  4.2  0.37  3.45  3.22 146 1009.9  19.5  17.7  18.3 99.0 99.00
2018 06 27 00 50  86  4.2  4.5  0.30  3.57  3.11 167 1009.5  19.5  17.7  18.4 99.0 99.00
2018 06 27 01 50  93  5.2  5.8  0.28  3.13  3.06 167 1009.3  19.7  17.7  18.6 99.0 99.00
2018 06 27 02 50  99  5.4  6.2  0.23 99.00  2.84 999 1009.1  19.6  17.8  18.5 99.0 99.00
2018 06 27 03 50  98  7.0  7.9  0.25 99.00  2.71 999 1008.0  20.1  17.9  18.7 99.0 99.00
2018 06 27 04 50 101  6.5  7.4  0.37  2.74  2.64 150 1007.5  20.0  17.9  18.8 99.0 99.00
2018 06 27 05 50  96  7.8  9.5  0.40  2.74  2.70 132 1006.7  19.5  18.0  19.2 99.0 99.00
2018 06 27 06 50 136  7.9  9.8 99.00 99.00 99.00 999 1006.6  19.2  18.1  18.9 99.0 99.00
2018 06 27 07 50 121  3.7  4.4  0.53  3.13  2.99 143 1006.1  18.8  18.1  18.0 99.0 99.00
2018 06 27 08 50 331  0.8  1.2  0.54  3.23  3.17 135 1005.6  18.6  18.0  18.0 99.0 99.00
2018 06 27 09 50 244  6.9  8.2  0.48  3.57  3.25 107 1005.6  17.7  18.0  17.6 99.0 99.00
2018 06 27 10 50 272  6.9  7.8  0.37  3.85  3.19 124 1005.9  17.4  17.8  17.3 99.0 99.00
2018 06 27 11 50 297  4.5  5.3  0.28  3.70  3.18 148 1006.5  17.2  17.8  17.1 99.0 99.00
2018 06 27 12 50 278  4.0  5.0  0.26  4.00  3.30 139 1007.1  17.2  17.8  17.1 99.0 99.00
2018 06 27 13 50 315  5.2  6.5  0.20 99.00  3.04 999 1007.5  16.3  17.7  16.2 99.0 99.00
2018 06 27 14 50 335  5.0  5.7  0.23 99.00  2.86 999 1008.0  17.0  17.6  16.9 99.0 99.00
2018 06 27 15 50 341  6.9  8.1  0.24 99.00  2.69 999 1007.9  16.5  17.5  16.3 99.0 99.00
2018 06 27 16 50 310  6.2  7.2  0.34  2.60  2.67 326 1008.4  16.6  17.5  16.4 99.0 99.00
2018 06 27 17 50 321  7.7  8.9  0.49  2.86  2.92 332 1008.9  16.2  17.5  15.8 99.0 99.00
2018 06 27 18 50 328  6.4  7.2  0.62  3.70  3.20 313 1009.1  16.3  17.6  16.1 99.0 99.00
2018 06 27 19 50 348  6.5  7.6  0.56  3.70  3.30 343 1009.0  17.0  17.7  16.1 99.0 99.00
2018 06 27 20 50 309  4.7  5.6  0.52  3.85  3.27 343 1009.4  17.2  17.8  15.9 99.0 99.00
2018 06 27 21 50 349  4.9  5.7  0.50  3.70  3.31   4 1009.2  17.3  17.9  15.6 99.0 99.00
2018 06 27 22 50 345  3.1  3.7  0.41  3.85  3.37  26 1009.1  17.7  18.1  15.8 99.0 99.00
2018 06 27 23 50 359  2.9  3.4  0.37  3.85  3.50  23 1009.5  18.1  18.3  16.3 99.0 99.00
2018 06 28 00 50 331  2.0  2.4  0.40  4.17  3.59  30 1010.0  18.3  18.4  16.5 99.0 99.00
2018 06 28 01 50 267  2.0  2.3  0.39  4.35  3.83 329 1010.6  18.0  18.4  16.7 99.0 99.00
2018 06 28 02 50 262  2.5  2.9  0.36  4.35  3.75 328 1011.3  18.0  18.3  16.9 99.0 99.00
2018 06 28 03 50 242  3.2  3.7  0.32  4.35  3.75 339 1011.6  17.8  18.3  16.9 99.0 99.00
2018 06 28 04 50 252  3.7  4.3  0.31  4.17  3.68 336 1011.7  17.5  18.2  16.5 99.0 99.00
2018 06 28 05 50 244  4.9  5.7  0.31  4.00  3.61 332 1011.5  17.6  18.0  16.4 99.0 99.00
2018 06 28 06 50 236  5.4  6.1  0.28  4.00  3.41 336 1011.6  17.6  17.9  16.2 99.0 99.00
2018 06 28 07 50 246  5.2  6.1  0.25  3.23  3.10 322 1011.8  17.7  17.8  16.3 99.0 99.00
2018 06 28 08 50 245  3.5  4.0  0.23 99.00  2.87 999 1011.9  17.8  17.8  16.4 99.0 99.00
2018 06 28 09 50 258  4.4  5.1  0.21 99.00  2.85 999 1012.3  18.0  17.8  16.7 99.0 99.00
2018 06 28 10 50 255  3.5  4.1  0.19 99.00  2.85 999 1012.4  17.9  17.7  17.1 99.0 99.00
2018 06 28 11 50 295  3.0  3.5  0.15 99.00  2.97 999 1012.5  18.2  17.6  17.3 99.0 99.00
2018 06 28 12 50 300  2.9  3.5  0.15 99.00  2.86 999 1013.0  18.1  17.6  17.2 99.0 99.00
2018 06 28 13 50 274  1.9  2.1  0.12 99.00  2.93 999 1013.6  18.1  17.8  17.3 99.0 99.00
2018 06 28 14 50 248  2.6  3.1  0.12 99.00  3.14 999 1014.2  18.3  18.1  17.6 99.0 99.00
2018 06 28 15 50 249  2.4  2.8  0.11 99.00  3.03 999 1014.3  18.5  18.4  17.8 99.0 99.00
2018 06 28 16 50 267  2.1  2.6  0.08 99.00  3.22 999 1014.3  18.9  18.7  18.0 99.0 99.00
2018 06 28 17 50 271  1.2  1.5  0.09 99.00  3.36 999 1013.8  19.3  19.3  18.2 99.0 99.00
2018 06 28 18 50 156  0.3  0.9  0.11 99.00  3.46 999 1013.5  20.4  20.5  18.4 99.0 99.00
2018 06 28 19 50 113  1.4  1.7  0.09 99.00  3.45 999 1013.4  21.0  21.6  18.6 99.0 99.00
2018 06 28 20 50 162  2.2  2.7  0.08 99.00  3.33 999 1013.5  21.5  21.8  18.9 99.0 99.00
2018 06 28 21 50 176  2.9  3.3  0.08 99.00  3.43 999 1013.8  21.5  21.3  19.3 99.0 99.00
2018 06 28 22 50 167  2.7  3.0  0.07 99.00  3.55 999 1013.3  21.3  20.9  19.8 99.0 99.00
2018 06 28 23 50 168  3.1  3.5  0.06 99.00  3.19 999 1013.2  21.3  21.0  19.6 99.0 99.00
2018 06 29 00 50 146  2.8  3.2  0.07 99.00  3.43 999 1013.3  21.2  20.3  19.7 99.0 99.00
2018 06 29 01 50 109  3.5  4.0  0.06 99.00  3.18 999 1012.7  21.0  20.1  19.6 99.0 99.00
2018 06 29 02 50 116  3.1  3.3  0.07 99.00  3.20 999 1013.5  21.1  19.7  19.0 99.0 99.00
2018 06 29 03 50 120  2.2  2.4  0.10 99.00  3.30 999 1013.5  20.5  19.5  19.7 99.0 99.00
2018 06 29 04 50 121  2.5  2.8  0.06 99.00  3.24 999 1013.6  20.4  19.2  19.5 99.0 99.00
2018 06 29 05 50 142  2.5  2.9  0.07 99.00  3.24 999 1013.7  20.4  18.9  19.0 99.0 99.00
2018 06 29 06 50 129  2.4  2.6  0.05 99.00  3.26 999 1013.7  20.3  18.7  18.8 99.0 99.00
2018 06 29 07 50 121  2.5  2.7  0.05 99.00  3.26 999 1013.8  20.1  18.7  18.8 99.0 99.00
2018 06 29 08 50 126  3.5  3.9  0.09 99.00  2.92 999 1014.0  20.2  18.8  18.8 99.0 99.00
2018 06 29 09 50 145  4.8  5.5  0.07 99.00  3.40 999 1014.6  20.2  19.0  19.0 99.0 99.00
2018 06 29 10 50 147  5.0  5.6  0.05 99.00  2.66 999 1014.7  20.2  19.0  19.2 99.0 99.00
2018 06 29 11 50 141  5.4  5.9  0.09 99.00  2.30 999 1014.6  20.5  19.0  19.3 99.0 99.00
2018 06 29 12 50 151  7.0  7.9  0.21 99.00  2.29 999 1014.3  20.8  18.8  19.2 99.0 99.00
2018 06 29 13 50 151  6.3  7.5  0.31  2.47  2.47 138 1014.5  20.6  18.8  19.1 99.0 99.00
2018 06 29 14 50 157  6.1  7.1  0.39  2.74  2.69 139 1014.5  20.5  18.9  19.1 99.0 99.00
2018 06 29 15 50 160  6.5  7.3  0.40  2.94  2.80 132 1014.1  20.7  18.5  19.3 99.0 99.00
2018 06 29 16 50 160  6.7  7.5  0.41  3.23  2.86 134 1013.6  21.1  18.6  19.5 99.0 99.00
2018 06 29 17 50 167  7.3  8.1  0.42  3.13  2.95 141 1013.1  21.2  18.6  19.5 99.0 99.00
2018 06 29 18 50 165  6.9  7.6  0.43  3.33  3.02 141 1012.5  21.3  18.2  19.3 99.0 99.00
2018 06 29 19 50 159  6.7  7.8  0.42  3.33  3.09 154 1012.1  21.3  18.1  19.3 99.0 99.00
2018 06 29 20 50 152  5.1  5.9  0.38  3.45  3.15 154 1012.5  21.2  18.3  19.3 99.0 99.00
2018 06 29 21 50 147  5.7  6.3  0.37  3.57  3.16 152 1012.2  21.8  18.5  19.7 99.0 99.00
2018 06 29 22 50 155  5.6  6.4  0.33  3.33  3.05 155 1012.1  21.9  18.7  20.0 99.0 99.00
2018 06 29 23 50 163  6.6  7.6  0.34  3.33  2.97 159 1011.9  22.4  18.7  20.4 99.0 99.00
2018 06 30 00 50 168  7.8  8.6  0.37  3.33  2.96 170 1011.5  22.6  18.6  20.8 99.0 99.00
2018 06 30 01 50 176  7.4  8.1  0.43  3.23  3.02 159 1011.7  22.2  18.6  20.7 99.0 99.00
2018 06 30 02 50 178  7.6  8.4  0.42  3.23  2.95 162 1012.3  21.8  18.6  20.5 99.0 99.00
2018 06 30 03 50 187  7.7  8.6  0.51  3.45  3.00 170 1012.4  21.8  18.7  20.8 99.0 99.00
2018 06 30 04 50 188  7.7  8.8  0.49  3.45  2.98 175 1012.1  21.4  18.7  20.6 99.0 99.00
2018 06 30 05 50 190  7.4  8.4  0.53  3.45  3.04 167 1012.0  21.3  18.7  20.6 99.0 99.00
2018 06 30 06 50 185  6.1  6.7  0.49  3.33  2.96 169 1012.4  20.7  18.5  20.3 99.0 99.00
2018 06 30 07 50 186  5.7  6.4  0.45  3.33  3.04 168 1012.6  20.5  18.3  20.1 99.0 99.00
2018 06 30 08 50 183  4.4  4.9  0.43  3.45  3.08 159 1013.0  20.0  18.1  19.7 99.0 99.00
2018 06 30 09 50 182  4.8  5.3  0.39  3.57  3.08 154 1013.1  19.8  18.0  19.5 99.0 99.00
2018 06 30 10 50 177  4.6  5.1  0.33  3.45  3.04 153 1013.6  19.7  17.9  19.3 99.0 99.00
2018 06 30 11 50 178  3.8  4.1  0.27  3.33  3.02 160 1014.3  19.8  17.8  19.2 99.0 99.00
2018 06 30 12 50 172  5.4  6.1  0.23 99.00  2.94 999 1013.9  20.0  17.8  19.4 99.0 99.00
2018 06 30 13 50 170  5.6  6.2  0.24 99.00  2.79 999 1014.0  19.9  18.0  19.3 99.0 99.00
2018 06 30 14 50 166  4.9  5.6  0.28  3.23  2.87 156 1014.6  20.0  18.3  19.2 99.0 99.00
2018 06 30 15 50 165  5.7  6.5  0.27  3.13  2.95 160 1014.8  20.1  18.6  19.3 99.0 99.00
2018 06 30 16 50 166  6.4  7.2  0.28  3.23  2.87 165 1014.4  20.6  18.7  19.6 99.0 99.00
2018 06 30 17 50 165  7.4  8.3  0.36  3.03  2.89 158 1013.7  21.4  18.8  20.3 99.0 99.00
2018 06 30 18 50 172  6.5  7.3  0.46  3.23  3.04 160 1013.6  21.6  18.9  20.4 99.0 99.00
2018 06 30 19 50 169  5.9  6.8  0.41  3.23  2.98 163 1013.4  21.6  19.0  20.3 99.0 99.00
2018 06 30 20 50 165  6.9  7.7  0.37  3.23  2.90 165 1012.7  22.3  19.1  20.6 99.0 99.00
2018 06 30 21 50 164  6.3  7.0  0.39  3.03  2.83 164 1012.4  22.6  19.2  20.6 99.0 99.00
2018 06 30 22 50 161  6.1  6.6  0.37  2.94  2.80 171 1011.9  22.6  19.1  20.6 99.0 99.00
2018 06 30 23 50 171  6.4  7.0  0.33  3.13  2.73 183 1011.9  22.6  18.9  20.6 99.0 99.00
2018 07 01 00 50 174  6.9  7.6  0.35  2.86  2.73 172 1011.9  22.4  18.7  20.4 99.0 99.00
2018 07 01 01 50 170  8.0  9.3  0.40  2.94  2.74 174 1010.5  22.5  18.4  20.3 99.0 99.00
2018 07 01 02 50 183  8.1  9.3  0.47  3.03  2.84 173 1011.4  22.5  18.4  20.3 99.0 99.00
2018 07 01 03 50 187  6.0  6.6  0.47  3.33  3.00 164 1012.8  21.3  18.1  19.7 99.0 99.00
2018 07 01 04 50 198  4.7  5.5  0.41  3.33  3.04 168 1013.5  21.2  18.0  19.6 99.0 99.00
2018 07 01 05 50 186  4.8  5.2  0.33  3.23  2.98 163 1013.6  21.2  18.0  19.7 99.0 99.00
2018 07 01 06 50 177  5.1  5.6  0.25 99.00  3.00 999 1013.2  20.7  18.2  19.5 99.0 99.00
2018 07 01 07 50 171  3.6  4.0  0.26  3.33  3.02 160 1013.0  20.2  18.6  19.2 99.0 99.00
2018 07 01 08 50 161  4.4  5.1  0.23 99.00  3.11 999 1012.3  20.3  18.7  19.5 99.0 99.00
2018 07 01 09 50 157  5.3  6.1  0.26  3.13  2.93 167 1012.4  20.5  18.7  19.7 99.0 99.00
2018 07 01 10 50 155  6.0  6.8  0.27  2.86  2.87 155 1012.3  20.6  18.7  19.8 99.0 99.00
2018 07 01 11 50 161  6.0  7.0  0.29  3.33  2.82 168 1012.5  20.7  18.8  19.8 99.0 99.00
2018 07 01 12 50 159  6.6  7.6  0.34  2.94  2.82 159 1012.1  20.8  18.9  19.9 99.0 99.00
2018 07 01 13 50 158  7.3  8.0  0.40  3.03  2.81 158 1011.8  20.9  19.0  19.8 99.0 99.00
2018 07 01 14 50 158  7.1  7.8  0.48  3.13  2.91 157 1011.6  21.2  19.1  19.9 99.0 99.00
2018 07 01 15 50 152  7.4  8.3  0.45  2.94  2.86 161 1011.2  21.3  18.7  19.9 99.0 99.00
2018 07 01 16 50 154  8.1  9.1  0.52  3.03  2.94 162 1010.7  21.8  18.5  20.1 99.0 99.00
2018 07 01 17 50 153  8.5  9.4  0.59  3.23  3.00 156 1009.7  22.3  18.6  20.5 99.0 99.00
2018 07 01 18 50 158  7.9  9.2  0.56  3.33  3.00 147 1009.2  22.4  18.5  20.5 99.0 99.00
2018 07 01 19 50 159  7.5  8.4  0.56  3.57  3.05 146 1008.1  22.4  18.5  20.4 99.0 99.00
2018 07 01 20 50 163  7.3  8.2  0.54  3.45  3.12 150 1008.2  22.5  18.6  20.4 99.0 99.00
2018 07 01 21 50 165  7.3  8.3  0.53  3.23  3.18 143 1008.2  22.5  18.6  20.3 99.0 99.00
2018 07 01 22 50 220  6.6  8.0  0.60  3.85  3.35 150 1008.6  23.0  18.5  20.3 99.0 99.00
2018 07 01 23 50 213  5.4  5.9  0.82  4.00  3.63 154 1009.4  21.3  18.5  19.7 99.0 99.00
2018 07 02 00 50 187  5.5  6.2  0.57  4.35  3.66 158 1009.1  20.2  18.6  19.2 99.0 99.00
2018 07 02 01 50 208  5.2  6.1  0.52  4.55  3.59 151 1009.7  20.4  18.7  19.5 99.0 99.00
2018 07 02 02 50 180  5.5  6.6  0.55  4.55  3.77 162 1011.1  19.8  18.7  19.1 99.0 99.00
2018 07 02 03 50 196  4.8  5.6  0.61  4.35  3.82 155 1011.6  20.5  18.7  19.5 99.0 99.00
2018 07 02 04 50 203  4.4  5.1  0.56  4.55  3.76 155 1011.8  20.4  18.8  19.4 99.0 99.00
2018 07 02 05 50 223  5.1  5.9  0.48  4.55  3.65 168 1012.1  20.2  18.8  19.5 99.0 99.00
2018 07 02 06 50 275  4.0  4.8  0.43  4.17  3.44 162 1012.7  20.2  18.9  19.4 99.0 99.00
2018 07 02 07 50 323  3.4  3.9  0.37  4.17  3.21 206 1013.3  19.8  18.9  17.7 99.0 99.00
2018 07 02 08 50 339  3.4  3.8  0.27  3.57  3.04 234 1013.9  19.7  19.1  17.1 99.0 99.00
2018 07 02 09 50 334  4.2  5.3  0.24 99.00  2.76 999 1014.3  19.6  19.1  16.4 99.0 99.00
2018 07 02 10 50 314  4.3  4.9  0.25 99.00  2.65 999 1015.1  19.1  19.0  16.8 99.0 99.00
2018 07 02 11 50 326  6.1  7.7  0.26  2.74  2.63 326 1015.9  19.0  18.6  16.0 99.0 99.00
2018 07 02 12 50 323  4.5  5.4  0.30  2.94  2.80 328 1016.8  18.6  18.3  15.7 99.0 99.00
2018 07 02 13 50 327  4.2  5.1  0.25  2.60  2.64 340 1017.2  18.3  18.3  15.4 99.0 99.00
2018 07 02 14 50 332  2.8  3.3  0.22 99.00  2.67 999 1017.6  18.3  18.4  15.6 99.0 99.00
2018 07 02 15 50 312  2.9  3.5  0.19 99.00  2.56 999 1018.3  18.3  18.7  15.9 99.0 99.00
2018 07 02 16 50 325  2.6  3.3  0.12 99.00  2.54 999 1018.8  18.4  19.2  16.0 99.0 99.00
2018 07 02 17 50 316  1.6  2.2  0.19 99.00  2.74 999 1019.0  18.6  19.7  15.8 99.0 99.00
2018 07 02 18 50 302  1.2  1.6  0.17 99.00  2.76 999 1018.9  19.1  20.5  15.7 99.0 99.00
2018 07 02 19 50 305  0.1  0.5  0.13 99.00  2.74 999 1018.9  20.2  21.7  15.2 99.0 99.00
2018 07 02 20 50 194  0.6  1.2  0.13 99.00  2.78 999 1018.2  20.9  22.6  16.0 99.0 99.00
2018 07 02 21 50 160  0.1  0.5  0.13 99.00  2.93 999 1018.0  21.6  22.4  16.4 99.0 99.00
2018 07 02 22 50 145  1.4  1.7  0.08 99.00  2.72 999 1017.9  21.2  22.5  16.1 99.0 99.00
2018 07 02 23 50 164  2.0  2.6  0.08 99.00  2.86 999 1018.2  21.0  21.9  16.3 99.0 99.00
2018 07 03 00 50 172  2.1  2.4  0.06 99.00  3.01 999 1018.3  20.9  21.5  17.2 99.0 99.00
2018 07 03 01 50 193  1.5  2.1  0.07 99.00  3.30 999 1018.7  20.5  21.3  17.9 99.0 99.00
2018 07 03 02 50 159  2.1  2.4  0.06 99.00  3.05 999 1019.5  20.0  20.5  18.3 99.0 99.00
2018 07 03 03 50 141  2.2  2.7  0.07 99.00  3.11 999 1019.6  19.7  19.8  18.3 99.0 99.00
2018 07 03 04 50 133  1.8  2.2  0.08 99.00  3.76 999 1019.9  19.8  19.2  18.9 99.0 99.00
2018 07 03 05 50 105  1.3  1.4  0.06 99.00  3.07 999 1019.9  19.7  19.6  19.0 99.0 99.00
2018 07 03 06 50  14  1.2  1.4  0.05 99.00  3.04 999 1020.2  19.5  19.7  18.9 99.0 99.00
2018 07 03 07 50  83  1.2  1.4  0.06 99.00  3.14 999 1020.3  19.7  19.9  18.9 99.0 99.00
2018 07 03 08 50  80  2.0  2.4  0.05 99.00  2.93 999 1020.1  19.8  19.6  19.0 99.0 99.00
2018 07 03 09 50  88  2.2  2.5  0.05 99.00  2.84 999 1020.1  20.0  19.5  19.1 99.0 99.00
2018 07 03 10 50  52  1.9  2.1  0.09 99.00  2.76 999 1020.6  19.8  19.3  18.9 99.0 99.00
2018 07 03 11 50  87  1.9  2.2  0.04 99.00  2.84 999 1020.7  20.4  19.3  18.6 99.0 99.00
2018 07 03 12 50  87  2.7  3.1  0.05 99.00  3.04 999 1021.1  20.6  19.4  18.9 99.0 99.00
2018 07 03 13 50  95  2.9  3.3  0.05 99.00  2.96 999 1020.9  20.7  19.6  19.1 99.0 99.00
2018 07 03 14 50 106  2.6  3.0  0.10 99.00  2.53 999 1021.1  20.7  20.1  19.2 99.0 99.00
2018 07 03 15 50 104  2.1  2.3  0.11 99.00  2.41 999 1021.7  20.9  20.4  19.4 99.0 99.00
2018 07 03 16 50 106  2.7  3.1  0.16 99.00  2.42 999 1021.6  21.5  20.7  20.0 99.0 99.00
2018 07 03 17 50  78  2.2  2.4  0.16 99.00  2.61 999 1021.7  22.3  21.5  20.6 99.0 99.00
2018 07 03 18 50  52  2.1  2.3  0.15 99.00  2.83 999 1021.3  23.2  22.2  21.4 99.0 99.00
2018 07 03 19 50  36  2.4  2.7  0.12 99.00  2.72 999 1020.7  23.8  22.6  22.1 99.0 99.00
2018 07 03 20 50  37  2.5  2.7  0.11 99.00  2.68 999 1020.2  24.1  22.6  22.4 99.0 99.00
2018 07 03 21 50  36  2.9  3.2  0.09 99.00  2.88 999 1020.1  24.3  22.4  22.1 99.0 99.00
2018 07 03 22 50  39  3.0  3.3  0.08 99.00  3.19 999 1019.8  24.1  22.0  21.8 99.0 99.00
2018 07 03 23 50  38  3.0  3.3  0.06 99.00  2.89 999 1019.8  23.9  21.7  21.5 99.0 99.00
2018 07 04 00 50  39  2.9  3.2  0.07 99.00  2.86 999 1020.0  23.3  21.5  21.3 99.0 99.00
2018 07 04 01 50  41  3.2  3.5  0.09 99.00  3.15 999 1020.0  22.8  21.1  20.6 99.0 99.00
2018 07 04 02 50  70  3.0  3.4  0.06 99.00  2.54 999 1020.6  22.6  20.8  20.4 99.0 99.00
2018 07 04 03 50  68  2.8  3.0  0.06 99.00  2.78 999 1021.0  22.3  20.7  20.6 99.0 99.00
2018 07 04 04 50 123  4.1  4.7  0.09 99.00  3.06 999 1020.8  22.9  20.9  21.6 99.0 99.00
2018 07 04 05 50 129  4.0  4.6  0.07 99.00  2.55 999 1021.1  22.9  20.6  21.9 99.0 99.00
2018 07 04 06 50 134  4.6  5.3  0.09 99.00  2.45 999 1021.2  22.7  20.2  21.5 99.0 99.00
2018 07 04 07 50 163  4.3  5.2  0.14 99.00  2.42 999 1021.7  22.2  20.1  21.2 99.0 99.00
2018 07 04 08 50 150  3.0  3.7  0.18 99.00  2.45 999 1022.0  21.4  20.0  20.7 99.0 99.00
2018 07 04 09 50 140  4.0  4.4  0.15 99.00  2.42 999 1021.8  21.5  19.8  21.0 99.0 99.00
2018 07 04 10 50 142  3.9  4.4  0.14 99.00  2.41 999 1022.0  21.5  19.7  21.0 99.0 99.00
2018 07 04 11 50 139  3.9  4.5  0.12 99.00  2.43 999 1022.6  21.7  19.8  21.0 99.0 99.00
2018 07 04 12 50 157  3.8  4.2  0.12 99.00  2.40 999 1023.3  21.8  20.2  21.0 99.0 99.00
2018 07 04 13 50 167  4.7  5.3  0.13 99.00  2.35 999 1023.6  21.6  20.2  20.9 99.0 99.00
2018 07 04 14 50 171  5.1  5.6  0.19 99.00  2.85 999 1023.4  21.6  20.1  20.9 99.0 99.00
2018 07 04 15 50 172  3.3  3.6  0.15 99.00  2.39 999 1023.7  21.5  20.1  20.8 99.0 99.00
2018 07 04 16 50 158  2.5  2.8  0.13 99.00  2.44 999 1023.6  21.8  20.5  21.1 99.0 99.00
2018 07 04 17 50 135  3.4  3.7  0.13 99.00  2.44 999 1023.2  22.2  20.8  21.4 99.0 99.00
2018 07 04 18 50 137  3.8  4.5  0.13 99.00  2.50 999 1022.4  22.7  21.1  21.8 99.0 99.00
2018 07 04 19 50 134  3.2  3.6  0.12 99.00  2.57 999 1022.3  22.9  21.6  21.8 99.0 99.00
2018 07 04 20 50 122  2.8  3.3  0.11 99.00  2.49 999 1021.8  23.4  21.8  22.1 99.0 99.00
2018 07 04 21 50 122  1.9  2.2  0.11 99.00  2.70 999 1021.7  24.0  22.3  22.4 99.0 99.00
2018 07 04 22 50 135  3.4  3.9  0.09 99.00  2.61 999 1020.6  24.1  21.9  22.6 99.0 99.00
2018 07 04 23 50 167  2.3  2.9  0.07 99.00  2.70 999 1021.8  23.7  21.7  22.5 99.0 99.00
2018 07 05 00 50 177  2.5  2.8  0.08 99.00  2.94 999 1022.2  23.0  21.6  22.0 99.0 99.00
2018 07 05 01 50 275  2.2  3.1  0.07 99.00  2.86 999 1022.3  24.4  21.5  22.3 99.0 99.00
2018 07 05 02 50  11  5.7  7.6  0.29  2.60  2.46  17 1022.0  23.1  21.1  21.6 99.0 99.00
2018 07 05 03 50 142  6.2  8.5  0.09 99.00  2.57 999 1021.7  22.3  21.0  21.4 99.0 99.00
2018 07 05 04 50 184  8.5 10.1  0.18 99.00  2.40 999 1021.6  23.3  20.9  21.9 99.0 99.00
2018 07 05 05 50 188  5.8  6.9  0.43  2.86  2.83 161 1021.6  22.4  21.0  21.5 99.0 99.00
2018 07 05 06 50 222  5.8  6.8  0.43  2.94  2.88 173 1021.8  21.9  21.0  21.1 99.0 99.00
2018 07 05 07 50 227  5.8  6.7  0.51  3.23  2.96 170 1022.0  21.8  20.6  20.9 99.0 99.00
2018 07 05 08 50 243  4.0  4.4  0.56  3.85  3.33 144 1022.4  21.5  20.6  20.7 99.0 99.00
2018 07 05 09 50 200  3.8  4.3  0.45  4.00  3.29 157 1022.5  21.3  20.6  20.7 99.0 99.00
2018 07 05 10 50 212  3.8  4.3  0.40  4.17  3.37 158 1022.7  21.5  20.4  20.8 99.0 99.00
2018 07 05 11 50 232  4.2  4.6  0.29  4.00  3.23 151 1022.9  21.4  20.3  20.5 99.0 99.00
2018 07 05 12 50 236  4.5  5.0  0.24 99.00  3.07 999 1023.4  21.6  20.6  20.5 99.0 99.00
2018 07 05 13 50 235  4.7  5.4  0.21 99.00  2.96 999 1023.5  21.5  20.7  20.4 99.0 99.00
2018 07 05 14 50 224  4.2  4.7  0.18 99.00  2.76 999 1023.4  21.6  20.7  20.5 99.0 99.00
2018 07 05 15 50 227  3.1  3.6  0.14 99.00  2.85 999 1023.2  21.7  20.9  20.5 99.0 99.00
2018 07 05 16 50 206  3.5  4.0  0.12 99.00  2.77 999 1023.0  21.8  21.2  20.7 99.0 99.00
2018 07 05 17 50 206  2.5  3.3  0.13 99.00  2.63 999 1023.1  22.0  21.4  21.0 99.0 99.00
2018 07 05 18 50 225  2.7  3.1  0.11 99.00  2.72 999 1022.3  22.3  21.7  21.2 99.0 99.00
2018 07 05 19 50 245  2.3  2.7  0.10 99.00  2.67 999 1022.5  22.6  21.8  21.5 99.0 99.00
2018 07 05 20 50 296  2.1  2.4  0.10 99.00  2.70 999 1022.4  22.5  21.9  21.4 99.0 99.00
2018 07 05 21 50 250  2.5  3.1  0.10 99.00  2.84 999 1023.1  23.1  21.8  21.6 99.0 99.00
2018 07 05 22 50 334  2.0  2.9  0.08 99.00  2.67 999 1022.8  22.9  21.9  21.5 99.0 99.00
2018 07 05 23 50 213  2.6  3.1  0.08 99.00  2.84 999 1022.6  23.3  21.9  21.6 99.0 99.00
2018 07 06 00 50 247  2.3  3.2  0.08 99.00  3.14 999 1023.0  22.7  21.9  21.4 99.0 99.00
2018 07 06 01 50 252  2.2  2.4  0.09 99.00  2.77 999 1023.2  22.7  21.9  21.4 99.0 99.00
2018 07 06 02 50 280  1.7  1.9  0.12 99.00  2.50 999 1023.7  22.3  21.7  21.3 99.0 99.00
2018 07 06 03 50 318  3.1  3.5  0.20 99.00  2.79 999 1024.0  22.5  21.6  21.1 99.0 99.00
2018 07 06 04 50 358  4.5  5.2  0.24 99.00  3.18 999 1024.3  22.6  21.5  19.7 99.0 99.00
2018 07 06 05 50 354  5.0  5.9  0.19 99.00  2.59 999 1024.8  22.0  21.3  19.6 99.0 99.00
2018 07 06 06 50  19  9.1 10.8  0.34  2.47  2.54  27 1025.2  21.5  21.2  19.5 99.0 99.00
2018 07 06 07 50  41  9.4 11.4  0.62  3.45  2.99  45 1026.1  21.7  20.7  15.4 99.0 99.00
2018 07 06 08 50  49  7.6  9.2  0.72  3.70  3.21  46 1026.7  21.2  20.3  15.2 99.0 99.00
2018 07 06 09 50  43  7.2  8.5  0.81  4.00  3.43  62 1027.7  20.9  20.2  15.2 99.0 99.00
2018 07 06 10 50  41  8.7 10.2  0.91  4.17  3.68  62 1028.3  20.7  20.0  14.2 99.0 99.00
2018 07 06 11 50  38  9.3 10.8  1.08  4.55  3.75  56 1029.1  20.4  19.9  12.4 99.0 99.00
2018 07 06 12 50  39  7.3  8.2  1.01  4.76  3.78  41 1029.9  19.9  19.7  12.2 99.0 99.00
2018 07 06 13 50  32  6.1  7.0  0.81  4.55  3.67  36 1030.1  19.6  19.6  11.5 99.0 99.00
2018 07 06 14 50  22  7.5  8.8  0.73  5.00  3.73  36 1030.0  19.4  19.8  10.5 99.0 99.00
2018 07 06 15 50  23  6.7  7.8  0.93  5.26  4.09  30 1030.4  19.0  19.8  11.5 99.0 99.00
2018 07 06 16 50  16  6.2  7.8  0.89  5.00  4.16  31 1030.6  18.9  20.0  12.5 99.0 99.00
2018 07 06 17 50   2  6.7  8.1  0.85  5.26  4.16  37 1030.3  18.7  20.2  13.1 99.0 99.00
2018 07 06 18 50 351  7.4  8.4  0.85  5.00  4.18  36 1029.9  18.2  20.2  14.1 99.0 99.00
2018 07 06 19 50 353  7.5  8.9  0.86  4.76  4.08  33 1029.3  18.5  20.4  14.2 99.0 99.00
2018 07 06 20 50 353  8.2  9.1  0.91  5.00  4.12  39 1028.7  18.7  20.5  13.9 99.0 99.00
2018 07 06 21 50 358  8.0  9.6  1.01  5.00  4.14  44 1028.2  19.0  20.5  14.0 99.0 99.00
2018 07 06 22 50   2  8.1  9.7  0.99  4.55  3.99  44 1027.6  19.2  20.3  14.0 99.0 99.00
2018 07 06 23 50   3  7.6  8.9  1.01  4.76  3.94  46 1027.3  19.4  20.2  14.2 99.0 99.00
2018 07 07 00 50  13  8.2  9.2  1.03  4.55  3.89  40 1027.3  19.4  20.0  14.0 99.0 99.00
2018 07 07 01 50  13  7.6  8.7  1.02  5.26  3.89  48 1027.5  19.4  19.8  14.3 99.0 99.00
2018 07 07 02 50  25  6.5  7.7  0.99  5.26  4.01  41 1027.9  19.5  19.8  15.0 99.0 99.00
2018 07 07 03 50  32  5.1  6.1  0.89  4.55  3.76  38 1028.1  19.6  19.7  15.7 99.0 99.00
2018 07 07 04 50  36  4.6  5.3  0.84  4.76  3.97  37 1028.0  19.8  19.7  15.8 99.0 99.00
2018 07 07 05 50  45  2.8  4.4  0.63  4.17  3.81  32 1027.7  19.9  19.7  15.5 99.0 99.00
2018 07 07 06 50  47  3.8  4.4  0.58  5.00  3.86  24 1027.3  19.8  19.8  16.4 99.0 99.00
2018 07 07 07 50  59  3.4  4.0  0.51  5.56  3.95  11 1027.3  20.0  19.9  16.2 99.0 99.00
2018 07 07 08 50  81  2.9  3.3  0.48  5.26  4.08   4 1027.4  20.0  19.9  16.5 99.0 99.00
2018 07 07 09 50  97  1.3  1.6  0.43  5.26  3.95 350 1027.8  19.9  19.9  17.8 99.0 99.00
2018 07 07 10 50 129  2.8  3.1  0.41  4.76  4.06 341 1028.2  20.3  20.0  17.3 99.0 99.00
2018 07 07 11 50 129  6.6  7.7  0.41  5.00  4.05 346 1028.8  20.6  20.1  12.0 99.0 99.00
2018 07 07 12 50 133  7.2  8.6  0.46  4.55  3.12 343 1029.1  20.2  20.3  10.1 99.0 99.00
2018 07 07 13 50 134  7.0  7.9  0.61  3.57  3.33 118 1029.2  19.9  20.3  10.3 99.0 99.00
2018 07 07 14 50 135  6.0  6.9  0.68  4.00  3.63 104 1029.3  19.6  20.3  10.7 99.0 99.00
2018 07 07 15 50 155  5.2  6.2  0.55  4.35  3.57  91 1029.0  19.4  20.3  11.8 99.0 99.00
2018 07 07 16 50 149  3.6  4.3  0.51  4.35  3.61 111 1028.8  19.5  20.3  12.0 99.0 99.00
2018 07 07 17 50 191  2.8  3.5  0.43  4.17  3.57 105 1028.5  19.6  20.3  12.0 99.0 99.00
2018 07 07 18 50 243  1.8  2.5  0.35  3.85  3.45  87 1028.0  19.7  20.4  12.4 99.0 99.00
2018 07 07 19 50 297  1.5  1.9  0.29  3.85  3.39 139 1027.7  19.8  20.9  12.5 99.0 99.00
2018 07 07 20 50 341  2.2  2.6  0.23 99.00  3.33 999 1027.6  20.0  21.0  12.4 99.0 99.00
2018 07 07 21 50 327  2.6  3.1  0.20 99.00  3.29 999 1026.6  20.3  20.9  13.0 99.0 99.00
2018 07 07 22 50 326  2.4  2.7  0.17 99.00  3.30 999 1025.7  20.8  20.7  13.4 99.0 99.00
2018 07 07 23 50 330  2.5  2.7  0.13 99.00  3.26 999 1025.0  21.0  20.6  14.4 99.0 99.00
2018 07 08 00 50 350  1.9  2.2  0.12 99.00  3.51 999 1024.9  20.8  20.5  15.8 99.0 99.00
2018 07 08 01 50  36  2.1  2.4  0.10 99.00  3.48 999 1025.0  20.3  20.5  16.9 99.0 99.00
2018 07 08 02 50  65  2.1  2.3  0.11 99.00  3.32 999 1025.0  20.2  20.5  17.5 99.0 99.00
2018 07 08 03 50  78  2.6  3.1  0.10 99.00  3.34 999 1025.1  20.3  20.5  17.1 99.0 99.00
2018 07 08 04 50  94  2.1  2.4  0.10 99.00  3.22 999 1025.0  20.4  20.5  18.0 99.0 99.00
2018 07 08 05 50 122  1.9  2.3  0.09 99.00  3.23 999 1024.7  20.4  20.5  18.3 99.0 99.00
2018 07 08 06 50 142  1.8  2.2  0.08 99.00  3.03 999 1024.6  20.3  20.6  18.3 99.0 99.00
2018 07 08 07 50 141  2.9  3.4  0.09 99.00  3.48 999 1024.2  20.7  20.5  17.4 99.0 99.00
2018 07 08 08 50 160  5.6  6.7  0.07 99.00  2.90 999 1024.0  21.1  20.5  15.9 99.0 99.00
2018 07 08 09 50 172  6.7  8.1  0.21 99.00  2.51 999 1024.5  20.8  20.5  15.8 99.0 99.00
2018 07 08 10 50 172  6.6  8.0  0.33  3.23  2.93 113 1025.0  20.7  20.4  16.5 99.0 99.00
2018 07 08 11 50 177  6.1  7.1  0.45  3.45  3.24 130 1025.7  20.7  20.2  16.1 99.0 99.00
2018 07 08 12 50 182  5.2  6.4  0.50  3.85  3.43 124 1026.2  20.5  20.0  16.7 99.0 99.00
2018 07 08 13 50 189  4.8  5.9  0.47  4.00  3.54 111 1026.3  20.3  19.9  16.7 99.0 99.00
2018 07 08 14 50 188  4.4  5.4  0.49  4.00  3.47 120 1025.9  20.3  19.9  16.7 99.0 99.00
2018 07 08 15 50 184  3.9  4.5  0.44  4.17  3.44 123 1025.8  20.3  20.0  17.2 99.0 99.00
2018 07 08 16 50 180  4.0  4.6  0.33  3.85  3.18 142 1025.5  20.4  20.2  17.4 99.0 99.00
2018 07 08 17 50 175  4.4  5.2  0.31  3.57  2.97 148 1025.2  20.4  20.4  17.6 99.0 99.00
2018 07 08 18 50 167  3.2  3.8  0.28  3.33  2.94 155 1024.9  20.9  20.6  17.1 99.0 99.00
2018 07 08 19 50 150  3.0  3.5  0.26  3.03  2.82 162 1024.5  21.2  20.9  17.6 99.0 99.00
2018 07 08 20 50 144  2.2  2.7  0.21 99.00  2.72 999 1024.1  21.4  21.3  17.7 99.0 99.00
2018 07 08 21 50 136  2.3  2.7  0.19 99.00  2.75 999 1023.5  21.8  21.5  17.3 99.0 99.00
2018 07 08 22 50 136  3.0  3.7  0.15 99.00  2.60 999 1023.0  22.1  21.6  16.9 99.0 99.00
2018 07 08 23 50 134  2.8  3.5  0.13 99.00  2.60 999 1022.7  22.3  21.5  17.8 99.0 99.00
2018 07 09 00 50 145  3.4  3.7  0.10 99.00  2.57 999 1022.1  22.4  21.4  18.0 99.0 99.00
2018 07 09 01 50 156  3.5  3.9  0.09 99.00  3.09 999 1021.8  22.2  21.3  17.9 99.0 99.00
2018 07 09 02 50 156  4.4  5.0  0.07 99.00  2.82 999 1021.9  22.5  21.1  18.0 99.0 99.00
2018 07 09 03 50 177  5.1  5.9  0.13 99.00  2.36 999 1021.9  22.6  20.9  18.1 99.0 99.00
2018 07 09 04 50 202  4.6  5.5  0.20 99.00  2.55 999 1022.6  22.2  20.7  18.2 99.0 99.00
2018 07 09 05 50 217  3.7  4.2  0.22 99.00  2.70 999 1022.8  21.5  20.6  18.4 99.0 99.00
2018 07 09 06 50 211  3.2  3.6  0.20 99.00  2.74 999 1022.7  21.3  20.5  18.5 99.0 99.00
2018 07 09 07 50 210  2.2  2.5  0.18 99.00  2.85 999 1022.4  20.8  20.3  18.9 99.0 99.00
2018 07 09 08 50 215  2.7  3.1  0.16 99.00  2.81 999 1022.2  20.9  20.2  18.5 99.0 99.00
2018 07 09 09 50 206  3.9  4.7  0.13 99.00  2.75 999 1021.9  21.2  20.2  18.1 99.0 99.00
2018 07 09 10 50 194  3.9  4.5  0.13 99.00  2.57 999 1022.1  21.0  20.2  18.4 99.0 99.00
2018 07 09 11 50 200  4.3  4.8  0.13 99.00  2.51 999 1022.2  21.0  20.3  18.6 99.0 99.00
2018 07 09 12 50 233  4.7  5.6  0.15 99.00  2.46 999 1022.7  21.0  20.3  18.6 99.0 99.00
2018 07 09 13 50 212  4.2  5.0  0.20 99.00  2.51 999 1022.5  20.8  20.3  18.5 99.0 99.00
2018 07 09 14 50 221  3.9  4.4  0.20 99.00  2.47 999 1022.9  20.9  20.5  18.6 99.0 99.00
2018 07 09 15 50 201  3.9  4.5  0.20 99.00  2.52 999 1022.4  21.1  20.7  18.6 99.0 99.00
2018 07 09 16 50 188  4.6  5.3  0.19 99.00  2.50 999 1022.2  21.5  20.9  19.2 99.0 99.00
2018 07 09 17 50 181  5.4  6.2  0.18 99.00  2.46 999 1021.3  21.9  21.1  19.6 99.0 99.00
2018 07 09 18 50 185  5.4  6.0  0.23 99.00  2.39 999 1020.9  22.2  21.1  19.8 99.0 99.00
2018 07 09 19 50 182  5.9  6.6  0.24 99.00  2.51 999 1020.2  22.5  21.2  19.7 99.0 99.00
2018 07 09 20 50 178  5.6  6.8  0.33  2.86  2.67 149 1019.6  22.8  21.1  19.6 99.0 99.00
2018 07 09 21 50 181  5.7  6.3  0.30  3.03  2.77 140 1019.4  23.0  21.1  19.1 99.0 99.00
2018 07 09 22 50 178  4.7  5.2  0.30  3.23  2.88 135 1018.9  23.1  20.9  19.1 99.0 99.00
2018 07 09 23 50 178  4.5  5.0  0.27  3.23  2.91 131 1018.5  23.1  20.8  19.1 99.0 99.00
2018 07 10 00 50 177  3.8  4.4  0.24 99.00  2.94 999 1018.4  22.7  20.8  19.2 99.0 99.00
2018 07 10 01 50 202  3.5  4.1  0.24 99.00  3.00 999 1018.2  22.5  20.8  19.4 99.0 99.00
2018 07 10 02 50 215  3.4  3.8  0.20 99.00  2.88 999 1018.5  22.6  20.7  19.7 99.0 99.00
2018 07 10 03 50 229  2.5  2.8  0.15 99.00  2.80 999 1018.3  22.2  20.7  20.2 99.0 99.00
2018 07 10 04 50 237  3.3  3.6  0.14 99.00  2.68 999 1018.0  22.1  20.6  20.1 99.0 99.00
2018 07 10 05 50 222  3.5  4.0  0.11 99.00  2.55 999 1017.8  22.4  20.6  20.1 99.0 99.00
2018 07 10 06 50 222  3.9  4.5  0.10 99.00  2.45 999 1017.6  22.2  20.6  20.3 99.0 99.00
2018 07 10 07 50 244  3.8  4.4  0.11 99.00  2.40 999 1017.4  22.0  20.7  20.2 99.0 99.00
2018 07 10 08 50 271  4.0  4.6  0.10 99.00  2.33 999 1017.3  22.2  20.6  20.3 99.0 99.00
2018 07 10 09 50 321  3.8  4.7  0.10 99.00  2.31 999 1017.6  21.9  20.7  20.4 99.0 99.00
2018 07 10 10 50  10  5.5  6.8  0.17 99.00  2.34 999 1017.9  21.1  20.7  19.9 99.0 99.00
2018 07 10 11 50  30  5.9  6.8  0.24 99.00  2.54 999 1017.8  21.3  20.8  20.0 99.0 99.00
2018 07 10 12 50  39  7.4  8.9  0.33  3.03  2.75  14 1018.3  21.9  20.8  18.7 99.0 99.00
2018 07 10 13 50  45  5.9  6.8  0.51  3.45  3.12  44 1019.0  22.2  20.7  17.3 99.0 99.00
2018 07 10 14 50  32  5.7  6.6  0.46  3.57  3.18  47 1019.2  21.9  20.7  17.8 99.0 99.00
2018 07 10 15 50  23  4.4  5.0  0.54  3.45  3.26  38 1019.7  22.0  20.8  17.5 99.0 99.00
2018 07 10 16 50  18  3.8  4.3  0.49  3.33  3.23  53 1019.9  21.7  20.9  18.0 99.0 99.00
2018 07 10 17 50 359  4.2  4.6  0.42  3.45  3.26  55 1019.7  21.5  21.1  18.7 99.0 99.00
2018 07 10 18 50 348  5.1  5.9  0.39  3.57  3.20  45 1019.5  21.4  21.1  18.8 99.0 99.00
2018 07 10 19 50 356  8.2  9.6  0.43  3.45  2.90  24 1019.2  21.1  21.1  17.9 99.0 99.00
2018 07 10 20 50 357  7.2  8.2  0.53  3.33  3.04  25 1018.9  21.4  21.1  17.4 99.0 99.00
2018 07 10 21 50   4  5.6  6.7  0.48  3.23  3.05  24 1018.7  21.7  21.0  17.3 99.0 99.00
2018 07 10 22 50  16  5.7  6.6  0.49  3.45  3.14  29 1018.3  22.1  21.1  16.9 99.0 99.00
2018 07 10 23 50  20  5.2  6.5  0.57  3.70  3.27  38 1018.1  22.3  21.1  16.9 99.0 99.00
2018 07 11 00 50  31  6.4  7.5  0.69  3.85  3.48  43 1017.9  22.3  21.0  16.4 99.0 99.00
2018 07 11 01 50  22  4.9  6.1  0.65  4.35  3.71  45 1018.1  22.2  21.0  16.6 99.0 99.00
2018 07 11 02 50  23  6.2  7.2  0.64  4.76  3.68  51 1018.7  22.6  21.1  16.4 99.0 99.00
2018 07 11 03 50  28  4.9  5.5  0.64  4.55  3.72  49 1018.9  22.4  21.1  16.9 99.0 99.00
2018 07 11 04 50  35  6.1  7.5  0.57  4.17  3.78  49 1018.6  22.5  21.1  16.2 99.0 99.00
2018 07 11 05 50  47  4.8  5.7  0.51  4.17  3.67  43 1018.7  22.3  21.2  16.4 99.0 99.00
2018 07 11 06 50  42  4.5  5.4  0.44  4.17  3.48  39 1018.9  22.1  21.2  16.9 99.0 99.00
2018 07 11 07 50  38  4.5  5.2  0.39  3.57  3.35  44 1019.3  22.1  21.3  16.8 99.0 99.00
2018 07 11 08 50  42  4.7  5.6  0.37  3.70  3.10  46 1019.6  21.9  21.3  16.5 99.0 99.00
2018 07 11 09 50  51  4.2  5.1  0.39  3.70  3.06  48 1019.6  21.6  21.3  16.8 99.0 99.00
2018 07 11 10 50  59  3.7  4.8  0.35  3.13  3.05  54 1020.3  21.3  21.2  17.4 99.0 99.00
2018 07 11 12 50  92  3.3  3.9  0.32  3.13  2.93  48 1020.8  21.4  21.1  17.2 99.0 99.00
2018 07 11 13 50 107  5.0  5.9  0.37  3.23  3.01  56 1020.8  21.7  21.1  17.6 99.0 99.00
2018 07 11 14 50 112  4.4  5.0  0.38  3.45  2.97  37 1020.9  22.0  21.2  17.9 99.0 99.00
2018 07 11 15 50  92  3.4  3.9  0.38  3.45  3.03  48 1021.7  22.0  21.3  18.1 99.0 99.00
2018 07 11 16 50  95  3.4  4.0  0.32  3.70  3.09  40 1021.8  22.1  21.5  17.7 99.0 99.00
2018 07 11 17 50  94  2.6  2.9  0.25  3.33  3.01  34 1021.6  22.3  21.9  16.6 99.0 99.00
2018 07 11 18 50  83  2.4  2.8  0.22 99.00  2.97 999 1021.2  22.6  22.3  15.9 99.0 99.00
2018 07 11 19 50  64  2.3  2.6  0.17 99.00  2.97 999 1021.4  22.8  22.6  15.4 99.0 99.00
2018 07 11 20 50  42  1.6  1.8  0.13 99.00  2.98 999 1020.8  23.0  22.9  15.5 99.0 99.00
2018 07 11 22 50 359  1.8  2.0  0.12 99.00  3.21 999 1020.3  23.4  23.0  16.5 99.0 99.00
2018 07 11 23 50  17  3.6  4.3  0.10 99.00  3.00 999 1020.2  23.3  23.0  17.9 99.0 99.00
2018 07 12 00 50  34  3.4  3.9  0.10 99.00  2.98 999 1020.1  22.8  22.8  18.1 99.0 99.00
2018 07 12 01 50  41  3.7  4.3  0.09 99.00  2.97 999 1020.1  22.6  22.6  18.5 99.0 99.00
2018 07 12 02 50  49  4.8  5.5  0.09 99.00  2.46 999 1020.7  22.5  22.4  18.0 99.0 99.00
2018 07 12 03 50  56  4.7  5.5  0.14 99.00  2.46 999 1020.8  22.5  22.2  17.7 99.0 99.00
2018 07 12 04 50  65  4.9  5.7  0.12 99.00  2.43 999 1021.0  22.4  22.0  17.5 99.0 99.00
2018 07 12 05 50  84  3.5  4.0  0.17 99.00  2.47 999 1021.0  22.4  21.9  18.3 99.0 99.00
2018 07 12 06 50  99  4.2  5.3  0.16 99.00  2.52 999 1021.0  22.4  21.9  18.8 99.0 99.00
2018 07 12 07 50 127  5.4  6.3  0.18 99.00  2.57 999 1020.7  22.7  21.8  17.8 99.0 99.00
2018 07 12 08 50 131  5.6  6.5  0.22 99.00  2.48 999 1020.3  22.4  21.8  18.2 99.0 99.00
2018 07 12 09 50 135  6.9  8.1  0.35  2.74  2.57  94 1020.2  22.4  21.7  17.0 99.0 99.00
2018 07 12 10 50 141  5.8  6.7  0.44  3.33  2.87 110 1020.6  22.2  21.6  17.9 99.0 99.00
2018 07 12 11 50 138  5.2  6.1  0.50  3.45  3.13 113 1021.0  22.1  21.5  18.4 99.0 99.00
2018 07 12 12 50 148  5.4  6.4  0.47  3.33  3.12 120 1021.6  22.2  21.6  18.8 99.0 99.00
2018 07 12 13 50 168  5.3  6.3  0.44  3.33  3.01 115 1021.8  22.2  21.6  19.1 99.0 99.00
2018 07 12 14 50 195  4.5  5.3  0.41  3.33  3.03 105 1022.0  22.3  21.7  19.5 99.0 99.00
2018 07 12 15 50 181  3.8  4.3  0.36  3.33  3.00 124 1022.1  22.3  21.8  19.8 99.0 99.00
2018 07 12 16 50 164  5.2  6.0  0.31  3.13  2.99 122 1021.8  22.3  21.9  20.0 99.0 99.00
2018 07 12 17 50 168  5.0  5.6  0.32  3.13  2.84 116 1021.6  22.5  22.0  19.6 99.0 99.00
2018 07 12 18 50 160  4.4  5.1  0.30  3.13  2.92 129 1021.5  22.8  22.0  19.7 99.0 99.00
2018 07 12 19 50 139  3.2  4.2  0.29  3.33  2.94 131 1021.5  23.0  22.1  19.7 99.0 99.00
2018 07 12 20 50 137  4.5  5.5  0.24 99.00  2.91 999 1020.1  23.0  22.2  20.0 99.0 99.00
2018 07 12 21 50 161  7.0  8.0  0.26  3.03  2.86 144 1019.2  23.7  22.1  19.1 99.0 99.00
2018 07 12 22 50 160  6.4  7.5  0.37  3.13  2.87 149 1018.9  24.0  22.1  18.8 99.0 99.00
2018 07 12 23 50 141  5.1  5.8  0.38  3.13  2.99 152 1019.3  23.8  22.0  19.1 99.0 99.00
2018 07 13 00 50 138  5.9  6.6  0.33  3.45  2.92 172 1018.4  23.4  22.0  19.5 99.0 99.00
2018 07 13 01 50 151  6.1  7.0  0.32  3.03  2.79 171 1018.1  23.7  22.0  19.2 99.0 99.00
2018 07 13 02 50 154  5.4  6.1  0.32  2.74  2.73 165 1019.3  23.6  22.0  20.2 99.0 99.00
2018 07 13 03 50 174  5.5  6.2  0.28  2.86  2.65 173 1019.8  23.5  21.9  20.4 99.0 99.00
2018 07 13 04 50 178  7.1  8.3  0.29  2.74  2.67 182 1019.6  23.7  21.9  20.3 99.0 99.00
2018 07 13 05 50 185  8.0  9.2  0.41  2.74  2.66 166 1019.5  23.8  21.9  19.6 99.0 99.00
2018 07 13 06 50 191  8.1  9.4  0.58  3.13  2.94 160 1019.1  23.4  21.9  19.5 99.0 99.00
2018 07 13 07 50 187  7.1  8.3  0.62  3.13  3.06 162 1019.0  23.0  21.9  19.9 99.0 99.00
2018 07 13 08 50 189  6.1  6.9  0.61  3.57  3.14 156 1018.8  22.9  21.9  19.9 99.0 99.00
2018 07 13 09 50 179  4.9  5.7  0.52  3.45  3.25 167 1019.0  22.5  21.9  20.3 99.0 99.00
2018 07 13 10 50 174  6.3  7.3  0.46  3.70  3.25 159 1018.8  22.4  21.8  20.1 99.0 99.00
2018 07 13 11 50 182  7.4  8.4  0.54  3.45  3.18 161 1018.8  22.5  21.8  19.9 99.0 99.00
2018 07 13 12 50 187  6.5  7.8  0.47  3.33  3.14 158 1019.4  22.7  21.7  19.4 99.0 99.00
2018 07 13 13 50 186  5.2  5.8  0.47  3.70  3.21 156 1020.1  22.5  21.7  19.5 99.0 99.00
2018 07 13 14 50 187  4.6  5.5  0.44  3.85  3.26 158 1019.9  22.4  21.7  19.8 99.0 99.00
2018 07 13 15 50 178  4.7  5.3  0.36  3.70  3.21 155 1020.0  22.5  21.8  19.6 99.0 99.00
2018 07 13 16 50 168  6.0  6.9  0.36  3.57  3.10 159 1019.5  22.5  21.8  19.8 99.0 99.00
2018 07 13 17 50 170  5.0  5.9  0.36  3.70  2.97 164 1019.2  22.8  21.9  19.6 99.0 99.00
2018 07 13 18 50 166  5.5  6.3  0.34  3.57  3.01 165 1018.7  23.1  22.0  19.9 99.0 99.00
2018 07 13 19 50 167  5.2  5.7  0.37  3.45  2.99 169 1018.4  23.5  22.2  19.8 99.0 99.00
2018 07 13 20 50 164  6.4  7.2  0.32  3.33  2.89 169 1017.7  23.9  22.3  19.9 99.0 99.00
2018 07 13 21 50 157  5.0  5.5  0.32  3.13  2.86 165 1017.3  24.1  22.3  20.2 99.0 99.00
2018 07 13 22 50 144  4.9  5.6  0.28  3.23  2.75 169 1016.5  24.0  22.4  20.3 99.0 99.00
2018 07 13 23 50 154  6.5  7.3  0.27  3.03  2.70 174 1015.8  24.9  22.4  19.7 99.0 99.00
2018 07 14 00 50 156  4.3  4.7  0.25  2.86  2.58 161 1016.3  24.1  22.4  20.5 99.0 99.00
2018 07 14 01 50 155  4.0  4.4  0.22 99.00  2.62 999 1016.8  24.2  22.4  20.5 99.0 99.00
2018 07 14 02 50 189  5.2  5.7  0.23 99.00  2.62 999 1017.3  24.4  22.3  20.5 99.0 99.00
2018 07 14 03 50 194  6.3  7.0  0.27  2.60  2.61 156 1017.4  24.3  22.2  20.3 99.0 99.00
2018 07 14 04 50 221  6.0  7.4  0.28  2.86  2.64 161 1017.8  23.8  22.2  20.8 99.0 99.00
2018 07 14 05 50 249  3.5  4.4  0.28  2.86  2.75 161 1017.0  23.2  22.1  20.4 99.0 99.00
2018 07 14 06 50 177  1.9  2.2  0.26  3.03  2.86 161 1016.2  22.9  22.0  20.3 99.0 99.00
2018 07 14 07 50 201  4.1  4.8  0.23 99.00  3.00 999 1016.2  22.6  21.8  20.5 99.0 99.00
2018 07 14 08 50 280  3.9  4.9  0.21 99.00  2.96 999 1016.6  22.4  21.7  20.5 99.0 99.00
2018 07 14 09 50 285  4.1  5.4  0.19 99.00  2.90 999 1017.0  22.3  21.7  20.6 99.0 99.00
2018 07 14 10 50 239  2.1  2.5  0.17 99.00  2.77 999 1017.6  22.1  21.7  20.7 99.0 99.00
2018 07 14 11 50 235  3.1  3.5  0.13 99.00  2.72 999 1018.0  22.2  21.7  20.6 99.0 99.00
2018 07 14 12 50 260  2.2  2.8  0.13 99.00  2.67 999 1017.9  21.8  21.8  20.8 99.0 99.00
2018 07 14 13 50 220  2.4  3.4  0.12 99.00  2.61 999 1018.0  21.8  21.9  20.9 99.0 99.00
2018 07 14 14 50 191  3.1  3.5  0.11 99.00  2.59 999 1017.8  21.9  22.0  21.1 99.0 99.00
2018 07 14 15 50 211  3.9  4.5  0.09 99.00  2.66 999 1017.9  22.0  22.2  20.9 99.0 99.00
2018 07 14 16 50 208  3.9  4.5  0.09 99.00  2.58 999 1018.4  22.1  22.3  21.2 99.0 99.00
2018 07 14 17 50 205  4.7  5.4  0.12 99.00  2.57 999 1018.4  22.1  22.3  21.4 99.0 99.00
2018 07 14 18 50 215  4.0  4.7  0.10 99.00  2.76 999 1018.0  22.2  22.3  21.3 99.0 99.00
2018 07 14 19 50 206  4.2  5.0  0.14 99.00  2.45 999 1017.7  22.2  22.1  21.2 99.0 99.00
2018 07 14 20 50 208  2.8  3.2  0.11 99.00  2.37 999 1016.8  22.3  22.1  21.2 99.0 99.00
2018 07 14 21 50 175  1.9  2.5  0.13 99.00  2.57 999 1016.5  22.6  22.3  21.4 99.0 99.00
2018 07 14 22 50 171  2.3  2.8  0.11 99.00  2.47 999 1015.6  22.6  22.3  21.4 99.0 99.00
2018 07 14 23 50 168  1.0  1.2  0.11 99.00  2.94 999 1016.1  22.9  22.3  21.6 99.0 99.00
2018 07 15 00 50 166  0.9  1.2  0.13 99.00  2.77 999 1016.6  22.7  22.3  21.8 99.0 99.00
2018 07 15 01 50 158  2.4  2.6  0.11 99.00  2.76 999 1016.3  22.3  22.2  21.7 99.0 99.00
2018 07 15 02 50 160  3.2  3.9  0.07 99.00  2.66 999 1016.4  22.3  22.1  21.5 99.0 99.00
2018 07 15 03 50 159  1.1  1.4  0.06 99.00  2.65 999 1016.4  22.3  22.1  21.4 99.0 99.00
2018 07 15 04 50 129  1.1  1.4  0.06 99.00  3.02 999 1016.1  22.2  22.1  21.5 99.0 99.00
2018 07 15 05 50 128  1.6  1.8  0.06 99.00  2.86 999 1016.2  22.2  22.2  21.7 99.0 99.00
2018 07 15 06 50  97  1.9  2.2  0.05 99.00  2.86 999 1016.0  22.3  22.3  21.6 99.0 99.00
2018 07 15 07 50 102  1.7  2.0  0.05 99.00  2.77 999 1016.2  22.5  22.3  21.4 99.0 99.00
2018 07 15 08 50  82  1.9  2.2  0.07 99.00  3.07 999 1016.0  22.4  22.3  21.7 99.0 99.00
2018 07 15 09 50 119  1.6  1.9  0.05 99.00  2.96 999 1016.1  22.2  22.1  21.6 99.0 99.00
2018 07 15 10 50 125  1.9  2.2  0.06 99.00  3.07 999 1016.2  22.3  22.0  21.4 99.0 99.00
2018 07 15 11 50 128  2.6  2.9  0.05 99.00  2.80 999 1015.9  22.6  22.0  21.8 99.0 99.00
2018 07 15 12 50 124  2.2  2.4  0.04 99.00  2.76 999 1015.8  22.8  22.0  21.9 99.0 99.00
2018 07 15 13 50 145  2.4  2.8  0.03 99.00  3.06 999 1015.5  22.9  22.3  22.2 99.0 99.00
2018 07 15 14 50 184  2.2  2.7  0.04 99.00  3.46 999 1015.3  23.1  22.8  22.5 99.0 99.00
2018 07 15 15 50 186  2.2  2.8  0.04 99.00  3.24 999 1015.4  23.5  23.4  22.5 99.0 99.00
2018 07 15 16 50 191  1.8  2.0  0.06 99.00  2.93 999 1015.6  23.4  23.5  22.4 99.0 99.00
2018 07 15 17 50 196  1.3  1.8  0.07 99.00  2.74 999 1015.7  23.9  24.9  22.6 99.0 99.00
2018 07 15 18 50 175  1.2  1.6  0.07 99.00  2.80 999 1015.2  24.3  25.2  22.7 99.0 99.00
2018 07 15 19 50 144  0.7  1.1  0.06 99.00  2.78 999 1014.9  24.5  25.4  22.5 99.0 99.00
2018 07 15 20 50 108  1.4  1.9  0.06 99.00  3.09 999 1014.3  24.7  25.8  22.6 99.0 99.00
2018 07 15 21 50  98  2.0  2.5  0.08 99.00  3.18 999 1013.7  25.1  26.0  22.9 99.0 99.00
2018 07 15 22 50 113  1.8  2.4  0.06 99.00  3.31 999 1013.2  25.5  25.9  22.9 99.0 99.00
2018 07 15 23 50 131  2.1  2.3  0.05 99.00  3.08 999 1012.9  25.7  25.7  23.2 99.0 99.00
2018 07 16 00 50 116  1.7  1.9  0.05 99.00  3.22 999 1012.8  25.7  25.3  23.9 99.0 99.00
2018 07 16 01 50 131  2.1  2.4  0.08 99.00  3.51 999 1013.1  25.1  24.9  23.8 99.0 99.00
2018 07 16 02 50 127  2.2  2.5  0.07 99.00  2.99 999 1013.6  25.0  24.7  24.0 99.0 99.00
2018 07 16 03 50 136  1.9  2.4  0.07 99.00  3.04 999 1013.7  24.8  24.7  24.2 99.0 99.00
2018 07 16 04 50 172  1.7  2.1  0.07 99.00  2.92 999 1013.7  24.6  24.5  24.2 99.0 99.00
2018 07 16 05 50 198  2.0  2.1  0.13 99.00  3.25 999 1013.5  24.3  24.4  23.8 99.0 99.00
2018 07 16 06 50 208  2.1  2.3  0.08 99.00  2.90 999 1013.2  24.1  24.0  23.4 99.0 99.00
2018 07 16 07 50 265  2.1  2.4  0.08 99.00  3.06 999 1013.0  23.9  23.9  23.2 99.0 99.00
2018 07 16 08 50 252  1.7  1.9  0.07 99.00  2.94 999 1012.8  23.7  23.4  23.2 99.0 99.00
2018 07 16 09 50 259  1.5  1.6  0.06 99.00  2.72 999 1012.4  23.8  23.3  23.0 99.0 99.00
2018 07 16 10 50 239  1.8  2.1  0.06 99.00  2.76 999 1012.8  23.5  23.4  22.9 99.0 99.00
2018 07 16 11 50 236  2.6  2.9  0.04 99.00  2.83 999 1012.6  23.7  23.3  22.8 99.0 99.00
2018 07 16 12 50 236  2.6  2.9  0.03 99.00  2.69 999 1012.6  24.0  23.5  22.8 99.0 99.00
2018 07 16 13 50 245  1.2  1.5  0.03 99.00  2.71 999 1013.0  24.2  23.6  22.7 99.0 99.00
2018 07 16 14 50 258  2.6  2.9  0.04 99.00  2.99 999 1013.2  24.2  23.8  22.7 99.0 99.00
2018 07 16 15 50 260  2.6  2.8  0.04 99.00  3.07 999 1013.3  24.4  24.0  22.7 99.0 99.00
2018 07 16 16 50 325  3.2  3.9  0.04 99.00  2.42 999 1013.5  24.5  24.1  23.0 99.0 99.00
2018 07 16 17 50 359  5.6  6.9  0.09 99.00  2.37 999 1012.9  24.0  24.0  22.7 99.0 99.00
2018 07 16 18 50  12  5.4  6.5  0.21 99.00  2.54 999 1012.7  23.4  23.8  21.6 99.0 99.00
2018 07 16 19 50  21  5.7  6.9  0.27  2.74  2.66   9 1012.6  23.2  23.6  20.2 99.0 99.00
2018 07 16 20 50  38  4.3  4.9  0.30  3.13  2.94  12 1012.5  23.2  23.5  19.7 99.0 99.00
2018 07 16 21 50  33  3.7  4.5  0.36  3.33  3.12  17 1012.4  23.3  23.4  19.6 99.0 99.00
2018 07 16 22 50  40  1.8  2.2  0.28  3.45  3.11  22 1012.6  23.5  23.2  19.8 99.0 99.00
2018 07 16 23 50 352  1.4  1.7  0.31  3.70  3.34  20 1012.9  23.8  23.3  20.4 99.0 99.00
2018 07 17 00 50 306  1.0  1.4  0.32  3.85  3.48 347 1013.2  23.3  23.4  20.4 99.0 99.00
2018 07 17 01 50 293  2.2  2.7  0.33  3.85  3.55 349 1013.7  22.9  23.6  20.6 99.0 99.00
2018 07 17 02 50 256  3.1  3.7  0.29  4.17  3.47 347 1014.4  23.0  23.5  20.8 99.0 99.00
2018 07 17 03 50 246  3.4  4.1  0.24 99.00  3.33 999 1014.4  23.1  23.4  21.2 99.0 99.00
2018 07 17 04 50 262  5.1  6.1  0.21 99.00  3.22 999 1014.4  23.5  23.3  21.3 99.0 99.00
2018 07 17 05 50 263  4.5  5.0  0.19 99.00  3.05 999 1014.4  23.6  23.2  21.7 99.0 99.00
2018 07 17 06 50 311  7.1  8.3  0.22 99.00  2.59 999 1014.2  24.2  23.0  18.4 99.0 99.00
2018 07 17 07 50 325  6.3  7.5  0.28  2.47  2.57 299 1014.5  23.8  22.8  17.8 99.0 99.00
2018 07 17 08 50 329  7.8  9.1  0.41  2.74  2.69 326 1014.5  23.2  22.7  17.9 99.0 99.00
2018 07 17 09 50  18  7.8  8.8  0.57  3.23  3.05 350 1014.7  22.1  22.5  19.3 99.0 99.00
2018 07 17 10 50  40  7.5  8.5  0.63  3.45  3.17 353 1015.4  22.7  22.4  15.5 99.0 99.00
2018 07 17 11 50  29  6.4  7.6  0.69  4.00  3.36   5 1016.1  22.7  22.4  14.4 99.0 99.00
2018 07 17 12 50  24  6.2  7.1  0.61  4.35  3.51  13 1016.9  22.6  22.4  14.1 99.0 99.00
2018 07 17 13 50  17  6.2  7.5  0.54  4.00  3.47  15 1017.4  22.3  22.3  14.6 99.0 99.00
2018 07 17 14 50   9  6.8  7.8  0.51  4.35  3.45  25 1017.7  21.7  22.3  16.0 99.0 99.00
2018 07 17 15 50   5  6.8  8.1  0.55  4.17  3.44  18 1018.3  21.2  22.3  16.0 99.0 99.00
2018 07 17 16 50   1  6.1  7.6  0.60  4.00  3.53  28 1018.6  21.1  22.4  15.3 99.0 99.00
2018 07 17 17 50   3  6.2  7.2  0.68  4.35  3.74  27 1018.7  21.0  22.5  15.8 99.0 99.00
2018 07 17 18 50   2  6.3  7.3  0.65  4.76  3.66  27 1018.9  20.7  22.6  16.2 99.0 99.00
2018 07 17 19 50   7  6.7  7.9  0.69  4.76  3.85  26 1018.9  20.7  22.6  16.4 99.0 99.00
2018 07 17 20 50  22  7.7  8.9  0.81  4.76  3.89  40 1018.4  20.7  22.7  15.7 99.0 99.00
2018 07 17 21 50  24  7.5  8.9  0.84  4.76  3.91  33 1018.5  20.3  22.7  15.3 99.0 99.00
2018 07 17 22 50  24  8.4  9.4  1.02  4.76  4.11  43 1018.2  20.4  22.7  14.9 99.0 99.00
2018 07 17 23 50  24  7.9  9.4  1.06  5.26  4.16  46 1018.3  20.3  22.6  15.1 99.0 99.00
2018 07 18 00 50  21  7.4  9.3  1.20  5.26  4.27  49 1018.4  20.4  22.5  14.5 99.0 99.00
2018 07 18 01 50  24  7.8  9.2  1.14  5.26  4.13  46 1018.4  20.4  22.4  15.0 99.0 99.00
2018 07 18 02 50  31  9.0 11.1  1.17  5.26  4.15  45 1018.5  21.0  22.4  14.3 99.0 99.00
2018 07 18 03 50  35  8.5  9.8  1.28  5.56  4.27  37 1018.8  21.0  22.3  13.9 99.0 99.00
2018 07 18 04 50  31  8.0  9.5  1.30  5.56  4.27  38 1019.1  21.0  22.3  13.1 99.0 99.00
2018 07 18 05 50  39  7.0  8.0  1.13  5.26  4.21  39 1019.3  21.0  22.2  12.4 99.0 99.00
2018 07 18 06 50  40  6.7  7.6  1.04  4.76  4.12  42 1019.5  20.9  22.2  12.0 99.0 99.00
2018 07 18 07 50  71  5.9  6.7  0.86  5.56  4.08  28 1019.6  19.8  22.1  14.2 99.0 99.00
2018 07 18 08 50  71  5.5  6.6  0.73  5.56  4.00  17 1019.8  19.3  22.2  13.7 99.0 99.00
2018 07 18 09 50  66  4.6  5.9  0.69  5.88  4.08   8 1020.1  19.0  22.2  13.3 99.0 99.00
2018 07 18 10 50  59  3.1  4.3  0.65  5.56  3.99   5 1020.7  19.0  22.2  13.0 99.0 99.00
2018 07 18 11 50  71  2.1  3.3  0.59  5.56  4.03   3 1020.8  19.4  22.2  13.4 99.0 99.00
2018 07 18 12 50  43  2.1  2.9  0.59  5.56  4.20   8 1020.9  19.3  22.2  13.2 99.0 99.00
2018 07 18 13 50  43  3.1  4.4  0.52  4.35  3.98  19 1020.8  19.1  22.3  13.5 99.0 99.00
2018 07 18 14 50  60  3.1  4.1  0.50  4.76  3.97  20 1020.8  19.2  22.3  13.9 99.0 99.00
2018 07 18 15 50  68  3.0  4.1  0.46  4.76  3.79  24 1020.7  19.0  22.5  14.2 99.0 99.00
2018 07 18 16 50  57  2.9  3.8  0.45  4.76  3.67  21 1020.5  19.1  22.6  14.4 99.0 99.00
2018 07 18 17 50  40  3.0  3.9  0.42  4.55  3.53  38 1020.5  19.3  22.8  13.6 99.0 99.00
2018 07 18 18 50  23  2.5  3.6  0.38  4.35  3.49  31 1020.3  19.6  23.0  13.4 99.0 99.00
2018 07 18 19 50   3  2.0  2.8  0.33  4.35  3.46  32 1019.9  19.9  23.2  13.1 99.0 99.00
2018 07 18 20 50 327  2.3  3.2  0.30  4.17  3.49  31 1019.5  20.4  23.2  12.6 99.0 99.00
2018 07 18 21 50 340  1.5  1.9  0.28  4.17  3.61  43 1018.8  20.9  23.3  12.3 99.0 99.00
2018 07 18 22 50   7  2.9  3.5  0.27  4.76  3.90  37 1018.3  21.3  23.2  12.9 99.0 99.00
2018 07 18 23 50  28  4.6  5.2  0.26  4.35  3.88  34 1017.7  21.6  23.0  13.9 99.0 99.00
2018 07 19 00 50  34  4.2  4.8  0.23 99.00  3.64 999 1017.3  21.4  22.8  14.5 99.0 99.00
2018 07 19 01 50  35  3.6  4.4  0.24 99.00  3.38 999 1017.6  21.2  22.6  15.7 99.0 99.00
2018 07 19 02 50  47  4.3  5.0  0.25 99.00  3.26 999 1017.6  21.3  22.6  16.4 99.0 99.00
2018 07 19 03 50  62  3.7  4.4  0.25 99.00  3.11 999 1017.4  21.5  22.6  15.9 99.0 99.00
2018 07 19 04 50  71  2.6  3.3  0.26  2.94  3.22  58 1017.5  21.6  22.5  16.0 99.0 99.00
2018 07 19 05 50  87  2.5  3.3  0.29  3.23  3.29  32 1017.5  21.6  22.4  15.8 99.0 99.00
2018 07 19 06 50 102  2.2  2.7  0.28  3.33  3.41  16 1017.5  21.5  22.5  15.6 99.0 99.00
2018 07 19 07 50 115  1.9  2.4  0.28  3.70  3.39  17 1017.3  21.5  22.4  15.7 99.0 99.00
2018 07 19 08 50 109  3.2  3.8  0.26  3.57  3.27  23 1016.9  21.5  22.4  15.2 99.0 99.00
2018 07 19 09 50 106  4.1  4.9  0.24 99.00  3.14 999 1017.0  21.5  22.3  15.4 99.0 99.00
2018 07 19 10 50  97  5.0  5.8  0.24 99.00  2.90 999 1016.5  21.7  22.4  15.1 99.0 99.00
2018 07 19 11 50  92  4.7  5.6  0.31  2.94  2.83  97 1016.7  21.8  22.4  15.1 99.0 99.00
2018 07 19 12 50  93  2.7  3.5  0.31  2.94  2.91  90 1016.9  21.1  22.5  15.4 99.0 99.00
2018 07 19 13 50  93  3.4  4.4  0.29  3.03  2.96 100 1016.3  21.1  22.6  16.7 99.0 99.00
2018 07 19 14 50 139  4.0  4.7  0.27  3.23  2.83  85 1015.9  21.6  22.7  17.2 99.0 99.00
2018 07 19 15 50 150  4.3  5.1  0.25 99.00  2.65 999 1015.4  22.0  22.8  17.5 99.0 99.00
2018 07 19 16 50 138  5.3  6.6  0.29  2.74  2.64 103 1015.0  22.2  22.8  17.8 99.0 99.00
2018 07 19 17 50 147  5.0  5.7  0.32  2.94  2.69 128 1014.8  22.7  22.9  17.8 99.0 99.00
2018 07 19 18 50 123  4.3  5.1  0.29  2.86  2.70 146 1014.1  23.1  23.0  19.0 99.0 99.00
2018 07 19 19 50 119  4.3  4.9  0.24 99.00  2.67 999 1013.6  23.6  23.1  19.7 99.0 99.00
2018 07 19 20 50 115  4.3  5.0  0.22 99.00  2.56 999 1013.1  23.8  23.1  19.8 99.0 99.00
2018 07 19 21 50 111  4.5  5.5  0.19 99.00  2.58 999 1012.4  23.7  23.2  20.3 99.0 99.00
2018 07 19 22 50 116  5.1  5.7  0.16 99.00  2.50 999 1011.4  24.1  23.1  20.1 99.0 99.00
2018 07 19 23 50 122  5.0  5.8  0.16 99.00  2.46 999 1010.9  24.1  23.0  20.0 99.0 99.00
2018 07 20 00 50 124  5.8  6.5  0.17 99.00  2.42 999 1010.3  24.3  22.9  19.8 99.0 99.00
2018 07 20 01 50 117  4.2  4.8  0.24 99.00  2.53 999 1009.9  23.8  22.9  20.8 99.0 99.00
2018 07 20 02 50 133  6.7  7.8  0.31  2.86  2.75 146 1009.8  24.4  22.8  19.5 99.0 99.00
2018 07 20 03 50 128  7.8  9.2  0.41  3.13  2.95 149 1009.2  24.2  22.8  19.5 99.0 99.00
2018 07 20 04 50 131  9.7 11.8  0.72  3.45  3.40 132 1008.6  24.2  22.7  19.1 99.0 99.00
2018 07 20 05 50 135 10.8 12.8  0.97  4.35  3.82 144 1007.9  24.0  22.6  18.4 99.0 99.00
2018 07 20 06 50 128 10.6 12.7  1.37  4.76  4.33 139 1006.9  23.8  22.6  18.6 99.0 99.00
2018 07 20 07 50 134 11.3 13.4  1.35  5.26  4.38 145 1006.1  23.9  22.6  18.4 99.0 99.00
2018 07 20 08 50 139 11.7 15.4  1.61  4.76  4.49 143 1005.4  23.8  22.6  18.1 99.0 99.00
2018 07 20 09 50 148 10.7 12.7  1.77  5.26  4.61 148 1005.1  23.6  22.6  18.4 99.0 99.00
2018 07 20 10 50 153  9.3 11.2  1.63  5.26  4.52 151 1005.1  23.3  22.5  19.9 99.0 99.00
2018 07 20 11 50 153  9.6 11.6  1.43  5.56  4.38 156 1005.0  23.2  22.5  19.7 99.0 99.00
2018 07 20 12 50 159  9.1 11.4  1.43  5.00  4.31 150 1004.6  23.3  22.4  19.8 99.0 99.00
2018 07 20 13 50 158 10.5 12.9  1.39  5.56  4.28 152 1004.6  23.0  22.4  19.4 99.0 99.00
2018 07 20 14 50 155 10.7 13.1  1.42  5.56  4.28 154 1004.7  22.8  22.4  19.0 99.0 99.00
2018 07 20 15 50 153  9.1 10.9  1.36  5.26  4.16 157 1004.3  22.9  22.4  19.5 99.0 99.00
2018 07 20 16 50 139  8.7 10.2  1.26  5.00  4.21 164 1004.0  23.1  22.4  19.7 99.0 99.00
2018 07 20 17 50 149  4.8  6.8  1.02  5.00  4.04 165 1003.6  23.1  22.4  20.0 99.0 99.00
2018 07 20 18 50 237  4.0  5.3  0.84  5.00  4.00 148 1003.1  20.5  22.4  19.1 99.0 99.00
2018 07 20 19 50 171  1.4  2.0  0.62  5.00  3.76 144 1003.1  21.2  22.5  19.3 99.0 99.00
2018 07 20 20 50 173  5.9  6.8  0.50  4.76  3.70 158 1002.9  21.9  22.7  19.7 99.0 99.00
2018 07 20 21 50 181  4.8  5.7  0.44  4.55  3.43 155 1002.8  22.3  22.7  19.7 99.0 99.00
2018 07 20 22 50 187  4.1  5.1  0.42  4.35  3.27 151 1003.0  22.1  22.7  20.1 99.0 99.00
2018 07 20 23 50 239  2.0  2.9  0.39  4.00  3.22 143 1003.1  21.6  22.7  20.0 99.0 99.00
2018 07 21 00 50 238  2.7  3.6  0.41  3.70  3.36 140 1002.9  21.7  22.7  19.9 99.0 99.00
2018 07 21 01 50 193  0.5  0.9  0.40  3.85  3.42 149 1003.1  21.7  22.7  19.8 99.0 99.00
2018 07 21 02 50 123  1.9  2.4  0.40  4.17  3.49 177 1003.2  21.8  22.7  19.9 99.0 99.00
2018 07 21 03 50  90  2.5  3.0  0.36  4.00  3.33 197 1003.0  21.9  22.7  19.8 99.0 99.00
2018 07 21 04 50  94  3.8  4.3  0.34  3.85  3.26 211 1002.9  21.8  22.7  20.4 99.0 99.00
2018 07 21 05 50 100  2.8  3.2  0.33  3.70  3.13 198 1003.0  21.7  22.6  20.1 99.0 99.00
2018 07 21 06 50  47  6.1  7.0  0.37  3.45  3.02 227 1002.9  21.3  22.6  19.8 99.0 99.00
2018 07 21 07 50  42  5.7  6.5  0.35  2.86  2.84 109 1003.0  21.3  22.6  19.6 99.0 99.00
2018 07 21 08 50  32  5.6  6.4  0.33  2.94  2.84  72 1002.9  21.3  22.5  19.2 99.0 99.00
2018 07 21 09 50  22  4.6  5.7  0.29  2.94  2.93  80 1003.4  21.4  22.5  20.1 99.0 99.00
2018 07 21 10 50  51  7.6  8.7  0.34  2.86  2.90  70 1003.9  21.3  22.5  20.1 99.0 99.00
2018 07 21 11 50  47  7.3  8.5  0.53  3.45  3.25  66 1004.6  21.2  22.5  20.0 99.0 99.00
2018 07 21 12 50  46  7.2  8.3  0.71  4.17  3.60  70 1005.2  21.0  22.5  19.7 99.0 99.00
2018 07 21 13 50  33  7.5  8.7  0.78  4.35  3.65  73 1006.0  21.1  22.5  19.6 99.0 99.00
2018 07 21 14 50  17  8.7  9.9  0.85  4.00  3.58  69 1006.2  20.9  22.6  19.2 99.0 99.00
2018 07 21 15 50  17  7.9  9.4  0.89  4.76  3.65  53 1006.8  21.1  22.6  19.3 99.0 99.00
2018 07 21 16 50  18  7.6  8.8  0.91  4.55  3.63  52 1007.1  21.3  22.6  19.2 99.0 99.00
2018 07 21 17 50  22  7.2  8.1  0.88  4.17  3.70  44 1007.0  20.9  22.6  19.3 99.0 99.00
2018 07 21 18 50   7  7.8  9.4  0.78  4.35  3.59  31 1007.3  20.6  22.6  19.3 99.0 99.00
2018 07 21 19 50 358  7.8  8.9  1.07  5.56  4.31   9 1007.4  21.1  22.6  19.2 99.0 99.00
2018 07 21 20 50 354  8.1  9.4  1.09  5.56  4.22   8 1007.5  21.2  22.6  19.5 99.0 99.00
2018 07 21 21 50   3  6.4  7.3  1.04  5.88  4.30  11 1007.7  21.4  22.6  19.2 99.0 99.00
2018 07 21 22 50 355  7.4  8.8  1.04  6.25  4.42  10 1007.9  21.4  22.6  19.5 99.0 99.00
2018 07 21 23 50   2  7.7  8.8  1.02  5.88  4.35  10 1008.0  21.4  22.5  19.7 99.0 99.00
2018 07 22 00 50  11  7.7  9.3  0.93  4.35  4.14  23 1008.2  21.6  22.5  20.3 99.0 99.00
2018 07 22 01 50  24  8.4  9.9  1.08  5.56  4.32  14 1008.5  21.4  22.4  20.1 99.0 99.00
2018 07 22 02 50  44  7.2  8.6  1.28  5.56  4.57  11 1009.0  21.5  22.4  19.8 99.0 99.00
2018 07 22 03 50  27  8.5  9.7  1.22  5.88  4.63  11 1009.0  21.5  22.3  20.0 99.0 99.00
2018 07 22 04 50  22  8.3  9.7  1.19  5.88  4.42  11 1009.1  21.5  22.3  20.2 99.0 99.00
2018 07 22 05 50  23  8.1  9.4  1.16  5.56  4.41  22 1009.2  21.6  22.3  20.3 99.0 99.00
2018 07 22 06 50  27  7.9  9.5  1.18  5.88  4.38  19 1009.0  21.5  22.3  19.9 99.0 99.00
2018 07 22 07 50  30  7.5  8.7  1.10  6.25  4.27  28 1008.8  21.4  22.3  20.0 99.0 99.00
2018 07 22 08 50  20  7.5  8.9  1.17  6.25  4.42  26 1008.9  21.3  22.3  20.0 99.0 99.00
2018 07 22 09 50  25  7.5  9.3  1.19  6.25  4.41  24 1009.1  21.4  22.3  19.9 99.0 99.00
2018 07 22 10 50  34  7.3  8.5  1.08  5.56  4.35  29 1009.2  21.4  22.3  20.0 99.0 99.00
2018 07 22 11 50  38  7.7  8.9  1.13  5.00  4.32  27 1009.5  21.5  22.3  19.7 99.0 99.00
2018 07 22 12 50  31  7.6  8.7  1.13  5.88  4.54  19 1010.1  21.5  22.2  19.8 99.0 99.00
2018 07 22 13 50  31  7.3  8.3  1.27  6.67  4.76  23 1010.6  21.5  22.2  19.8 99.0 99.00
2018 07 22 14 50  27  7.5  8.9  1.14  6.25  4.59  18 1011.0  21.4  22.2  19.7 99.0 99.00
2018 07 22 15 50  22  7.9  9.1  1.23  6.25  4.67  23 1011.3  21.3  22.2  20.0 99.0 99.00
2018 07 22 16 50  27  7.9  9.2  1.17  6.25  4.43  21 1011.1  21.6  22.2  19.6 99.0 99.00
2018 07 22 17 50   8  8.5 10.2  1.13  5.26  4.37  29 1011.2  21.3  22.2  19.8 99.0 99.00
2018 07 22 18 50  16  8.8 10.4  1.09  5.56  4.24  21 1011.2  21.5  22.3  19.9 99.0 99.00
2018 07 22 19 50  17  8.6  9.9  1.29  5.88  4.48  29 1011.1  21.5  22.3  20.1 99.0 99.00
2018 07 22 20 50   8  8.1  9.3  1.39  6.67  4.77  19 1011.4  21.8  22.3  20.0 99.0 99.00
2018 07 22 21 50  10  8.4  9.5  1.48  6.67  4.79  15 1011.6  21.8  22.4  19.9 99.0 99.00
2018 07 22 22 50  21  5.0  5.8  1.67  6.25  5.10  23 1012.1  22.3  22.4  20.0 99.0 99.00
2018 07 22 23 50  11  6.1  7.2  1.46  6.67  5.11  17 1012.5  22.5  22.4  19.4 99.0 99.00
2018 07 23 00 50  25  8.5 10.0  1.38  6.67  4.98  27 1012.7  21.8  22.3  19.4 99.0 99.00
2018 07 23 01 50   9  9.0 10.7  1.41  6.67  4.85  21 1012.8  21.9  22.3  18.5 99.0 99.00
2018 07 23 02 50   7  8.7 10.7  1.34  6.67  4.78  28 1013.0  22.2  22.3  18.5 99.0 99.00
2018 07 23 03 50  14  9.4 11.3  1.30  6.25  4.53  34 1012.9  21.9  22.3  19.3 99.0 99.00
2018 07 23 04 50  87  7.3  9.3  1.34  6.25  4.63  16 1012.7  20.7  22.2  17.8 99.0 99.00
2018 07 23 05 50  46  0.6  1.2  1.17  6.25  4.81  21 1012.4  21.0  22.2  16.3 99.0 99.00
2018 07 23 06 50 295  4.5  5.4  0.99  6.25  4.62   1 1012.2  21.1  22.2  17.6 99.0 99.00
2018 07 23 07 50 350  9.0 10.3  0.91  5.88  4.28  36 1011.9  21.0  22.2  18.7 99.0 99.00
2018 07 23 08 50   8  7.8  9.2  1.02  5.56  4.20  40 1011.6  20.9  22.2  18.4 99.0 99.00
2018 07 23 09 50   3  7.8  9.0  1.04  4.35  4.14  39 1011.5  20.6  22.2  18.2 99.0 99.00
2018 07 23 10 50   1  7.8  9.5  1.15  5.56  4.22  27 1011.6  20.6  22.1  18.6 99.0 99.00
2018 07 23 11 50 355  7.2  8.9  1.18  5.26  4.27  35 1012.1  20.5  22.1  18.5 99.0 99.00
2018 07 23 12 50 357  7.5  8.9  1.18  5.88  4.42  35 1012.3  20.8  22.1  18.8 99.0 99.00
2018 07 23 13 50 346  7.4  8.9  1.21  5.88  4.46  32 1012.7  20.9  22.1  19.1 99.0 99.00
2018 07 23 14 50 349  8.4  9.7  1.27  5.88  4.44  31 1012.8  20.6  22.1  18.7 99.0 99.00
2018 07 23 15 50 355  8.0  9.4  1.13  5.56  4.34  32 1012.8  20.5  22.1  18.7 99.0 99.00
2018 07 23 16 50 352  6.6  7.6  1.16  5.88  4.34  31 1012.9  20.3  22.1  18.6 99.0 99.00
2018 07 23 17 50 360  7.9  9.6  1.10  5.88  4.21  28 1012.8  20.4  22.2  18.6 99.0 99.00
2018 07 23 18 50 359  7.1  8.5  1.07  5.00  4.24  29 1012.8  20.7  22.2  18.8 99.0 99.00
2018 07 23 19 50 356  6.7  7.7  0.98  5.00  4.17  36 1012.8  20.7  22.2  18.8 99.0 99.00
2018 07 23 20 50 360  6.4  7.7  1.02  4.76  4.33  33 1013.1  20.7  22.2  18.9 99.0 99.00
2018 07 23 21 50   3  6.2  7.4  0.92  5.26  4.12  36 1013.1  20.8  22.2  18.9 99.0 99.00
2018 07 23 22 50   8  6.2  7.2  0.90  5.56  4.07  27 1013.1  20.9  22.2  18.3 99.0 99.00
2018 07 23 23 50 351  6.4  7.9  0.85  5.56  4.11  36 1013.3  21.2  22.2  18.3 99.0 99.00
2018 07 24 00 50 355  6.4  7.8  0.85  5.00  4.08  33 1013.2  21.1  22.2  18.3 99.0 99.00
2018 07 24 01 50 349  6.6  7.4  0.88  5.56  4.07  39 1013.6  20.8  22.2  18.5 99.0 99.00
2018 07 24 02 50 358  6.7  7.8  0.85  5.56  3.97  36 1013.7  20.9  22.2  19.0 99.0 99.00
2018 07 24 03 50 355  6.2  7.4  0.81  5.56  3.96  36 1013.6  20.9  22.2  19.0 99.0 99.00
2018 07 24 04 50 355  5.0  6.1  0.85  4.55  4.00  37 1013.7  21.0  22.1  19.3 99.0 99.00
2018 07 24 05 50 339  4.6  5.6  0.73  5.00  3.98  33 1013.5  20.9  22.1  19.4 99.0 99.00
2018 07 24 06 50 357  4.7  5.7  0.65  4.76  3.88  31 1013.7  20.9  22.1  19.1 99.0 99.00
2018 07 24 07 50   4  4.4  6.2  0.62  5.26  3.76  29 1013.6  20.8  22.1  18.9 99.0 99.00
2018 07 24 08 50 350  3.9  4.9  0.60  5.00  3.85  24 1013.8  20.8  22.1  19.2 99.0 99.00
2018 07 24 09 50 340  4.3  5.0  0.49  4.00  3.57  21 1014.1  20.9  22.1  19.3 99.0 99.00
2018 07 24 10 50 342  4.5  5.5  0.48  5.00  3.67  25 1014.4  20.9  22.1  19.1 99.0 99.00
2018 07 24 11 50 352  4.6  5.5  0.42  4.35  3.49  22 1014.7  21.0  22.1  19.3 99.0 99.00
2018 07 24 12 50 354  5.3  6.0  0.41  4.55  3.42  26 1015.0  21.4  22.1  18.7 99.0 99.00
2018 07 24 13 50   1  4.8  5.8  0.38  4.35  3.20  25 1015.4  21.2  22.1  19.1 99.0 99.00
2018 07 24 14 50   3  4.6  5.6  0.38  4.17  3.17   6 1015.7  21.2  22.2  19.2 99.0 99.00
2018 07 24 15 50   6  3.7  4.5  0.36  3.13  3.16  35 1015.9  21.4  22.3  19.1 99.0 99.00
2018 07 24 16 50 349  2.9  3.6  0.38  3.13  3.15  32 1016.0  21.4  22.5  18.8 99.0 99.00
2018 07 24 17 50 339  3.0  3.9  0.32  3.45  3.17  40 1015.9  21.5  22.7  18.7 99.0 99.00
2018 07 24 18 50 327  2.3  2.9  0.31  3.33  3.24  39 1015.6  21.6  22.9  19.0 99.0 99.00
2018 07 24 19 50 255  1.0  1.5  0.29  3.57  3.19  36 1015.5  22.0  23.4  19.3 99.0 99.00
2018 07 24 20 50 219  1.6  2.2  0.24 99.00  3.19 999 1015.2  22.3  23.7  19.3 99.0 99.00
2018 07 24 21 50 183  2.2  2.6  0.23 99.00  3.40 999 1014.9  22.7  23.8  19.5 99.0 99.00
2018 07 24 22 50 190  2.5  3.0  0.19 99.00  3.27 999 1014.5  23.3  23.8  19.5 99.0 99.00
2018 07 24 23 50 200  2.9  3.3  0.17 99.00  3.30 999 1014.2  23.4  23.7  19.6 99.0 99.00
2018 07 25 00 50 213  2.8  3.3  0.14 99.00  3.34 999 1014.5  23.4  23.5  19.7 99.0 99.00
2018 07 25 01 50 235  3.8  4.7  0.15 99.00  3.55 999 1014.9  23.3  23.4  20.6 99.0 99.00
2018 07 25 02 50 251  3.9  4.4  0.14 99.00  3.22 999 1015.3  22.9  23.1  20.7 99.0 99.00
2018 07 25 03 50 258  4.5  5.1  0.18 99.00  2.59 999 1015.1  22.9  23.0  20.6 99.0 99.00
2018 07 25 04 50 269  3.7  4.3  0.19 99.00  2.57 999 1015.1  23.1  22.8  20.3 99.0 99.00
2018 07 25 05 50 296  4.3  5.1  0.15 99.00  2.55 999 1015.1  23.2  22.7  20.1 99.0 99.00
2018 07 25 06 50 313  4.7  5.5  0.13 99.00  2.52 999 1014.8  23.3  22.7  19.3 99.0 99.00
2018 07 25 07 50 322  6.3  7.4  0.15 99.00  2.43 999 1014.8  23.1  22.5  18.7 99.0 99.00
2018 07 25 08 50 341  6.0  7.4  0.32  2.74  2.62 327 1014.9  22.6  22.5  18.8 99.0 99.00
2018 07 25 09 50 354  5.9  7.0  0.41  3.03  2.92 349 1015.0  22.3  22.4  19.1 99.0 99.00
2018 07 25 10 50 347  5.7  6.5  0.45  3.23  3.04 340 1015.2  21.9  22.4  19.6 99.0 99.00
2018 07 25 11 50 341  5.5  6.2  0.51  3.57  3.15 357 1015.3  21.7  22.4  19.7 99.0 99.00
2018 07 25 12 50 348  4.8  5.6  0.52  3.85  3.29   8 1015.6  21.6  22.4  19.9 99.0 99.00
2018 07 25 13 50 320  5.8  6.5  0.47  3.70  3.29 351 1016.7  21.6  22.5  19.9 99.0 99.00
2018 07 25 14 50 318  5.9  6.7  0.45  3.85  3.20 356 1016.6  21.8  22.5  19.8 99.0 99.00
2018 07 25 15 50 316  4.1  4.9  0.45  3.57  3.14 356 1016.6  21.6  22.6  19.4 99.0 99.00
2018 07 25 16 50 321  2.5  2.9  0.38  3.45  3.12 350 1016.3  21.8  22.7  19.3 99.0 99.00
2018 07 25 17 50 297  3.1  3.6  0.35  3.23  3.05 334 1016.2  22.1  22.9  19.2 99.0 99.00
2018 07 25 18 50 274  2.4  2.8  0.29  3.57  3.13 325 1015.8  22.6  23.1  19.0 99.0 99.00
2018 07 25 19 50 235  2.1  2.4  0.26  3.70  3.21 324 1015.5  23.0  23.4  18.9 99.0 99.00
2018 07 25 20 50 191  1.9  2.2  0.24 99.00  3.38 999 1014.9  23.6  23.8  18.3 99.0 99.00
2018 07 25 21 50 164  2.2  2.5  0.22 99.00  3.43 999 1014.2  23.7  23.9  18.6 99.0 99.00
2018 07 25 22 50 171  2.6  3.0  0.21 99.00  3.46 999 1014.0  23.9  23.9  19.0 99.0 99.00
2018 07 25 23 50 180  2.8  3.3  0.16 99.00  3.42 999 1013.8  23.9  23.8  19.6 99.0 99.00
2018 07 26 00 50 188  4.0  4.7  0.15 99.00  3.38 999 1013.5  23.7  23.6  20.2 99.0 99.00
2018 07 26 01 50 191  4.3  4.9  0.14 99.00  3.30 999 1012.9  23.5  23.3  20.1 99.0 99.00
2018 07 26 02 50 181  5.2  6.1  0.18 99.00  2.49 999 1012.5  23.4  23.0  20.4 99.0 99.00
2018 07 26 03 50 195  6.3  7.5  0.25 99.00  2.57 999 1012.4  23.4  22.8  19.8 99.0 99.00
2018 07 26 04 50 193  6.3  7.4  0.34  2.94  2.80 176 1011.7  23.7  22.7  19.2 99.0 99.00
2018 07 26 05 50 202  6.6  7.4  0.43  3.13  2.89 172 1011.3  23.9  22.7  19.5 99.0 99.00
2018 07 26 06 50 227  8.3  9.9  0.43  3.23  2.97 170 1010.7  24.0  22.6  19.9 99.0 99.00
2018 07 26 07 50 236  8.9 10.7  0.57  3.33  3.11 178 1010.2  23.9  22.6  19.1 99.0 99.00
2018 07 26 08 50 260  8.7 10.4  0.69  3.57  3.34 189 1009.7  23.4  22.5  19.3 99.0 99.00
2018 07 26 09 50 275  8.4  9.7  0.69  3.85  3.41 196 1009.9  22.7  22.5  19.3 99.0 99.00
2018 07 26 10 50 313  7.9  9.8  0.65  3.57  3.33 228 1010.5  22.0  22.5  19.3 99.0 99.00
2018 07 26 11 50 307  8.7 10.3  0.75  4.00  3.33 231 1011.3  20.9  22.5  17.8 99.0 99.00
2018 07 26 12 50 314  8.4 10.0  0.86  3.85  3.50 319 1011.5  20.9  22.5  17.2 99.0 99.00
2018 07 26 13 50 316  7.7  9.3  0.99  4.55  3.75 336 1011.9  20.6  22.5  17.1 99.0 99.00
2018 07 26 14 50 316  7.4  9.0  1.00  4.76  3.89 334 1012.4  20.6  22.4  16.4 99.0 99.00
2018 07 26 15 50 295  6.5  7.5  0.91  4.55  3.82 315 1012.8  20.8  22.4  15.9 99.0 99.00
2018 07 26 16 50 291  5.6  6.6  0.86  5.26  3.89 320 1012.9  21.2  22.5  16.1 99.0 99.00
2018 07 26 17 50 277  5.1  5.8  0.77  5.26  4.01 317 1012.8  21.6  22.6  15.3 99.0 99.00
2018 07 26 18 50 289  4.3  5.1  0.63  4.76  3.76 311 1012.6  21.9  22.7  14.7 99.0 99.00
2018 07 26 19 50 297  4.7  5.5  0.53  4.35  3.58 318 1012.6  22.0  22.7  14.9 99.0 99.00
2018 07 26 20 50 300  7.4  8.5  0.56  4.35  3.53 334 1012.3  22.4  22.8  14.2 99.0 99.00
2018 07 26 21 50 291  5.7  7.1  0.49  4.35  3.34 344 1012.5  22.6  22.8  14.7 99.0 99.00
2018 07 26 22 50 329  4.8  5.7  0.50  3.13  3.31 325 1012.9  22.0  22.7  15.2 99.0 99.00
2018 07 26 23 50 320  4.9  5.9  0.52  4.17  3.35 359 1013.1  22.2  22.7  14.9 99.0 99.00
2018 07 27 00 50 313  3.8  4.5  0.59  4.17  3.53 338 1013.1  22.1  22.7  15.1 99.0 99.00
2018 07 27 01 50 308  5.5  7.4  0.58  4.17  3.65 332 1013.2  22.3  22.6  14.8 99.0 99.00
2018 07 27 02 50 305  6.2  7.2  0.53  4.00  3.35 319 1013.6  22.4  22.6  15.1 99.0 99.00
2018 07 27 03 50 310  7.7  9.1  0.53  4.00  3.28 334 1013.6  22.0  22.6  15.1 99.0 99.00
2018 07 27 04 50 316  7.9  9.3  0.71  4.00  3.41 339 1013.6  21.5  22.5  14.6 99.0 99.00
2018 07 27 05 50 300  7.7  8.9  0.71  4.00  3.48 337 1013.6  21.1  22.5  15.2 99.0 99.00
2018 07 27 06 50 307  7.4  9.1  0.73  4.00  3.41 333 1013.3  20.7  22.4  14.7 99.0 99.00
2018 07 27 07 50 307  7.9  9.2  0.72  4.35  3.41 339 1013.2  20.1  22.4  14.7 99.0 99.00
2018 07 27 08 50 310  6.9  9.0  0.78  4.17  3.39 336 1013.4  19.6  22.4  14.9 99.0 99.00
2018 07 27 09 50 313  7.2  8.4  0.76  4.35  3.57 335 1013.6  19.3  22.4  15.6 99.0 99.00
2018 07 27 10 50 316  6.8  8.4  0.86  4.17  3.76 334 1013.9  19.0  22.4  15.8 99.0 99.00
2018 07 27 11 50 311  6.4  7.7  0.83  4.55  3.80 331 1014.6  18.7  22.4  15.5 99.0 99.00
2018 07 27 12 50 316  7.0  8.7  0.83  4.55  3.83 332 1014.9  18.8  22.4  15.2 99.0 99.00
2018 07 27 13 50 312  6.7  8.5  0.79  4.55  3.73 331 1015.5  18.7  22.4  14.8 99.0 99.00
2018 07 27 14 50 307  7.9  9.6  0.74  5.00  3.79 322 1016.0  18.7  22.4  15.2 99.0 99.00
2018 07 27 15 50 304  6.9  8.2  0.79  4.76  3.73 326 1016.6  18.7  22.5  14.9 99.0 99.00
2018 07 27 16 50 304  7.0  8.4  0.81  4.55  3.89 316 1016.9  18.8  22.5  14.2 99.0 99.00
2018 07 27 17 50 292  6.1  7.6  0.85  4.76  3.88 319 1017.1  19.0  22.5  13.5 99.0 99.00
2018 07 27 18 50 305  5.7  7.6  0.76  4.76  3.89 316 1017.1  19.6  22.6  13.7 99.0 99.00
2018 07 27 19 50 313  6.0  7.3  0.68  4.35  3.67 336 1017.3  19.8  22.6  13.5 99.0 99.00
2018 07 27 20 50 324  4.2  5.2  0.70  5.00  3.70 352 1017.3  20.2  22.6  13.0 99.0 99.00
2018 07 27 21 50 337  2.3  3.7  0.62  5.00  3.69 358 1017.3  20.4  22.7  13.1 99.0 99.00
2018 07 27 22 50 272  0.6  1.1  0.51  5.26  3.75   5 1017.5  20.7  22.7  13.4 99.0 99.00
2018 07 27 23 50 221  1.6  2.5  0.51  4.55  3.82 319 1017.5  20.6  22.7  13.4 99.0 99.00
2018 07 28 00 50 190  2.8  3.7  0.47  4.76  3.78 324 1017.6  20.7  22.6  13.9 99.0 99.00
2018 07 28 01 50 212  2.9  3.7  0.50  4.76  3.96 332 1017.7  20.9  22.6  13.9 99.0 99.00
2018 07 28 02 50 250  3.1  3.8  0.47  4.76  3.98 325 1018.0  21.2  22.6  14.3 99.0 99.00
2018 07 28 03 50 232  3.7  4.4  0.42  4.76  3.83 330 1017.7  21.3  22.5  14.8 99.0 99.00
2018 07 28 04 50 261  4.9  6.0  0.36  4.76  3.74 332 1017.7  21.6  22.5  14.7 99.0 99.00
2018 07 28 05 50 288  4.8  6.2  0.33  4.17  3.40 338 1017.4  21.8  22.5  14.4 99.0 99.00
2018 07 28 06 50 312  5.8  6.7  0.31  4.17  3.21   1 1017.5  21.7  22.5  14.4 99.0 99.00
2018 07 28 07 50 333  5.3  6.2  0.36  3.23  2.99   7 1017.6  21.3  22.5  15.9 99.0 99.00
2018 07 28 08 50 318  4.9  5.6  0.38  3.23  3.06 351 1018.1  21.3  22.4  15.3 99.0 99.00
2018 07 28 09 50 343  5.9  6.9  0.37  3.45  3.10 353 1018.1  20.8  22.4  16.1 99.0 99.00
2018 07 28 10 50 347  3.8  4.6  0.38  3.33  3.06 353 1018.3  20.6  22.4  15.5 99.0 99.00
2018 07 28 11 50 319  3.0  3.8  0.32  3.23  3.15 336 1018.9  20.6  22.4  15.8 99.0 99.00
2018 07 28 12 50 347  1.8  2.4  0.29  3.33  3.18 333 1019.5  20.8  22.4  16.1 99.0 99.00
2018 07 28 13 50 340  2.0  3.1  0.26  3.33  3.13 328 1019.9  20.7  22.4  15.5 99.0 99.00
2018 07 28 14 50 322  1.8  2.4  0.25 99.00  3.12 999 1020.2  20.7  22.6  15.6 99.0 99.00
2018 07 28 15 50 297  2.4  3.1  0.22 99.00  3.09 999 1020.7  20.7  22.7  16.0 99.0 99.00
2018 07 28 16 50 301  2.1  3.0  0.19 99.00  3.01 999 1020.4  20.8  23.0  16.0 99.0 99.00
2018 07 28 17 50 322  2.4  3.1  0.19 99.00  3.01 999 1020.1  20.9  23.1  15.2 99.0 99.00
2018 07 28 18 50 290  1.3  1.8  0.23 99.00  3.22 999 1020.1  21.1  23.3  14.9 99.0 99.00
2018 07 28 19 50  16  1.7  2.2  0.27  3.45  3.27  28 1019.7  21.3  23.9  14.1 99.0 99.00
2018 07 28 20 50 152  1.0  1.6  0.28  3.57  3.30 358 1019.7  21.8  24.3  14.3 99.0 99.00
2018 07 28 21 50  95  1.3  2.0  0.27  3.70  3.26  19 1019.5  21.9  24.5  14.2 99.0 99.00
2018 07 28 22 50 112  2.0  2.7  0.23 99.00  3.13 999 1019.4  22.0  24.2  14.2 99.0 99.00
2018 07 28 23 50 147  2.5  3.2  0.19 99.00  3.18 999 1019.2  22.1  23.7  14.3 99.0 99.00
2018 07 29 00 50 158  3.0  3.6  0.14 99.00  3.25 999 1019.2  22.1  23.4  14.3 99.0 99.00
2018 07 29 01 50 188  3.2  3.7  0.12 99.00  3.45 999 1019.2  22.2  23.2  14.5 99.0 99.00
2018 07 29 02 50 194  3.9  4.8  0.12 99.00  3.34 999 1019.5  22.2  23.0  15.0 99.0 99.00
2018 07 29 03 50 205  3.2  3.7  0.14 99.00  2.83 999 1019.2  22.1  22.9  15.2 99.0 99.00
2018 07 29 04 50 190  2.7  3.2  0.14 99.00  2.83 999 1019.2  22.2  22.9  15.1 99.0 99.00
2018 07 29 05 50 195  3.6  4.1  0.14 99.00  2.87 999 1019.6  22.3  22.8  15.8 99.0 99.00
2018 07 29 06 50 219  4.6  5.5  0.14 99.00  2.82 999 1019.4  22.3  22.8  16.6 99.0 99.00
2018 07 29 07 50 239  4.3  5.2  0.16 99.00  2.63 999 1019.3  22.1  22.7  17.0 99.0 99.00
2018 07 29 08 50 277  3.7  4.3  0.18 99.00  2.62 999 1019.4  22.1  22.6  15.1 99.0 99.00
2018 07 29 09 50 268  3.4  4.3  0.17 99.00  2.59 999 1019.5  21.7  22.6  16.2 99.0 99.00
2018 07 29 10 50 247  2.9  3.4  0.14 99.00  2.55 999 1019.4  21.6  22.5  16.4 99.0 99.00
2018 07 29 11 50 242  2.3  2.8  0.12 99.00  2.52 999 1019.2  21.6  22.5  16.5 99.0 99.00
2018 07 29 12 50 250  2.8  3.1  0.11 99.00  2.50 999 1019.5  21.9  22.5  16.7 99.0 99.00
2018 07 29 13 50 257  2.4  3.0  0.10 99.00  2.50 999 1019.7  21.8  22.5  16.7 99.0 99.00
2018 07 29 14 50 262  3.0  3.5  0.12 99.00  2.73 999 1019.7  21.8  22.6  16.9 99.0 99.00
2018 07 29 15 50 270  2.2  2.7  0.12 99.00  2.64 999 1019.9  21.8  22.8  17.8 99.0 99.00
2018 07 29 16 50 210  2.8  3.7  0.10 99.00  2.57 999 1019.8  21.9  23.0  17.4 99.0 99.00
2018 07 29 17 50 217  3.2  3.8  0.10 99.00  2.56 999 1019.4  22.0  23.1  17.7 99.0 99.00
2018 07 29 18 50 212  3.0  3.8  0.12 99.00  2.75 999 1019.2  22.3  23.2  17.7 99.0 99.00
2018 07 29 19 50 195  2.2  2.6  0.12 99.00  2.51 999 1018.9  22.8  23.4  15.4 99.0 99.00
2018 07 29 20 50 181  2.4  3.3  0.11 99.00  2.48 999 1018.7  23.1  23.4  15.5 99.0 99.00
2018 07 29 21 50 166  1.9  2.4  0.11 99.00  2.82 999 1018.5  23.2  23.6  15.1 99.0 99.00
2018 07 29 22 50 158  2.3  2.9  0.09 99.00  2.71 999 1018.2  23.2  23.6  15.3 99.0 99.00
2018 07 29 23 50 137  1.9  2.3  0.08 99.00  2.66 999 1017.9  23.2  23.6  15.2 99.0 99.00
2018 07 30 00 50 154  2.7  3.3  0.09 99.00  2.92 999 1018.0  23.0  23.5  15.2 99.0 99.00
2018 07 30 01 50 155  2.4  3.1  0.07 99.00  3.05 999 1018.3  23.0  23.4  15.6 99.0 99.00
2018 07 30 02 50 165  3.3  3.9  0.06 99.00  3.07 999 1018.9  23.1  23.3  15.7 99.0 99.00
2018 07 30 03 50 193  3.8  4.8  0.07 99.00  2.91 999 1019.2  23.0  23.1  16.7 99.0 99.00
2018 07 30 04 50 195  3.5  4.2  0.11 99.00  2.49 999 1019.3  23.0  23.1  16.0 99.0 99.00
2018 07 30 05 50 195  3.4  3.9  0.14 99.00  2.40 999 1019.3  22.9  22.9  15.9 99.0 99.00
2018 07 30 06 50 205  2.3  2.8  0.14 99.00  2.45 999 1019.0  22.6  22.9  16.5 99.0 99.00
2018 07 30 07 50 268  1.1  1.4  0.15 99.00  2.58 999 1018.7  22.5  22.8  16.2 99.0 99.00
2018 07 30 08 50 343  1.4  1.8  0.14 99.00  2.54 999 1018.6  22.0  22.7  17.9 99.0 99.00
2018 07 30 09 50 346  0.7  0.9  0.11 99.00  2.58 999 1018.5  21.9  22.8  17.4 99.0 99.00
2018 07 30 10 50  49  1.4  1.8  0.12 99.00  2.61 999 1018.5  21.8  22.7  18.0 99.0 99.00
2018 07 30 11 50  60  1.8  2.4  0.11 99.00  2.54 999 1018.7  22.1  22.7  18.4 99.0 99.00
2018 07 30 12 50 122  1.8  2.3  0.13 99.00  2.61 999 1018.7  22.4  22.7  17.4 99.0 99.00
2018 07 30 13 50 104  2.1  2.8  0.13 99.00  2.65 999 1019.0  22.3  22.8  17.4 99.0 99.00
2018 07 30 14 50  89  1.8  2.5  0.15 99.00  2.72 999 1018.9  22.3  23.0  17.3 99.0 99.00
2018 07 30 15 50  85  1.4  2.0  0.12 99.00  2.72 999 1019.5  22.2  23.3  17.9 99.0 99.00
2018 07 30 16 50  48  1.9  2.6  0.09 99.00  2.57 999 1019.5  22.0  23.6  17.5 99.0 99.00
2018 07 30 17 50  39  2.2  3.0  0.09 99.00  2.96 999 1019.1  22.1  23.8  17.2 99.0 99.00
2018 07 30 18 50  70  1.9  2.4  0.07 99.00  2.83 999 1018.9  22.3  24.0  16.7 99.0 99.00
2018 07 30 19 50  40  1.5  1.9  0.07 99.00  3.04 999 1018.6  22.5  24.2  16.2 99.0 99.00
2018 07 30 20 50 359  2.4  3.0  0.06 99.00  2.91 999 1017.9  22.7  24.4  15.9 99.0 99.00
2018 07 30 21 50 352  3.4  3.9  0.08 99.00  3.64 999 1017.6  23.0  24.3  16.1 99.0 99.00
2018 07 30 22 50   6  3.2  3.8  0.05 99.00  3.07 999 1017.4  23.2  24.2  16.0 99.0 99.00
2018 07 30 23 50   2  4.3  5.0  0.06 99.00  2.88 999 1017.1  23.4  24.1  16.1 99.0 99.00
2018 07 31 00 50  12  5.2  6.4  0.07 99.00  2.69 999 1017.1  23.3  23.7  16.7 99.0 99.00
2018 07 31 01 50  28  5.5  6.1  0.19 99.00  2.30 999 1017.1  23.0  23.5  16.8 99.0 99.00
2018 07 31 02 50  32  5.3  5.9  0.29  2.47  2.50  50 1017.7  22.9  23.3  17.1 99.0 99.00
2018 07 31 03 50  33  4.6  5.4  0.31  2.74  2.64  54 1017.8  22.7  23.2  17.8 99.0 99.00
2018 07 31 04 50  31  4.9  5.7  0.29  2.86  2.65  57 1017.7  22.7  23.1  17.9 99.0 99.00
2018 07 31 05 50  35  4.2  4.8  0.28  2.86  2.68  58 1017.8  22.6  23.1  18.1 99.0 99.00
2018 07 31 06 50  41  5.1  5.8  0.29  2.94  2.81  60 1017.6  22.5  23.0  18.6 99.0 99.00
2018 07 31 07 50  58  4.3  4.8  0.30  3.13  2.86  51 1017.5  22.3  22.9  18.7 99.0 99.00
2018 07 31 08 50  36  4.7  5.2  0.26  3.23  2.94  51 1017.1  22.3  22.9  18.4 99.0 99.00
2018 07 31 09 50  28  4.9  5.5  0.30  3.33  3.05  53 1016.4  22.3  23.0  18.2 99.0 99.00
2018 07 31 10 50  38  4.8  5.4  0.28  3.45  2.90  53 1016.3  21.9  22.9  18.8 99.0 99.00
2018 07 31 11 50  41  4.1  4.9  0.26  3.33  2.93  41 1017.1  22.0  22.9  18.9 99.0 99.00
2018 07 31 12 50  53  3.3  3.9  0.27  3.13  2.92  39 1017.4  21.9  22.9  18.8 99.0 99.00
2018 07 31 13 50  41  3.3  3.8  0.25 99.00  2.92 999 1017.2  21.8  22.9  18.3 99.0 99.00
2018 07 31 14 50  43  3.5  4.0  0.23 99.00  2.83 999 1017.0  22.0  22.9  18.3 99.0 99.00
2018 07 31 15 50  54  2.9  3.7  0.24 99.00  2.68 999 1017.7  22.2  22.9  18.6 99.0 99.00
2018 07 31 16 50  73  2.9  3.7  0.22 99.00  2.64 999 1017.1  22.0  23.0  18.8 99.0 99.00
2018 07 31 17 50  74  0.9  1.4  0.19 99.00  2.60 999 1016.7  22.3  23.2  17.4 99.0 99.00
2018 07 31 18 50   9  2.1  3.0  0.22 99.00  2.73 999 1016.3  22.3  23.6  17.9 99.0 99.00
2018 07 31 19 50   6  2.8  3.4  0.21 99.00  2.65 999 1015.9  22.4  23.7  18.1 99.0 99.00
2018 07 31 20 50   7  3.9  4.7  0.19 99.00  2.64 999 1015.1  22.7  23.7  18.3 99.0 99.00
2018 07 31 21 50 354  4.4  5.0  0.16 99.00  2.64 999 1014.7  22.7  23.6  18.2 99.0 99.00
2018 07 31 22 50 339  4.3  5.1  0.18 99.00  2.46 999 1014.7  22.8  23.4  18.1 99.0 99.00
2018 07 31 23 50 349  4.1  4.7  0.22 99.00  2.55 999 1014.7  22.8  23.3  18.0 99.0 99.00
2018 08 01 00 50  17  3.9  4.5  0.24 99.00  2.67 999 1014.6  22.8  23.2  18.4 99.0 99.00
2018 08 01 01 50  50  3.2  3.7  0.22 99.00  2.78 999 1014.5  22.7  23.1  18.3 99.0 99.00
2018 08 01 02 50  57  1.5  1.8  0.21 99.00  2.84 999 1014.6  22.6  23.1  18.5 99.0 99.00
2018 08 01 03 50 346  1.7  2.0  0.19 99.00  2.87 999 1013.9  22.4  23.1  18.9 99.0 99.00
2018 08 01 04 50 331  3.5  4.2  0.18 99.00  2.93 999 1013.5  22.4  23.0  18.9 99.0 99.00
2018 08 01 05 50 297  3.1  3.5  0.16 99.00  2.83 999 1013.7  22.4  23.0  18.4 99.0 99.00
2018 08 01 06 50 301  3.9  4.7  0.14 99.00  2.88 999 1013.5  22.4  23.0  18.7 99.0 99.00
2018 08 01 07 50 295  3.4  3.9  0.17 99.00  3.03 999 1013.7  22.2  23.0  18.8 99.0 99.00
2018 08 01 08 50 287  2.9  3.4  0.17 99.00  2.85 999 1013.5  22.5  23.0  17.5 99.0 99.00
2018 08 01 09 50 268  4.3  5.1  0.17 99.00  2.51 999 1013.6  22.4  22.9  18.1 99.0 99.00
2018 08 01 10 50 268  3.4  3.9  0.21 99.00  2.48 999 1014.0  22.4  22.9  18.2 99.0 99.00
2018 08 01 11 50 268  3.5  4.2  0.21 99.00  2.49 999 1014.1  22.5  22.9  18.0 99.0 99.00
2018 08 01 12 50 270  4.7  5.3  0.23 99.00  2.58 999 1014.1  22.6  22.9  16.9 99.0 99.00
2018 08 01 13 50 266  4.4  5.1  0.21 99.00  2.54 999 1014.3  22.3  23.0  17.6 99.0 99.00
2018 08 01 14 50 259  5.0  6.0  0.25 99.00  2.76 999 1014.2  22.6  23.0  17.9 99.0 99.00
2018 08 01 15 50 227  5.3  6.2  0.33  3.23  2.90 232 1014.4  22.7  23.1  17.9 99.0 99.00
2018 08 01 16 50 223  5.5  6.6  0.33  3.13  2.86 217 1014.1  22.9  23.2  18.8 99.0 99.00
2018 08 01 17 50 219  6.0  7.2  0.37  3.13  2.87 215 1013.8  23.1  23.2  18.8 99.0 99.00
2018 08 01 18 50 198  5.6  6.5  0.41  3.23  2.92 200 1013.4  23.6  23.3  19.0 99.0 99.00
2018 08 01 19 50 192  5.3  6.2  0.39  3.13  2.94 203 1013.1  23.9  23.4  19.4 99.0 99.00
2018 08 01 20 50 220  6.5  9.7  0.37  2.86  2.82 190 1013.2  23.8  23.4  19.6 99.0 99.00
2018 08 01 21 50 220  7.2  8.5  0.47  3.23  2.84 182 1012.9  22.7  23.3  17.3 99.0 99.00
2018 08 01 22 50 211  5.6  7.4  0.45  3.23  2.93 187 1013.0  23.8  23.2  17.3 99.0 99.00
2018 08 01 23 50 199  5.3  6.2  0.53  3.33  3.09 196 1013.0  23.6  23.2  17.8 99.0 99.00
2018 08 02 00 50 266  2.1  2.7  0.42  3.13  3.05 204 1013.1  23.3  23.2  19.0 99.0 99.00
2018 08 02 01 50 226  5.5  6.4  0.31  3.03  2.94 191 1013.3  22.5  23.2  19.6 99.0 99.00
2018 08 02 02 50 193  5.0  5.8  0.25 99.00  2.69 999 1013.3  23.3  23.1  17.5 99.0 99.00
2018 08 02 03 50 199  4.8  6.1  0.28  2.94  2.75 190 1013.7  23.6  23.1  19.1 99.0 99.00
2018 08 02 04 50 183  5.5  6.7  0.41  3.45  3.06 181 1013.4  23.5  23.1  20.2 99.0 99.00
2018 08 02 05 50 204  6.7  8.0  0.38  3.23  3.00 176 1013.3  23.8  23.1  20.2 99.0 99.00
2018 08 02 06 50 218  9.4 11.4  0.61  3.45  3.20 174 1012.8  24.0  23.1  17.8 99.0 99.00
2018 08 02 07 50 203  7.4  8.4  0.80  4.00  3.70 173 1012.7  23.6  23.0  19.5 99.0 99.00
2018 08 02 08 50 260 10.2 13.0  0.74  4.00  3.58 177 1012.9  23.4  23.0  19.4 99.0 99.00
2018 08 02 09 50 200  4.6  5.6  0.67  4.00  3.53 175 1012.8  22.5  23.0  18.7 99.0 99.00
2018 08 02 10 50 235  4.4  5.2  0.65  4.35  3.52 147 1014.0  22.9  23.0  19.5 99.0 99.00
2018 08 02 11 50 209  2.9  3.5  0.58  4.76  3.66 139 1014.0  22.9  23.0  19.2 99.0 99.00
2018 08 02 12 50 206  6.3  8.7  0.60  4.55  3.62 147 1014.0  23.2  23.0  18.7 99.0 99.00
2018 08 02 13 50 193  6.6  7.8  0.68  4.35  3.51 146 1013.9  22.9  23.0  19.1 99.0 99.00
2018 08 02 14 50 209  7.5  8.8  0.60  4.35  3.45 152 1013.8  22.8  23.0  18.7 99.0 99.00
2018 08 02 15 50 229  4.8  5.8  0.68  4.35  3.52 146 1013.8  22.7  23.0  18.4 99.0 99.00
2018 08 02 16 50 204  6.0  6.7  0.64  4.55  3.71 149 1013.9  22.1  23.1  19.2 99.0 99.00
2018 08 02 17 50 223  5.9  6.7  0.72  5.00  3.86 145 1013.9  22.9  23.1  18.7 99.0 99.00
2018 08 02 18 50 210  4.0  4.7  0.60  4.76  3.73 151 1014.0  23.0  23.2  19.1 99.0 99.00
2018 08 02 19 50 297  2.5  3.0  0.53  4.35  3.60 155 1014.1  23.3  23.4  19.6 99.0 99.00
2018 08 02 20 50 345  2.8  3.3  0.42  4.35  3.57 204 1013.7  23.2  23.6  19.2 99.0 99.00
2018 08 02 21 50 341  4.0  4.7  0.36  4.35  3.61 214 1013.2  23.3  23.6  19.6 99.0 99.00
2018 08 02 22 50 338  3.9  4.6  0.25  4.17  3.55 216 1014.2  23.3  23.6  19.3 99.0 99.00
2018 08 02 23 50 354  2.7  3.4  0.23 99.00  3.53 999 1014.4  23.1  23.5  19.3 99.0 99.00
2018 08 03 00 50  47  2.6  3.0  0.16 99.00  3.30 999 1014.9  22.9  23.5  18.8 99.0 99.00
2018 08 03 01 50  47  2.2  2.6  0.14 99.00  3.26 999 1015.3  22.6  23.4  18.8 99.0 99.00
2018 08 03 02 50  73  1.5  1.8  0.14 99.00  3.43 999 1015.6  22.6  23.3  18.9 99.0 99.00
2018 08 03 03 50  66  1.3  1.6  0.20 99.00  3.94 999 1015.9  22.7  23.3  18.2 99.0 99.00
2018 08 03 04 50  23  4.0  4.8  0.28  4.35  4.16  26 1016.0  22.3  23.3  19.2 99.0 99.00
2018 08 03 05 50  27  4.5  5.3  0.28  5.00  4.00  26 1016.2  21.7  23.2  19.4 99.0 99.00
2018 08 03 06 50  48  4.4  5.1  0.29  4.76  3.26  21 1016.2  21.4  23.2  18.9 99.0 99.00
2018 08 03 07 50  55  3.6  4.3  0.32  2.74  3.07  36 1016.1  21.2  23.1  18.7 99.0 99.00
2018 08 03 08 50  59  3.4  4.4  0.36  5.00  3.31   2 1016.2  21.1  23.1  18.4 99.0 99.00
2018 08 03 09 50  39  3.0  3.8  0.52  4.55  3.76  16 1016.4  21.1  23.1  18.3 99.0 99.00
2018 08 03 10 50  33  3.1  3.9  0.53  5.00  3.89  28 1016.9  21.1  23.1  18.2 99.0 99.00
2018 08 03 11 50  31  2.9  3.9  0.49  5.00  3.89  25 1017.4  21.3  23.1  18.0 99.0 99.00
2018 08 03 12 50  45  4.0  4.9  0.41  4.76  3.61  22 1017.6  21.4  23.1  18.2 99.0 99.00
2018 08 03 13 50  49  3.2  3.9  0.37  4.76  3.47  24 1018.1  21.3  23.1  17.7 99.0 99.00
2018 08 03 14 50  61  3.1  4.0  0.35  4.55  3.49  27 1018.4  21.3  23.2  17.6 99.0 99.00
2018 08 03 15 50  65  3.7  4.5  0.31  4.55  3.43  22 1018.5  21.3  23.3  17.9 99.0 99.00
2018 08 03 16 50  76  3.8  4.6  0.28  4.17  3.29  16 1018.4  21.2  23.4  17.8 99.0 99.00
2018 08 03 17 50  63  3.2  4.2  0.27  4.17  3.17  20 1018.3  21.2  23.5  18.0 99.0 99.00
2018 08 03 18 50  70  2.5  3.0  0.23 99.00  3.12 999 1018.3  21.4  23.7  17.8 99.0 99.00
2018 08 03 19 50  74  3.0  3.6  0.23 99.00  3.10 999 1017.9  21.8  23.9  17.6 99.0 99.00
2018 08 03 20 50  77  3.2  3.9  0.22 99.00  3.13 999 1017.7  22.2  23.9  17.4 99.0 99.00
2018 08 03 21 50  58  3.1  3.7  0.19 99.00  3.22 999 1017.9  22.7  23.9  17.2 99.0 99.00
2018 08 03 22 50  71  3.1  3.8  0.17 99.00  3.14 999 1017.2  22.9  23.9  17.3 99.0 99.00
2018 08 03 23 50  86  3.0  3.6  0.15 99.00  3.14 999 1016.8  22.9  23.8  17.3 99.0 99.00
2018 08 04 00 50  98  2.6  3.4  0.14 99.00  3.14 999 1017.0  22.9  23.7  17.2 99.0 99.00
2018 08 04 01 50 105  3.7  4.5  0.12 99.00  3.41 999 1017.0  22.9  23.6  17.4 99.0 99.00
2018 08 04 02 50 127  3.7  4.3  0.10 99.00  3.34 999 1017.8  23.0  23.6  17.9 99.0 99.00
2018 08 04 03 50 128  4.2  4.8  0.11 99.00  3.40 999 1017.5  22.9  23.5  18.3 99.0 99.00
2018 08 04 04 50 129  3.9  4.5  0.11 99.00  3.28 999 1017.5  23.0  23.5  18.5 99.0 99.00
2018 08 04 05 50 135  5.0  5.5  0.13 99.00  2.84 999 1017.2  23.1  23.4  19.4 99.0 99.00
2018 08 04 06 50 137  5.0  5.7  0.16 99.00  2.58 999 1016.8  23.3  23.4  19.8 99.0 99.00
2018 08 04 07 50 148  6.2  7.2  0.25 99.00  2.61 999 1016.5  23.4  23.4  20.1 99.0 99.00
2018 08 04 08 50 156  5.9  7.0  0.31  2.86  2.73 123 1016.9  23.8  23.3  20.0 99.0 99.00
2018 08 04 09 50 173  5.7  6.5  0.40  3.13  2.90 132 1017.1  23.8  23.3  20.2 99.0 99.00
2018 08 04 10 50 182  5.6  6.5  0.38  3.23  2.95 138 1017.4  23.7  23.3  20.6 99.0 99.00
2018 08 04 11 50 171  5.4  6.2  0.39  3.33  3.02 143 1017.5  23.7  23.3  21.1 99.0 99.00
2018 08 04 12 50 178  5.2  5.9  0.34  3.33  2.98 140 1017.4  23.8  23.3  21.6 99.0 99.00
2018 08 04 13 50 170  4.8  5.6  0.37  3.23  2.98 132 1017.7  23.7  23.3  21.9 99.0 99.00
2018 08 04 14 50 159  4.9  5.5  0.37  3.33  3.03 149 1017.7  23.8  23.4  22.3 99.0 99.00
2018 08 04 15 50 155  5.3  6.1  0.41  3.13  2.93 145 1018.0  23.7  23.5  22.4 99.0 99.00
2018 08 04 16 50 162  5.4  6.3  0.37  3.13  2.95 148 1017.7  23.8  23.6  22.4 99.0 99.00
2018 08 04 17 50 145  5.5  6.2  0.39  3.33  3.03 157 1017.2  24.0  23.7  22.3 99.0 99.00
2018 08 04 18 50 158  5.8  6.7  0.36  3.33  2.98 153 1017.2  24.4  23.8  22.4 99.0 99.00
2018 08 04 19 50 151  6.0  6.7  0.38  3.03  2.81 154 1016.6  25.1  23.8  22.3 99.0 99.00
2018 08 04 20 50 144  5.7  6.4  0.36  3.23  2.81 165 1016.1  25.6  23.8  21.9 99.0 99.00
2018 08 04 21 50 137  5.3  5.8  0.29  3.13  2.74 165 1015.7  25.9  23.9  21.7 99.0 99.00
2018 08 04 22 50 149  6.3  6.9  0.29  2.86  2.66 158 1015.4  26.3  23.9  21.7 99.0 99.00
2018 08 04 23 50 162  6.0  6.9  0.33  2.86  2.73 150 1015.4  26.3  23.8  22.1 99.0 99.00
2018 08 05 00 50 182  6.2  7.1  0.35  3.03  2.83 149 1015.6  25.9  23.8  22.5 99.0 99.00
2018 08 05 01 50 184  5.8  6.7  0.39  3.13  2.95 156 1016.0  25.9  23.8  22.0 99.0 99.00
2018 08 05 02 50 186  7.4  8.7  0.48  3.45  3.03 157 1016.4  25.8  23.8  22.1 99.0 99.00
2018 08 05 03 50 193  8.1  9.2  0.52  3.45  3.12 163 1016.5  25.8  23.7  21.9 99.0 99.00
2018 08 05 04 50 202  8.0  9.2  0.67  4.00  3.45 157 1017.1  25.7  23.7  21.4 99.0 99.00
2018 08 05 05 50 195  7.1  8.2  0.68  4.17  3.51 160 1017.1  25.1  23.6  21.9 99.0 99.00
2018 08 05 06 50 186  6.6  7.6  0.69  4.55  3.55 151 1016.9  24.9  23.6  22.2 99.0 99.00
2018 08 05 07 50 190  7.1  8.4  0.66  4.17  3.59 161 1016.8  24.8  23.5  22.1 99.0 99.00
2018 08 05 08 50 190  6.7  8.3  0.63  4.00  3.45 161 1017.0  24.6  23.5  22.1 99.0 99.00
2018 08 05 09 50 177  7.6  9.0  0.66  4.17  3.48 162 1016.4  24.5  23.5  22.0 99.0 99.00
2018 08 05 10 50 186  7.4  8.6  0.67  3.85  3.45 164 1017.0  24.5  23.5  21.9 99.0 99.00
2018 08 05 11 50 190  9.0 11.3  0.72  3.85  3.51 162 1017.4  24.4  23.4  20.9 99.0 99.00
2018 08 05 12 50 183  7.2  8.2  0.71  4.00  3.50 161 1017.7  24.3  23.4  21.7 99.0 99.00
2018 08 05 13 50 198  8.3 10.0  0.65  4.17  3.45 155 1017.4  24.6  23.5  21.2 99.0 99.00
2018 08 05 14 50 204  9.2 10.7  0.79  4.35  3.48 153 1017.5  24.8  23.5  20.9 99.0 99.00
2018 08 05 15 50 201  7.6  9.0  0.80  4.55  3.60 158 1017.5  24.5  23.5  21.5 99.0 99.00
2018 08 05 16 50 190  8.3  9.8  0.78  4.55  3.60 159 1016.7  24.4  23.6  21.7 99.0 99.00
2018 08 05 17 50 178  9.2 11.3  0.81  4.55  3.61 161 1015.2  24.6  23.6  21.5 99.0 99.00
2018 08 05 18 50 190  8.0  9.9  0.92  4.55  3.76 156 1016.3  25.4  23.6  21.6 99.0 99.00
2018 08 05 19 50 189  7.1  8.3  0.88  4.55  3.81 158 1016.4  25.6  23.7  21.8 99.0 99.00
2018 08 05 20 50 191  6.3  7.0  0.75  4.55  3.68 161 1015.8  26.0  23.7  21.4 99.0 99.00
2018 08 05 21 50 178  5.3  6.8  0.62  4.35  3.64 169 1015.1  26.0  23.8  21.6 99.0 99.00
2018 08 05 22 50 192  5.9  6.7  0.56  4.00  3.47 167 1014.9  26.1  23.8  21.3 99.0 99.00
2018 08 05 23 50 206  5.1  6.0  0.47  4.17  3.43 162 1015.6  25.6  23.8  21.7 99.0 99.00
2018 08 06 00 50 210  5.1  5.7  0.39  3.85  3.23 154 1015.8  25.5  23.8  21.8 99.0 99.00
2018 08 06 01 50 255  7.9  9.3  0.54  3.57  3.32 165 1016.9  27.5  23.8  20.8 99.0 99.00
2018 08 06 02 50 251  6.6  7.4  0.62  4.17  3.46 186 1017.5  27.1  23.7  21.6 99.0 99.00
2018 08 06 03 50 266  4.3  5.7  0.50  4.00  3.42 182 1017.4  25.4  23.7  22.0 99.0 99.00
2018 08 06 04 50 210  2.6  3.0  0.46  4.00  3.36 181 1016.7  24.5  23.7  22.7 99.0 99.00
2018 08 06 05 50 218  2.2  2.6  0.35  4.00  3.21 173 1016.3  25.0  23.7  21.6 99.0 99.00
2018 08 06 06 50 231  3.9  5.1  0.32  3.70  3.11 172 1016.3  24.4  23.7  21.7 99.0 99.00
2018 08 06 07 50 250  7.3  8.8  0.29  2.94  2.94 188 1017.1  24.2  23.7  21.2 99.0 99.00
2018 08 06 08 50 203  5.2  6.1  0.31  3.03  2.78 189 1016.9  24.1  23.6  19.4 99.0 99.00
2018 08 06 09 50 237  5.5  6.7  0.30  2.74  2.74 205 1016.4  23.7  23.6  20.4 99.0 99.00
2018 08 06 10 50 307  6.9  8.4  0.49  2.74  2.73 258 1018.1  20.9  23.6  19.3 99.0 99.00
2018 08 06 11 50 112  2.2  2.9  0.49  3.33  3.09 305 1017.5  21.2  23.6  19.4 99.0 99.00
2018 08 06 12 50  94  0.8  2.2  0.47  3.45  3.19 297 1018.4  21.4  23.6  19.2 99.0 99.00
2018 08 06 13 50  44  1.6  2.4  0.47  4.00  3.42 317 1018.3  21.7  23.6  19.3 99.0 99.00
2018 08 06 14 50 209  0.5  1.1  0.36  3.45  3.30 274 1018.3  21.1  23.6  19.6 99.0 99.00
2018 08 06 15 50 136  3.2  3.9  0.26  3.45  3.12 308 1017.8  21.4  23.6  19.3 99.0 99.00
2018 08 06 16 50 143  4.8  5.6  0.18 99.00  2.82 999 1016.6  21.8  23.6  19.9 99.0 99.00
2018 08 06 17 50 159  4.3  5.0  0.17 99.00  2.55 999 1016.7  22.3  23.6  20.0 99.0 99.00
2018 08 06 18 50 155  4.3  5.3  0.17 99.00  2.66 999 1016.1  22.4  23.6  20.1 99.0 99.00
2018 08 06 19 50 115  1.2  1.7  0.17 99.00  2.54 999 1015.9  22.8  23.8  19.8 99.0 99.00
2018 08 06 20 50  84  1.4  1.8  0.15 99.00  2.57 999 1015.7  22.9  23.9  19.8 99.0 99.00
2018 08 06 21 50 357  0.6  0.9  0.15 99.00  2.67 999 1015.7  23.0  23.9  19.9 99.0 99.00
2018 08 06 22 50   7  0.9  1.3  0.13 99.00  2.61 999 1014.8  23.4  24.0  20.1 99.0 99.00
2018 08 06 23 50  13  1.7  2.3  0.09 99.00  2.57 999 1014.2  23.4  24.0  19.9 99.0 99.00
2018 08 07 00 50  75  1.1  1.5  0.08 99.00  2.66 999 1014.7  23.1  23.9  20.3 99.0 99.00
2018 08 07 01 50 156  1.1  1.3  0.09 99.00  3.11 999 1015.1  23.1  23.9  20.2 99.0 99.00
2018 08 07 02 50 156  2.0  2.4  0.09 99.00  2.97 999 1015.4  23.3  23.8  20.1 99.0 99.00
2018 08 07 03 50 213  2.2  2.5  0.07 99.00  3.06 999 1015.4  23.6  23.8  19.8 99.0 99.00
2018 08 07 04 50 258  2.0  2.3  0.06 99.00  3.12 999 1015.1  23.5  23.8  21.0 99.0 99.00
2018 08 07 05 50 272  3.5  4.3  0.05 99.00  3.06 999 1014.9  23.7  23.7  21.3 99.0 99.00
2018 08 07 06 50 291  3.7  4.4  0.08 99.00  2.51 999 1014.4  23.2  23.7  21.5 99.0 99.00
2018 08 07 07 50 345  2.3  2.8  0.15 99.00  2.49 999 1014.0  23.4  23.7  20.9 99.0 99.00
2018 08 07 08 50  30  0.8  1.0  0.16 99.00  2.47 999 1014.5  23.3  23.7  20.7 99.0 99.00
2018 08 07 09 50 289  0.3  0.6  0.14 99.00  2.48 999 1014.7  23.1  23.6  20.6 99.0 99.00
2018 08 07 10 50 358  2.1  2.5  0.13 99.00  2.45 999 1014.5  23.2  23.6  20.7 99.0 99.00
2018 08 07 11 50 356  2.1  2.5  0.10 99.00  2.42 999 1014.3  23.3  23.6  20.8 99.0 99.00
2018 08 07 12 50 325  0.4  0.7  0.08 99.00  2.45 999 1014.7  23.2  23.6  20.9 99.0 99.00
2018 08 07 13 50  43  0.6  0.9  0.07 99.00  2.46 999 1015.0  23.8  23.9  20.8 99.0 99.00
2018 08 07 14 50 187  0.6  1.1  0.07 99.00  2.44 999 1015.7  23.7  24.6  20.9 99.0 99.00
2018 08 07 15 50 292  1.0  1.5  0.10 99.00  2.88 999 1015.4  23.5  24.7  21.0 99.0 99.00
2018 08 07 16 50 305  2.5  3.2  0.12 99.00  2.71 999 1015.2  23.5  24.8  21.1 99.0 99.00
2018 08 07 17 50 327  2.9  3.5  0.16 99.00  2.92 999 1014.9  23.2  24.6  21.0 99.0 99.00
2018 08 07 18 50 339  3.5  4.3  0.18 99.00  3.00 999 1014.8  23.1  24.4  21.0 99.0 99.00
2018 08 07 19 50 344  3.4  4.2  0.27  3.70  3.47 350 1014.5  22.8  24.3  20.5 99.0 99.00
2018 08 07 20 50  13  5.7  6.5  0.54  5.56  4.29  27 1013.1  22.7  24.1  21.0 99.0 99.00
2018 08 07 21 50  20  6.9  7.6  0.67  5.26  3.85  30 1013.0  22.1  24.0  20.7 99.0 99.00
2018 08 07 22 50  27  5.9  6.7  0.73  5.00  3.68  36 1012.7  22.0  23.9  20.5 99.0 99.00
2018 08 07 23 50  11  4.7  5.3  0.69  4.55  3.69  33 1013.2  22.1  23.8  20.4 99.0 99.00
2018 08 08 00 50  53  2.4  3.2  0.60  4.76  3.65  29 1013.4  22.0  23.8  20.1 99.0 99.00
2018 08 08 01 50  46  3.4  4.0  0.53  4.76  3.56  35 1013.1  22.0  23.8  20.1 99.0 99.00
2018 08 08 02 50 343  4.8  5.9  0.51  4.00  3.53  35 1013.2  22.1  23.8  19.7 99.0 99.00
2018 08 08 03 50 353  4.8  5.9  0.50  3.57  3.48  32 1013.1  22.0  23.7  18.9 99.0 99.00
2018 08 08 04 50 360  4.6  5.4  0.48  4.55  3.53  33 1013.2  21.9  23.7  18.6 99.0 99.00
2018 08 08 05 50   5  5.0  5.9  0.52  5.00  3.56  36 1012.8  21.9  23.7  18.7 99.0 99.00
2018 08 08 06 50   8  4.6  5.2  0.54  5.26  3.67  36 1012.5  21.9  23.7  18.0 99.0 99.00
2018 08 08 07 50   1  3.2  3.9  0.50  5.00  3.86  37 1012.6  21.8  23.6  18.3 99.0 99.00
2018 08 08 08 50 355  3.1  4.3  0.46  5.26  3.83  39 1012.7  21.8  23.6  18.3 99.0 99.00
2018 08 08 09 50 352  3.1  4.3  0.42  5.00  3.86  34 1012.6  21.7  23.6  17.8 99.0 99.00
2018 08 08 10 50 348  3.9  4.8  0.40  4.76  3.82  34 1013.0  21.7  23.6  17.5 99.0 99.00
2018 08 08 11 50 349  4.0  4.9  0.44  4.55  3.75  27 1013.1  21.7  23.6  17.4 99.0 99.00
2018 08 08 12 50 338  3.7  4.5  0.42  4.55  3.51  29 1013.3  21.6  23.6  17.2 99.0 99.00
2018 08 08 13 50 360  4.7  5.7  0.39  4.17  3.53  23 1013.3  21.7  23.7  16.8 99.0 99.00
2018 08 08 14 50 359  5.2  6.6  0.46  4.17  3.40  35 1013.6  21.5  23.7  17.1 99.0 99.00
2018 08 08 15 50  14  4.6  5.8  0.43  3.85  3.20  42 1013.8  21.4  23.8  17.2 99.0 99.00
2018 08 08 16 50   5  3.1  4.1  0.42  3.45  3.09  44 1014.2  21.5  23.9  16.7 99.0 99.00
2018 08 08 17 50 344  3.3  4.3  0.38  3.70  3.13  38 1014.2  21.6  24.0  17.0 99.0 99.00
2018 08 08 18 50 310  1.8  3.0  0.32  3.33  3.00  36 1014.0  21.7  24.2  16.9 99.0 99.00
2018 08 08 19 50 294  2.3  3.3  0.30  3.33  3.02  28 1013.4  22.1  24.4  16.6 99.0 99.00
2018 08 08 20 50 303  3.5  4.6  0.25  3.03  2.85  30 1013.2  22.4  24.3  17.1 99.0 99.00
2018 08 08 21 50 324  0.9  1.4  0.22 99.00  3.01 999 1012.6  23.0  24.4  17.1 99.0 99.00
2018 08 08 22 50 214  0.7  1.1  0.19 99.00  3.01 999 1012.3  23.7  24.5  17.5 99.0 99.00
2018 08 08 23 50 176  2.8  3.2  0.16 99.00  3.05 999 1012.4  23.4  24.4  17.1 99.0 99.00
2018 08 09 00 50 168  3.1  3.6  0.14 99.00  3.22 999 1012.3  23.6  24.3  17.6 99.0 99.00
2018 08 09 01 50 178  4.7  5.2  0.12 99.00  3.46 999 1012.6  23.5  24.2  18.7 99.0 99.00
2018 08 09 02 50 203  5.5  6.3  0.13 99.00  2.57 999 1013.0  23.6  24.1  19.2 99.0 99.00
2018 08 09 03 50 215  6.3  7.3  0.25  2.25  2.43 182 1013.2  23.5  24.0  20.1 99.0 99.00
2018 08 09 04 50 225  6.4  7.3  0.34  2.74  2.62 186 1013.3  23.6  23.9  20.8 99.0 99.00
2018 08 09 05 50 243  5.8  7.0  0.38  2.86  2.77 182 1012.9  24.0  23.9  20.9 99.0 99.00
2018 08 09 06 50 255  7.1  8.0  0.38  2.94  2.80 182 1012.6  24.2  23.9  20.4 99.0 99.00
2018 08 09 07 50 244  6.1  7.4  0.45  2.86  2.82 197 1012.1  24.0  23.9  20.4 99.0 99.00
2018 08 09 08 50 249  6.2  7.4  0.46  2.94  2.91 194 1011.8  23.8  23.9  20.3 99.0 99.00
2018 08 09 09 50 240  5.5  6.5  0.43  3.33  3.02 186 1012.0  23.7  23.9  20.5 99.0 99.00
2018 08 09 10 50 222  7.0  8.4  0.43  3.45  2.97 180 1012.0  23.7  23.9  20.8 99.0 99.00
2018 08 09 11 50 243  7.2  8.4  0.52  3.57  3.14 186 1012.2  24.0  23.9  20.6 99.0 99.00
2018 08 09 12 50 246  5.2  6.4  0.66  3.45  3.31 193 1012.9  23.8  23.8  20.4 99.0 99.00
2018 08 09 13 50 249  5.9  7.0  0.63  3.70  3.51 195 1012.5  23.6  23.8  20.4 99.0 99.00
2018 08 09 14 50 253  6.3  7.1  0.67  4.00  3.58 197 1012.6  23.6  23.8  20.2 99.0 99.00
2018 08 09 15 50 252  6.2  7.1  0.61  3.70  3.53 204 1012.5  23.7  23.9  20.3 99.0 99.00
2018 08 09 16 50 247  5.4  6.3  0.60  4.35  3.59 179 1012.5  24.1  23.9  20.9 99.0 99.00
2018 08 09 17 50 246  3.5  4.4  0.60  4.00  3.48 179 1012.8  24.4  24.0  21.5 99.0 99.00
2018 08 09 18 50 262  0.9  1.2  0.54  4.17  3.56 167 1012.9  24.6  24.1  22.0 99.0 99.00
2018 08 09 19 50  63  1.8  2.2  0.48  4.17  3.45 190 1012.2  24.5  24.3  22.4 99.0 99.00
2018 08 09 20 50  20  6.0  7.3  0.40  4.00  3.49 220 1012.7  24.0  24.2  21.7 99.0 99.00
2018 08 09 21 50  18  4.3  4.8  0.34  3.70  3.07 228 1012.2  23.3  24.1  21.0 99.0 99.00
2018 08 09 22 50  22  2.9  3.7  0.28  3.85  2.98 216 1012.2  23.5  24.0  21.2 99.0 99.00
2018 08 09 23 50  10  2.7  3.3  0.22 99.00  2.86 999 1012.6  23.5  24.0  20.7 99.0 99.00
2018 08 10 00 50 360  3.7  4.2  0.19 99.00  2.83 999 1012.9  23.4  24.0  20.3 99.0 99.00
2018 08 10 01 50   8  3.4  4.1  0.18 99.00  2.75 999 1013.4  23.2  24.0  20.0 99.0 99.00
2018 08 10 02 50  16  3.2  3.8  0.21 99.00  2.56 999 1013.7  23.1  24.0  20.4 99.0 99.00
2018 08 10 03 50  11  2.3  2.7  0.23 99.00  2.68 999 1013.8  23.1  24.0  20.2 99.0 99.00
2018 08 10 04 50  25  4.9  5.5  0.27  3.03  2.78  46 1013.6  23.1  24.0  20.6 99.0 99.00
2018 08 10 05 50  15  3.9  4.7  0.30  2.94  2.81  45 1013.5  23.1  23.9  21.1 99.0 99.00
2018 08 10 06 50  37  2.9  3.2  0.40  3.70  3.16  47 1013.6  23.3  23.9  20.9 99.0 99.00
2018 08 10 07 50  64  4.5  5.4  0.34  3.70  3.10  24 1013.5  23.7  23.9  18.5 99.0 99.00
2018 08 10 08 50  71  5.0  5.6  0.31  3.70  3.03  24 1013.6  23.2  23.8  19.6 99.0 99.00
2018 08 10 09 50  67  7.9  9.2  0.39  3.70  2.95  14 1013.3  23.2  23.8  20.1 99.0 99.00
2018 08 10 10 50  69  7.5  8.9  0.54  3.23  3.16  54 1013.4  23.1  23.8  19.2 99.0 99.00
2018 08 10 11 50  70  7.6  8.9  0.60  3.57  3.28  78 1014.0  22.7  23.8  19.5 99.0 99.00
2018 08 10 12 50  70  7.6  9.1  0.72  4.00  3.47  66 1014.2  22.8  23.8  19.2 99.0 99.00
2018 08 10 13 50  72  7.1  8.3  0.68  4.17  3.55  54 1014.6  22.6  23.8  19.1 99.0 99.00
2018 08 10 14 50  74  6.3  7.3  0.65  4.00  3.56  67 1014.8  22.6  23.8  19.2 99.0 99.00
2018 08 10 15 50  65  5.5  6.5  0.64  4.17  3.54  72 1015.1  22.9  23.8  19.1 99.0 99.00
2018 08 10 16 50  63  5.5  6.5  0.63  4.17  3.56  69 1015.0  23.0  23.9  18.8 99.0 99.00
2018 08 10 17 50  46  4.7  5.6  0.54  4.17  3.58  69 1014.9  23.3  24.0  19.0 99.0 99.00
2018 08 10 18 50  32  4.5  5.1  0.49  4.00  3.53  69 1014.7  23.3  24.1  19.5 99.0 99.00
2018 08 10 19 50  17  4.7  5.5  0.44  3.70  3.35  78 1014.4  23.6  24.3  19.1 99.0 99.00
2018 08 10 20 50   1  5.3  5.9  0.41  3.45  3.14  75 1014.0  23.4  24.3  19.2 99.0 99.00
2018 08 10 21 50 355  6.5  7.3  0.38  3.33  2.95  77 1013.7  23.5  24.4  19.2 99.0 99.00
2018 08 10 22 50 355  6.6  7.6  0.43  3.13  2.85  63 1013.4  23.7  24.4  19.2 99.0 99.00
2018 08 10 23 50   1  6.3  7.2  0.42  3.13  2.86  46 1013.4  23.9  24.3  18.8 99.0 99.00
2018 08 11 00 50   7  6.3  7.4  0.41  3.13  2.91  42 1013.6  23.6  24.3  18.8 99.0 99.00
2018 08 11 02 50  27  4.9  5.7  0.37  3.45  3.00  33 1014.9  23.6  24.1  18.8 99.0 99.00
2018 08 11 03 50  40  4.2  4.9  0.37  3.45  3.11  36 1014.8  23.7  24.0  18.7 99.0 99.00
2018 08 11 04 50  29  4.7  5.3  0.35  3.70  3.22  42 1014.8  23.9  24.0  18.0 99.0 99.00
2018 08 11 05 50  28  3.4  4.1  0.35  3.70  3.30  50 1014.7  24.0  24.0  18.1 99.0 99.00
2018 08 11 06 50  30  2.6  3.0  0.30  3.70  3.32  40 1014.6  24.0  23.9  18.6 99.0 99.00
2018 08 11 07 50  58  1.5  1.7  0.27  4.17  3.38  41 1014.5  23.7  23.9  18.9 99.0 99.00
2018 08 11 08 50  62  0.8  1.2  0.23 99.00  3.32 999 1014.2  23.5  23.9  19.6 99.0 99.00
2018 08 11 09 50  22  0.1  0.3  0.20 99.00  3.25 999 1014.3  23.3  23.9  19.9 99.0 99.00
2018 08 11 10 50 318  2.0  2.5  0.18 99.00  3.17 999 1014.4  23.4  23.9  20.1 99.0 99.00
2018 08 11 11 50 310  2.4  2.7  0.18 99.00  3.15 999 1014.7  23.8  23.9  18.7 99.0 99.00
2018 08 11 12 50 313  2.7  3.0  0.16 99.00  3.04 999 1015.1  23.9  23.9  19.4 99.0 99.00
2018 08 11 13 50 308  2.5  2.9  0.15 99.00  2.91 999 1015.8  24.2  24.0  18.7 99.0 99.00
2018 08 11 14 50 295  2.9  3.2  0.15 99.00  2.81 999 1016.1  24.0  24.1  18.4 99.0 99.00
2018 08 11 15 50 256  3.0  3.4  0.11 99.00  2.78 999 1016.5  24.2  24.3  18.0 99.0 99.00
2018 08 11 16 50 259  3.8  4.3  0.11 99.00  2.85 999 1016.5  24.6  24.4  16.9 99.0 99.00
2018 08 11 17 50 304  3.4  3.8  0.11 99.00  2.72 999 1016.6  23.8  24.5  18.6 99.0 99.00
2018 08 11 18 50 316  2.6  3.2  0.12 99.00  2.82 999 1016.6  23.8  24.7  19.6 99.0 99.00
2018 08 11 19 50 299  0.5  0.9  0.10 99.00  2.74 999 1016.4  24.2  25.1  19.2 99.0 99.00
2018 08 11 20 50 295  2.6  3.1  0.10 99.00  2.87 999 1016.1  24.1  25.2  19.9 99.0 99.00
2018 08 11 21 50 273  1.7  2.0  0.12 99.00  3.24 999 1016.0  24.6  25.1  20.1 99.0 99.00
2018 08 11 22 50 278  2.0  2.4  0.11 99.00  3.09 999 1015.9  24.8  25.0  19.9 99.0 99.00
2018 08 11 23 50 265  2.5  2.9  0.10 99.00  3.08 999 1015.4  24.9  24.9  20.6 99.0 99.00
2018 08 12 00 50 286  2.5  2.8  0.10 99.00  3.07 999 1015.7  24.9  24.8  20.3 99.0 99.00
2018 08 12 01 50   9  3.5  4.2  0.12 99.00  3.22 999 1016.7  24.7  24.6  21.2 99.0 99.00
2018 08 12 02 50  18  2.8  3.3  0.11 99.00  2.84 999 1017.1  24.5  24.5  19.9 99.0 99.00
2018 08 12 03 50  14  2.8  3.3  0.11 99.00  2.60 999 1017.3  24.1  24.4  20.9 99.0 99.00
2018 08 12 04 50 360  2.6  3.2  0.11 99.00  2.67 999 1017.6  24.1  24.4  19.2 99.0 99.00
2018 08 12 05 50 357  3.4  4.1  0.10 99.00  2.59 999 1017.9  24.1  24.3  18.9 99.0 99.00
2018 08 12 06 50 326  3.9  4.6  0.12 99.00  2.60 999 1017.9  23.7  24.3  19.2 99.0 99.00
2018 08 12 07 50 347  3.5  4.3  0.17 99.00  2.63 999 1018.1  23.5  24.2  19.9 99.0 99.00
2018 08 12 08 50 349  4.6  5.4  0.18 99.00  2.53 999 1018.2  23.4  24.2  20.0 99.0 99.00
2018 08 12 09 50 351  4.3  5.0  0.24 99.00  2.61 999 1018.3  23.3  24.2  19.9 99.0 99.00
2018 08 12 10 50 356  5.6  6.4  0.30  2.86  2.68  52 1018.5  23.1  24.2  20.3 99.0 99.00
2018 08 12 11 50  13  5.7  6.7  0.32  2.94  2.64  43 1019.0  23.2  24.2  20.5 99.0 99.00
2018 08 12 12 50  16  6.0  6.7  0.37  2.74  2.69  42 1019.5  23.2  24.2  20.3 99.0 99.00
2018 08 12 13 50  32  5.4  6.2  0.38  3.03  2.82  41 1020.0  23.4  24.1  19.7 99.0 99.00
2018 08 12 14 50  38  5.2  6.2  0.35  3.33  2.86  28 1020.4  23.2  24.2  18.5 99.0 99.00
2018 08 12 15 50  41  4.2  4.8  0.31  3.23  2.99  26 1020.4  23.8  24.2  17.5 99.0 99.00
2018 08 12 16 50  47  4.4  4.9  0.25  3.33  2.98  17 1020.4  23.6  24.3  18.4 99.0 99.00
2018 08 12 17 50  47  2.5  3.1  0.24 99.00  3.06 999 1020.4  23.4  24.5  19.4 99.0 99.00
2018 08 12 18 50 349  1.5  2.0  0.20 99.00  3.04 999 1020.2  23.7  24.8  20.0 99.0 99.00
2018 08 12 19 50 325  1.9  2.6  0.19 99.00  3.11 999 1019.8  23.8  25.0  19.9 99.0 99.00
2018 08 12 20 50 321  3.2  3.7  0.17 99.00  3.05 999 1019.4  23.9  25.1  20.0 99.0 99.00
2018 08 12 21 50 328  3.7  4.4  0.17 99.00  2.93 999 1018.9  24.0  25.0  20.0 99.0 99.00
2018 08 12 22 50 350  4.6  5.2  0.17 99.00  2.81 999 1018.8  24.3  24.8  20.4 99.0 99.00
2018 08 12 23 50   1  4.7  5.4  0.22 99.00  2.61 999 1018.5  24.1  24.8  20.3 99.0 99.00
2018 08 13 00 50  14  3.9  4.3  0.27  2.94  2.69  37 1018.7  24.2  24.7  20.6 99.0 99.00
2018 08 13 01 50  18  3.1  3.5  0.26  2.74  2.75  42 1019.0  24.2  24.6  20.5 99.0 99.00
2018 08 13 02 50  25  2.1  2.4  0.25 99.00  2.70 999 1019.5  24.3  24.5  19.5 99.0 99.00
2018 08 13 03 50  36  2.4  2.8  0.24 99.00  2.68 999 1019.6  24.2  24.5  19.5 99.0 99.00
2018 08 13 04 50  20  2.7  3.1  0.21 99.00  2.65 999 1019.6  24.1  24.5  19.7 99.0 99.00
2018 08 13 05 50  22  1.9  2.3  0.19 99.00  2.69 999 1019.8  24.0  24.5  19.7 99.0 99.00
2018 08 13 06 50  11  1.4  1.8  0.18 99.00  2.77 999 1019.7  23.8  24.4  19.8 99.0 99.00
2018 08 13 07 50 344  2.0  2.3  0.15 99.00  2.99 999 1019.3  23.6  24.4  20.3 99.0 99.00
2018 08 13 08 50 319  2.9  3.4  0.14 99.00  3.08 999 1019.2  23.4  24.3  20.6 99.0 99.00
2018 08 13 09 50 322  3.1  3.8  0.12 99.00  3.14 999 1018.8  23.4  24.3  20.7 99.0 99.00
2018 08 13 10 50 325  2.3  2.6  0.11 99.00  2.96 999 1018.9  23.4  24.3  20.0 99.0 99.00
2018 08 13 11 50 353  2.6  3.2  0.11 99.00  2.89 999 1019.1  23.5  24.3  20.0 99.0 99.00
2018 08 13 12 50 347  2.4  2.9  0.11 99.00  2.83 999 1019.4  23.7  24.3  19.5 99.0 99.00
2018 08 13 13 50   7  2.1  2.5  0.10 99.00  2.88 999 1019.9  23.7  24.3  19.5 99.0 99.00
2018 08 13 14 50   6  1.8  2.2  0.11 99.00  2.83 999 1019.8  23.8  24.4  19.5 99.0 99.00
2018 08 13 15 50  26  1.1  1.3  0.13 99.00  2.96 999 1019.8  24.1  24.7  19.5 99.0 99.00
2018 08 13 16 50 308  0.8  1.4  0.14 99.00  2.75 999 1019.3  24.2  25.8  19.1 99.0 99.00
2018 08 13 17 50 261  0.8  1.3  0.13 99.00  2.69 999 1018.8  24.5  27.0  19.1 99.0 99.00
2018 08 13 18 50 232  0.8  1.2  0.14 99.00  2.79 999 1018.3  25.1  27.8  18.3 99.0 99.00
2018 08 13 19 50 222  1.1  1.5  0.12 99.00  2.51 999 1017.8  25.5  27.7  17.5 99.0 99.00
2018 08 13 20 50 216  1.5  2.0  0.11 99.00  2.50 999 1017.3  25.7  27.3  17.7 99.0 99.00
2018 08 13 21 50 162  1.8  2.7  0.09 99.00  2.93 999 1016.7  25.8  26.8  18.5 99.0 99.00
2018 08 13 22 50 147  2.5  3.2  0.06 99.00  2.86 999 1016.1  25.6  26.1  19.1 99.0 99.00
2018 08 13 23 50 151  2.7  3.1  0.06 99.00  3.09 999 1015.7  25.4  25.6  19.0 99.0 99.00
2018 08 14 00 50 174  2.5  2.8  0.06 99.00  3.19 999 1015.8  25.3  25.3  19.6 99.0 99.00
2018 08 14 01 50 196  3.0  3.3  0.07 99.00  3.58 999 1016.0  25.1  25.2  20.4 99.0 99.00
2018 08 14 02 50 195  4.2  5.0  0.05 99.00  2.90 999 1016.2  25.1  25.0  20.7 99.0 99.00
2018 08 14 03 50 209  4.2  5.0  0.06 99.00  2.64 999 1016.1  25.0  24.9  21.3 99.0 99.00
2018 08 14 04 50 198  2.7  3.4  0.11 99.00  2.70 999 1016.3  25.0  24.7  21.8 99.0 99.00
2018 08 14 05 50 203  3.5  3.8  0.12 99.00  2.40 999 1015.9  24.9  24.7  21.8 99.0 99.00
2018 08 14 06 50 173  3.2  3.7  0.12 99.00  2.39 999 1015.5  24.7  24.7  22.2 99.0 99.00
2018 08 14 07 50 213  3.4  3.8  0.12 99.00  2.36 999 1015.1  24.8  24.6  21.1 99.0 99.00
2018 08 14 08 50 220  3.6  4.1  0.11 99.00  2.34 999 1014.6  24.8  24.6  21.5 99.0 99.00
2018 08 14 09 50 261  4.8  5.5  0.11 99.00  2.33 999 1014.5  24.8  24.6  21.3 99.0 99.00
2018 08 14 10 50 279  5.2  5.8  0.10 99.00  2.35 999 1014.9  24.5  24.5  21.5 99.0 99.00
2018 08 14 11 50 293  4.1  5.0  0.14 99.00  2.35 999 1015.1  24.5  24.5  21.6 99.0 99.00
2018 08 14 12 50 290  4.1  4.8  0.14 99.00  2.31 999 1015.3  24.6  24.5  21.5 99.0 99.00
2018 08 14 13 50 294  4.0  4.8  0.19 99.00  2.40 999 1015.3  24.6  24.5  21.0 99.0 99.00
2018 08 14 14 50 295  3.8  4.3  0.20 99.00  2.55 999 1015.2  24.7  24.6  20.6 99.0 99.00
2018 08 14 15 50 282  3.1  3.7  0.19 99.00  2.73 999 1015.5  24.7  24.8  21.4 99.0 99.00
2018 08 14 16 50 252  2.2  2.6  0.19 99.00  2.86 999 1015.4  24.8  25.0  21.3 99.0 99.00
2018 08 14 17 50 214  3.0  3.5  0.18 99.00  2.88 999 1015.3  25.0  25.2  21.4 99.0 99.00
2018 08 14 18 50 210  3.6  4.1  0.17 99.00  3.05 999 1015.1  25.1  25.3  21.1 99.0 99.00
2018 08 14 19 50 192  3.0  3.5  0.16 99.00  2.75 999 1014.6  25.3  25.3  21.3 99.0 99.00
2018 08 14 20 50 168  3.5  4.0  0.15 99.00  2.70 999 1014.2  25.5  25.3  21.7 99.0 99.00
2018 08 14 21 50 161  3.8  4.2  0.12 99.00  2.74 999 1014.1  25.6  25.3  21.8 99.0 99.00
2018 08 14 22 50 158  4.1  4.7  0.10 99.00  2.50 999 1013.7  25.5  25.3  21.8 99.0 99.00
2018 08 14 23 50 167  4.1  4.7  0.10 99.00  2.38 999 1013.7  25.5  25.2  22.1 99.0 99.00
2018 08 15 00 50 174  4.4  5.1  0.07 99.00  2.44 999 1013.6  25.6  25.2  21.6 99.0 99.00
2018 08 15 01 50 183  3.7  4.6  0.07 99.00  2.59 999 1014.0  25.6  25.1  21.9 99.0 99.00
2018 08 15 02 50 186  3.8  4.3  0.07 99.00  2.71 999 1014.3  25.8  25.0  21.4 99.0 99.00
2018 08 15 03 50 175  4.1  4.7  0.07 99.00  2.74 999 1013.7  25.5  25.0  21.6 99.0 99.00
2018 08 15 04 50 180  4.2  4.8  0.07 99.00  2.35 999 1013.4  25.3  25.0  22.6 99.0 99.00
2018 08 15 05 50 197  2.6  3.0  0.10 99.00  2.42 999 1013.5  25.3  24.9  23.0 99.0 99.00
2018 08 15 06 50 242  1.3  1.5  0.09 99.00  2.57 999 1013.4  25.0  24.8  23.3 99.0 99.00
2018 08 15 07 50 290  0.3  0.4  0.08 99.00  2.58 999 1013.3  24.8  24.8  23.4 99.0 99.00
2018 08 15 08 50 256  1.4  1.5  0.10 99.00  2.74 999 1014.0  25.0  24.8  23.4 99.0 99.00
2018 08 15 09 50 238  0.7  0.9  0.08 99.00  2.51 999 1014.1  24.9  24.8  23.2 99.0 99.00
2018 08 15 10 50 195  0.8  1.2  0.11 99.00  2.68 999 1014.4  24.8  24.9  23.4 99.0 99.00
2018 08 15 11 50 229  3.3  3.8  0.20 99.00  3.06 999 1014.5  25.0  24.9  22.1 99.0 99.00
2018 08 15 12 50 217  2.1  2.7  0.21 99.00  3.01 999 1014.6  25.0  24.8  22.1 99.0 99.00
2018 08 15 13 50 144  1.8  2.0  0.22 99.00  2.83 999 1014.3  25.1  24.9  21.8 99.0 99.00
2018 08 15 14 50 157  3.8  4.3  0.20 99.00  2.87 999 1014.4  24.9  24.9  22.3 99.0 99.00
2018 08 15 15 50 154  4.2  4.9  0.22 99.00  2.80 999 1014.5  24.8  25.0  22.1 99.0 99.00
2018 08 15 16 50 149  4.2  5.1  0.22 99.00  2.60 999 1014.3  24.8  24.9  22.0 99.0 99.00
2018 08 15 17 50 154  3.3  3.7  0.26  4.35  2.81 152 1014.3  25.1  25.0  21.9 99.0 99.00
2018 08 15 18 50 139  3.8  4.4  0.20 99.00  2.64 999 1013.8  25.3  25.2  22.3 99.0 99.00
2018 08 15 19 50 153  4.9  5.8  0.23 99.00  2.54 999 1013.4  25.3  25.1  20.1 99.0 99.00
2018 08 15 20 50 141  5.0  5.9  0.20 99.00  2.52 999 1013.0  25.2  25.1  22.0 99.0 99.00
2018 08 15 21 50 144  3.9  4.7  0.20 99.00  2.64 999 1012.7  25.4  25.2  22.1 99.0 99.00
2018 08 15 22 50 150  4.0  4.9  0.21 99.00  2.65 999 1013.0  25.3  25.1  22.5 99.0 99.00
2018 08 15 23 50 153  3.7  4.4  0.22 99.00  2.74 999 1013.0  25.1  25.1  21.7 99.0 99.00
2018 08 16 00 50 149  3.7  4.7  0.25 99.00  3.01 999 1013.2  25.1  25.1  22.1 99.0 99.00
2018 08 16 01 50 155  7.1  8.9  0.28  3.45  2.98 166 1013.4  25.1  25.0  22.0 99.0 99.00
2018 08 16 02 50 156  6.7  7.7  0.55  3.57  3.36 164 1013.4  24.6  25.0  22.1 99.0 99.00
2018 08 16 03 50 162  7.5  8.4  0.65  4.17  3.54 156 1013.5  24.3  24.9  21.8 99.0 99.00
2018 08 16 04 50 169  6.8  7.8  0.83  4.76  3.89 160 1013.7  24.3  24.9  21.0 99.0 99.00
2018 08 16 05 50 172  5.8  6.7  0.76  4.55  3.76 167 1013.7  24.0  24.9  20.8 99.0 99.00
2018 08 16 06 50 152  5.1  6.3  0.78  4.55  3.77 165 1013.3  23.8  24.9  20.8 99.0 99.00
2018 08 16 07 50 143  5.4  6.3  0.66  4.76  3.66 170 1013.3  23.6  24.9  21.0 99.0 99.00
2018 08 16 08 50 129  3.8  4.5  0.55  4.00  3.51 172 1013.3  23.3  24.8  20.9 99.0 99.00
2018 08 16 09 50 132  3.5  4.5  0.48  4.35  3.34 178 1013.3  23.1  24.8  20.5 99.0 99.00
2018 08 16 10 50 120  3.2  4.0  0.37  3.85  3.14 171 1013.7  23.2  24.8  20.4 99.0 99.00
2018 08 16 11 50  95  2.8  3.9  0.33  3.85  3.17 181 1014.2  23.4  24.8  20.4 99.0 99.00
2018 08 16 12 50  93  4.6  5.4  0.25 99.00  3.04 999 1014.3  23.3  24.7  20.7 99.0 99.00
2018 08 16 13 50 102  4.3  4.9  0.24 99.00  2.89 999 1014.4  23.4  24.8  20.7 99.0 99.00
2018 08 16 14 50 129  3.6  4.5  0.26  3.03  2.94 153 1014.7  23.4  24.8  20.5 99.0 99.00
2018 08 16 15 50 146  1.8  2.3  0.26  2.94  2.94 144 1015.0  23.3  24.9  20.3 99.0 99.00
2018 08 16 16 50 141  0.7  1.1  0.21 99.00  2.88 999 1014.8  24.0  25.3  20.2 99.0 99.00
2018 08 16 17 50  87  0.9  1.3  0.21 99.00  2.87 999 1014.7  23.7  26.1  19.9 99.0 99.00
2018 08 16 18 50  35  1.4  2.2  0.21 99.00  2.95 999 1014.5  23.8  26.4  20.2 99.0 99.00
2018 08 16 19 50  18  1.6  2.1  0.16 99.00  2.80 999 1013.5  24.1  26.7  20.2 99.0 99.00
2018 08 16 20 50  11  1.1  1.5  0.14 99.00  2.75 999 1013.4  24.5  27.0  19.8 99.0 99.00
2018 08 16 21 50 334  2.6  3.3  0.11 99.00  2.86 999 1013.4  24.8  27.1  20.2 99.0 99.00
2018 08 16 22 50 340  2.2  2.6  0.08 99.00  2.82 999 1013.2  25.0  26.3  20.6 99.0 99.00
2018 08 16 23 50 351  2.7  3.6  0.06 99.00  3.04 999 1013.1  24.6  25.9  20.8 99.0 99.00
2018 08 17 00 50  21  3.1  3.7  0.08 99.00  3.35 999 1013.3  24.6  25.6  20.7 99.0 99.00
2018 08 17 01 50  34  4.2  5.0  0.08 99.00  3.20 999 1013.4  24.6  25.4  21.1 99.0 99.00
2018 08 17 02 50  43  5.2  5.9  0.16 99.00  2.45 999 1013.6  24.4  25.2  21.7 99.0 99.00
2018 08 17 03 50  46  4.1  4.9  0.20 99.00  2.62 999 1014.0  24.4  25.1  22.0 99.0 99.00
2018 08 17 04 50 128  1.2  1.6  0.23 99.00  2.82 999 1014.0  24.5  25.1  21.8 99.0 99.00
2018 08 17 05 50 155  1.7  2.1  0.23 99.00  2.94 999 1013.6  24.4  25.0  22.2 99.0 99.00
2018 08 17 06 50 168  0.6  1.0  0.21 99.00  2.92 999 1013.2  24.3  25.0  21.9 99.0 99.00
2018 08 17 07 50 236  3.8  4.4  0.19 99.00  2.84 999 1013.0  24.4  25.0  22.0 99.0 99.00
2018 08 17 08 50 186  1.0  1.7  0.13 99.00  2.66 999 1012.4  24.1  25.0  20.9 99.0 99.00
2018 08 17 09 50 143  0.9  1.5  0.13 99.00  2.68 999 1012.6  24.2  25.0  21.2 99.0 99.00
2018 08 17 10 50 273  0.3  0.5  0.15 99.00  2.54 999 1013.1  23.9  25.0  21.0 99.0 99.00
2018 08 17 11 50 283  2.3  2.9  0.19 99.00  2.71 999 1013.7  23.9  25.0  21.3 99.0 99.00
2018 08 17 12 50 282  0.9  1.4  0.16 99.00  2.69 999 1014.0  24.2  24.9  20.8 99.0 99.00
2018 08 17 13 50 282  3.2  3.8  0.14 99.00  2.80 999 1014.0  23.9  24.9  21.0 99.0 99.00
2018 08 17 14 50 316  3.5  3.9  0.19 99.00  3.00 999 1013.7  23.5  24.9  21.2 99.0 99.00
2018 08 17 15 50 312  4.4  5.2  0.20 99.00  2.97 999 1013.7  23.3  25.0  20.2 99.0 99.00
2018 08 17 16 50 324  4.9  5.6  0.26  2.60  2.76 320 1014.1  23.8  25.0  19.7 99.0 99.00
2018 08 17 17 50 351  3.5  4.3  0.25  2.74  2.97 322 1014.1  24.0  25.0  20.4 99.0 99.00
2018 08 17 18 50 358  2.8  3.6  0.25 99.00  3.00 999 1014.3  24.2  25.1  21.1 99.0 99.00
2018 08 17 19 50  26  4.1  4.8  0.24 99.00  3.02 999 1014.0  24.2  25.2  22.0 99.0 99.00
2018 08 17 20 50  34  3.2  3.7  0.27  2.60  2.96   7 1014.0  24.1  25.2  21.0 99.0 99.00
2018 08 17 21 50  26  3.6  4.3  0.30  3.57  3.06 360 1014.0  24.1  25.2  21.5 99.0 99.00
2018 08 17 22 50  24  5.0  5.7  0.31  3.13  3.11  20 1014.4  24.2  25.2  21.8 99.0 99.00
2018 08 17 23 50  16  7.5  8.6  0.38  3.13  2.95  29 1014.3  24.1  25.1  21.4 99.0 99.00
2018 08 18 00 50  16  6.7  7.9  0.49  3.03  3.05  38 1014.7  24.0  25.1  22.0 99.0 99.00
2018 08 18 01 50  27  4.5  5.4  0.56  3.85  3.32  39 1015.3  24.1  25.0  22.1 99.0 99.00
2018 08 18 02 50  36  4.2  4.9  0.51  3.70  3.41  38 1015.2  24.2  25.0  21.8 99.0 99.00
2018 08 18 03 50  25  3.2  3.8  0.45  3.57  3.25  31 1015.2  24.1  24.9  21.5 99.0 99.00
2018 08 18 04 50  17  1.7  2.2  0.44  3.85  3.26  32 1015.5  24.0  24.9  21.4 99.0 99.00
2018 08 18 05 50   1  4.1  4.7  0.40  3.57  3.26  38 1015.7  24.1  24.9  21.3 99.0 99.00
2018 08 18 06 50   6  4.3  5.0  0.34  4.35  3.29  27 1015.5  23.9  24.9  21.4 99.0 99.00
2018 08 18 07 50   9  4.8  5.4  0.34  3.57  3.17  29 1015.2  23.7  24.9  21.3 99.0 99.00
2018 08 18 08 50  17  5.4  6.2  0.40  4.76  3.20  19 1015.4  23.8  24.8  19.4 99.0 99.00
2018 08 18 09 50  13  5.4  6.2  0.44  4.76  3.27  30 1015.6  23.7  24.8  20.3 99.0 99.00
2018 08 18 10 50   4  7.0  7.9  0.47  3.33  3.33  26 1015.7  23.5  24.8  20.4 99.0 99.00
2018 08 18 11 50  25  7.5  8.7  0.63  4.00  3.52  32 1016.0  23.4  24.8  20.0 99.0 99.00
2018 08 18 12 50  22  7.7  9.5  0.72  4.35  3.62  29 1016.3  23.2  24.8  20.0 99.0 99.00
2018 08 18 13 50  20  7.2  8.4  0.78  4.76  3.77  33 1016.6  23.0  24.7  19.5 99.0 99.00
2018 08 18 14 50  20  6.8  8.1  0.85  5.00  3.91  28 1016.8  23.0  24.7  19.1 99.0 99.00
2018 08 18 15 50  11  6.4  7.9  0.95  4.55  3.97  34 1016.8  22.9  24.7  18.9 99.0 99.00
2018 08 18 16 50  17  6.4  7.4  0.91  5.00  4.16  25 1016.6  22.7  24.7  19.4 99.0 99.00
2018 08 18 17 50  12  6.1  8.0  0.86  5.00  3.95  28 1016.4  22.6  24.8  19.3 99.0 99.00
2018 08 18 18 50  12  5.8  6.8  1.00  5.26  4.23  31 1016.3  22.6  24.8  19.2 99.0 99.00
2018 08 18 19 50   8  5.7  6.7  0.88  5.56  4.09  30 1015.9  22.8  24.8  19.6 99.0 99.00
2018 08 18 20 50   4  7.1  8.2  0.87  5.56  3.99  31 1015.4  22.7  24.9  19.5 99.0 99.00
2018 08 18 21 50   4  7.4  8.6  0.80  5.56  3.88  35 1015.3  22.6  24.9  19.5 99.0 99.00
2018 08 18 22 50  15  7.0  8.3  0.86  5.88  3.82  28 1015.1  22.4  24.8  19.3 99.0 99.00
2018 08 18 23 50  16  7.1  8.1  0.80  5.56  3.92  35 1014.8  22.6  24.8  19.5 99.0 99.00
2018 08 19 00 50   7  7.1  8.3  0.79  4.17  3.73  34 1014.7  22.7  24.8  19.1 99.0 99.00
2018 08 19 01 50   6  7.0  8.1  0.82  5.56  3.84  38 1014.9  22.9  24.7  19.0 99.0 99.00
2018 08 19 02 50  18  6.2  7.4  0.81  4.55  3.85  32 1015.3  23.0  24.7  19.3 99.0 99.00
2018 08 19 03 50  23  5.4  6.3  0.78  4.76  3.93  32 1015.4  22.9  24.7  19.3 99.0 99.00
2018 08 19 04 50  30  5.0  5.8  0.80  5.00  3.97  35 1015.0  22.8  24.7  19.6 99.0 99.00
2018 08 19 05 50  32  4.1  5.2  0.68  4.35  3.89  33 1015.2  22.7  24.7  19.2 99.0 99.00
2018 08 19 06 50  31  3.4  4.4  0.65  4.55  3.88  35 1015.2  22.8  24.6  19.2 99.0 99.00
2018 08 19 07 50  30  2.3  2.9  0.58  4.76  3.90  33 1015.0  22.8  24.6  18.6 99.0 99.00
2018 08 19 08 50  49  2.3  2.9  0.48  4.55  3.81  25 1014.9  22.9  24.6  18.5 99.0 99.00
2018 08 19 09 50  36  2.4  3.3  0.44  4.76  3.73  33 1014.8  22.9  24.6  18.4 99.0 99.00
2018 08 19 10 50  18  1.7  2.4  0.41  4.55  3.73  36 1015.1  22.8  24.6  18.2 99.0 99.00
2018 08 19 11 50 353  1.5  1.9  0.39  4.55  3.67  33 1015.3  22.9  24.6  18.1 99.0 99.00
2018 08 19 12 50 350  3.1  3.7  0.34  4.35  3.55  36 1015.5  22.8  24.6  18.6 99.0 99.00
2018 08 19 13 50   1  2.3  3.0  0.31  4.35  3.50  32 1015.8  22.9  24.6  18.2 99.0 99.00
2018 08 19 14 50  16  1.6  2.0  0.28  4.17  3.50  35 1016.0  23.1  24.7  17.8 99.0 99.00
2018 08 19 15 50   4  1.5  2.1  0.26  3.85  3.45  34 1016.4  23.2  24.9  17.7 99.0 99.00
2018 08 19 16 50  18  2.6  3.6  0.25 99.00  3.54 999 1016.1  23.1  25.1  18.0 99.0 99.00
2018 08 19 17 50  36  1.7  2.5  0.26  4.17  3.67  21 1016.1  23.3  25.3  17.9 99.0 99.00
2018 08 19 18 50  16  1.0  1.8  0.24 99.00  3.61 999 1016.2  23.6  25.9  17.8 99.0 99.00
2018 08 19 19 50  58  2.0  2.4  0.21 99.00  3.63 999 1015.8  23.7  25.9  17.7 99.0 99.00
2018 08 19 20 50  48  3.1  3.9  0.21 99.00  3.58 999 1015.5  23.9  25.8  17.7 99.0 99.00
2018 08 19 21 50  58  3.9  4.8  0.20 99.00  3.67 999 1014.8  24.2  25.6  18.0 99.0 99.00
2018 08 19 22 50  76  5.6  6.5  0.17 99.00  3.41 999 1014.2  24.1  25.3  18.6 99.0 99.00
2018 08 19 23 50  73  5.5  6.2  0.20 99.00  2.75 999 1014.0  24.2  25.2  19.1 99.0 99.00
2018 08 20 00 50  64  4.4  5.3  0.23 99.00  2.69 999 1014.4  24.3  25.0  19.0 99.0 99.00
2018 08 20 01 50  65  4.1  4.8  0.25 99.00  2.72 999 1015.2  24.5  24.9  18.9 99.0 99.00
2018 08 20 02 50  70  4.9  5.6  0.22 99.00  2.71 999 1015.2  24.5  24.9  19.4 99.0 99.00
2018 08 20 03 50  78  5.7  6.6  0.26  2.60  2.67  82 1015.1  24.6  24.8  19.4 99.0 99.00
2018 08 20 04 50  87  6.3  7.3  0.29  2.74  2.70  85 1015.0  24.8  24.8  18.7 99.0 99.00
2018 08 20 05 50 105  7.0  8.3  0.33  2.86  2.75  84 1014.8  24.8  24.8  19.9 99.0 99.00
2018 08 20 06 50 132  7.7  8.9  0.37  2.94  2.80  92 1014.4  24.6  24.7  20.4 99.0 99.00
2018 08 20 07 50 128  7.6  9.0  0.42  2.86  2.85 113 1013.7  24.5  24.7  20.1 99.0 99.00
2018 08 20 08 50 148  7.3  8.7  0.49  3.23  2.98 111 1014.0  24.3  24.7  19.9 99.0 99.00
2018 08 20 09 50 137  7.8  9.8  0.63  3.57  3.24 125 1014.0  23.7  24.7  20.1 99.0 99.00
2018 08 20 10 50 140  8.1  9.7  0.89  4.17  3.73 134 1013.9  23.5  24.7  19.5 99.0 99.00
2018 08 20 11 50 123  8.0  9.5  0.92  4.55  3.86 142 1013.7  23.3  24.6  19.3 99.0 99.00
2018 08 20 12 50 123  7.8  9.1  0.85  4.35  3.77 137 1014.3  23.2  24.6  19.3 99.0 99.00
2018 08 20 13 50 115  7.7  8.8  0.83  4.55  3.77 147 1014.1  23.0  24.6  19.4 99.0 99.00
2018 08 20 14 50 114  6.9  8.0  0.77  4.00  3.66 142 1013.7  23.1  24.6  19.3 99.0 99.00
2018 08 20 15 50  98  7.7  9.0  0.69  4.35  3.60 149 1013.0  23.3  24.6  19.1 99.0 99.00
2018 08 20 16 50  97  8.7 10.2  0.73  4.17  3.55 150 1012.4  23.4  24.6  19.2 99.0 99.00
2018 08 20 17 50 102  9.0 10.7  0.79  4.17  3.54 144 1012.0  24.1  24.6  18.7 99.0 99.00
2018 08 20 18 50  96  9.0 10.7  0.91  4.17  3.67 139 1011.6  24.4  24.6  18.6 99.0 99.00
2018 08 20 19 50  96  9.8 12.2  1.02  4.35  3.76 141 1010.7  24.5  24.6  18.8 99.0 99.00
2018 08 20 20 50  98 11.0 12.8  1.01  4.35  3.79 124 1010.3  24.7  24.5  18.5 99.0 99.00
2018 08 20 21 50 109  9.8 11.6  1.09  4.55  3.91 124 1010.0  24.6  24.5  19.2 99.0 99.00
2018 08 20 22 50  98  9.8 11.3  1.02  4.55  3.83 126 1009.7  23.7  24.5  19.1 99.0 99.00
2018 08 20 23 50  95  9.7 11.5  1.02  4.76  3.87 123 1009.2  24.4  24.5  18.8 99.0 99.00
2018 08 21 00 50  96 10.3 12.8  1.16  4.76  4.07 118 1009.3  24.4  24.4  19.2 99.0 99.00
2018 08 21 01 50  98  9.8 11.8  1.10  5.00  4.02 118 1009.2  24.2  24.4  19.8 99.0 99.00
2018 08 21 02 50 111 11.0 13.1  1.31  4.76  4.25 110 1009.2  23.9  24.4  19.8 99.0 99.00
2018 08 21 03 50 115  9.9 11.6  1.30  5.00  4.28 109 1008.5  23.2  24.3  20.1 99.0 99.00
2018 08 21 04 50 122  8.2  9.4  1.27  5.56  4.37 107 1008.3  22.3  24.3  20.0 99.0 99.00
2018 08 21 05 50 108  7.8  8.8  1.20  5.26  4.23 112 1008.1  22.6  24.2  20.5 99.0 99.00
2018 08 21 06 50 129  7.9  9.6  0.98  4.76  4.01 100 1007.6  22.7  24.2  20.7 99.0 99.00
2018 08 21 07 50 164  5.5  6.5  1.00  5.00  4.19 107 1007.5  22.8  24.1  20.6 99.0 99.00
2018 08 21 08 50 150  5.1  6.2  0.93  4.76  4.06 116 1007.1  22.7  24.1  20.4 99.0 99.00
2018 08 21 09 50 176  5.9  7.0  0.71  4.55  3.78 104 1007.0  22.3  24.1  19.9 99.0 99.00
2018 08 21 10 50 190  5.2  6.1  0.67  4.55  3.78 113 1006.8  22.1  24.1  20.1 99.0 99.00
2018 08 21 11 50 199  4.6  6.0  0.69  4.17  3.77 126 1007.1  22.4  24.1  20.7 99.0 99.00
2018 08 21 12 50 279  2.5  3.6  0.59  4.76  3.69 153 1007.3  22.8  24.1  20.2 99.0 99.00
2018 08 21 13 50  35  9.1 11.0  0.56  4.35  3.14 216 1007.4  21.8  24.1  19.1 99.0 99.00
2018 08 21 14 50  28 10.7 13.1  1.18  4.76  4.08  36 1008.3  20.8  24.0  18.9 99.0 99.00
2018 08 21 15 50  26 10.4 13.0  1.53  5.88  4.46  35 1009.3  20.8  24.0  17.6 99.0 99.00
2018 08 21 16 50  14  8.1  9.9  1.51  5.88  4.60  33 1009.9  21.5  24.0  17.8 99.0 99.00
2018 08 21 17 50  11 10.6 12.1  1.02  5.56  4.02  29 1009.9  23.2  24.0  16.6 99.0 99.00
2018 08 21 18 50   1 11.3 14.3  1.27  5.56  4.34  36 1010.8  21.9  24.0  19.7 99.0 99.00
2018 08 21 19 50 350 12.3 15.2  1.71  5.88  4.83  31 1010.9  21.9  24.0  19.6 99.0 99.00
2018 08 21 20 50 344 12.0 14.1  2.05  6.67  5.36  23 1011.5  21.9  23.9  19.0 99.0 99.00
2018 08 21 21 50 344 11.1 12.8  2.13  7.69  5.44  22 1011.8  22.0  23.9  18.5 99.0 99.00
2018 08 21 22 50 340 10.0 12.0  2.10  7.14  5.35  21 1012.6  22.0  23.9  17.7 99.0 99.00
2018 08 21 23 50 341  9.4 11.8  1.73  6.67  5.16  31 1012.9  22.0  23.9  17.7 99.0 99.00
2018 08 22 00 50 335 10.4 12.7  1.74  6.67  5.08  36 1013.5  22.3  23.8  18.0 99.0 99.00
2018 08 22 01 50 345 10.5 12.2  1.65  6.25  4.93  38 1014.3  22.2  23.8  17.1 99.0 99.00
2018 08 22 02 50  16 10.0 12.2  1.85  6.25  5.06  32 1014.9  20.8  23.8  17.7 99.0 99.00
2018 08 22 03 50  10 10.2 11.8  1.84  6.25  5.05  44 1014.9  21.1  23.7  17.1 99.0 99.00
2018 08 22 04 50 353 10.5 12.7  1.93  6.67  5.14  45 1015.0  21.4  23.7  16.0 99.0 99.00
2018 08 22 05 50 353 10.5 13.3  1.92  7.14  5.07  43 1015.4  20.9  23.6  13.5 99.0 99.00
2018 08 22 06 50 351 10.8 13.0  1.90  6.67  5.15  38 1015.6  20.6  23.6  13.3 99.0 99.00
2018 08 22 07 50 354 11.5 13.9  2.06  6.67  5.12  43 1015.8  20.1  23.5  13.1 99.0 99.00
2018 08 22 08 50 356 10.8 13.3  2.02  7.14  5.30  37 1016.2  20.0  23.5  13.0 99.0 99.00
2018 08 22 09 50 353 10.8 12.9  2.18  7.14  5.32  39 1016.9  19.8  23.4  13.2 99.0 99.00
2018 08 22 10 50 349  9.7 12.3  1.98  7.14  5.33  33 1017.7  20.0  23.4  12.9 99.0 99.00
2018 08 22 11 50 344 10.1 11.7  1.79  7.14  5.22  37 1018.0  20.3  23.3  13.1 99.0 99.00
2018 08 22 12 50 339  8.5  9.8  1.79  7.14  5.24  40 1018.3  20.3  23.3  13.9 99.0 99.00
2018 08 22 13 50 340  7.7  9.6  1.72  7.14  5.22  43 1018.7  20.1  23.3  14.4 99.0 99.00
2018 08 22 14 50 334  7.1  8.6  1.38  7.14  5.01  38 1019.3  19.9  23.3  15.3 99.0 99.00
2018 08 22 15 50 334  5.6  7.0  1.33  7.14  5.00  36 1019.6  20.0  23.4  14.8 99.0 99.00
2018 08 22 16 50 327  5.6  6.9  1.21  7.14  4.90  39 1019.8  20.5  23.4  14.3 99.0 99.00
2018 08 22 17 50 321  5.3  7.1  1.10  6.25  4.60  35 1019.8  20.6  23.5  14.2 99.0 99.00
2018 08 22 18 50 318  4.8  5.9  0.94  6.67  4.42  23 1019.6  20.9  23.5  13.2 99.0 99.00
2018 08 22 19 50 318  2.9  3.9  0.82  5.88  4.29  25 1019.4  21.4  23.6  12.3 99.0 99.00
2018 08 22 20 50 281  2.8  3.6  0.76  5.26  4.30 351 1018.9  22.0  23.7  11.5 99.0 99.00
2018 08 22 21 50 304  3.3  4.7  0.65  5.88  4.20 360 1018.9  22.5  23.7  12.2 99.0 99.00
2018 08 22 22 50 303  3.2  4.1  0.60  4.55  4.05   8 1018.7  22.8  23.7  13.1 99.0 99.00
2018 08 22 23 50 303  2.3  2.9  0.53  4.76  4.05  11 1018.4  22.9  23.6  12.3 99.0 99.00
2018 08 23 00 50 323  3.0  3.8  0.50  4.35  4.11  18 1018.5  22.9  23.6  12.0 99.0 99.00
2018 08 23 01 50 308  2.8  3.7  0.48  4.76  4.05  10 1018.8  23.1  23.5  10.8 99.0 99.00
2018 08 23 02 50 257  3.2  3.9  0.43  5.26  3.96 327 1019.2  23.0  23.5  12.3 99.0 99.00
2018 08 23 03 50 261  4.0  5.1  0.41  4.76  4.01 324 1019.1  23.1  23.5  12.2 99.0 99.00
2018 08 23 04 50 287  5.4  6.3  0.35  4.76  3.71 328 1019.1  23.1  23.5  13.1 99.0 99.00
2018 08 23 05 50 284  6.4  7.7  0.45  2.74  3.16 270 1018.9  23.0  23.4  13.1 99.0 99.00
2018 08 23 06 50 288  6.6  7.6  0.54  3.13  3.25 264 1018.7  22.7  23.4  13.3 99.0 99.00
2018 08 23 07 50 291  6.6  7.7  0.59  3.70  3.45 273 1018.8  22.4  23.4  13.7 99.0 99.00
2018 08 23 08 50 293  5.8  7.1  0.61  3.85  3.45 292 1018.8  22.5  23.3  14.4 99.0 99.00
2018 08 23 09 50 291  5.1  6.1  0.55  3.70  3.42 275 1018.9  22.5  23.3  14.1 99.0 99.00
2018 08 23 10 50 277  4.4  5.3  0.55  3.85  3.36 273 1019.1  22.3  23.3  14.2 99.0 99.00
2018 08 23 11 50 265  5.6  6.5  0.46  3.45  3.24 257 1019.5  22.2  23.3  15.1 99.0 99.00
2018 08 23 12 50 270  5.3  6.3  0.48  3.13  3.11 251 1019.8  21.9  23.3  14.6 99.0 99.00
2018 08 23 13 50 257  5.5  6.8  0.45  3.23  3.09 254 1019.9  22.1  23.3  14.6 99.0 99.00
2018 08 23 14 50 263  6.2  7.3  0.50  3.33  3.09 253 1020.2  21.7  23.3  13.9 99.0 99.00
2018 08 23 15 50 247  5.2  6.0  0.55  3.57  3.21 253 1020.3  21.9  23.3  13.9 99.0 99.00
2018 08 23 16 50 230  5.0  6.3  0.47  3.33  3.14 243 1020.1  22.2  23.4  13.3 99.0 99.00
2018 08 23 17 50 219  5.1  6.1  0.43  3.57  3.13 238 1019.8  22.4  23.4  13.4 99.0 99.00
2018 08 23 18 50 202  5.9  7.2  0.41  3.57  3.13 252 1019.6  22.6  23.5  13.6 99.0 99.00
2018 08 23 19 50 189  5.7  6.6  0.39  3.45  3.01 214 1019.0  22.9  23.5  13.8 99.0 99.00
2018 08 23 20 50 173  5.9  7.4  0.36  3.23  2.95 217 1018.3  23.0  23.5  14.0 99.0 99.00
2018 08 23 21 50 166  6.0  7.3  0.37  3.23  2.96 196 1017.8  23.2  23.5  14.9 99.0 99.00
2018 08 23 22 50 164  6.8  8.2  0.41  2.86  2.94 179 1017.4  23.4  23.5  15.2 99.0 99.00
2018 08 23 23 50 163  6.7  7.8  0.48  3.13  3.01 170 1017.1  23.5  23.5  15.0 99.0 99.00
2018 08 24 00 50 168  6.3  7.1  0.45  3.45  3.06 166 1017.1  23.6  23.4  15.6 99.0 99.00
2018 08 24 01 50 169  6.8  8.2  0.50  3.23  3.03 168 1017.2  23.6  23.4  16.0 99.0 99.00
2018 08 24 02 50 180  7.0  8.2  0.56  3.57  3.13 163 1017.2  23.6  23.3  17.3 99.0 99.00
2018 08 24 03 50 184  6.8  8.0  0.58  3.70  3.24 166 1017.2  23.5  23.3  17.7 99.0 99.00
2018 08 24 04 50 204  7.8  8.9  0.62  3.70  3.25 155 1017.0  23.4  23.3  17.7 99.0 99.00
2018 08 24 05 50 210  8.6 10.0  0.68  3.85  3.33 160 1017.0  23.3  23.3  16.6 99.0 99.00
2018 08 24 06 50 215  7.7  8.7  0.77  4.35  3.62 152 1016.8  23.2  23.3  15.7 99.0 99.00
2018 08 24 07 50 198  7.6  8.6  0.74  4.35  3.58 157 1016.4  23.0  23.2  15.3 99.0 99.00
2018 08 24 08 50 185  8.1  9.4  0.81  4.35  3.84 158 1015.9  22.8  23.2  16.0 99.0 99.00
2018 08 24 09 50 177  7.8  9.1  0.84  4.76  3.86 153 1015.8  22.7  23.2  16.0 99.0 99.00
2018 08 24 10 50 176  8.7 10.5  0.76  4.55  3.73 157 1016.0  22.8  23.1  15.9 99.0 99.00
2018 08 24 11 50 173  9.1 11.0  0.94  4.76  3.91 153 1016.2  22.2  23.1  16.3 99.0 99.00
2018 08 24 12 50 173  9.6 11.3  1.12  4.76  4.11 161 1016.4  22.5  23.1  16.4 99.0 99.00
2018 08 24 13 50 180 11.3 14.1  1.35  5.00  4.28 158 1016.4  22.5  23.1  15.8 99.0 99.00
2018 08 24 14 50 179 11.3 13.1  1.54  5.56  4.59 161 1016.2  22.1  23.0  15.8 99.0 99.00
2018 08 24 15 50 187 12.2 14.4  1.64  5.56  4.67 164 1016.0  22.0  23.0  15.4 99.0 99.00
2018 08 24 16 50 175 12.2 14.2  1.68  5.56  4.63 167 1015.1  21.0  23.0  15.6 99.0 99.00
2018 08 24 17 50 180 11.3 14.1  1.79  5.88  4.63 162 1014.8  20.0  22.9  16.3 99.0 99.00
2018 08 24 18 50 185  9.8 11.8  1.67  5.56  4.53 162 1015.2  19.5  22.9  16.7 99.0 99.00
2018 08 24 19 50 177 10.1 12.7  1.32  5.56  4.37 161 1014.9  19.3  22.9  17.2 99.0 99.00
2018 08 24 20 50 151  9.2 11.2  1.33  5.56  4.41 168 1013.9  20.9  22.9  16.4 99.0 99.00
2018 08 24 21 50 143  9.3 10.7  1.20  5.00  4.20 165 1013.2  20.6  22.9  16.8 99.0 99.00
2018 08 24 22 50 136 10.0 11.8  1.09  5.56  4.16 179 1012.7  21.6  22.8  16.7 99.0 99.00
2018 08 24 23 50 179 11.0 14.0  1.14  4.76  4.17 150 1012.8  21.5  22.8  17.0 99.0 99.00
2018 08 25 00 50 172 12.2 14.3  1.37  5.26  4.35 168 1012.1  21.4  22.7  16.7 99.0 99.00
2018 08 25 01 50 167 12.5 15.3  1.70  5.56  4.66 171 1012.3  21.0  22.7  17.1 99.0 99.00
2018 08 25 02 50 178 11.3 14.5  1.85  5.88  4.98 169 1012.9  21.0  22.7  17.6 99.0 99.00
2018 08 25 03 50 187 12.1 14.6  1.95  5.88  5.07 168 1012.6  20.4  22.6  17.8 99.0 99.00
2018 08 25 04 50 186 11.3 13.0  2.18  6.67  5.24 157 1012.4  20.4  22.6  18.1 99.0 99.00
2018 08 25 05 50 180 11.1 13.3  1.95  6.25  5.08 167 1012.3  20.5  22.6  18.4 99.0 99.00
2018 08 25 06 50 194 11.7 13.5  1.90  6.25  4.93 163 1012.3  20.6  22.6  18.5 99.0 99.00
2018 08 25 07 50 190 11.3 13.4  1.82  6.25  4.90 163 1011.7  20.7  22.5  18.7 99.0 99.00
2018 08 25 08 50 190 11.1 13.2  1.48  6.25  4.65 161 1011.6  20.8  22.5  18.9 99.0 99.00
2018 08 25 09 50 202 12.1 14.7  1.58  6.25  4.69 159 1010.7  20.7  22.5  18.8 99.0 99.00
2018 08 25 10 50 202  7.0  9.0  1.67  5.88  4.80 160 1010.4  21.3  22.5  19.2 99.0 99.00
2018 08 25 11 50 199  9.6 11.4  1.50  6.25  4.67 164 1010.7  20.9  22.4  19.1 99.0 99.00
2018 08 25 12 50 192  9.0 10.7  1.32  5.56  4.44 165 1011.6  21.2  22.4  19.2 99.0 99.00
2018 08 25 13 50 197  8.1  9.8  1.33  5.56  4.38 159 1012.1  21.1  22.4  19.4 99.0 99.00
2018 08 25 14 50 191  7.5  8.9  1.10  5.26  4.24 149 1012.9  21.4  22.3  19.6 99.0 99.00
2018 08 25 15 50 189  8.3  9.8  1.08  5.26  4.33 157 1013.1  21.1  22.3  20.1 99.0 99.00
2018 08 25 16 50 195  8.7  9.9  0.98  4.76  4.08 161 1013.0  21.3  22.3  20.2 99.0 99.00
2018 08 25 17 50 197  8.4  9.5  1.04  5.00  4.17 156 1012.9  22.0  22.4  20.4 99.0 99.00
2018 08 25 18 50 200  8.0  9.5  0.97  5.00  3.95 155 1012.9  22.3  22.4  20.8 99.0 99.00
2018 08 25 19 50 205  7.0  8.1  0.95  5.00  3.94 167 1013.0  22.7  22.5  21.1 99.0 99.00
2018 08 25 20 50 188  6.2  7.2  0.91  4.55  3.94 165 1013.0  22.9  22.5  21.3 99.0 99.00
2018 08 25 21 50 180  5.5  6.5  0.78  5.00  3.87 158 1012.7  23.0  22.6  21.6 99.0 99.00
2018 08 25 22 50 178  5.0  5.8  0.65  4.76  3.62 161 1013.0  23.3  22.6  21.8 99.0 99.00
2018 08 25 23 50 180  4.0  4.7  0.56  4.17  3.44 165 1013.0  23.3  22.6  21.9 99.0 99.00
2018 08 26 00 50 173  4.4  5.0  0.46  4.00  3.35 166 1013.3  23.2  22.6  22.0 99.0 99.00
2018 08 26 01 50 155  3.8  4.5  0.37  3.70  3.20 164 1013.8  23.0  22.5  22.1 99.0 99.00
2018 08 26 02 50 312  3.8  7.4  0.33  3.57  3.07 158 1014.4  23.3  22.5  22.3 99.0 99.00
2018 08 26 03 50 165  5.2  6.9  0.29  3.45  2.94 156 1014.3  23.3  22.5  22.4 99.0 99.00
2018 08 26 04 50 185  3.4  4.0  0.29  3.23  2.91 157 1014.5  23.0  22.5  22.3 99.0 99.00
2018 08 26 05 50 187  2.8  3.2  0.28  3.13  2.88 147 1014.4  22.9  22.5  22.4 99.0 99.00
2018 08 26 06 50 272  1.6  2.1  0.23 99.00  2.88 999 1014.6  22.9  22.5  22.4 99.0 99.00
2018 08 26 07 50 203  1.9  2.2  0.22 99.00  2.91 999 1014.7  22.7  22.5  22.3 99.0 99.00
2018 08 26 08 50 229  1.5  1.7  0.26  3.33  3.03 141 1014.9  22.6  22.5  22.2 99.0 99.00
2018 08 26 09 50 201  2.3  2.9  0.20 99.00  2.97 999 1015.5  22.5  22.5  22.2 99.0 99.00
2018 08 26 10 50 249  1.5  1.8  0.19 99.00  2.83 999 1016.0  22.5  22.5  22.2 99.0 99.00
2018 08 26 11 50 275  1.0  1.2  0.15 99.00  2.74 999 1016.5  22.4  22.4  22.0 99.0 99.00
2018 08 26 12 50 106  0.5  0.7  0.12 99.00  2.65 999 1016.0  22.8  22.5  22.2 99.0 99.00
2018 08 26 13 50 160  0.9  1.2  0.11 99.00  2.59 999 1016.5  22.9  22.6  22.1 99.0 99.00
2018 08 26 14 50 167  1.7  2.1  0.10 99.00  2.63 999 1016.5  22.7  22.9  22.2 99.0 99.00
2018 08 26 15 50 127  1.1  1.5  0.12 99.00  2.68 999 1016.7  23.3  23.3  22.5 99.0 99.00
2018 08 26 16 50 106  3.5  4.5  0.10 99.00  2.55 999 1016.6  23.7  23.6  22.7 99.0 99.00
2018 08 26 17 50 141  4.9  5.5  0.11 99.00  2.53 999 1016.5  22.7  23.2  22.3 99.0 99.00
2018 08 26 18 50 155  4.5  5.1  0.13 99.00  2.43 999 1016.4  22.8  23.1  22.5 99.0 99.00
2018 08 26 19 50 138  4.0  4.5  0.12 99.00  2.45 999 1015.5  23.3  23.3  23.0 99.0 99.00
2018 08 26 20 50 130  4.3  5.0  0.10 99.00  2.44 999 1014.6  23.9  23.3  23.2 99.0 99.00
2018 08 26 21 50 120  4.3  4.8  0.10 99.00  2.61 999 1013.9  24.3  23.4  23.2 99.0 99.00
2018 08 26 22 50 128  4.9  5.6  0.11 99.00  2.33 999 1013.6  24.5  23.4  23.3 99.0 99.00
2018 08 26 23 50 144  5.0  6.0  0.14 99.00  2.41 999 1013.5  25.0  23.4  23.5 99.0 99.00
2018 08 27 00 50 167  6.3  7.5  0.24 99.00  2.52 999 1012.7  25.8  23.3  23.2 99.0 99.00
2018 08 27 01 50 181  3.3  5.3  0.36  2.94  2.77 156 1013.6  25.2  23.2  22.7 99.0 99.00
2018 08 27 02 50 239  3.3  7.3  0.38  3.23  3.02 195 1013.7  26.4  23.1  22.0 99.0 99.00
2018 08 27 03 50  64  4.7  5.8  0.41  3.45  2.95 198 1013.7  23.7  23.1  21.8 99.0 99.00
2018 08 27 04 50 160  3.4  5.8  0.55  3.45  3.16 196 1013.0  25.8  23.1  23.2 99.0 99.00
2018 08 27 05 50 337 10.1 15.5  0.73  3.85  3.38 200 1013.9  22.5  23.1  21.0 99.0 99.00
2018 08 27 06 50 159  6.1  6.9  0.87  4.00  3.57 298 1012.1  23.6  22.9  21.8 99.0 99.00
2018 08 27 07 50 158  5.6  6.6  0.70  4.00  3.57 170 1012.2  24.3  22.9  23.0 99.0 99.00
2018 08 27 08 50 164  5.5  6.9  0.63  3.85  3.43 174 1012.4  24.3  22.9  22.8 99.0 99.00
2018 08 27 09 50 189  7.9  8.8  0.88  4.35  3.52 165 1011.7  24.3  22.9  22.7 99.0 99.00
2018 08 27 10 50 185  7.8  9.2  0.82  3.85  3.53 172 1012.0  24.3  22.9  22.6 99.0 99.00
2018 08 27 11 50 186  7.1  8.1  0.85  4.00  3.60 159 1012.4  24.0  22.9  22.4 99.0 99.00
2018 08 27 12 50 197  6.9  8.0  0.76  4.35  3.57 152 1013.0  24.0  23.0  22.2 99.0 99.00
2018 08 27 13 50 189  8.3  9.8  0.72  4.35  3.53 159 1012.6  23.9  23.0  22.1 99.0 99.00
2018 08 27 14 50 189  8.8 10.3  0.75  4.35  3.52 157 1012.5  24.0  23.0  22.0 99.0 99.00
2018 08 27 15 50 189  7.5  8.5  0.81  4.55  3.63 152 1012.8  24.1  23.0  22.0 99.0 99.00
2018 08 27 16 50 185  7.6  8.8  0.80  4.17  3.65 160 1012.6  24.2  23.0  22.1 99.0 99.00
2018 08 27 17 50 200  4.5  5.3  0.79  4.35  3.78 152 1012.7  24.2  23.0  22.1 99.0 99.00
2018 08 27 18 50 163  2.0  2.3  0.68  4.55  3.77 156 1012.6  23.9  23.0  22.3 99.0 99.00
2018 08 27 19 50 162  4.1  5.5  0.52  4.17  3.67 175 1011.6  24.9  23.1  22.2 99.0 99.00
2018 08 27 20 50 133  4.1  4.7  0.51  4.76  3.69 166 1011.0  24.4  23.2  22.5 99.0 99.00
2018 08 27 21 50 158  6.7  7.6  0.53  4.35  3.65 170 1010.1  25.1  23.2  22.4 99.0 99.00
2018 08 27 22 50 166  8.1  9.8  0.65  4.17  3.39 170 1009.4  25.6  23.1  22.5 99.0 99.00
2018 08 28 00 50 169 10.1 11.6  0.93  4.17  3.64 159 1008.9  26.0  23.1  22.4 99.0 99.00
2018 08 28 01 50 171 10.9 12.9  1.09  4.55  3.84 159 1009.2  25.8  23.1  22.5 99.0 99.00
2018 08 28 02 50 176 11.4 14.0  1.17  4.55  3.84 158 1009.3  25.7  23.0  22.3 99.0 99.00
2018 08 28 03 50 184 10.1 11.6  1.25  4.76  4.01 159 1010.0  25.1  23.0  22.3 99.0 99.00
2018 08 28 04 50 190 10.7 12.6  1.31  5.00  4.13 162 1010.4  25.1  22.9  22.2 99.0 99.00
2018 08 28 05 50 189 10.1 12.0  1.24  5.00  4.13 165 1010.0  24.8  22.9  22.2 99.0 99.00
2018 08 28 06 50 190 10.2 12.2  1.28  5.26  4.11 155 1010.2  24.7  22.9  22.1 99.0 99.00
2018 08 28 07 50 188  9.9 12.6  1.21  5.26  4.17 169 1010.3  24.6  22.8  22.2 99.0 99.00
2018 08 28 08 50 193  8.3  9.8  1.26  5.26  4.29 162 1010.8  24.3  22.8  22.2 99.0 99.00
2018 08 28 09 50  14  7.7  9.8  1.00  5.00  4.20 222 1012.7  22.5  22.7  19.9 99.0 99.00
2018 08 28 10 50 360  5.8  6.9  0.87  5.56  3.88 224 1013.9  21.4  22.7  19.7 99.0 99.00
2018 08 28 11 50  97  4.7  5.9  0.81  5.56  3.83 221 1014.2  20.3  22.7  19.5 99.0 99.00
2018 08 28 12 50 160  4.3  5.3  0.67  5.26  3.90 168 1013.6  21.0  22.7  20.1 99.0 99.00
2018 08 28 13 50 147 10.0 11.8  0.71  5.26  3.80 165 1012.3  21.9  22.7  20.3 99.0 99.00
2018 08 28 14 50 169 12.5 14.8  0.84  4.17  3.69 157 1012.1  22.2  22.7  20.7 99.0 99.00
2018 08 28 15 50 149 10.0 11.9  1.01  4.76  3.82 160 1013.6  22.6  22.8  20.5 99.0 99.00
2018 08 28 16 50 160  8.3 10.1  1.06  4.55  3.79 154 1014.0  23.4  22.8  21.5 99.0 99.00
2018 08 28 17 50 154  9.6 11.3  0.95  4.17  3.68 142 1012.8  23.1  22.9  21.6 99.0 99.00
2018 08 28 18 50 171  8.0  9.1  1.03  4.17  3.75 141 1012.3  24.0  22.9  22.1 99.0 99.00
2018 08 28 19 50 155  7.2  8.8  1.04  4.55  3.89 144 1010.7  24.2  23.0  22.6 99.0 99.00
2018 08 28 20 50 169  7.3  8.3  0.81  4.35  3.50 133 1010.2  24.6  23.0  22.8 99.0 99.00
2018 08 28 21 50 180  7.3  8.4  0.65  4.17  3.36 144 1011.5  25.2  23.0  22.9 99.0 99.00
2018 08 28 22 50 228  6.6  7.4  0.53  3.85  3.29 128 1011.9  24.8  23.0  22.3 99.0 99.00
2018 08 28 23 50 334  8.0 12.5  0.46  3.85  3.33 126 1010.3  24.0  22.9  21.8 99.0 99.00
2018 08 29 00 50   8 10.0 11.7  0.72  3.23  3.11  12 1012.8  21.9  22.8  19.6 99.0 99.00
2018 08 29 01 50  43  6.9  8.4  0.76  3.57  3.30  29 1012.7  22.2  22.7  19.4 99.0 99.00
2018 08 29 02 50  34  6.7  7.7  0.72  4.00  3.40  14 1012.6  22.3  22.7  19.2 99.0 99.00
2018 08 29 03 50 220  3.5  4.6  0.73  3.70  3.57 348 1016.2  19.3  22.7  18.5 99.0 99.00
2018 08 29 04 50 177  4.4  5.7  0.57  4.35  3.68 318 1015.6  20.3  22.7  18.3 99.0 99.00
2018 08 29 05 50 145  5.7  6.8  0.53  4.55  3.79 316 1013.3  20.3  22.7  19.2 99.0 99.00
2018 08 29 06 50 157  9.8 11.5  0.50  4.55  3.08 328 1010.8  21.0  22.7  19.4 99.0 99.00
2018 08 29 07 50 188 10.3 13.7  0.64  3.33  3.18 155 1010.9  21.4  22.7  19.8 99.0 99.00
2018 08 29 08 50 212  7.4  9.7  0.78  3.70  3.38 160 1012.1  21.5  22.7  20.1 99.0 99.00
2018 08 29 09 50 215 10.5 12.7  0.84  3.70  3.44 165 1011.8  21.8  22.7  20.3 99.0 99.00
2018 08 29 10 50 273  7.2  8.3  1.00  4.35  3.67 167 1013.0  21.4  22.7  19.9 99.0 99.00
2018 08 29 11 50 261  6.1  7.3  0.89  4.35  3.66 176 1013.5  21.6  22.7  19.6 99.0 99.00
2018 08 29 12 50 266  7.9  9.6  0.80  4.00  3.51 166 1013.5  21.7  22.7  19.6 99.0 99.00
2018 08 29 13 50 276  9.1 11.0  0.91  5.00  3.73 162 1013.6  21.3  22.6  19.5 99.0 99.00
2018 08 29 14 50 323  9.0 10.5  0.86  4.76  3.44 173 1014.0  20.5  22.6  19.3 99.0 99.00
2018 08 29 15 50 345  9.3 11.4  0.85  3.45  3.45 305 1014.9  19.7  22.5  18.8 99.0 99.00
2018 08 29 16 50 339  7.9  9.1  0.87  3.57  3.40 334 1016.0  19.7  22.4  17.3 99.0 99.00
2018 08 29 17 50 340  7.3  8.8  0.75  3.57  3.34 337 1016.5  20.0  22.5  17.0 99.0 99.00
2018 08 29 18 50 351  7.0  8.1  0.81  4.17  3.60 357 1017.2  19.9  22.5  16.9 99.0 99.00
2018 08 29 19 50   2  6.7  8.0  0.80  4.17  3.56  13 1017.4  19.7  22.5  16.3 99.0 99.00
2018 08 29 20 50  10  7.6  9.1  0.76  4.00  3.51   9 1017.7  19.2  22.6  15.8 99.0 99.00
2018 08 29 21 50  13  7.9  9.3  0.78  4.35  3.47  26 1018.2  18.9  22.5  15.1 99.0 99.00
2018 08 29 22 50  14  8.2  9.5  0.89  5.00  3.89  36 1018.2  18.7  22.5  14.6 99.0 99.00
2018 08 29 23 50  19  7.3  9.3  0.99  5.00  3.95  32 1018.6  18.6  22.5  14.7 99.0 99.00
2018 08 30 00 50  23  6.8  8.3  0.94  5.00  4.00  31 1019.3  18.6  22.4  14.3 99.0 99.00
2018 08 30 01 50  28  7.2  8.8  0.97  5.00  4.02  27 1019.8  18.8  22.4  13.4 99.0 99.00
2018 08 30 02 50  34  8.2  9.5  1.00  5.26  4.11  29 1020.3  18.8  22.3  13.8 99.0 99.00
2018 08 30 03 50  40  7.5  9.1  0.95  5.00  4.13  34 1020.7  18.5  22.3  13.3 99.0 99.00
2018 08 30 04 50  35  6.5  8.2  0.83  5.88  4.05  26 1021.5  18.3  22.3  13.4 99.0 99.00
2018 08 30 05 50  42  5.4  6.9  0.83  5.88  4.19  24 1022.2  18.2  22.3  13.3 99.0 99.00
2018 08 30 06 50  51  4.8  6.2  0.79  5.88  4.21  21 1022.4  18.1  22.3  13.3 99.0 99.00
2018 08 30 07 50  41  5.1  6.3  0.67  5.88  4.14  17 1022.5  18.0  22.2  13.2 99.0 99.00
2018 08 30 08 50  31  5.5  6.8  0.71  5.56  4.06  37 1022.7  17.7  22.2  13.0 99.0 99.00
2018 08 30 09 50  49  5.4  6.6  0.69  5.00  4.03  24 1022.9  17.5  22.2  12.8 99.0 99.00
2018 08 30 10 50  47  5.9  7.2  0.71  5.26  3.98  27 1023.1  17.4  22.1  12.8 99.0 99.00
2018 08 30 11 50  39  5.9  8.1  0.73  5.26  3.89  39 1023.7  17.5  22.1  12.4 99.0 99.00
2018 08 30 12 50  44  6.7  9.0  0.73  4.76  3.67  36 1023.9  17.7  22.1  11.3 99.0 99.00
2018 08 30 13 50  54  6.3  7.7  0.75  4.35  3.59  36 1024.0  17.5  22.1  10.9 99.0 99.00
2018 08 30 14 50  61  5.7  7.2  0.63  4.00  3.42  37 1024.0  17.3  22.1  11.0 99.0 99.00
2018 08 30 15 50  66  4.3  6.2  0.56  3.70  3.34  22 1024.0  17.0  22.2  11.7 99.0 99.00
2018 08 30 16 50  55  3.5  5.2  0.47  5.56  3.31  23 1023.9  16.9  22.3  11.2 99.0 99.00
2018 08 30 17 50  44  2.5  3.6  0.43  5.88  3.33  29 1023.5  17.0  22.4  10.8 99.0 99.00
2018 08 30 18 50  29  2.5  3.7  0.40  5.88  3.30  31 1023.4  17.2  22.5  10.6 99.0 99.00
2018 08 30 19 50 357  2.7  3.6  0.30  5.88  3.42  28 1023.3  17.6  22.5  11.3 99.0 99.00
2018 08 30 20 50  22  3.8  5.1  0.30  5.88  3.75  20 1022.8  17.9  22.6  11.0 99.0 99.00
2018 08 30 21 50  10  2.2  3.3  0.28  5.88  4.00  24 1022.8  18.4  22.6   9.8 99.0 99.00
2018 08 30 22 50  23  3.0  4.2  0.29  5.88  4.12  17 1021.7  18.8  22.5   9.5 99.0 99.00
2018 08 30 23 50  29  2.8  4.0  0.29  5.56  4.06  22 1021.4  19.0  22.4  10.5 99.0 99.00
2018 08 31 00 50  62  3.4  4.8  0.30  5.26  3.99   9 1021.0  19.0  22.3  12.6 99.0 99.00
2018 08 31 01 50  67  4.4  5.7  0.30  5.00  3.84  14 1021.0  19.3  22.3  13.9 99.0 99.00
2018 08 31 02 50  88  4.0  4.8  0.31  4.76  3.50  15 1021.2  19.7  22.2  14.7 99.0 99.00
2018 08 31 03 50 104  4.9  6.1  0.33  4.17  3.41   9 1021.0  20.1  22.2  15.4 99.0 99.00
2018 08 31 04 50 116  5.6  6.8  0.32  2.74  3.03  80 1020.7  20.6  22.2  15.5 99.0 99.00
2018 08 31 05 50 130  6.5  7.7  0.37  3.03  2.93  80 1020.5  20.9  22.1  15.4 99.0 99.00
2018 08 31 06 50 141  6.4  7.7  0.40  3.33  3.03  96 1020.4  21.0  22.1  15.5 99.0 99.00
2018 08 31 07 50 154  6.0  7.1  0.47  3.13  3.05  97 1020.2  20.9  22.1  15.4 99.0 99.00
2018 08 31 08 50 155  5.2  6.3  0.47  3.23  3.07 107 1020.1  20.8  22.1  15.6 99.0 99.00
2018 08 31 09 50 163  4.3  5.2  0.46  3.23  3.03 107 1020.1  20.8  22.2  15.7 99.0 99.00
2018 08 31 10 50 153  4.6  5.3  0.46  3.33  3.11  86 1019.8  20.9  22.2  16.0 99.0 99.00
2018 08 31 11 50 137  6.0  7.2  0.43  3.33  2.96 112 1019.7  20.8  22.1  16.6 99.0 99.00
2018 08 31 12 50 151  6.3  7.3  0.44  3.13  2.83 108 1019.6  20.9  22.1  17.3 99.0 99.00
2018 08 31 13 50 164  7.1  8.2  0.44  3.03  2.84 129 1019.7  21.2  22.1  17.5 99.0 99.00
2018 08 31 14 50 184  5.8  6.7  0.46  3.13  2.89 131 1020.2  21.1  22.2  17.4 99.0 99.00
2018 08 31 15 50 176  5.6  7.0  0.55  3.23  3.08 125 1020.2  21.2  22.2  17.3 99.0 99.00
2018 08 31 16 50 170  5.6  6.5  0.52  3.57  3.22 126 1019.8  21.3  22.2  17.6 99.0 99.00
2018 08 31 17 50 152  5.6  6.5  0.49  3.33  3.11 145 1019.1  21.4  22.3  18.3 99.0 99.00
2018 08 31 18 50 133  6.1  7.1  0.43  3.70  3.02 135 1018.5  21.5  22.4  18.9 99.0 99.00
2018 08 31 19 50 140  6.1  7.1  0.39  3.57  3.13 136 1018.0  22.2  22.4  19.2 99.0 99.00
2018 08 31 20 50 126  5.1  6.1  0.42  3.45  3.13 143 1017.1  22.7  22.5  19.6 99.0 99.00
2018 08 31 21 50 111  4.7  5.4  0.35  3.45  3.11 151 1016.5  23.0  22.5  20.0 99.0 99.00
2018 08 31 22 50 109  4.3  4.9  0.31  3.70  3.19 177 1016.3  23.2  22.5  20.3 99.0 99.00
2018 08 31 23 50 108  4.4  5.0  0.27  3.85  3.05 185 1016.2  23.1  22.4  20.8 99.0 99.00
2018 09 01 00 50 116  4.8  5.5  0.25 99.00  3.00 999 1015.8  23.4  22.4  21.4 99.0 99.00
2018 09 01 01 50 132  6.1  7.2  0.26  2.94  2.80 158 1016.3  24.0  22.3  21.4 99.0 99.00
2018 09 01 02 50 140  7.3  8.7  0.36  3.33  2.86 168 1016.5  23.9  22.4  21.4 99.0 99.00
2018 09 01 03 50 173  7.5  8.9  0.57  3.23  3.19 156 1015.6  22.7  22.4  20.5 99.0 99.00
2018 09 01 04 50 149  8.8 10.8  0.59  3.57  3.18 167 1015.1  23.1  22.4  20.9 99.0 99.00
2018 09 01 05 50 149  4.8  6.1  0.72  3.85  3.47 168 1016.0  23.1  22.3  21.3 99.0 99.00
2018 09 01 06 50 180  6.9  8.3  0.60  3.57  3.27 148 1015.8  23.2  22.3  20.9 99.0 99.00
2018 09 01 07 50 175  7.3  8.7  0.76  4.00  3.45 164 1015.5  22.9  22.3  21.1 99.0 99.00
2018 09 01 08 50 179  8.0  9.3  0.84  4.55  3.58 167 1015.0  22.9  22.3  20.8 99.0 99.00
2018 09 01 09 50 180  8.1  9.7  0.82  4.35  3.52 160 1014.8  22.9  22.3  21.0 99.0 99.00
2018 09 01 10 50 180  8.7 11.0  0.79  4.17  3.41 156 1014.3  22.6  22.3  21.0 99.0 99.00
2018 09 01 11 50 180  9.3 11.0  0.86  4.00  3.47 163 1014.8  22.6  22.3  21.1 99.0 99.00
2018 09 01 12 50 188  9.9 11.6  1.00  4.17  3.81 162 1015.2  22.6  22.3  21.2 99.0 99.00
2018 09 01 13 50 208  8.8 10.4  1.04  4.55  3.89 155 1014.9  22.6  22.3  21.3 99.0 99.00
2018 09 01 14 50 210  8.9 10.4  0.96  4.35  4.01 162 1016.0  22.7  22.3  21.3 99.0 99.00
2018 09 01 15 50 185  6.5  7.9  0.95  5.00  4.16 161 1016.9  22.6  22.2  21.5 99.0 99.00
2018 09 01 16 50 187  6.0  7.7  0.82  5.26  4.22 146 1016.9  22.4  22.2  21.5 99.0 99.00
2018 09 01 17 50 191  6.1  7.6  0.83  5.26  4.20 149 1016.9  22.4  22.2  20.9 99.0 99.00
2018 09 01 18 50 142  5.9  6.9  0.66  5.00  4.05 171 1015.6  22.4  22.1  21.2 99.0 99.00
2018 09 01 19 50 145  5.0  5.7  0.64  5.00  3.82 166 1015.0  22.6  22.2  21.2 99.0 99.00
2018 09 01 20 50 153  4.3  5.2  0.61  4.76  3.73 172 1014.6  22.9  22.3  21.4 99.0 99.00
2018 09 01 21 50 173  2.9  3.5  0.48  4.17  3.36 154 1015.2  23.1  22.4  21.7 99.0 99.00
2018 09 01 22 50 167  5.3  6.1  0.44  3.85  3.33 169 1015.2  23.3  22.5  22.1 99.0 99.00
2018 09 01 23 50 171  1.8  2.3  0.36  3.57  3.01 169 1015.2  23.4  22.5  22.0 99.0 99.00
2018 09 02 00 50 177  2.3  2.6  0.28  3.13  2.92 180 1015.0  24.3  22.4  21.4 99.0 99.00
2018 09 02 01 50 145  5.2  5.6  0.24 99.00  2.81 999 1015.5  23.5  22.4  21.9 99.0 99.00
2018 09 02 02 50 174  9.3 11.8  0.18 99.00  2.68 999 1015.6  23.5  22.4  21.2 99.0 99.00
2018 09 02 03 50 152  5.2  6.5  0.31  2.86  2.63 159 1015.6  22.9  22.3  21.2 99.0 99.00
2018 09 02 04 50 221  7.8 13.5  0.34  3.33  2.82 161 1016.6  23.5  22.4  22.4 99.0 99.00
2018 09 02 05 50 170  5.1  5.8  0.36  3.13  2.90 158 1016.0  22.9  22.4  21.6 99.0 99.00
2018 09 02 06 50 127  4.2  4.9  0.26  3.03  2.95 165 1015.7  22.7  22.4  21.5 99.0 99.00
2018 09 02 07 50 164  3.6  4.6  0.19 99.00  2.72 999 1016.4  23.2  22.3  21.8 99.0 99.00
2018 09 02 08 50 280  8.8 11.4  0.37  2.60  2.49 209 1017.6  21.6  22.3  20.3 99.0 99.00
2018 09 02 10 50 254  0.9  1.3  0.42  3.45  3.07 260 1017.3  22.0  22.2  19.7 99.0 99.00
2018 09 02 11 50 134  3.6  4.3  0.37  3.57  3.27 271 1018.5  22.2  22.0  20.2 99.0 99.00
2018 09 02 12 50 146  4.5  5.4  0.29  3.85  3.37 230 1018.6  22.4  22.0  20.3 99.0 99.00
2018 09 02 13 50 156  7.8  9.6  0.30  3.70  2.92 223 1018.2  22.5  22.2  20.7 99.0 99.00
2018 09 02 14 50 159  7.5  9.3  0.47  3.03  2.96 162 1018.2  22.6  22.3  20.5 99.0 99.00
2018 09 02 15 50 169  6.0  7.0  0.56  3.33  3.09 150 1018.1  22.8  22.4  20.8 99.0 99.00
2018 09 02 16 50 171  7.3  8.7  0.54  3.23  3.06 157 1017.5  23.2  22.5  21.6 99.0 99.00
2018 09 02 17 50 181  6.9  7.9  0.53  3.45  3.05 159 1017.5  23.5  22.5  21.8 99.0 99.00
2018 09 02 18 50 160  4.9  5.6  0.48  3.13  2.89 160 1017.1  23.5  22.6  21.9 99.0 99.00
2018 09 02 19 50 169  6.5  7.2  0.39  3.03  2.79 153 1016.5  24.2  22.7  22.1 99.0 99.00
2018 09 02 20 50 168  5.8  6.3  0.42  3.03  2.84 150 1015.9  24.5  22.8  22.1 99.0 99.00
2018 09 02 21 50 172  6.6  7.3  0.36  3.03  2.84 154 1015.2  25.0  22.8  22.0 99.0 99.00
2018 09 02 22 50 173  6.5  7.3  0.37  3.03  2.79 153 1015.3  24.8  22.8  21.8 99.0 99.00
2018 09 02 23 50 188  5.7  6.4  0.36  3.13  2.85 153 1015.7  24.6  22.7  21.8 99.0 99.00
2018 09 03 00 50 203  6.6 11.9  0.37  3.03  2.87 152 1015.9  24.8  22.6  21.5 99.0 99.00
2018 09 03 01 50 322 11.6 15.9  0.36  3.33  2.88 142 1017.5  23.7  22.6  21.0 99.0 99.00
2018 09 03 02 50 306  5.9  6.9  0.57  2.74  2.85 291 1018.9  22.2  22.5  20.3 99.0 99.00
2018 09 03 03 50 290  2.7  3.7  0.49  3.45  3.04 274 1019.5  22.3  22.4  20.4 99.0 99.00
2018 09 03 04 50 154  1.9  2.5  0.41  3.23  3.06 307 1019.1  22.3  22.3  20.6 99.0 99.00
2018 09 03 05 50 174  4.4  5.5  0.37  3.57  3.12 199 1019.6  22.4  22.2  21.0 99.0 99.00
2018 09 03 06 50 265  7.3 10.4  0.38  3.33  3.09 228 1020.1  21.0  22.3  19.9 99.0 99.00
2018 09 03 07 50 230  8.0 10.2  0.40  3.45  3.20 198 1020.6  21.1  22.4  20.0 99.0 99.00
2018 09 03 08 50 186  3.7  4.4  0.48  3.70  3.43 223 1020.0  21.3  22.4  19.5 99.0 99.00
2018 09 03 09 50 199  6.0  7.2  0.54  4.35  3.62 222 1020.1  21.7  22.4  20.6 99.0 99.00
2018 09 03 10 50 234  6.2  7.3  0.52  4.17  3.37 208 1020.1  22.4  22.4  20.3 99.0 99.00
2018 09 03 11 50 222  6.8  8.5  0.55  3.85  3.26 204 1021.0  22.1  22.4  20.8 99.0 99.00
2018 09 03 12 50 209  6.3  7.3  0.49  3.45  3.05 196 1021.4  22.2  22.4  20.9 99.0 99.00
2018 09 03 13 50 215  5.8  6.8  0.46  3.33  2.92 193 1021.9  22.5  22.4  21.6 99.0 99.00
2018 09 03 14 50 205  6.3  7.2  0.42  3.23  2.76 202 1022.5  22.5  22.5  21.4 99.0 99.00
2018 09 03 15 50 220  5.9  6.8  0.38  3.13  2.84 188 1023.1  22.3  22.5  21.2 99.0 99.00
2018 09 03 16 50 218  2.5  3.9  0.32  2.94  2.70 197 1023.1  22.1  22.5  21.0 99.0 99.00
2018 09 03 17 50 232  3.2  4.0  0.26  2.74  2.70 196 1023.1  22.3  22.5  20.9 99.0 99.00
2018 09 03 18 50  14  3.5  4.2  0.19 99.00  2.75 999 1021.9  22.6  22.6  21.0 99.0 99.00
2018 09 03 19 50 359  3.5  4.1  0.14 99.00  2.87 999 1022.4  22.2  22.6  21.1 99.0 99.00
2018 09 03 20 50  53  2.1  2.4  0.13 99.00  2.96 999 1022.1  22.1  22.5  21.2 99.0 99.00
2018 09 03 21 50  76  4.1  4.9  0.12 99.00  3.13 999 1022.2  22.3  22.5  21.4 99.0 99.00
2018 09 03 22 50  85  4.1  4.9  0.09 99.00  3.03 999 1021.9  22.2  22.4  21.4 99.0 99.00
2018 09 03 23 50  89  2.3  3.1  0.10 99.00  2.73 999 1022.2  22.3  22.3  21.6 99.0 99.00
2018 09 04 00 50  99  3.7  4.4  0.11 99.00  2.73 999 1022.0  22.5  22.3  21.6 99.0 99.00
2018 09 04 01 50 117  4.3  4.9  0.09 99.00  2.74 999 1022.1  22.8  22.4  21.8 99.0 99.00
2018 09 04 02 50 116  3.8  4.9  0.09 99.00  2.62 999 1022.0  22.7  22.4  21.9 99.0 99.00
2018 09 04 03 50 111  4.2  4.8  0.07 99.00  2.78 999 1021.5  22.8  22.4  22.1 99.0 99.00
2018 09 04 04 50 137  5.0  5.6  0.10 99.00  2.53 999 1021.8  22.9  22.4  22.0 99.0 99.00
2018 09 04 05 50 155  6.1  7.1  0.19 99.00  2.38 999 1021.4  23.0  22.5  22.0 99.0 99.00
2018 09 04 06 50 164  5.9  6.8  0.30  2.47  2.50 116 1021.2  23.2  22.5  21.5 99.0 99.00
2018 09 04 07 50 173  6.3  7.2  0.32  2.86  2.65 121 1021.0  23.1  22.6  21.6 99.0 99.00
2018 09 04 08 50 172  7.4  8.8  0.46  3.13  2.91 132 1020.9  23.2  22.6  21.2 99.0 99.00
2018 09 04 09 50 175  7.1  8.5  0.59  3.85  3.32 132 1021.2  23.0  22.6  21.5 99.0 99.00
2018 09 04 10 50 179  6.3  7.5  0.60  4.17  3.45 125 1021.5  23.1  22.6  21.6 99.0 99.00
2018 09 04 11 50 181  5.9  6.9  0.66  4.17  3.63 140 1021.6  23.0  22.5  21.6 99.0 99.00
2018 09 04 12 50 183  4.9  5.9  0.58  4.17  3.60 141 1021.6  23.1  22.5  21.8 99.0 99.00
2018 09 04 13 50 172  5.3  6.3  0.48  4.17  3.52 143 1021.9  23.2  22.5  21.8 99.0 99.00
2018 09 04 14 50 177  5.4  6.3  0.46  4.17  3.39 138 1022.1  23.2  22.5  21.7 99.0 99.00
2018 09 04 15 50 176  4.8  5.6  0.44  4.17  3.38 151 1022.3  23.3  22.6  21.7 99.0 99.00
2018 09 04 16 50 176  4.6  5.1  0.40  3.85  3.30 145 1022.1  23.4  22.7  21.9 99.0 99.00
2018 09 04 17 50 172  4.2  4.9  0.36  3.70  3.17 152 1021.8  23.5  22.8  22.0 99.0 99.00
2018 09 04 18 50 159  4.7  5.5  0.33  3.57  3.11 155 1021.4  23.8  23.0  22.2 99.0 99.00
2018 09 04 19 50 151  4.5  5.1  0.32  3.45  3.02 163 1020.6  24.2  23.1  22.3 99.0 99.00
2018 09 04 20 50 137  4.2  4.7  0.27  3.03  2.85 162 1019.9  24.7  23.2  22.4 99.0 99.00
2018 09 04 21 50 136  3.9  4.3  0.22 99.00  2.70 999 1019.4  24.9  23.3  22.5 99.0 99.00
2018 09 04 22 50 129  4.5  5.2  0.18 99.00  2.64 999 1018.9  25.1  23.3  22.5 99.0 99.00
2018 09 04 23 50 134  4.9  5.4  0.16 99.00  2.62 999 1018.4  25.4  23.3  22.2 99.0 99.00
2018 09 05 00 50 122  5.1  5.6  0.13 99.00  2.53 999 1018.4  25.1  23.2  22.4 99.0 99.00
2018 09 05 01 50 123  5.5  6.2  0.12 99.00  2.62 999 1018.6  25.3  23.3  22.2 99.0 99.00
2018 09 05 02 50 143  5.6  6.6  0.16 99.00  2.38 999 1018.6  25.1  23.2  22.8 99.0 99.00
2018 09 05 03 50 164  7.0  7.9  0.23 99.00  2.42 999 1018.2  25.3  23.2  22.0 99.0 99.00
2018 09 05 04 50 175  7.2  8.2  0.31  2.94  2.67 135 1018.1  25.2  23.1  21.7 99.0 99.00
2018 09 05 05 50 177  7.6  8.6  0.48  3.23  2.96 151 1017.9  24.9  23.0  21.6 99.0 99.00
2018 09 05 06 50 184  6.4  7.5  0.51  3.57  3.21 153 1017.9  24.4  22.9  21.7 99.0 99.00
2018 09 05 07 50 190  6.7  8.0  0.53  3.57  3.26 142 1017.7  24.2  22.9  21.7 99.0 99.00
2018 09 05 08 50 180  6.7  7.8  0.58  3.85  3.40 144 1017.5  24.0  22.8  21.8 99.0 99.00
2018 09 05 09 50 179  7.4  9.0  0.60  3.85  3.50 155 1017.2  24.1  22.8  21.6 99.0 99.00
2018 09 05 10 50 184  7.0  8.1  0.63  3.85  3.56 154 1017.7  23.9  22.7  21.6 99.0 99.00
2018 09 05 11 50 186  7.6  9.1  0.68  4.17  3.60 160 1017.7  23.9  22.7  21.7 99.0 99.00
2018 09 05 12 50 185  8.1  9.6  0.65  4.17  3.49 163 1017.8  24.1  22.6  21.6 99.0 99.00
2018 09 05 13 50 190  8.3 10.0  0.71  4.17  3.56 163 1017.7  24.0  22.6  21.6 99.0 99.00
2018 09 05 14 50 188  8.1  9.7  0.77  4.00  3.55 162 1017.9  23.9  22.7  21.6 99.0 99.00
2018 09 05 15 50 187  7.3  8.7  0.78  4.17  3.57 158 1018.0  24.0  22.7  21.7 99.0 99.00
2018 09 05 16 50 184  7.1  8.0  0.74  4.17  3.45 159 1017.9  24.0  22.8  21.8 99.0 99.00
2018 09 05 17 50 182  6.2  7.1  0.62  3.70  3.31 160 1017.7  24.2  22.9  21.9 99.0 99.00
2018 09 05 18 50 177  5.9  6.7  0.57  3.70  3.23 162 1017.4  24.3  23.0  22.2 99.0 99.00
2018 09 05 19 50 180  4.9  5.8  0.46  4.00  3.22 161 1017.2  24.6  23.2  22.3 99.0 99.00
2018 09 05 20 50 320  7.2  9.4  0.38  3.57  2.93 184 1018.6  22.3  23.1  21.5 99.0 99.00
2018 09 05 21 50   2  6.3  7.4  0.38  2.60  2.79 330 1018.7  22.0  23.0  21.3 99.0 99.00
2018 09 05 22 50   9  6.5  7.5  0.46  3.45  3.00 354 1019.0  22.1  22.9  21.1 99.0 99.00
2018 09 05 23 50  12  8.1  9.9  0.56  3.13  2.94  16 1019.5  21.8  22.9  20.3 99.0 99.00
2018 09 06 00 50  15  7.7  8.9  0.73  3.45  3.18  23 1020.7  21.5  22.9  19.8 99.0 99.00
2018 09 06 01 50  16  9.1 10.7  0.88  4.00  3.47  26 1021.1  21.5  22.8  19.7 99.0 99.00
2018 09 06 02 50  22 10.3 11.7  1.08  4.17  3.71  30 1021.2  21.5  22.8  18.5 99.0 99.00
2018 09 06 03 50  18  8.8 10.0  1.04  4.76  3.83  34 1022.4  21.2  22.7  19.2 99.0 99.00
2018 09 06 04 50  21  8.6  9.9  0.96  5.26  3.85  37 1022.6  21.3  22.6  19.2 99.0 99.00
2018 09 06 05 50  26  8.1  9.4  0.90  5.00  3.75  30 1023.0  21.0  22.6  19.0 99.0 99.00
2018 09 06 06 50  26  8.1  9.1  0.86  5.26  3.82  29 1023.1  20.7  22.5  19.1 99.0 99.00
2018 09 06 07 50  20  8.1  9.7  0.87  4.76  3.98  30 1023.0  20.6  22.5  18.9 99.0 99.00
2018 09 06 08 50  20  9.6 11.0  0.99  5.26  4.20  25 1023.2  20.1  22.6  18.6 99.0 99.00
2018 09 06 09 50  21  8.8 10.3  1.19  5.88  4.59  29 1023.9  19.4  22.6  17.5 99.0 99.00
2018 09 06 10 50  32  9.0 10.8  1.23  6.25  4.84  19 1024.4  19.1  22.6  17.3 99.0 99.00
2018 09 06 11 50  37  9.7 11.3  1.36  5.88  4.87  21 1024.7  19.1  22.6  16.8 99.0 99.00
2018 09 06 12 50  45  8.7 11.3  1.46  6.67  5.20  25 1025.4  19.2  22.5  14.9 99.0 99.00
2018 09 06 13 50  42  8.5 10.5  1.59  6.25  5.09  29 1025.7  19.0  22.4  14.8 99.0 99.00
2018 09 06 14 50  46  8.2  9.9  1.40  5.88  4.87  34 1026.6  18.9  22.4  13.7 99.0 99.00
2018 09 06 15 50  42  8.4 10.1  1.33  6.25  4.57  23 1026.9  19.1  22.3  12.9 99.0 99.00
2018 09 06 16 50  40  8.0  9.6  1.23  5.26  4.50  34 1026.5  19.1  22.3  13.3 99.0 99.00
2018 09 06 17 50  34  7.7  8.8  1.14  5.56  4.22  34 1026.3  19.1  22.2  13.8 99.0 99.00
2018 09 06 18 50  26  8.0  9.3  1.03  4.55  3.98  43 1025.9  19.3  22.2  13.7 99.0 99.00
2018 09 06 19 50  21  8.3 10.4  1.02  4.17  3.82  37 1025.8  19.4  22.2  13.4 99.0 99.00
2018 09 06 20 50  24  7.6  9.1  0.96  5.56  3.77  27 1025.3  19.5  22.3  13.5 99.0 99.00
2018 09 06 21 50  30  8.6  9.8  0.90  4.35  3.76  36 1024.5  19.7  22.4  13.2 99.0 99.00
2018 09 06 22 50  25  7.9  9.3  0.92  5.56  3.87  31 1024.6  19.9  22.4  13.3 99.0 99.00
2018 09 06 23 50  30  7.0  8.2  0.86  4.35  3.82  30 1024.7  20.2  22.4  13.3 99.0 99.00
2018 09 07 00 50  30  6.8  8.1  0.83  4.76  3.98  19 1024.7  20.2  22.4  14.5 99.0 99.00
2018 09 07 01 50  47  6.4  7.7  0.78  5.26  3.96  17 1025.1  20.6  22.4  13.7 99.0 99.00
2018 09 07 02 50  54  6.2  7.6  0.79  5.00  4.14  13 1025.0  20.6  22.4  13.9 99.0 99.00
2018 09 07 03 50  61  6.3  7.1  0.76  5.56  4.13  13 1024.6  20.6  22.3  15.1 99.0 99.00
2018 09 07 04 50  72  6.0  7.3  0.84  5.88  4.23   6 1024.8  20.4  22.4  15.6 99.0 99.00
2018 09 07 05 50  67  5.6  6.8  0.86  5.26  4.27  11 1024.6  20.3  22.4  15.9 99.0 99.00
2018 09 07 06 50  69  5.8  6.7  0.88  5.88  4.26  11 1024.5  20.2  22.3  16.0 99.0 99.00
2018 09 07 07 50  68  6.1  7.2  0.85  5.26  4.21   5 1024.7  20.0  22.1  15.9 99.0 99.00
2018 09 07 08 50  61  7.1  8.2  0.81  5.26  3.99  21 1024.6  19.8  22.0  16.2 99.0 99.00
2018 09 07 09 50  63  6.7  7.8  0.79  3.70  3.80  89 1024.7  19.2  22.0  15.6 99.0 99.00
2018 09 07 10 50  65  7.2  8.6  0.79  3.85  3.72  77 1024.3  19.2  22.0  14.1 99.0 99.00
2018 09 07 11 50  61  8.7 10.1  0.86  4.00  3.71  81 1024.2  19.2  22.0  14.4 99.0 99.00
2018 09 07 12 50  71  9.1 10.8  1.03  4.00  3.72  80 1024.8  19.3  22.1  13.7 99.0 99.00
2018 09 07 13 50  73  9.6 11.0  1.00  4.35  3.70  73 1024.6  19.1  22.1  13.6 99.0 99.00
2018 09 07 14 50  67  8.9 10.8  0.97  4.17  3.59  78 1025.2  19.0  22.0  14.0 99.0 99.00
2018 09 07 15 50  62  8.2 10.0  1.02  4.35  3.74  81 1025.3  19.1  22.0  13.1 99.0 99.00
2018 09 07 16 50  47  8.3  9.5  0.90  4.00  3.55  86 1025.2  19.5  22.1  12.6 99.0 99.00
2018 09 07 17 50  44  8.3  9.6  0.77  3.85  3.49  85 1024.7  19.7  22.2  12.6 99.0 99.00
2018 09 07 18 50  39  8.4 10.5  0.76  4.17  3.50  80 1024.3  19.6  22.2  12.2 99.0 99.00
2018 09 07 19 50  40  7.5  9.0  0.75  3.85  3.51  80 1024.2  19.3  22.2  13.5 99.0 99.00
2018 09 07 20 50  33  8.5 10.3  0.78  4.00  3.59  68 1024.1  19.2  22.1  13.5 99.0 99.00
2018 09 07 21 50  41  8.8 10.7  0.82  4.17  3.75  60 1023.7  19.4  21.9  12.5 99.0 99.00
2018 09 07 22 50  47  8.5 10.3  0.95  4.76  4.10  59 1023.6  19.5  22.0  12.4 99.0 99.00
2018 09 07 23 50  49  8.5 10.4  1.14  5.00  4.29  53 1023.5  19.8  22.1  11.7 99.0 99.00
2018 09 08 00 50  52  8.6 10.0  1.15  5.26  4.34  47 1023.7  20.1  22.1  11.7 99.0 99.00
2018 09 08 01 50  60  9.9 11.9  1.10  4.76  4.18  49 1023.7  20.1  22.0   7.7 99.0 99.00
2018 09 08 02 50  65  8.9 10.6  1.17  4.55  4.20  63 1024.1  20.0  21.8   9.6 99.0 99.00
2018 09 08 03 50  63  8.5 10.1  1.10  4.55  4.09  61 1024.2  19.8  21.7  10.9 99.0 99.00
2018 09 08 04 50  68  9.0 10.4  1.11  4.35  3.92  67 1024.4  19.6  21.6  11.5 99.0 99.00
2018 09 08 05 50  68  9.1 10.7  1.10  5.00  3.95  21 1024.2  19.2  21.6  12.9 99.0 99.00
2018 09 08 06 50  64  9.9 11.9  1.17  4.35  4.05  42 1023.8  19.0  21.5  13.0 99.0 99.00
2018 09 08 07 50  62 10.0 12.2  1.34  4.17  4.16  75 1023.6  19.4  21.5   9.3 99.0 99.00
2018 09 08 08 50  59 11.2 13.3  1.31  4.17  4.04  81 1023.1  19.1  21.5  10.1 99.0 99.00
2018 09 08 09 50  58 10.3 12.1  1.36  4.17  4.08  80 1022.7  18.9  21.6  11.3 99.0 99.00
2018 09 08 10 50  53 10.4 12.2  1.28  4.76  4.07  63 1022.4  18.6  21.6  11.5 99.0 99.00
2018 09 08 11 50  57  9.8 11.3  1.19  4.55  4.07  71 1022.6  18.4  21.7  12.9 99.0 99.00
2018 09 08 12 50  60 10.0 12.3  1.30  4.76  4.22  61 1022.8  18.5  21.8  13.3 99.0 99.00
2018 09 08 13 50  62 10.1 11.9  1.27  5.56  4.31  22 1022.6  18.3  21.8  13.7 99.0 99.00
2018 09 08 14 50  64 10.2 12.6  1.28  5.26  4.32  32 1022.6  18.5  21.7  14.1 99.0 99.00
2018 09 08 15 50  65 11.1 13.3  1.25  4.76  4.31  63 1022.4  18.5  21.7  14.3 99.0 99.00
2018 09 08 16 50  68 10.0 12.2  1.31  5.00  4.40  61 1022.5  18.8  21.7  13.7 99.0 99.00
2018 09 08 17 50  63  9.9 11.8  1.35  4.76  4.45  74 1022.2  19.4  21.7  12.9 99.0 99.00
2018 09 08 18 50  62 10.4 13.2  1.37  5.56  4.55  53 1021.7  19.6  21.7  12.4 99.0 99.00
2018 09 08 19 50  58 11.0 13.1  1.58  5.26  4.65  61 1021.2  19.9  21.8  12.0 99.0 99.00
2018 09 08 20 50  62 10.3 12.1  1.50  5.56  4.58  53 1021.3  20.0  21.8  12.0 99.0 99.00
2018 09 08 21 50  61  9.9 11.9  1.43  5.26  4.50  69 1020.9  20.0  21.8  12.3 99.0 99.00
2018 09 08 22 50  60 10.1 12.9  1.38  5.00  4.40  57 1020.6  19.9  21.7  12.9 99.0 99.00
2018 09 08 23 50  63 10.8 12.9  1.45  5.00  4.31  78 1020.5  19.5  21.6  12.3 99.0 99.00
2018 09 09 00 50  65 10.9 13.1  1.40  5.00  4.29  71 1020.7  18.9  21.6  12.6 99.0 99.00
2018 09 09 01 50  64 11.6 13.6  1.43  5.00  4.24  78 1020.9  18.3  21.5  12.6 99.0 99.00
2018 09 09 02 50  66 11.3 14.0  1.46  5.26  4.27  66 1021.2  17.7  21.4  12.1 99.0 99.00
2018 09 09 03 50  64 11.5 13.5  1.52  5.26  4.33  62 1021.2  17.0  21.4  11.2 99.0 99.00
2018 09 09 04 50  65 12.1 14.0  1.71  5.56  4.52  65 1020.8  16.7  21.4  10.9 99.0 99.00
2018 09 09 05 50  69 11.9 14.3  1.61  5.56  4.52  61 1020.5  16.4  21.5  10.5 99.0 99.00
2018 09 09 06 50  71 11.7 14.4  1.88  5.56  4.78  68 1019.9  16.4  21.5  10.5 99.0 99.00
2018 09 09 07 50  73 11.0 14.0  1.57  5.88  4.57  52 1019.5  16.3  21.5  10.6 99.0 99.00
2018 09 09 08 50  72 11.2 13.6  1.66  5.56  4.67  66 1019.0  16.2  21.5   9.6 99.0 99.00
2018 09 09 09 50  75 10.9 13.1  1.62  5.88  4.74  56 1018.8  16.2  21.5   8.3 99.0 99.00
2018 09 09 10 50  65 10.4 12.6  1.49  5.88  4.63  51 1018.7  16.0  21.4   7.9 99.0 99.00
2018 09 09 11 50  63  9.1 11.6  1.47  5.56  4.68  48 1019.1  15.9  21.4   9.6 99.0 99.00
2018 09 09 12 50  64 10.2 12.1  1.38  5.26  4.65  67 1019.2  15.9  21.3  11.5 99.0 99.00
2018 09 09 13 50  65  9.2 11.3  1.42  5.26  4.60  78 1019.5  16.0  21.3  11.4 99.0 99.00
2018 09 09 14 50  63  8.7 11.3  1.47  5.56  4.62  65 1019.6  16.3  21.3  11.6 99.0 99.00
2018 09 09 15 50  62  8.9 11.0  1.34  5.26  4.63  71 1019.3  16.5  21.3  11.3 99.0 99.00
2018 09 09 16 50  56  8.1 10.4  1.23  5.56  4.36  67 1019.2  16.7  21.2  11.5 99.0 99.00
2018 09 09 17 50  50  8.5 10.7  1.22  5.00  4.32  72 1018.8  17.1  21.2  11.0 99.0 99.00
2018 09 09 18 50  46  9.7 11.7  1.20  4.76  4.11  72 1018.2  17.8  21.2   9.6 99.0 99.00
2018 09 09 19 50  47 10.3 13.0  1.17  5.00  4.08  65 1017.4  18.6  21.2   9.2 99.0 99.00
2018 09 09 20 50  51 11.0 12.8  1.11  4.76  3.95  73 1016.8  18.6  21.2   9.9 99.0 99.00
2018 09 09 21 50  44 10.1 12.6  1.18  5.00  3.93  81 1016.7  18.9  21.2  10.6 99.0 99.00
2018 09 09 22 50  62  8.8 10.3  1.25  4.76  4.05  70 1016.9  19.1  21.3  10.1 99.0 99.00
2018 09 09 23 50  70 10.1 11.3  1.13  4.55  3.88  69 1016.9  18.6  21.3  10.1 99.0 99.00
2018 09 10 00 50  58  8.9 10.7  1.13  4.76  4.04  68 1016.9  18.4  21.3  11.0 99.0 99.00
2018 09 10 01 50  61  8.9 10.8  1.11  5.00  4.05  57 1017.6  18.0  21.2  10.8 99.0 99.00
2018 09 10 02 50  59 10.4 12.3  1.15  5.00  4.18  70 1017.0  17.7  21.2  11.7 99.0 99.00
2018 09 10 03 50  64  9.0 11.2  1.23  5.26  4.20  60 1017.0  17.3  21.2  11.8 99.0 99.00
2018 09 10 04 50  64  8.8 10.8  1.17  5.00  4.26  68 1016.5  16.9  21.2  12.1 99.0 99.00
2018 09 10 05 50  59  9.3 11.1  1.13  5.26  4.31  70 1015.8  16.7  21.1  12.4 99.0 99.00
2018 09 10 06 50  59  6.8  8.7  1.12  5.26  4.33  57 1015.8  16.6  21.1  12.5 99.0 99.00
2018 09 10 07 50  54  5.7  7.4  1.10  5.26  4.43  59 1015.9  16.6  21.0  12.8 99.0 99.00
2018 09 10 08 50  43  6.6  8.1  0.89  4.76  4.21  56 1015.7  16.6  21.0  12.8 99.0 99.00
2018 09 10 09 50  41  7.4  8.8  0.99  4.76  4.22  69 1015.7  16.7  21.0  13.1 99.0 99.00
2018 09 10 10 50  42  6.1  7.3  0.83  4.76  3.88  74 1016.1  16.7  21.0  13.2 99.0 99.00
2018 09 10 11 50  44  6.9  8.3  0.79  4.17  3.76  68 1015.9  16.7  20.9  13.3 99.0 99.00
2018 09 10 12 50  29  6.2  8.2  0.81  4.76  3.75  56 1016.5  17.1  20.9  13.8 99.0 99.00
2018 09 10 13 50  45  7.7  9.1  0.71  4.35  3.52  63 1016.2  16.9  20.9  14.0 99.0 99.00
2018 09 10 14 50  36  6.1  7.3  0.68  4.35  3.48  52 1016.6  16.9  20.9  14.0 99.0 99.00
2018 09 10 15 50  17  5.5  6.8  0.62  4.17  3.37  59 1016.7  16.9  21.0  14.2 99.0 99.00
2018 09 10 16 50   9  6.3  7.6  0.61  4.35  3.43  48 1016.5  17.2  21.0  14.2 99.0 99.00
2018 09 10 17 50 352  6.2  7.5  0.56  4.35  3.46  53 1016.6  17.8  21.1  14.3 99.0 99.00
2018 09 10 18 50   4  6.1  7.8  0.61  3.57  3.37  51 1016.5  18.0  21.2  14.8 99.0 99.00
2018 09 10 19 50 356  6.5  8.1  0.57  3.45  3.44  52 1016.3  18.5  21.2  14.9 99.0 99.00
2018 09 10 20 50 351  6.4  8.0  0.63  4.00  3.58  36 1016.3  18.6  21.2  15.1 99.0 99.00
2018 09 10 21 50 345  6.1  7.6  0.73  4.35  3.81  31 1016.2  18.7  21.2  15.3 99.0 99.00
2018 09 10 22 50 352  5.2  6.3  0.72  4.55  3.81  39 1016.3  18.9  21.2  15.1 99.0 99.00
2018 09 10 23 50 353  4.9  6.3  0.68  4.55  3.85  38 1016.4  18.8  21.1  14.7 99.0 99.00
2018 09 11 00 50   1  3.6  4.4  0.71  4.76  3.91  45 1016.8  18.9  21.1  14.5 99.0 99.00
2018 09 11 01 50 358  2.9  3.5  0.71  4.76  3.91  41 1017.5  18.9  21.0  14.8 99.0 99.00
2018 09 11 02 50  12  1.9  2.8  0.67  4.76  3.92  43 1018.1  19.0  21.0  14.6 99.0 99.00
2018 09 11 03 50  21  1.0  1.6  0.58  4.35  3.74  39 1018.5  19.1  21.0  14.5 99.0 99.00
2018 09 11 04 50  59  0.7  0.9  0.51  4.55  3.68  36 1018.8  19.1  21.0  14.2 99.0 99.00
2018 09 11 05 50 155  0.8  1.4  0.43  4.35  3.67  40 1019.0  19.1  21.0  14.4 99.0 99.00
2018 09 11 06 50 185  1.8  2.4  0.40  4.17  3.63 347 1019.2  19.3  21.0  14.7 99.0 99.00
2018 09 11 07 50 200  3.1  4.0  0.33  4.17  3.62 334 1019.4  19.4  21.0  15.2 99.0 99.00
2018 09 11 08 50 224  2.5  2.9  0.28  4.17  3.59 336 1019.5  19.4  21.0  15.5 99.0 99.00
2018 09 11 09 50 226  2.5  3.0  0.27  4.00  3.72 333 1019.6  19.3  21.0  15.8 99.0 99.00
2018 09 11 10 50 238  3.2  4.0  0.22 99.00  3.59 999 1020.1  19.3  21.0  16.2 99.0 99.00
2018 09 11 11 50 253  3.4  4.0  0.22 99.00  3.58 999 1020.4  19.3  21.0  15.9 99.0 99.00
2018 09 11 12 50 220  3.1  4.1  0.21 99.00  3.27 999 1021.0  19.3  21.0  15.9 99.0 99.00
2018 09 11 13 50 218  3.1  4.1  0.19 99.00  3.16 999 1021.2  19.4  21.1  16.1 99.0 99.00
2018 09 11 14 50 206  3.7  4.7  0.18 99.00  3.02 999 1021.6  19.2  21.1  15.7 99.0 99.00
2018 09 11 15 50 220  3.2  4.2  0.21 99.00  2.87 999 1022.0  19.2  21.2  15.9 99.0 99.00
2018 09 11 16 50 194  3.3  4.4  0.19 99.00  2.73 999 1022.2  19.3  21.3  16.0 99.0 99.00
2018 09 11 17 50 183  4.1  5.1  0.18 99.00  2.57 999 1022.1  19.4  21.4  16.0 99.0 99.00
2018 09 11 18 50 177  3.9  4.6  0.22 99.00  2.60 999 1021.8  19.3  21.4  16.3 99.0 99.00
2018 09 11 19 50 151  4.3  5.3  0.22 99.00  2.62 999 1021.3  19.4  21.5  16.1 99.0 99.00
2018 09 11 20 50 156  3.7  4.4  0.22 99.00  2.66 999 1020.9  19.7  21.5  15.5 99.0 99.00
2018 09 11 21 50 135  3.7  4.5  0.19 99.00  2.75 999 1020.6  20.1  21.5  15.5 99.0 99.00
2018 09 11 22 50 134  3.4  4.1  0.15 99.00  2.77 999 1020.1  20.6  21.4  15.4 99.0 99.00
2018 09 11 23 50 132  4.7  5.4  0.15 99.00  2.73 999 1019.7  20.8  21.4  16.5 99.0 99.00
2018 09 12 00 50 131  4.5  5.3  0.15 99.00  2.68 999 1019.7  21.1  21.4  17.2 99.0 99.00
2018 09 12 01 50 122  5.4  6.1  0.17 99.00  2.66 999 1019.9  21.0  21.3  17.4 99.0 99.00
2018 09 12 02 50 127  5.8  6.7  0.21 99.00  2.47 999 1019.9  20.9  21.3  17.6 99.0 99.00
2018 09 12 03 50 130  6.2  7.1  0.29  2.47  2.53 153 1020.0  21.0  21.3  17.3 99.0 99.00
2018 09 12 04 50 137  6.2  7.5  0.35  2.74  2.64 143 1020.1  21.1  21.2  17.6 99.0 99.00
2018 09 12 05 50 161  7.5  9.0  0.40  2.86  2.73 129 1020.4  21.2  21.2  16.6 99.0 99.00
2018 09 12 06 50 164  7.1  8.6  0.48  3.03  2.79 133 1021.0  20.9  21.1  16.8 99.0 99.00
2018 09 12 07 50 165  7.4  8.3  0.53  3.33  3.00 146 1021.2  20.6  21.1  16.5 99.0 99.00
2018 09 12 08 50 173  7.5  8.5  0.60  3.45  3.06 135 1021.4  20.4  21.1  16.3 99.0 99.00
2018 09 12 09 50 182  7.7  8.6  0.60  3.70  3.12 140 1021.8  20.0  21.0  16.5 99.0 99.00
2018 09 12 10 50 184  6.8  7.8  0.63  3.70  3.24 144 1022.1  20.0  21.0  16.4 99.0 99.00
2018 09 12 11 50 173  6.8  7.7  0.61  3.70  3.29 160 1022.4  19.7  21.0  16.0 99.0 99.00
2018 09 12 12 50 174  6.4  7.2  0.55  3.70  3.27 150 1022.7  20.0  21.0  16.1 99.0 99.00
2018 09 12 13 50 163  6.2  6.9  0.53  4.00  3.42 154 1022.7  20.0  21.0  16.1 99.0 99.00
2018 09 12 14 50 165  6.3  7.3  0.50  3.45  3.38 160 1023.2  20.1  21.0  16.0 99.0 99.00
2018 09 12 15 50 159  6.0  6.9  0.51  4.00  3.44 169 1023.3  20.1  21.1  15.6 99.0 99.00
2018 09 12 16 50 160  6.0  7.0  0.46  4.00  3.32 171 1023.2  20.3  21.1  15.2 99.0 99.00
2018 09 12 17 50 160  5.4  6.4  0.47  3.33  3.34 160 1023.0  20.5  21.2  15.3 99.0 99.00
2018 09 12 18 50 159  5.2  6.0  0.41  3.57  3.19 167 1022.8  20.6  21.2  14.7 99.0 99.00
2018 09 12 19 50 154  4.2  5.0  0.39  3.45  3.15 177 1022.6  21.0  21.3  14.2 99.0 99.00
2018 09 12 20 50 163  2.9  3.2  0.32  3.33  3.05 179 1022.3  21.4  21.4  14.0 99.0 99.00
2018 09 12 21 50 174  2.1  2.5  0.28  3.33  3.00 182 1022.0  21.6  21.4  14.2 99.0 99.00
2018 09 12 22 50 179  1.8  2.1  0.20 99.00  2.83 999 1021.9  21.8  21.4  15.1 99.0 99.00
2018 09 12 23 50 190  0.7  1.0  0.18 99.00  2.74 999 1021.8  21.6  21.4  15.7 99.0 99.00
2018 09 13 00 50  96  0.3  0.5  0.13 99.00  2.65 999 1021.7  20.8  21.3  16.2 99.0 99.00
2018 09 13 01 50 169  0.1  0.4  0.10 99.00  2.80 999 1022.0  20.8  21.3  15.4 99.0 99.00
2018 09 13 02 50 135  0.7  0.9  0.11 99.00  2.86 999 1022.0  21.0  21.2  15.1 99.0 99.00
2018 09 13 03 50 137  4.3  4.9  0.08 99.00  2.96 999 1022.5  20.8  21.2  17.3 99.0 99.00
2018 09 13 04 50 159  4.8  5.5  0.10 99.00  2.41 999 1022.3  20.7  21.2  16.8 99.0 99.00
2018 09 13 05 50 164  4.3  4.9  0.20 99.00  2.44 999 1022.5  20.7  21.2  15.6 99.0 99.00
2018 09 13 06 50 163  4.8  5.6  0.22 99.00  2.60 999 1022.6  20.7  21.1  15.3 99.0 99.00
2018 09 13 07 50 167  4.5  5.3  0.23 99.00  2.66 999 1022.7  20.7  21.1  15.7 99.0 99.00
2018 09 13 09 50 173  3.6  4.2  0.24 99.00  2.82 999 1022.6  20.6  21.1  15.3 99.0 99.00
2018 09 13 11 50 146  4.4  5.2  0.22 99.00  2.93 999 1023.0  20.2  21.1  16.2 99.0 99.00
2018 09 13 12 50 153  3.2  3.9  0.21 99.00  2.87 999 1023.1  19.9  21.1  15.8 99.0 99.00
2018 09 13 13 50 138  4.0  4.9  0.19 99.00  2.82 999 1023.5  19.7  21.1  16.0 99.0 99.00
2018 09 13 14 50 125  3.6  4.2  0.17 99.00  2.70 999 1023.9  19.7  21.1  16.0 99.0 99.00
2018 09 13 15 50 123  3.4  4.2  0.16 99.00  2.64 999 1023.6  20.0  21.1  16.1 99.0 99.00
2018 09 13 16 50 126  3.2  3.7  0.17 99.00  2.48 999 1023.3  19.9  21.3  16.1 99.0 99.00
2018 09 13 17 50 102  3.6  4.3  0.19 99.00  2.49 999 1023.0  20.2  21.4  16.0 99.0 99.00
2018 09 13 19 50 106  3.7  4.2  0.19 99.00  2.59 999 1021.7  20.8  21.5  13.4 99.0 99.00
2018 09 13 20 50 102  1.9  2.4  0.11 99.00  2.45 999 1021.1  21.1  21.5  12.2 99.0 99.00
2018 09 13 21 50  79  2.9  3.3  0.09 99.00  2.54 999 1020.8  21.0  21.6  13.1 99.0 99.00
2018 09 13 22 50  67  2.7  3.3  0.07 99.00  2.57 999 1020.8  21.3  21.5  14.3 99.0 99.00
2018 09 13 23 50  93  1.9  2.4  0.05 99.00  2.47 999 1020.4  21.2  21.5  14.4 99.0 99.00
2018 09 14 00 50  84  2.3  3.1  0.05 99.00  3.47 999 1020.2  21.1  21.4  15.2 99.0 99.00
2018 09 14 01 50  90  3.0  3.4  0.05 99.00  4.06 999 1020.4  21.1  21.3  15.9 99.0 99.00
2018 09 14 02 50 100  4.2  4.9  0.04 99.00  2.97 999 1020.3  21.1  21.3  16.8 99.0 99.00
2018 09 14 03 50  95  4.1  5.0  0.10 99.00  2.27 999 1020.5  21.2  21.2  17.2 99.0 99.00
2018 09 14 04 50 103  3.6  4.1  0.15 99.00  2.32 999 1020.6  21.0  21.2  17.0 99.0 99.00
2018 09 14 05 50 110  3.7  4.3  0.16 99.00  2.42 999 1020.6  21.0  21.2  17.2 99.0 99.00
2018 09 14 06 50  96  2.5  2.9  0.14 99.00  2.39 999 1020.7  21.0  21.2  17.7 99.0 99.00
2018 09 14 07 50  83  2.6  2.9  0.11 99.00  2.33 999 1020.7  20.9  21.2  18.2 99.0 99.00
2018 09 14 08 50 103  2.0  2.2  0.10 99.00  2.43 999 1020.7  20.7  21.2  18.4 99.0 99.00
2018 09 14 09 50 104  2.0  2.3  0.09 99.00  2.55 999 1020.8  20.7  21.2  18.6 99.0 99.00
2018 09 14 10 50 113  1.5  1.7  0.08 99.00  2.69 999 1021.0  20.6  21.1  18.9 99.0 99.00
2018 09 14 11 50 130  2.0  2.4  0.07 99.00  2.52 999 1021.3  20.7  21.1  18.9 99.0 99.00
2018 09 14 12 50 136  2.1  2.5  0.10 99.00  2.93 999 1021.3  21.2  21.1  19.0 99.0 99.00
2018 09 14 13 50 151  2.6  2.9  0.06 99.00  2.97 999 1021.2  21.0  21.2  19.0 99.0 99.00
2018 09 14 14 50 156  2.7  3.0  0.05 99.00  2.84 999 1021.8  21.0  21.3  19.1 99.0 99.00
2018 09 14 15 50 151  2.6  3.1  0.06 99.00  3.21 999 1021.8  21.2  21.5  18.7 99.0 99.00
2018 09 14 16 50 150  2.3  2.6  0.07 99.00  2.98 999 1021.7  21.4  21.7  18.1 99.0 99.00
2018 09 14 17 50 165  2.6  3.0  0.06 99.00  2.99 999 1021.4  21.3  21.8  18.0 99.0 99.00
2018 09 14 18 50 179  2.0  2.3  0.08 99.00  4.20 999 1021.2  21.8  22.1  18.0 99.0 99.00
2018 09 14 19 50 142  0.8  1.1  0.05 99.00  3.06 999 1021.0  22.1  22.5  18.5 99.0 99.00
2018 09 14 20 50 134  1.2  1.5  0.04 99.00  2.87 999 1020.8  22.3  22.8  18.2 99.0 99.00
2018 09 14 21 50 118  1.6  1.8  0.05 99.00  3.54 999 1020.6  22.3  22.9  17.6 99.0 99.00
2018 09 14 22 50  95  1.4  1.6  0.06 99.00  2.72 999 1020.4  22.6  22.7  17.9 99.0 99.00
2018 09 14 23 50  87  1.5  1.8  0.05 99.00  2.83 999 1020.2  22.4  22.5  18.6 99.0 99.00
2018 09 15 00 50  85  1.4  1.6  0.05 99.00  3.39 999 1020.4  22.1  22.4  19.2 99.0 99.00
2018 09 15 01 50  57  1.6  1.8  0.06 99.00  3.70 999 1021.0  22.0  22.3  19.5 99.0 99.00
2018 09 15 02 50  48  1.1  1.2  0.06 99.00  2.93 999 1021.2  22.0  22.2  19.5 99.0 99.00
2018 09 15 03 50  24  1.1  1.3  0.05 99.00  3.00 999 1021.0  21.9  22.1  20.0 99.0 99.00
2018 09 15 04 50  45  1.7  1.8  0.04 99.00  2.97 999 1021.1  21.8  22.0  19.6 99.0 99.00
2018 09 15 05 50  79  4.0  4.5  0.04 99.00  2.96 999 1020.9  21.5  21.9  19.2 99.0 99.00
2018 09 15 06 50  84  3.5  4.0  0.04 99.00  2.69 999 1020.8  21.3  21.6  18.9 99.0 99.00
2018 09 15 07 50  67  2.5  3.0  0.09 99.00  2.56 999 1020.8  21.4  21.6  18.8 99.0 99.00
2018 09 15 08 50  77  2.3  2.5  0.07 99.00  2.32 999 1020.9  21.4  21.5  18.5 99.0 99.00
2018 09 15 09 50  68  2.1  2.5  0.07 99.00  2.31 999 1021.3  21.3  21.5  18.4 99.0 99.00
2018 09 15 10 50  73  2.8  3.2  0.06 99.00  2.32 999 1021.6  21.1  21.4  18.6 99.0 99.00
2018 09 15 11 50  68  2.4  2.7  0.05 99.00  2.44 999 1022.2  21.0  21.4  18.5 99.0 99.00
2018 09 15 12 50  56  1.9  2.2  0.04 99.00  2.31 999 1022.5  21.4  21.4  18.7 99.0 99.00
2018 09 15 13 50  57  2.3  2.5  0.04 99.00  2.44 999 1022.6  21.4  21.4  19.1 99.0 99.00
2018 09 15 14 50  49  2.5  2.9  0.03 99.00  2.62 999 1023.1  21.4  21.5  19.2 99.0 99.00
2018 09 15 15 50  55  2.7  3.0  0.03 99.00  3.03 999 1023.3  21.4  21.7  18.9 99.0 99.00
2018 09 15 16 50  50  2.8  3.1  0.03 99.00  3.25 999 1023.0  21.3  21.9  19.1 99.0 99.00
2018 09 15 17 50  58  2.0  2.3  0.04 99.00  3.47 999 1022.6  21.4  22.1  18.9 99.0 99.00
2018 09 15 18 50  65  1.2  1.5  0.07 99.00  4.56 999 1022.1  21.7  22.6  18.7 99.0 99.00
2018 09 15 19 50 176  0.1  0.6  0.03 99.00  3.22 999 1021.2  22.2  23.1  18.5 99.0 99.00
2018 09 15 20 50 315  2.4  2.8  0.05 99.00  2.82 999 1020.9  22.5  23.2  18.8 99.0 99.00
2018 09 15 21 50 331  3.8  4.2  0.08 99.00  4.17 999 1020.5  22.7  23.0  18.6 99.0 99.00
2018 09 15 22 50 343  5.4  6.6  0.06 99.00  2.90 999 1020.6  22.5  22.5  19.5 99.0 99.00
2018 09 15 23 50   2  5.1  6.2  0.17 99.00  2.40 999 1020.8  22.3  22.3  19.9 99.0 99.00
2018 09 16 00 50  22  4.1  5.0  0.20 99.00  2.52 999 1021.0  22.1  22.1  19.6 99.0 99.00
2018 09 16 01 50  32  5.0  6.4  0.19 99.00  2.51 999 1021.2  21.9  22.0  19.7 99.0 99.00
2018 09 16 02 50  34  4.1  4.7  0.18 99.00  2.50 999 1021.2  21.8  21.9  19.4 99.0 99.00
2018 09 16 03 50  39  4.3  4.9  0.17 99.00  2.51 999 1021.1  21.9  21.8  19.3 99.0 99.00
2018 09 16 04 50  48  5.0  5.8  0.20 99.00  2.54 999 1020.7  22.1  21.7  19.0 99.0 99.00
2018 09 16 05 50  55  4.8  5.5  0.24 99.00  2.61 999 1020.4  22.0  21.7  19.5 99.0 99.00
2018 09 16 06 50  64  4.6  5.3  0.30  2.94  2.83  63 1020.2  22.1  21.7  19.8 99.0 99.00
2018 09 16 07 50  84  4.8  5.6  0.28  3.03  2.75  54 1020.1  22.0  21.6  19.9 99.0 99.00
2018 09 16 08 50  88  5.5  6.4  0.27  2.94  2.66  52 1020.2  21.7  21.6  19.9 99.0 99.00
2018 09 16 09 50 101  5.7  6.7  0.27  2.86  2.67  55 1020.4  21.4  21.6  19.9 99.0 99.00
2018 09 16 10 50  98  4.9  5.6  0.30  3.03  2.69  61 1020.6  21.4  21.5  19.9 99.0 99.00
2018 09 16 11 50 103  5.9  6.8  0.30  3.03  2.71  62 1020.6  21.4  21.5  19.9 99.0 99.00
2018 09 16 12 50 102  5.4  6.3  0.32  2.94  2.71  77 1020.7  21.4  21.5  19.9 99.0 99.00
2018 09 16 13 50 110  5.3  6.6  0.37  2.94  2.85  88 1020.5  21.6  21.5  19.9 99.0 99.00
2018 09 16 14 50 111  5.2  6.0  0.41  3.13  2.94  82 1020.6  21.5  21.5  19.9 99.0 99.00
2018 09 16 15 50 107  3.8  4.4  0.42  3.33  3.05  80 1020.5  21.7  21.5  20.2 99.0 99.00
2018 09 16 16 50 108  2.3  3.0  0.33  3.23  3.00  96 1020.2  21.9  21.7  20.5 99.0 99.00
2018 09 16 17 50 112  2.3  3.1  0.28  3.03  2.91  92 1019.7  22.1  21.9  20.7 99.0 99.00
2018 09 16 18 50  99  2.4  2.7  0.23 99.00  2.86 999 1018.8  22.5  22.2  20.9 99.0 99.00
2018 09 16 19 50  88  1.8  2.2  0.18 99.00  2.76 999 1018.1  22.9  22.5  21.1 99.0 99.00
2018 09 16 20 50  52  1.1  1.3  0.16 99.00  2.66 999 1017.5  23.4  23.0  21.6 99.0 99.00
2018 09 16 21 50  73  1.6  1.8  0.13 99.00  3.00 999 1017.0  23.5  23.1  21.9 99.0 99.00
2018 09 16 22 50  67  2.1  2.4  0.09 99.00  2.61 999 1016.5  23.7  23.0  21.8 99.0 99.00
2018 09 16 23 50  71  2.9  3.2  0.08 99.00  2.92 999 1016.1  23.3  22.8  21.4 99.0 99.00
2018 09 17 00 50  86  3.5  4.0  0.09 99.00  3.13 999 1016.1  23.3  22.6  21.0 99.0 99.00
2018 09 17 01 50  96  4.5  5.4  0.08 99.00  3.31 999 1016.2  23.3  22.4  20.9 99.0 99.00
2018 09 17 02 50 101  4.3  4.7  0.08 99.00  2.68 999 1016.1  23.1  22.3  21.0 99.0 99.00
2018 09 17 03 50 109  4.9  5.5  0.10 99.00  2.52 999 1015.8  23.0  22.2  20.9 99.0 99.00
2018 09 17 04 50 117  4.6  5.7  0.16 99.00  2.57 999 1015.4  22.9  22.0  20.4 99.0 99.00
2018 09 17 05 50 131  4.3  4.9  0.14 99.00  2.57 999 1015.1  22.9  22.0  20.5 99.0 99.00
2018 09 17 06 50 144  6.1  7.0  0.15 99.00  2.39 999 1014.8  23.0  21.9  20.4 99.0 99.00
2018 09 17 07 50 149  4.9  5.6  0.26  2.47  2.47 109 1014.5  22.4  21.8  20.4 99.0 99.00
2018 09 17 08 50 151  4.6  5.4  0.23 99.00  2.58 999 1014.2  22.1  21.7  20.4 99.0 99.00
2018 09 17 09 50 158  4.3  4.9  0.20 99.00  2.52 999 1014.1  21.9  21.7  20.4 99.0 99.00
2018 09 17 10 50 163  3.5  4.0  0.17 99.00  2.48 999 1014.2  21.7  21.7  20.4 99.0 99.00
2018 09 17 11 50 172  3.4  3.9  0.14 99.00  2.52 999 1014.3  21.6  21.7  20.5 99.0 99.00
2018 09 17 12 50 181  2.6  3.0  0.12 99.00  2.44 999 1014.3  22.0  21.6  20.7 99.0 99.00
2018 09 17 13 50 184  3.0  3.4  0.10 99.00  2.42 999 1014.1  21.9  21.6  20.6 99.0 99.00
2018 09 17 14 50 203  2.8  3.3  0.11 99.00  2.54 999 1014.1  22.1  21.7  20.6 99.0 99.00
2018 09 17 15 50 216  2.3  2.7  0.13 99.00  2.91 999 1014.1  22.1  21.9  20.7 99.0 99.00
2018 09 17 16 50 196  2.3  2.6  0.08 99.00  2.47 999 1013.9  22.4  22.2  20.9 99.0 99.00
2018 09 17 17 50 201  2.8  3.3  0.07 99.00  2.58 999 1013.3  22.5  22.4  20.9 99.0 99.00
2018 09 17 18 50 229  2.6  3.1  0.08 99.00  3.01 999 1012.5  22.6  22.5  20.9 99.0 99.00
2018 09 17 19 50 233  1.6  1.8  0.06 99.00  2.83 999 1012.1  23.1  22.9  20.9 99.0 99.00
2018 09 17 20 50 251  1.5  1.9  0.05 99.00  2.54 999 1012.3  23.5  23.1  21.4 99.0 99.00
2018 09 17 21 50 170  0.5  0.9  0.10 99.00  3.41 999 1012.2  24.5  23.2  21.6 99.0 99.00
2018 09 17 22 50 139  1.0  1.3  0.06 99.00  3.26 999 1011.8  23.6  23.2  21.8 99.0 99.00
2018 09 17 23 50 108  1.1  1.4  0.06 99.00  3.02 999 1011.9  23.1  23.2  22.2 99.0 99.00
2018 09 18 00 50 142  1.6  1.8  0.05 99.00  3.08 999 1012.0  23.0  23.1  21.7 99.0 99.00
2018 09 18 01 50 178  2.4  2.6  0.08 99.00  3.59 999 1012.3  23.1  22.9  21.2 99.0 99.00
2018 09 18 02 50 186  2.5  2.9  0.05 99.00  2.75 999 1012.6  23.0  22.8  21.5 99.0 99.00
2018 09 18 03 50 209  3.8  4.3  0.04 99.00  2.88 999 1012.7  22.9  22.7  21.5 99.0 99.00
2018 09 18 04 50 220  4.1  4.7  0.05 99.00  2.71 999 1012.6  22.9  22.6  21.5 99.0 99.00
2018 09 18 05 50 305  6.7  7.9  0.04 99.00  2.58 999 1012.7  23.9  22.3  20.0 99.0 99.00
2018 09 18 06 50 352  6.4  7.6  0.08 99.00  2.28 999 1012.7  21.9  22.1  20.6 99.0 99.00
2018 09 18 07 50   8  7.3  8.6  0.33  2.60  2.54 356 1012.6  20.9  22.0  19.3 99.0 99.00
2018 09 18 08 50 356  5.9  6.7  0.53  3.33  3.12   4 1012.8  20.9  21.9  19.3 99.0 99.00
2018 09 18 09 50 353  6.4  7.7  0.71  4.17  3.42  13 1013.0  20.9  21.9  19.4 99.0 99.00
2018 09 18 10 50   2  6.2  7.3  0.82  4.55  3.86  22 1013.4  21.0  21.7  19.6 99.0 99.00
2018 09 18 11 50  12  5.9  6.8  1.08  5.88  4.58  26 1013.6  20.9  21.7  19.5 99.0 99.00
2018 09 18 12 50 335  7.5  9.1  1.14  6.25  4.76  31 1014.4  20.7  21.7  18.6 99.0 99.00
2018 09 18 13 50 350  4.3  5.1  1.04  6.67  4.70  37 1014.0  20.4  21.8  18.2 99.0 99.00
2018 09 18 14 50  10  4.7  6.6  1.00  6.67  4.77  34 1013.9  20.4  21.8  18.0 99.0 99.00
2018 09 18 15 50  16  4.3  5.9  0.98  6.67  4.67  37 1014.6  20.3  21.8  17.7 99.0 99.00
2018 09 18 16 50   2  4.8  5.7  0.82  7.14  4.38  35 1014.7  20.1  21.8  17.4 99.0 99.00
2018 09 18 17 50 336  8.4  9.8  0.81  6.67  4.37  34 1015.5  20.0  21.8  17.4 99.0 99.00
2018 09 18 18 50 341  7.2  8.2  0.89  4.76  4.07  29 1014.7  19.8  21.8  17.3 99.0 99.00
2018 09 18 20 50 101  1.3  2.1  0.84  5.56  4.24  22 1014.0  19.4  21.7  16.6 99.0 99.00
2018 09 18 21 50  48  3.9  4.9  0.77  5.26  4.27 359 1014.0  19.9  21.7  17.0 99.0 99.00
2018 09 18 22 50   7  4.8  5.7  0.68  5.00  4.16  33 1014.6  19.9  21.7  16.8 99.0 99.00
2018 09 18 23 50  19  4.2  5.4  0.66  5.00  4.00  32 1014.2  19.6  21.6  16.8 99.0 99.00
2018 09 19 00 50  35  3.1  4.1  0.65  4.76  4.06  31 1013.9  19.7  21.6  17.0 99.0 99.00
2018 09 19 01 50  18  5.8  6.7  0.66  5.00  4.02  28 1015.0  19.7  21.6  17.3 99.0 99.00
2018 09 19 02 50   4  7.3  8.5  0.65  5.00  3.77  33 1015.6  19.6  21.6  16.9 99.0 99.00
2018 09 19 03 50  15  8.1  9.9  0.71  4.35  3.54  36 1015.4  19.7  21.6  17.1 99.0 99.00
2018 09 19 04 50  26  7.8  9.0  0.79  4.35  3.56  35 1015.5  19.5  21.6  16.9 99.0 99.00
2018 09 19 05 50  17  6.8  7.9  0.77  4.55  3.62  43 1016.0  19.4  21.5  16.8 99.0 99.00
2018 09 19 06 50  15  7.4  8.7  0.94  4.76  3.77  41 1016.1  19.2  21.5  16.6 99.0 99.00
2018 09 19 07 50  23  7.8  9.0  0.86  4.76  3.79  44 1015.9  19.0  21.5  16.6 99.0 99.00
2018 09 19 08 50  24  9.0 10.6  0.88  4.76  3.81  37 1016.2  18.4  21.5  16.2 99.0 99.00
2018 09 19 09 50  40  7.9  9.0  0.93  4.76  3.87  40 1016.1  18.2  21.4  15.8 99.0 99.00
2018 09 19 10 50  64  7.2  8.2  0.91  4.76  3.89  37 1016.0  18.1  21.4  15.3 99.0 99.00
2018 09 19 11 50  47  8.2  9.5  0.79  4.76  3.68  33 1017.0  17.9  21.4  15.1 99.0 99.00
2018 09 19 12 50  55  7.0  8.1  0.82  4.76  3.70  30 1017.2  17.6  21.4  15.0 99.0 99.00
2018 09 19 13 50  73  6.3  7.5  0.85  4.76  3.84  21 1017.5  17.7  21.4  15.2 99.0 99.00
2018 09 19 14 50  78  4.8  5.9  0.75  4.76  3.73  21 1017.6  17.6  21.3  15.5 99.0 99.00
2018 09 19 15 50  65  3.4  4.3  0.72  4.76  3.86  25 1018.2  17.2  21.3  15.6 99.0 99.00
2018 09 19 16 50  32  4.3  5.5  0.64  4.76  3.89  27 1018.8  17.2  21.3  15.4 99.0 99.00
2018 09 19 17 50  40  5.7  7.3  0.56  4.55  3.71  34 1018.1  17.6  21.3  15.9 99.0 99.00
2018 09 19 18 50  54  5.4  6.9  0.56  4.55  3.55  26 1017.7  17.7  21.2  16.0 99.0 99.00
2018 09 19 19 50  53  3.3  4.2  0.56  4.35  3.55  22 1017.8  18.1  21.3  16.2 99.0 99.00
2018 09 19 20 50  38  3.2  3.8  0.55  4.35  3.68  23 1017.1  18.3  21.3  16.2 99.0 99.00
2018 09 19 21 50  17  5.3  6.5  0.53  4.76  3.66  33 1016.9  18.8  21.3  16.7 99.0 99.00
2018 09 19 22 50  11  4.7  5.5  0.52  5.00  3.50  28 1017.0  18.9  21.2  16.6 99.0 99.00
2018 09 19 23 50  54  5.4  6.5  0.48  4.55  3.48  32 1015.5  19.2  21.2  17.0 99.0 99.00
2018 09 20 00 50  51  5.2  6.1  0.46  4.55  3.31  34 1015.7  19.9  21.2  17.7 99.0 99.00
2018 09 20 01 50  49  6.0  6.8  0.48  4.17  3.22  28 1015.9  20.5  21.2  18.3 99.0 99.00
2018 09 20 02 50  53  4.6  5.2  0.50  4.55  3.22  29 1016.2  21.2  21.3  18.9 99.0 99.00
2018 09 20 03 50  65  4.3  5.0  0.43  4.55  3.21  22 1015.7  21.3  21.4  19.3 99.0 99.00
2018 09 20 04 50  75  4.4  5.1  0.42  3.57  3.28  26 1015.5  21.4  21.4  19.3 99.0 99.00
2018 09 20 05 50  80  5.0  5.8  0.38  3.57  3.26  16 1015.3  21.6  21.4  19.5 99.0 99.00
2018 09 20 06 50  88  4.8  5.4  0.35  3.33  3.11  28 1015.4  21.6  21.3  19.7 99.0 99.00
2018 09 20 07 50  70  4.8  5.5  0.33  3.70  3.27  22 1015.2  21.4  21.3  19.7 99.0 99.00
2018 09 20 08 50  81  5.7  6.4  0.34  3.57  3.14   6 1015.0  21.2  21.2  19.6 99.0 99.00
2018 09 20 09 50  85  6.3  7.2  0.35  3.57  3.04  11 1014.8  21.1  21.2  19.1 99.0 99.00
2018 09 20 10 50  79  7.7  8.9  0.44  2.94  3.02  89 1014.7  20.6  21.2  18.9 99.0 99.00
2018 09 20 11 50  72  6.0  7.9  0.60  3.45  3.25  73 1015.6  20.4  21.1  19.2 99.0 99.00
2018 09 20 12 50  86  8.5  9.9  0.70  3.85  3.52  76 1015.0  20.3  21.1  18.6 99.0 99.00
2018 09 20 13 50  85  6.2  7.4  0.71  4.00  3.59  84 1016.3  19.8  21.1  18.7 99.0 99.00
2018 09 20 14 50 105  9.2 10.7  0.66  3.85  3.44  77 1014.9  19.9  21.1  18.7 99.0 99.00
2018 09 20 15 50 110  6.9  8.8  0.75  4.17  3.58  86 1014.8  20.4  21.1  19.1 99.0 99.00
2018 09 20 16 50 124  5.9  7.1  0.75  3.85  3.61  88 1014.4  20.7  21.1  19.3 99.0 99.00
2018 09 20 17 50 133  5.7  7.4  0.66  4.35  3.56  69 1013.5  21.4  21.2  19.9 99.0 99.00
2018 09 20 18 50 149  4.7  5.6  0.65  4.00  3.41  77 1012.8  22.2  21.3  20.8 99.0 99.00
2018 09 20 19 50 146  6.2  7.0  0.63  3.85  3.34  90 1011.3  22.8  21.4  21.0 99.0 99.00
2018 09 20 20 50 147  5.9  6.6  0.53  3.70  3.24  93 1010.4  23.2  21.4  21.3 99.0 99.00
2018 09 20 21 50 144  4.2  4.7  0.41  3.45  3.12 133 1009.8  23.5  21.5  21.5 99.0 99.00
2018 09 20 22 50 149  6.2  7.1  0.33  3.13  2.84 104 1009.4  23.7  21.5  21.4 99.0 99.00
2018 09 20 23 50 146  7.8  9.2  0.34  2.74  2.64 128 1008.6  23.7  21.5  20.9 99.0 99.00
2018 09 21 00 50 141  9.1 11.1  0.48  2.86  2.78 141 1007.8  23.9  21.4  20.7 99.0 99.00
2018 09 21 01 50 155 10.3 11.8  0.73  3.70  3.24 139 1007.7  24.1  21.4  20.9 99.0 99.00
2018 09 21 02 50 165  9.6 11.0  0.88  4.00  3.49 142 1008.2  24.2  21.4  20.8 99.0 99.00
2018 09 21 03 50 174  9.4 10.8  0.86  4.35  3.58 144 1008.0  24.6  21.3  20.6 99.0 99.00
2018 09 21 04 50 184  9.8 11.5  0.97  4.17  3.79 140 1007.8  24.7  21.3  20.5 99.0 99.00
2018 09 21 05 50 186  9.7 11.4  1.08  4.76  3.86 154 1007.5  23.9  21.3  20.5 99.0 99.00
2018 09 21 06 50 182 10.1 12.0  1.11  4.55  3.95 156 1006.8  23.7  21.3  20.5 99.0 99.00
2018 09 21 07 50 190 10.4 12.1  1.09  4.76  4.03 144 1006.2  24.0  21.3  20.5 99.0 99.00
2018 09 21 08 50 194 10.9 12.5  1.36  5.00  4.21 165 1005.6  24.0  21.2  20.2 99.0 99.00
2018 09 21 09 50 205 10.0 11.6  1.38  4.76  4.31 166 1005.9  23.8  21.2  20.1 99.0 99.00
2018 09 21 10 50 219  8.5 10.0  1.24  5.56  4.33 156 1005.6  23.8  21.2  20.2 99.0 99.00
2018 09 21 11 50 205  8.2  9.4  1.07  5.56  4.22 149 1006.2  23.3  21.2  20.3 99.0 99.00
2018 09 21 12 50 245  9.7 12.2  1.08  5.26  4.27 160 1006.7  23.4  21.2  19.1 99.0 99.00
2018 09 21 13 50 256 10.6 13.0  1.24  5.26  4.07 150 1008.0  22.5  21.2  18.1 99.0 99.00
2018 09 21 14 50 232  8.6 10.2  1.33  4.76  4.34 180 1008.6  22.1  21.2  18.7 99.0 99.00
2018 09 21 15 50 256  9.0 11.0  1.30  5.26  4.41 161 1009.5  22.1  21.2  18.9 99.0 99.00
2018 09 21 16 50 268 10.8 12.7  1.35  5.00  4.34 176 1010.7  21.2  21.2  16.4 99.0 99.00
2018 09 21 17 50 264 10.7 12.4  1.52  5.26  4.47 205 1011.5  20.8  21.2  15.4 99.0 99.00
2018 09 21 18 50 276 10.5 12.8  1.71  5.26  4.60 205 1012.5  20.4  21.2  13.7 99.0 99.00
2018 09 21 19 50 298 11.5 13.9  1.58  5.88  4.61 222 1013.4  20.4  21.1  13.8 99.0 99.00
2018 09 21 20 50 315 11.8 14.1  1.54  5.56  4.51 268 1014.9  19.5  21.1  13.3 99.0 99.00
2018 09 21 21 50 318 12.1 14.9  1.74  5.56  4.72 303 1016.2  18.9  21.1  11.9 99.0 99.00
2018 09 21 22 50 309 11.5 14.1  1.92  5.88  4.91 330 1017.4  18.5  21.0  10.9 99.0 99.00
2018 09 21 23 50 323 10.9 13.9  1.92  6.67  5.05 337 1018.7  18.1  21.0  11.2 99.0 99.00
2018 09 22 00 50 336 12.5 15.1  1.90  6.25  4.91 342 1019.9  17.4  21.0  11.2 99.0 99.00
2018 09 22 01 50 341 12.8 15.0  2.04  6.25  5.03 358 1021.5  16.5  20.9   9.3 99.0 99.00
2018 09 22 02 50 352 11.6 14.6  2.14  6.25  5.20   7 1022.9  15.9  20.9   8.4 99.0 99.00
2018 09 22 03 50   3 11.1 14.3  2.17  6.67  5.25  20 1023.5  15.7  20.8   8.4 99.0 99.00
2018 09 22 04 50   1 10.8 13.2  1.95  6.67  5.19  13 1024.2  15.2  20.8   8.6 99.0 99.00
2018 09 22 05 50  15 10.9 14.1  2.10  7.14  5.35  24 1024.1  15.3  20.9   8.3 99.0 99.00
2018 09 22 06 50  16  9.6 12.0  2.41  7.69  5.77  32 1024.8  15.3  20.9   8.2 99.0 99.00
2018 09 22 07 50  39  9.2 11.2  2.21  8.33  5.66  32 1025.2  14.7  20.9   8.7 99.0 99.00
2018 09 22 08 50  42  9.0 11.9  1.99  7.14  5.35  18 1025.8  14.1  20.8   7.4 99.0 99.00
2018 09 22 09 50  43  9.4 13.1  1.96  7.69  5.68  29 1026.1  13.9  20.8   6.9 99.0 99.00
2018 09 22 10 50  50  9.3 12.5  1.80  7.69  5.33  20 1026.6  14.1  20.7   6.9 99.0 99.00
2018 09 22 11 50  62  8.6 10.9  1.58  7.69  5.17  21 1027.0  14.2  20.7   5.4 99.0 99.00
2018 09 22 12 50  56  9.1 12.1  1.51  6.67  5.02  22 1026.8  14.3  20.6   6.7 99.0 99.00
2018 09 22 13 50  65  8.4 10.1  1.54  7.14  5.09  16 1027.1  14.1  20.6   6.2 99.0 99.00
2018 09 22 14 50  80  8.4 10.3  1.33  7.69  4.73  11 1027.4  13.9  20.5   4.8 99.0 99.00
2018 09 22 15 50  79  7.0  8.5  1.30  7.14  4.74  14 1027.6  13.9  20.5   6.0 99.0 99.00
2018 09 22 16 50  73  6.4  8.4  1.21  6.67  4.64  15 1027.4  14.1  20.5   5.7 99.0 99.00
2018 09 22 17 50  82  5.7  6.9  1.06  6.67  4.47  19 1026.7  14.1  20.6   4.5 99.0 99.00
2018 09 22 18 50  78  4.6  6.5  0.91  5.26  4.23  16 1026.0  14.3  20.6   3.4 99.0 99.00
2018 09 22 19 50  88  3.2  4.4  0.75  4.00  4.06  59 1025.4  14.5  20.6   3.7 99.0 99.00
2018 09 22 20 50  78  2.3  3.3  0.67  5.56  3.97  13 1024.6  14.8  20.6   4.5 99.0 99.00
2018 09 22 21 50  83  2.5  3.9  0.56  5.56  3.85  23 1024.1  15.3  20.6   5.1 99.0 99.00
2018 09 22 22 50  69  2.2  3.2  0.49  5.88  3.87  23 1023.8  15.8  20.6   5.8 99.0 99.00
2018 09 22 23 50  67  1.5  2.7  0.39  5.56  3.73  22 1023.2  15.6  20.6   6.1 99.0 99.00
2018 09 23 00 50  75  1.5  2.4  0.33  5.26  3.88  18 1023.3  15.8  20.6   6.2 99.0 99.00
2018 09 23 01 50  96  2.4  3.7  0.33  5.26  4.11  13 1023.2  16.2  20.6   6.9 99.0 99.00
2018 09 23 02 50 114  3.9  4.9  0.28  5.56  4.12   1 1022.9  16.6  20.6   8.1 99.0 99.00
2018 09 23 03 50 138  4.1  5.7  0.22 99.00  4.14 999 1022.6  16.7  20.6   9.0 99.0 99.00
2018 09 23 04 50 163  4.1  5.5  0.22 99.00  3.53 999 1022.7  16.7  20.5   9.3 99.0 99.00
2018 09 23 05 50 168  3.8  5.4  0.25 99.00  3.00 999 1022.4  16.6  20.5   9.7 99.0 99.00
2018 09 23 06 50 185  4.6  5.9  0.24 99.00  2.94 999 1022.1  16.6  20.5  10.4 99.0 99.00
2018 09 23 07 50 164  4.3  5.9  0.26  2.47  2.71 107 1022.1  16.5  20.5  11.1 99.0 99.00
2018 09 23 08 50 170  4.3  5.7  0.27  2.86  2.90 122 1022.1  16.4  20.5  10.8 99.0 99.00
2018 09 23 09 50 183  2.6  4.3  0.29  2.94  2.96 132 1022.0  16.5  20.4  10.8 99.0 99.00
2018 09 23 10 50 172  4.7  5.8  0.32  3.45  3.05 100 1021.8  16.1  20.4  11.9 99.0 99.00
2018 09 23 11 50 159  5.2  6.3  0.32  3.57  3.10 114 1022.3  15.9  20.4  11.9 99.0 99.00
2018 09 23 12 50 140  3.1  3.7  0.34  3.23  3.03 132 1022.8  16.1  20.4  11.5 99.0 99.00
2018 09 23 13 50 138  2.1  3.2  0.27  3.23  3.07 149 1023.2  16.3  20.4  11.5 99.0 99.00
2018 09 23 14 50 112  2.3  3.4  0.25  3.33  3.17 150 1023.4  16.2  20.4  11.2 99.0 99.00
2018 09 23 15 50 124  3.4  4.5  0.26  3.23  3.11 153 1023.4  16.2  20.5  11.5 99.0 99.00
2018 09 23 16 50 108  2.5  3.4  0.28  3.45  3.13 156 1023.2  16.1  20.6  11.1 99.0 99.00
2018 09 23 17 50 111  3.0  4.0  0.27  3.45  3.13 155 1022.6  16.1  20.7  10.8 99.0 99.00
2018 09 23 18 50  79  2.8  4.3  0.26  3.57  3.15 159 1021.9  16.3  20.8  10.5 99.0 99.00
2018 09 23 19 50  64  2.3  3.0  0.25  3.57  3.09 172 1021.2  16.5  20.8  10.1 99.0 99.00
2018 09 23 20 50  65  2.6  3.4  0.23 99.00  2.94 999 1020.7  17.0  20.9  10.7 99.0 99.00
2018 09 23 21 50  55  3.2  4.3  0.18 99.00  2.91 999 1020.5  17.8  20.9  11.1 99.0 99.00
2018 09 23 22 50  53  4.4  5.4  0.13 99.00  3.00 999 1020.4  18.4  20.8  12.1 99.0 99.00
2018 09 23 23 50  52  5.6  6.6  0.16 99.00  2.44 999 1020.3  18.7  20.8  12.7 99.0 99.00
2018 09 24 00 50  58  6.4  7.5  0.28  2.74  2.61  81 1020.7  19.2  20.7  13.6 99.0 99.00
2018 09 24 01 50  71  6.6  7.8  0.39  3.13  2.95  73 1020.9  19.5  20.6  14.1 99.0 99.00
2018 09 24 02 50  89  7.4  9.0  0.45  3.45  3.13  74 1020.6  20.0  20.5  13.3 99.0 99.00
2018 09 24 03 50 104  7.4  8.7  0.49  3.57  3.19  87 1020.6  19.7  20.5  13.9 99.0 99.00
2018 09 24 04 50 121  8.8 10.7  0.53  3.45  3.24  80 1020.7  19.3  20.5  13.9 99.0 99.00
2018 09 24 05 50 115 10.1 11.5  0.71  3.70  3.38  82 1020.6  18.6  20.4  13.4 99.0 99.00
2018 09 24 06 50 115 10.1 12.0  1.00  4.35  3.74 109 1020.5  18.1  20.4  12.9 99.0 99.00
2018 09 24 07 50 122 10.3 12.1  1.07  4.55  4.01 112 1020.2  17.6  20.4  13.4 99.0 99.00
2018 09 24 08 50 124  8.7 10.2  1.06  4.76  3.97 110 1020.0  17.3  20.4  14.0 99.0 99.00
2018 09 24 09 50 126  8.3  9.9  1.17  5.00  4.13 120 1020.1  17.3  20.4  14.2 99.0 99.00
2018 09 24 10 50 121  9.1 11.2  1.14  4.76  4.15 129 1020.1  17.3  20.3  14.4 99.0 99.00
2018 09 24 11 50 120  8.7 10.4  1.08  4.55  3.89 130 1020.2  17.2  20.3  14.2 99.0 99.00
2018 09 24 12 50 112  8.6 10.7  0.96  4.76  3.70 134 1019.8  17.1  20.3  14.1 99.0 99.00
2018 09 24 13 50 112  8.3 10.0  1.07  4.55  3.83 132 1019.7  17.0  20.3  14.1 99.0 99.00
2018 09 24 14 50 105  6.5  7.8  0.89  4.00  3.66 129 1019.3  16.7  20.3  14.3 99.0 99.00
2018 09 24 15 50 101  5.1  6.2  0.82  4.00  3.60 131 1019.2  17.1  20.4  14.8 99.0 99.00
2018 09 24 16 50  98  5.3  6.0  0.75  4.00  3.59 115 1018.8  17.3  20.4  14.9 99.0 99.00
2018 09 24 17 50  90  5.3  6.0  0.57  4.00  3.44 106 1017.8  17.8  20.4  15.0 99.0 99.00
2018 09 24 18 50  80  5.4  6.6  0.49  3.70  3.28 112 1016.3  18.7  20.4  15.5 99.0 99.00
2018 09 24 19 50  68  4.6  5.4  0.43  3.45  3.07 128 1015.3  19.4  20.4  16.3 99.0 99.00
2018 09 24 20 50  94  3.5  4.1  0.42  3.33  3.12 108 1014.6  20.4  20.4  16.8 99.0 99.00
2018 09 24 21 50 130  6.0  7.5  0.42  3.45  3.18  71 1013.9  20.5  20.4  17.5 99.0 99.00
2018 09 24 22 50 126  7.6  8.6  0.45  3.33  3.07  61 1013.5  20.2  20.4  17.9 99.0 99.00
2018 09 24 23 50 141  7.3  8.3  0.57  3.23  3.12  96 1013.6  20.1  20.4  18.1 99.0 99.00
2018 09 25 00 50 135  7.4  8.3  0.63  3.70  3.28 101 1013.6  19.8  20.4  18.0 99.0 99.00
2018 09 25 01 50 129  9.1 10.9  0.80  4.17  3.46 113 1013.1  19.9  20.4  18.2 99.0 99.00
2018 09 25 02 50 134  7.5  8.5  0.82  3.85  3.52 133 1013.4  19.9  20.4  18.3 99.0 99.00
2018 09 25 03 50 143  6.7  8.1  0.68  3.70  3.38 136 1013.4  20.0  20.4  18.4 99.0 99.00
2018 09 25 04 50 148  6.2  7.3  0.63  3.57  3.30 128 1013.0  20.1  20.4  18.7 99.0 99.00
2018 09 25 05 50 169  6.5  8.1  0.56  3.70  3.22 133 1012.5  20.2  20.4  18.9 99.0 99.00
2018 09 25 06 50 175  6.0  7.0  0.58  3.57  3.23 127 1012.3  20.3  20.4  19.2 99.0 99.00
2018 09 25 07 50 181  4.7  5.4  0.55  3.57  3.24 133 1012.2  20.3  20.3  19.3 99.0 99.00
2018 09 25 08 50 193  5.1  6.1  0.41  3.57  3.07 136 1012.2  20.2  20.3  19.3 99.0 99.00
2018 09 25 09 50 179  4.6  6.0  0.37  3.23  3.01 141 1012.1  20.2  20.3  19.4 99.0 99.00
2018 09 25 10 50 178  5.0  5.9  0.33  3.03  2.90 142 1012.2  20.2  20.3  19.5 99.0 99.00
2018 09 25 11 50 183  4.9  5.4  0.29  2.94  2.81 145 1012.3  20.2  20.2  19.6 99.0 99.00
2018 09 25 12 50 194  4.2  4.9  0.29  2.94  2.81 145 1012.2  20.2  20.2  19.6 99.0 99.00
2018 09 25 13 50 198  4.7  6.1  0.31  2.94  2.90 146 1012.2  20.2  20.2  19.6 99.0 99.00
2018 09 25 14 50 193  5.7  6.6  0.31  3.23  2.86 147 1012.2  20.6  20.3  19.7 99.0 99.00
2018 09 25 15 50 208  3.3  4.3  0.32  3.13  2.91 155 1011.5  20.6  20.4  19.7 99.0 99.00
2018 09 25 16 50 171  6.7  8.0  0.26  3.13  2.86 165 1011.4  20.0  20.5  19.5 99.0 99.00
2018 09 25 17 50 183  6.5  8.0  0.38  3.03  2.85 160 1011.2  20.6  20.5  19.9 99.0 99.00
2018 09 25 18 50 193  5.2  6.0  0.45  3.33  3.02 157 1010.6  21.0  20.6  19.5 99.0 99.00
2018 09 25 19 50 186  3.3  4.0  0.40  3.33  3.03 162 1009.1  21.1  20.6  19.7 99.0 99.00
2018 09 25 20 50 155  3.8  4.4  0.31  3.33  2.95 167 1008.4  21.3  20.7  19.9 99.0 99.00
2018 09 25 21 50 163  4.5  5.2  0.31  3.23  2.93 172 1008.0  21.3  20.7  20.0 99.0 99.00
2018 09 25 22 50 152  5.5  6.3  0.31  3.33  2.83 171 1007.8  21.1  20.7  19.9 99.0 99.00
2018 09 25 23 50 181  8.7 10.3  0.32  2.94  2.65 169 1007.3  21.2  20.6  19.4 99.0 99.00
2018 09 26 00 50 275  9.3 11.4  0.51  3.03  2.92 180 1007.4  20.5  20.5  18.0 99.0 99.00
2018 09 26 01 50 288  3.2  4.4  0.49  3.33  3.00 218 1008.6  19.2  20.4  16.8 99.0 99.00
2018 09 26 02 50 300  7.4  9.6  0.45  3.70  3.10 194 1009.8  19.2  20.4  16.4 99.0 99.00
2018 09 26 03 50 314  9.5 10.8  0.70  3.57  3.19 262 1010.8  18.8  20.4  15.9 99.0 99.00
2018 09 26 04 50 310 10.8 13.2  1.08  4.35  3.76 291 1011.4  17.9  20.3  15.2 99.0 99.00
2018 09 26 05 50 304 11.0 13.6  1.54  5.00  4.25 302 1011.9  17.2  20.3  13.7 99.0 99.00
2018 09 26 06 50 310 12.1 14.4  1.56  5.56  4.43 314 1012.7  15.9  20.2  12.2 99.0 99.00
2018 09 26 07 50 320 11.1 13.2  1.79  5.88  4.80 326 1013.2  15.2  20.2  10.6 99.0 99.00
2018 09 26 08 50 326 10.7 13.4  1.72  6.25  4.70 347 1013.6  14.8  20.2   9.8 99.0 99.00
2018 09 26 09 50 318 10.8 13.4  1.75  5.88  4.78 349 1014.4  14.2  20.2  10.0 99.0 99.00
2018 09 26 10 50 317 10.4 12.5  1.76  5.88  4.86 347 1015.4  14.0  20.2   9.8 99.0 99.00
2018 09 26 11 50 309 10.6 12.6  1.72  6.25  4.85 330 1016.2  13.3  20.2   9.2 99.0 99.00
2018 09 26 12 50 304  9.4 11.5  1.62  5.88  4.78 330 1017.1  13.3  20.1   8.9 99.0 99.00
2018 09 26 13 50 307  9.4 11.5  1.51  6.25  4.82 339 1017.3  13.3  20.1   8.2 99.0 99.00
2018 09 26 14 50 312  8.5 10.4  1.50  6.25  4.82 358 1018.3  13.7  20.1   7.0 99.0 99.00
2018 09 26 15 50 308  7.4 11.1  1.38  5.26  4.84 324 1018.9  13.6  20.1   6.8 99.0 99.00
2018 09 26 16 50 284  6.4  7.9  1.27  6.25  4.78 336 1018.9  13.9  20.1   7.1 99.0 99.00
2018 09 26 17 50 275  6.3  7.9  1.19  6.25  4.79 337 1019.1  14.7  20.2   7.7 99.0 99.00
2018 09 26 18 50 278  6.6  8.9  1.04  6.67  4.51 337 1018.7  15.5  20.2   7.4 99.0 99.00
2018 09 26 19 50 264  5.2  7.8  0.91  6.25  4.36 332 1018.8  16.2  20.3   7.3 99.0 99.00
2018 09 26 20 50 256  3.8  5.1  0.87  6.25  4.34 330 1018.7  16.6  20.3   6.8 99.0 99.00
2018 09 26 21 50 215  4.2  6.2  0.84  5.88  4.28 323 1018.6  16.8  20.2   7.7 99.0 99.00
2018 09 26 22 50 192  4.0  5.3  0.76  5.88  4.18 333 1018.6  16.8  20.2   7.6 99.0 99.00
2018 09 26 23 50 195  4.3  6.2  0.73  5.26  4.17 324 1018.9  17.0  20.1   8.9 99.0 99.00
2018 09 27 00 50 200  6.2  7.9  0.66  5.88  3.91 336 1019.2  17.0  20.1  10.3 99.0 99.00
2018 09 27 01 50 304  6.0  7.7  0.61  5.56  3.73 348 1019.4  17.6  20.1   7.5 99.0 99.00
2018 09 27 02 50 290  5.8  7.3  0.64  3.23  3.53 225 1019.3  17.5  20.1   6.6 99.0 99.00
2018 09 27 03 50 281  6.5  7.9  0.63  3.23  3.39 231 1019.4  17.4  20.1   5.5 99.0 99.00
2018 09 27 04 50 296  5.9  7.3  0.64  5.00  3.62 348 1019.3  17.2  20.1   5.6 99.0 99.00
2018 09 27 05 50 286  5.6  6.8  0.57  3.70  3.34 227 1019.2  17.0  20.0   5.6 99.0 99.00
2018 09 27 06 50 283  5.4  7.0  0.48  3.57  3.33 248 1019.1  16.9  20.0   5.3 99.0 99.00
2018 09 27 07 50 274  4.7  6.3  0.48  3.57  3.30 254 1018.8  16.7  20.0   4.5 99.0 99.00
2018 09 27 08 50 261  4.2  5.5  0.45  3.33  3.26 247 1019.1  16.6  20.0   4.5 99.0 99.00
2018 09 27 09 50 236  2.6  4.0  0.39  3.33  3.21 259 1018.7  16.6  20.0   4.6 99.0 99.00
2018 09 27 10 50 211  4.1  5.4  0.33  3.45  3.17 256 1018.8  16.6  20.0   5.1 99.0 99.00
2018 09 27 11 50 215  4.7  5.7  0.31  3.33  3.03 238 1018.9  16.7  20.0   5.0 99.0 99.00
2018 09 27 12 50 214  5.9  7.8  0.30  2.86  2.87 220 1018.9  16.9  20.0   5.7 99.0 99.00
2018 09 27 13 50 219  6.8  8.3  0.40  3.03  2.92 202 1018.3  16.8  20.0   6.4 99.0 99.00
2018 09 27 14 50 202  7.4  9.4  0.50  3.45  3.10 213 1017.6  16.9  20.0   7.5 99.0 99.00
2018 09 27 15 50 203  7.0  8.9  0.61  3.85  3.23 212 1017.0  16.8  20.0   5.8 99.0 99.00
2018 09 27 16 50 209  7.3  8.6  0.69  3.85  3.28 199 1017.0  16.8  20.0   6.0 99.0 99.00
2018 09 27 17 50 210  8.1 10.3  0.70  3.70  3.33 196 1016.3  16.8  20.0   7.1 99.0 99.00
2018 09 27 18 50 194  7.3  9.4  0.68  4.00  3.34 189 1015.4  16.8  20.0   7.1 99.0 99.00
2018 09 27 19 50 202  7.4  9.4  0.76  4.00  3.54 185 1014.5  17.3  20.1   8.0 99.0 99.00
2018 09 27 20 50 188  7.4  8.8  0.70  3.85  3.61 176 1013.9  17.6  20.1   8.1 99.0 99.00
2018 09 27 21 50 185  8.9 10.5  0.81  4.35  3.74 164 1013.3  17.8  20.0   8.5 99.0 99.00
2018 09 27 22 50 185  8.9 10.5  0.88  4.76  3.86 160 1012.8  18.0  20.0   9.1 99.0 99.00
2018 09 27 23 50 183  9.8 11.4  0.94  4.76  3.93 166 1012.2  18.5  19.9   9.9 99.0 99.00
2018 09 28 00 50 188  8.7 10.8  1.08  4.55  4.10 162 1012.4  19.3  19.9  10.3 99.0 99.00
2018 09 28 01 50 202  8.8 10.2  1.14  4.76  4.17 168 1012.8  19.7  19.9  10.2 99.0 99.00
2018 09 28 02 50 209  9.5 11.2  1.13  4.76  4.06 163 1013.1  19.8  19.9   9.8 99.0 99.00
2018 09 28 03 50 222  9.4 11.7  1.10  4.76  3.97 166 1013.2  19.7  19.9   9.6 99.0 99.00
2018 09 28 04 50 223 10.4 12.4  1.09  5.00  3.97 157 1013.1  19.6  19.9  10.2 99.0 99.00
2018 09 28 05 50 243 10.3 12.9  1.10  4.76  3.93 166 1013.3  19.4  19.9  10.3 99.0 99.00
2018 09 28 06 50 281  8.4 10.6  1.06  4.76  3.93 174 1013.8  18.3  19.8  10.0 99.0 99.00
2018 09 28 07 50 297  7.1  8.4  1.01  4.76  3.91 185 1014.1  17.5  19.8  10.4 99.0 99.00
2018 09 28 08 50 270  4.6  5.5  0.84  4.55  3.88 173 1014.3  17.2  19.8  10.7 99.0 99.00
2018 09 28 09 50 286  6.9  8.1  0.84  5.00  3.91 155 1014.6  16.9  19.8  10.1 99.0 99.00
2018 09 28 10 50 284  7.0  8.8  0.85  5.00  3.89 152 1015.2  16.6  19.8  10.4 99.0 99.00
2018 09 28 11 50 287  7.1  8.3  0.83  3.57  3.60 239 1015.7  16.2  19.7  10.4 99.0 99.00
2018 09 28 12 50 290  6.4  7.7  0.77  3.85  3.59 232 1016.5  15.8  19.7  10.6 99.0 99.00
2018 09 28 13 50 283  5.6  7.2  0.69  3.45  3.55 269 1017.0  15.9  19.7  10.3 99.0 99.00
2018 09 28 14 50 307  7.1  8.6  0.69  4.00  3.45 303 1017.8  15.6  19.7   8.8 99.0 99.00
2018 09 28 15 50 318  7.4  9.3  0.71  4.00  3.50 302 1018.7  15.0  19.6  10.5 99.0 99.00
2018 09 28 16 50 323  6.7  8.4  0.77  3.70  3.62 323 1018.8  14.2  19.6   9.4 99.0 99.00
2018 09 28 17 50 315  6.1  8.6  0.79  4.55  3.72 344 1019.3  14.0  19.6   8.5 99.0 99.00
2018 09 28 18 50 298  6.9  8.6  0.77  4.55  3.81 315 1019.8  14.1  19.5   7.3 99.0 99.00
2018 09 28 19 50 292  6.9  8.9  0.89  5.00  3.96 313 1020.3  14.1  19.6   6.9 99.0 99.00
2018 09 28 20 50 251  7.2  9.6  0.83  5.00  4.04 297 1020.9  14.0  19.6   4.1 99.0 99.00
2018 09 28 21 50 273  5.7  8.7  0.83  5.00  3.84 298 1021.2  13.8  19.6   4.1 99.0 99.00
2018 09 28 22 50 292  8.5 10.8  0.82  4.76  3.71 307 1021.3  13.5  19.6   7.2 99.0 99.00
2018 09 28 23 50 291  7.5  9.5  0.86  4.55  3.71 304 1021.9  13.0  19.6   6.3 99.0 99.00
2018 09 29 00 50 294  7.6  9.9  0.93  4.35  3.76 297 1022.4  13.1  19.6   6.6 99.0 99.00
2018 09 29 01 50 302  8.3 10.1  0.91  4.55  3.68 316 1023.0  13.0  19.5   5.8 99.0 99.00
2018 09 29 02 50 303  8.0 10.7  1.07  4.55  3.79 315 1023.5  12.9  19.5   5.2 99.0 99.00
2018 09 29 03 50 328  8.4 10.1  1.10  4.17  3.81 298 1023.9  12.9  19.4   4.1 99.0 99.00
2018 09 29 04 50 332  8.5 10.7  1.09  4.76  3.89 327 1024.0  12.6  19.4   3.3 99.0 99.00
2018 09 29 05 50 319  7.5 10.3  0.99  4.76  3.83 331 1024.6  12.7  19.3   3.5 99.0 99.00
2018 09 29 06 50 323  7.7 10.0  0.99  4.76  3.86 338 1024.9  12.7  19.2   3.7 99.0 99.00
2018 09 29 07 50 309  7.2  9.6  0.97  4.55  3.88 339 1025.2  12.7  19.2   2.8 99.0 99.00
2018 09 29 08 50 314  6.5  8.6  0.97  5.00  3.92 323 1025.4  12.6  19.2   3.0 99.0 99.00
2018 09 29 09 50 333  7.1  9.1  0.94  5.00  3.98 333 1026.0  12.3  19.2   4.1 99.0 99.00
2018 09 29 10 50 344  6.3  7.5  1.16  5.00  4.55 344 1026.7  12.2  19.1   3.4 99.0 99.00
2018 09 29 11 50 336  6.0  7.8  1.00  5.00  4.25 345 1027.2  12.1  19.1   2.1 99.0 99.00
2018 09 29 12 50 339  3.0  4.7  0.80  5.00  4.06 330 1027.3  12.2  19.1  -0.4 99.0 99.00
2018 09 29 13 50 324  4.7  6.7  0.74  4.76  3.99 338 1027.7  12.4  19.1   0.2 99.0 99.00
2018 09 29 14 50 327  2.9  5.1  0.65  4.55  3.91 341 1028.4  12.3  19.2   1.2 99.0 99.00
2018 09 29 15 50 324  3.2  5.5  0.58  4.35  3.78 333 1028.4  12.3  19.3   0.8 99.0 99.00
2018 09 29 16 50 325  3.2  4.9  0.56  4.35  3.84 356 1028.5  12.2  19.4   1.7 99.0 99.00
2018 09 29 17 50 347  2.9  4.1  0.59  5.88  4.17  38 1027.5  12.3  19.4   2.2 99.0 99.00
2018 09 29 18 50 345  2.5  3.7  0.63  5.26  4.36  17 1027.6  12.2  19.4   1.8 99.0 99.00
2018 09 29 19 50 299  1.2  2.6  0.59  5.26  4.29  25 1027.2  12.2  19.4   1.2 99.0 99.00
2018 09 29 20 50  45  1.7  3.1  0.57  5.26  4.30  38 1027.0  12.1  19.4   1.8 99.0 99.00
2018 09 29 21 50  70  1.9  3.7  0.53  5.00  4.10  21 1026.7  12.1  19.3   3.1 99.0 99.00
2018 09 29 22 50  45  1.8  2.9  0.50  4.76  4.04   9 1026.5  12.3  19.3   2.4 99.0 99.00
2018 09 29 23 50  76  2.6  4.3  0.45  4.55  3.85  15 1026.4  12.6  19.3   3.1 99.0 99.00
2018 09 30 00 50  58  3.4  5.0  0.41  4.35  3.82  35 1026.8  12.6  19.2   3.3 99.0 99.00
2018 09 30 01 50  64  4.7  6.1  0.39  4.55  3.71  27 1026.4  11.9  19.2   4.8 99.0 99.00
2018 09 30 02 50  52  6.0  7.7  0.36  4.17  3.58  28 1025.8  11.8  19.1   5.1 99.0 99.00
2018 09 30 03 50  49  6.4  8.1  0.37  4.76  3.22  34 1025.8  11.9  19.1   4.4 99.0 99.00
2018 09 30 04 50  55  6.2  8.4  0.41  2.60  2.95  68 1025.6  10.7  19.1   5.2 99.0 99.00
2018 09 30 05 50  60  7.8  9.9  0.51  3.03  2.96  60 1024.9  10.6  19.0   6.9 99.0 99.00
2018 09 30 06 50  83  7.6  9.6  0.62  3.23  3.08  74 1025.0  10.1  19.0   6.3 99.0 99.00
2018 09 30 07 50  77  7.7  9.2  0.66  3.57  3.24  85 1025.0   9.9  19.1   6.3 99.0 99.00
2018 09 30 08 50  75  7.6 10.0  0.71  4.00  3.41  87 1024.8  10.2  19.1   6.4 99.0 99.00
2018 09 30 09 50  72  9.2 11.0  0.87  4.17  3.62  79 1024.5   9.8  19.1   7.6 99.0 99.00
2018 09 30 10 50  75  9.4 10.8  1.01  4.17  3.87  83 1024.3  10.2  19.1   8.1 99.0 99.00
2018 09 30 11 50  78  9.8 11.4  1.10  5.26  4.13  70 1023.8  10.4  19.1   8.5 99.0 99.00
2018 09 30 12 50  87  8.8 10.6  1.22  5.26  4.27  71 1023.7  10.7  19.1   8.7 99.0 99.00
2018 09 30 13 50  93  7.5  8.9  1.08  5.00  4.12  76 1023.6  10.8  19.1   8.8 99.0 99.00
2018 09 30 14 50  98  7.2  8.6  1.04  5.26  4.17  67 1023.3  11.3  19.1   9.3 99.0 99.00
2018 09 30 15 50  95  6.5  8.3  0.93  5.56  4.18  65 1023.1  11.4  19.0   9.4 99.0 99.00
2018 09 30 16 50  97  5.2  6.8  0.98  4.76  4.19  84 1023.0  11.9  19.0   9.8 99.0 99.00
2018 09 30 17 50  98  4.5  5.8  0.86  5.00  4.06  83 1022.3  12.4  19.0  10.4 99.0 99.00
2018 09 30 18 50  92  3.0  3.9  0.84  4.55  4.09  90 1022.1  12.3  19.0  10.9 99.0 99.00
2018 09 30 19 50  49  3.3  4.2  0.63  4.35  3.78 102 1021.9  13.1  19.0  11.3 99.0 99.00
2018 09 30 20 50  48  3.6  4.7  0.52  4.35  3.63 103 1021.9  13.4  19.0  11.2 99.0 99.00
2018 09 30 21 50  33  6.2  7.5  0.47  3.70  3.34  97 1022.2  13.4  19.0  11.4 99.0 99.00
2018 09 30 22 50  55  6.4  8.1  0.45  3.57  2.94  94 1021.7  13.3  19.0  10.9 99.0 99.00
2018 09 30 23 50  31  7.5  8.9  0.45  2.86  2.89 999 1022.7  13.7  19.0  11.2 99.0 99.00
2018 10 01 00 50  43  8.9 10.1  0.57  3.23  2.98 999 1022.8  13.3  19.0  11.3 99.0 99.00
2018 10 01 01 50  65  8.3  9.7  0.72  3.57  3.26 999 1022.1  13.2  19.0  11.2 99.0 99.00
2018 10 01 02 50  64  7.5  9.0  0.85  4.17  3.58 999 1022.5  13.3  19.0  11.4 99.0 99.00
2018 10 01 03 50  49  9.1 11.0  0.88  4.35  3.78 999 1022.7  13.4  19.0  11.4 99.0 99.00
2018 10 01 04 50  43 10.4 12.2  0.96  4.55  3.83 999 1023.0  12.9  19.0  11.3 99.0 99.00
2018 10 01 05 50  53  9.2 11.0  1.07  4.55  4.09 999 1023.4  12.5  18.9  11.3 99.0 99.00
2018 10 01 06 50  58  9.4 11.2  1.09  4.76  4.15 999 1023.7  12.7  18.9  11.3 99.0 99.00
2018 10 01 07 50  57  9.3 11.1  1.22  5.26  4.25 999 1023.5  12.7  18.9  11.2 99.0 99.00
2018 10 01 08 50  63  9.7 11.5  1.26  5.00  4.32 999 1023.3  12.7  18.9  11.1 99.0 99.00
2018 10 01 09 50  54  9.2 11.4  1.25  4.76  4.35 999 1023.5  12.7  18.8  11.0 99.0 99.00
2018 10 01 10 50  57  9.5 11.2  1.22  5.00  4.19 999 1023.5  12.5  18.8  10.8 99.0 99.00
2018 10 01 11 50  73 10.5 12.5  1.17  5.00  4.12 999 1023.4  12.3  18.7  10.5 99.0 99.00
2018 10 01 12 50  86  9.5 11.8  1.30  5.26  4.21 999 1024.0  12.4  18.7  10.6 99.0 99.00
2018 10 01 13 50  89  8.7 10.1  1.25  5.00  4.16 999 1023.8  12.5  18.7  10.9 99.0 99.00
2018 10 01 14 50  80  6.4  7.7  1.09  4.76  3.93 999 1024.3  12.5  18.7  10.7 99.0 99.00
2018 10 01 15 50  81  6.7  9.1  1.07  4.55  3.98 999 1023.9  12.6  18.7  10.9 99.0 99.00
2018 10 01 16 50  96  7.5  8.9  0.93  4.55  3.87 999 1023.2  13.1  18.7  11.5 99.0 99.00
2018 10 01 17 50  96  7.6  9.0  0.92  4.55  3.77 999 1022.0  13.5  18.7  12.0 99.0 99.00
2018 10 01 18 50 101  6.7  7.9  0.95  4.55  3.92 999 1021.6  14.2  18.7  12.7 99.0 99.00
2018 10 01 19 50  91  5.4  6.4  0.88  4.76  3.98 999 1020.9  14.7  18.7  13.1 99.0 99.00
2018 10 01 20 50  92  6.8  8.5  0.86  4.76  3.99 999 1019.8  14.9  18.7  13.5 99.0 99.00
2018 10 01 21 50  84  6.3  7.3  0.75  4.55  3.71 999 1018.8  14.9  18.7  13.5 99.0 99.00
2018 10 01 22 50  91  8.8  9.9  0.74  4.35  3.58 999 1016.9  15.3  18.7  14.1 99.0 99.00
2018 10 01 23 50  90  8.4  9.6  0.88  4.35  3.77 999 1016.8  15.7  18.7  14.5 99.0 99.00
2018 10 02 00 50  91  7.2  8.8  0.84  4.35  3.77 999 1016.7  16.0  18.7  14.7 99.0 99.00
2018 10 02 01 50  81  6.9  8.0  0.71  4.35  3.73 999 1016.7  16.3  18.7  15.1 99.0 99.00
2018 10 02 02 50  80  7.2  8.9  0.75  4.76  3.70 999 1015.6  16.7  18.7  15.8 99.0 99.00
2018 10 02 03 50 106  7.7  9.0  0.69  4.35  3.68 999 1015.3  17.5  18.6  16.8 99.0 99.00
2018 10 02 04 50 142  9.2 11.4  0.70  4.17  3.58 999 1013.4  18.0  18.6  17.3 99.0 99.00
2018 10 02 05 50 190  8.2  9.7  0.68  4.00  3.47 999 1013.6  18.9  18.6  18.2 99.0 99.00
2018 10 02 06 50 210  8.7 10.3  0.64  3.85  3.22 999 1013.9  18.9  18.7  18.1 99.0 99.00
2018 10 02 07 50 285  7.4  8.6  0.66  3.33  3.25 999 1014.5  17.6  18.7  16.9 99.0 99.00
2018 10 02 08 50 308  7.1  8.2  0.65  4.17  3.50 999 1014.9  17.3  18.7  16.0 99.0 99.00
2018 10 02 09 50 315  6.9  8.4  0.63  4.00  3.33 999 1015.6  16.3  18.7  14.8 99.0 99.00
2018 10 02 10 50 321  6.7  8.3  0.71  4.17  3.46 999 1016.1  16.2  18.7  14.6 99.0 99.00
2018 10 02 11 50 336  8.9 10.1  0.80  3.85  3.56 999 1016.6  15.7  18.7  14.4 99.0 99.00
2018 10 02 12 50 341  8.9 10.0  0.82  3.70  3.57 999 1017.4  15.1  18.7  13.9 99.0 99.00
2018 10 02 13 50 338  7.1  8.2  0.84  4.00  3.65 999 1018.2  14.9  18.6  13.7 99.0 99.00
2018 10 02 14 50 341  7.1  8.7  0.93  4.35  3.80 999 1018.5  14.8  18.6  13.2 99.0 99.00
2018 10 02 15 50 341  5.8  7.2  0.95  5.00  3.98 999 1018.8  15.0  18.6  13.1 99.0 99.00
2018 10 02 16 50 335  5.7  7.2  0.92  4.76  4.04 999 1018.7  15.4  18.6  13.1 99.0 99.00
2018 10 02 17 50 324  5.1  6.4  0.77  5.00  3.99 999 1019.0  15.3  18.7  13.0 99.0 99.00
2018 10 02 18 50 330  6.2  7.7  0.71  5.00  3.89 999 1018.8  15.6  18.6  13.0 99.0 99.00
2018 10 02 19 50 316  5.5  6.9  0.73  5.00  3.88 999 1018.8  15.6  18.6  12.4 99.0 99.00
2018 10 02 20 50 329  4.5  5.4  0.72  5.00  3.83 999 1018.7  15.5  18.6  12.2 99.0 99.00
2018 10 02 21 50 307  3.7  5.0  0.71  5.26  3.92 999 1018.7  15.3  18.6  12.3 99.0 99.00
2018 10 02 22 50 289  3.2  4.3  0.62  4.76  3.88 999 1019.0  15.5  18.6  12.4 99.0 99.00
2018 10 02 23 50 286  2.1  3.4  0.57  5.26  3.93 999 1019.2  15.4  18.6  12.1 99.0 99.00
2018 10 03 00 50 257  2.3  3.3  0.54  4.76  3.84 999 1019.3  15.4  18.6  11.8 99.0 99.00
2018 10 03 01 50 168  0.5  1.0  0.45  4.76  3.77 999 1019.4  15.5  18.6  11.6 99.0 99.00
2018 10 03 02 50 145  1.4  2.4  0.40  4.76  3.82 999 1019.2  15.5  18.6  11.7 99.0 99.00
2018 10 03 03 50 121  1.9  3.5  0.37  4.55  3.83 999 1018.6  15.5  18.6  11.8 99.0 99.00
2018 10 03 04 50 116  3.5  4.3  0.34  5.56  3.86 999 1018.4  15.6  18.6  12.0 99.0 99.00
2018 10 03 05 50 131  4.4  5.9  0.31  5.88  4.07 999 1018.1  15.7  18.6  12.3 99.0 99.00
2018 10 03 06 50 136  6.6  7.6  0.30  6.25  3.48 999 1017.4  15.8  18.6  12.7 99.0 99.00
2018 10 03 07 50 137  7.0  8.4  0.38  2.74  3.05 999 1016.5  16.3  18.6  14.0 99.0 99.00
2018 10 03 08 50 147  8.7 10.2 99.00 99.00 99.00 999 1015.5  16.2  18.6  14.4 99.0 99.00
2018 10 03 09 50 147  9.6 11.2  0.65  3.57  3.24 999 1014.2  16.4  18.6  14.7 99.0 99.00
2018 10 03 10 50 157 10.2 12.5  0.95  4.17  3.56 999 1013.4  16.8  18.5  15.4 99.0 99.00
2018 10 03 11 50 158  9.8 11.5  1.15  4.35  3.84 999 1013.4  17.3  18.5  15.9 99.0 99.00
2018 10 03 12 50 162  9.6 11.3  1.16  4.76  3.88 999 1012.9  17.8  18.5  16.6 99.0 99.00
2018 10 03 13 50 171  9.3 10.7  1.17  5.00  3.91 999 1012.7  18.6  18.5  17.4 99.0 99.00
2018 10 03 14 50 171  8.8 11.0  1.25  4.76  4.03 999 1012.3  18.9  18.6  17.5 99.0 99.00
2018 10 03 15 50 173  9.0 10.7  1.08  4.76  3.93 999 1011.5  19.2  18.6  17.8 99.0 99.00
2018 10 03 16 50 168  8.3  9.9  1.05  4.55  3.91 999 1010.6  19.4  18.6  18.0 99.0 99.00
2018 10 03 17 50 169  8.7 10.2  1.05  4.76  3.95 999 1009.8  20.2  18.6  18.4 99.0 99.00
2018 10 03 18 50 158  8.1  9.2  0.96  5.00  4.02 999 1008.4  20.6  18.6  18.6 99.0 99.00
2018 10 03 19 50 158  8.7  9.7  0.91  4.76  3.98 999 1007.0  21.4  18.6  18.7 99.0 99.00
2018 10 03 20 50 166  7.6  8.8  0.80  4.55  3.81 999 1006.2  21.4  18.6  18.3 99.0 99.00
2018 10 03 21 50 170  9.1 10.7  0.82  4.55  3.75 999 1005.0  21.9  18.6  18.2 99.0 99.00
2018 10 03 22 50 175  8.8 10.3  0.88  4.55  3.80 999 1004.5  22.0  18.6  18.1 99.0 99.00
2018 10 03 23 50 176  9.3 10.4  0.95  4.35  3.85 999 1004.1  22.1  18.6  18.1 99.0 99.00
2018 10 04 00 50 181 10.7 12.7  1.12  4.76  3.96 999 1003.7  22.4  18.6  18.0 99.0 99.00
2018 10 04 01 50 190 11.1 13.1  1.26  4.76  4.12 999 1004.1  22.6  18.7  18.1 99.0 99.00
2018 10 04 02 50 190 11.0 12.8  1.45  5.26  4.30 999 1003.9  22.0  18.7  18.3 99.0 99.00
2018 10 04 03 50 197 11.3 13.5  1.60  5.56  4.52 999 1004.4  22.4  18.6  18.4 99.0 99.00
2018 10 04 04 50 197 10.8 12.7  1.48  5.56  4.45 999 1004.6  21.8  18.6  18.3 99.0 99.00
2018 10 04 05 50 208 10.2 11.8  1.47  5.56  4.37 999 1005.0  22.1  18.6  18.4 99.0 99.00
2018 10 04 06 50 260 10.7 13.0  1.34  5.56  4.36 999 1006.8  21.7  18.6  18.7 99.0 99.00
2018 10 04 07 50 320 11.4 13.5  1.29  5.56  4.26 999 1007.9  20.6  18.5  17.6 99.0 99.00
2018 10 04 08 50 328 13.2 15.7  1.27  3.70  3.90 999 1009.4  19.2  18.5  14.5 99.0 99.00
2018 10 04 09 50 326 13.6 16.3  1.39  4.55  4.01 999 1011.3  18.1  18.4  13.7 99.0 99.00
2018 10 04 10 50 336 13.1 15.8  1.59  5.26  4.25 999 1013.7  17.0  18.3  12.7 99.0 99.00
2018 10 04 11 50 348 13.2 15.5  2.01  5.88  4.77 999 1015.6  15.5  18.3  10.9 99.0 99.00
2018 10 04 12 50 359 12.5 14.3  2.26  6.67  5.09 999 1017.9  14.0  18.3   9.8 99.0 99.00
2018 10 04 13 50   7 12.8 15.4  2.48  6.67  5.22 999 1019.7  12.9  18.4   7.5 99.0 99.00
2018 10 04 14 50   4 11.2 13.9  2.43  7.14  5.39 999 1021.2  12.2  18.4   6.8 99.0 99.00
2018 10 04 15 50  11 11.4 15.2  2.07  6.67  5.15 999 1022.1  11.8  18.4   6.4 99.0 99.00
2018 10 04 16 50   6 10.9 14.8  2.33  7.69  5.66 999 1022.4  11.5  18.4   6.5 99.0 99.00
2018 10 04 17 50   5 11.3 13.7  2.37  7.69  5.77 999 1022.9  11.4  18.3   6.7 99.0 99.00
2018 10 04 18 50   7 11.1 13.9  2.21  7.69  5.61 999 1022.9  11.3  18.3   6.2 99.0 99.00
2018 10 04 19 50  11 11.3 13.6  2.11  6.67  5.49 999 1023.0  11.3  18.2   6.2 99.0 99.00
2018 10 04 20 50  14 11.2 14.0  2.07  7.69  5.53 999 1022.5  11.4  18.2   6.5 99.0 99.00
2018 10 04 21 50  10 11.4 14.0  2.20  7.69  5.73 999 1022.6  11.5  18.1   6.5 99.0 99.00
2018 10 04 22 50  11 10.6 12.9  2.02  6.67  5.62 999 1022.8  11.8  18.0   6.8 99.0 99.00
2018 10 04 23 50  22  9.4 12.0  1.90  7.14  5.34 999 1022.9  12.0  18.0   7.0 99.0 99.00
2018 10 05 00 50  33  8.7 10.7  1.82  7.14  5.28 999 1023.0  12.4  17.9   7.2 99.0 99.00
2018 10 05 01 50  43  7.9 10.3  1.70  7.14  5.16 999 1023.2  13.3  17.9   7.1 99.0 99.00
2018 10 05 02 50  54  9.8 11.9  1.59  6.25  4.93 999 1022.7  12.8  17.8   7.0 99.0 99.00
2018 10 05 03 50  70 10.6 12.6  1.56  6.25  4.77 999 1022.2  12.1  17.8   7.2 99.0 99.00
2018 10 05 04 50  82 10.8 12.5  1.51  5.88  4.42 999 1021.3  12.3  17.8   8.0 99.0 99.00
2018 10 05 05 50  89 11.2 14.1  1.47  5.88  4.31 999 1020.9  12.1  17.8   7.2 99.0 99.00
2018 10 05 06 50  96 10.4 12.5  1.66  4.76  4.39 999 1020.9  12.1  17.7   7.6 99.0 99.00
2018 10 05 07 50  92 10.5 12.5  1.50  5.26  4.46 999 1019.8  12.0  17.7   7.7 99.0 99.00
2018 10 05 08 50  98 10.8 13.6  1.56  4.76  4.41 999 1019.2  12.0  17.7   8.9 99.0 99.00
2018 10 05 09 50 101 12.0 14.5  1.52  5.26  4.30 999 1017.8  12.1  17.7   9.0 99.0 99.00
2018 10 05 10 50 106 11.5 13.5  1.49  5.00  4.28 999 1017.9  11.9  17.7   9.0 99.0 99.00
2018 10 05 11 50 108 11.4 13.8  1.58  5.26  4.37 999 1018.0  11.8  17.6   8.7 99.0 99.00
2018 10 05 12 50 110 10.6 12.3  1.64  5.26  4.44 999 1017.8  12.0  17.5   9.5 99.0 99.00
2018 10 05 13 50  95  8.6 10.4  1.65  5.26  4.46 999 1018.2  11.7  17.5   9.2 99.0 99.00
2018 10 05 14 50  94  9.2 10.9  1.38  5.26  4.23 999 1017.1  11.2  17.5   9.7 99.0 99.00
2018 10 05 15 50 115  8.6 10.2  1.30  5.00  4.27 999 1016.5  11.5  17.4  10.5 99.0 99.00
2018 10 05 16 50 130  8.1  9.8  1.29  4.76  4.17 999 1015.7  12.5  17.4  11.4 99.0 99.00
2018 10 05 17 50 134  7.8  8.8  1.05  4.76  4.17 999 1014.7  13.2  17.4  12.3 99.0 99.00
2018 10 05 18 50 147  6.8  8.1  1.01  4.76  4.08 999 1013.8  14.0  17.3  13.2 99.0 99.00
2018 10 05 19 50 169  6.0  7.3  0.93  4.35  3.99 999 1013.8  14.7  17.3  14.0 99.0 99.00
2018 10 05 20 50 168  5.6  6.9  0.84  4.76  3.96 999 1013.6  15.4  17.2  14.7 99.0 99.00
2018 10 05 21 50 185  6.0  7.1  0.82  4.76  4.02 999 1013.5  16.4  17.2  15.5 99.0 99.00
2018 10 05 22 50 198  6.0  6.9  0.76  4.76  3.90 999 1014.1  16.3  17.2  15.5 99.0 99.00
2018 10 05 23 50 170  3.3  4.3  0.64  4.55  3.78 999 1013.8  16.3  17.3  15.8 99.0 99.00
2018 10 06 00 50 170  3.7  4.3  0.53  4.55  3.68 999 1014.1  16.7  17.4  16.2 99.0 99.00
2018 10 06 01 50 229  4.2  5.2  0.48  4.17  3.59 999 1015.2  16.7  17.5  16.2 99.0 99.00
2018 10 06 02 50 227  2.3  3.6  0.39  3.85  3.39 999 1014.9  16.6  17.5  16.2 99.0 99.00
2018 10 06 03 50 259  3.3  4.3  0.37  3.85  3.38 999 1014.8  16.5  17.5  15.8 99.0 99.00
2018 10 06 04 50 151  4.7  5.4  0.29  3.85  3.23 999 1013.0  16.7  17.5  16.1 99.0 99.00
2018 10 06 05 50 176  5.6  7.1  0.32  2.47  2.83 999 1013.5  17.1  17.5  16.5 99.0 99.00
2018 10 06 06 50 184  5.4  6.5  0.34  3.23  2.78 999 1012.6  17.4  17.5  16.9 99.0 99.00
2018 10 06 07 50 222  3.4  4.2  0.32  2.74  2.77 999 1013.1  17.7  17.5  17.3 99.0 99.00
2018 10 06 08 50 298  6.0 10.2  0.26  2.74  2.77 999 1014.1  17.2  17.5  16.8 99.0 99.00
2018 10 06 09 50 159  2.9  4.7  0.28  2.74  2.75 999 1012.8  17.8  17.4  17.0 99.0 99.00
2018 10 06 10 50 173  4.0  4.8  0.23 99.00  2.69 999 1012.4  18.4  17.4  17.4 99.0 99.00
2018 10 06 11 50 227  2.1  2.7 99.00 99.00 99.00 999 1013.1  18.7  17.4  17.5 99.0 99.00
2018 10 06 12 50 136  4.6  5.5  0.19 99.00  2.86 999 1013.2  17.8  17.4  17.2 99.0 99.00
2018 10 06 13 50 172  1.9  3.1  0.14 99.00  2.92 999 1014.0  17.8  17.4  17.3 99.0 99.00
2018 10 06 14 50 342  8.4  9.8  0.20 99.00  2.53 999 1014.8  15.8  17.3  14.6 99.0 99.00
2018 10 06 15 50   3  6.8  7.9 99.00 99.00 99.00 999 1015.1  15.3  17.2  13.8 99.0 99.00
2018 10 06 16 50 358  8.4  9.5  0.60  3.33  3.08 999 1015.8  15.0  17.2  13.4 99.0 99.00
2018 10 06 17 50 350  8.2  9.7  0.80  3.70  3.34 999 1016.8  14.7  17.2  12.9 99.0 99.00
2018 10 06 18 50 345  9.3 11.1  0.81  4.35  3.48 999 1016.8  14.9  17.4  12.5 99.0 99.00
2018 10 06 19 50 358  7.5  8.8  0.91  4.35  3.65 999 1016.5  14.4  17.5  11.8 99.0 99.00
2018 10 06 20 50  13  8.5 10.4  0.96  4.55  3.85 999 1015.8  14.3  17.5  11.0 99.0 99.00
2018 10 06 21 50   8  8.7 10.7  1.07  4.76  4.01 999 1017.3  14.4  17.5  10.5 99.0 99.00
2018 10 06 22 50  15  9.0 11.2  1.08  4.76  4.13 999 1017.8  14.3  17.5  10.9 99.0 99.00
2018 10 06 23 50  18  8.0  9.2  1.06  5.26  4.22 999 1019.3  14.3  17.4  10.6 99.0 99.00
2018 10 07 00 50  15  8.6 10.1  1.04  5.56  4.23 999 1019.6  14.2  17.3  10.3 99.0 99.00
2018 10 07 01 50  10  8.6 10.0  1.21  5.26  4.55 999 1020.8  14.5  17.2  10.5 99.0 99.00
2018 10 07 02 50  23  8.2  9.5  1.14  5.00  4.39 999 1021.1  14.4  17.1  10.8 99.0 99.00
2018 10 07 03 50  31  7.9  9.7  1.17  5.88  4.47 999 1020.8  14.3  17.0  10.5 99.0 99.00
2018 10 07 04 50  34  8.4  9.8  1.12  5.56  4.34 999 1020.9  14.1  17.1  11.2 99.0 99.00
2018 10 07 05 50  41  9.5 11.0  1.27  5.56  4.46 999 1021.2  14.1  17.2   9.1 99.0 99.00
2018 10 07 06 50  42 10.4 12.1  1.38  5.56  4.53 999 1020.9  13.7  17.2   8.9 99.0 99.00
2018 10 07 07 50  50  9.5 11.3  1.27  5.26  4.41 999 1020.7  13.3  17.2   9.6 99.0 99.00
2018 10 07 08 50  47  8.5 10.4  1.35  5.00  4.32 999 1021.3  12.9  17.2   9.7 99.0 99.00
2018 10 07 09 50  54  6.9  7.9  1.17  5.56  4.25 999 1022.3  12.9  17.2  10.6 99.0 99.00
2018 10 07 10 50  52  8.2  9.9  1.14  5.26  4.14 999 1022.1  12.7  17.1  10.6 99.0 99.00
2018 10 07 11 50  48  8.3 10.2  1.00  4.76  3.89 999 1022.1  12.8  17.1  11.0 99.0 99.00
2018 10 07 12 50  53  7.6  9.2  1.02  5.56  3.98 999 1023.0  12.6  17.2  10.9 99.0 99.00
2018 10 07 13 50  43  7.9  9.4  1.11  5.88  4.12 999 1023.4  12.6  17.2  10.8 99.0 99.00
2018 10 07 14 50  41  9.1 11.0  1.04  6.25  4.07 999 1023.4  12.5  17.2  10.8 99.0 99.00
2018 10 07 15 50  49  8.5  9.8  1.05  6.25  4.02 999 1023.9  12.3  17.1  10.6 99.0 99.00
2018 10 07 16 50  54  8.0  9.2  1.02  6.25  4.04 999 1023.7  12.4  16.9  10.9 99.0 99.00
2018 10 07 17 50  63  7.7  9.2  1.01  5.56  4.15 999 1023.3  12.9  16.7  11.4 99.0 99.00
2018 10 07 18 50  54  7.0  8.2  0.93  5.26  4.04 999 1023.0  13.0  16.6  11.8 99.0 99.00
2018 10 07 19 50  63  7.5  8.9  0.98  5.56  4.21 999 1022.4  13.3  16.6  12.4 99.0 99.00
2018 10 07 20 50  60  7.1  8.5  0.96  5.00  4.11 999 1022.6  13.5  16.7  12.6 99.0 99.00
2018 10 07 21 50  68  7.5  8.6  0.94  5.88  4.16 999 1022.3  14.0  16.8  12.9 99.0 99.00
2018 10 07 22 50  68  7.7  8.9  0.97  4.17  4.10 999 1022.1  13.9  17.0  13.1 99.0 99.00
2018 10 07 23 50  68  7.6  9.0  1.08  5.00  4.32 999 1022.2  14.2  17.0  13.4 99.0 99.00
2018 10 08 00 50  81  7.3  8.6  1.14  4.35  4.28 999 1022.2  14.7  17.0  13.8 99.0 99.00
2018 10 08 01 50  86  8.6  9.8  1.08  4.55  4.21 999 1021.8  14.8  17.0  13.9 99.0 99.00
2018 10 08 02 50  79  9.1 10.7  1.18  4.55  4.24 999 1021.1  14.9  17.1  14.0 99.0 99.00
2018 10 08 03 50  87  9.2 11.0  1.18  4.55  4.27 999 1020.9  15.1  17.1  14.1 99.0 99.00
2018 10 08 04 50  99  9.6 11.1  1.13  4.55  4.08 999 1020.5  15.3  17.1  14.4 99.0 99.00
2018 10 08 05 50 102  9.9 12.0  1.19  4.76  4.11 999 1019.8  15.5  17.0  14.8 99.0 99.00
2018 10 08 06 50 103 10.2 12.2  1.15  4.55  4.02 999 1019.1  15.9  17.0  15.1 99.0 99.00
2018 10 08 07 50 117  7.2  8.7  1.01  4.35  3.82 999 1019.6  16.0  17.0  15.6 99.0 99.00
2018 10 08 08 50 127  8.5 10.0  1.01  4.35  3.71 999 1018.8  16.4  16.8  15.9 99.0 99.00
2018 10 08 09 50 125  7.3  8.6  0.85  3.85  3.43 999 1018.9  16.4  16.7  16.1 99.0 99.00
2018 10 08 10 50 129  7.5  8.5  0.75  3.70  3.38 999 1018.6  16.5  16.7  16.2 99.0 99.00
2018 10 08 11 50 132  7.5  8.9  0.70  3.45  3.31 999 1018.6  16.7  16.7  16.4 99.0 99.00
2018 10 08 12 50 142  6.7  8.0  0.66  3.70  3.37 999 1018.7  16.8  16.9  16.4 99.0 99.00
2018 10 08 13 50 147  7.3  8.6  0.61  3.57  3.35 999 1018.4  17.3  17.0  16.6 99.0 99.00
2018 10 08 14 50 156  8.7 10.8  0.75  4.00  3.56 999 1018.3  17.7  17.0  16.8 99.0 99.00
2018 10 08 15 50 159  7.5  8.5  0.98  4.76  3.80 999 1018.3  17.7  17.0  16.9 99.0 99.00
2018 10 08 16 50 164  7.4  8.7  0.80  4.55  3.66 999 1018.1  18.3  17.0  17.3 99.0 99.00
2018 10 08 17 50 169  6.9  7.9  0.75  4.55  3.65 999 1017.6  18.8  17.0  17.5 99.0 99.00
2018 10 08 18 50 165  6.4  7.1  0.62  4.35  3.54 999 1017.1  19.3  17.1  17.9 99.0 99.00
2018 10 08 19 50 162  5.2  5.9  0.54  4.00  3.50 999 1016.8  19.6  17.2  18.1 99.0 99.00
2018 10 08 20 50 154  4.0  4.5  0.43  4.00  3.50 999 1016.4  19.5  17.3  18.0 99.0 99.00
2018 10 08 21 50 146  5.0  5.7  0.38  3.85  3.42 999 1016.3  19.9  17.3  18.2 99.0 99.00
2018 10 08 22 50 152  5.5  6.1  0.33  3.33  3.35 999 1016.1  19.9  17.3  18.1 99.0 99.00
2018 10 08 23 50 157  5.8  6.4  0.29  3.45  3.11 999 1015.9  20.2  17.3  17.9 99.0 99.00
2018 10 09 00 50 164  5.5  6.4  0.35  2.94  2.95 999 1015.9  20.1  17.3  17.4 99.0 99.00
2018 10 09 01 50 167  6.2  7.0  0.37  3.13  2.96 999 1016.1  20.1  17.3  17.0 99.0 99.00
2018 10 09 02 50 169  6.5  7.3 99.00 99.00 99.00 999 1016.3  20.0  17.2  17.0 99.0 99.00
2018 10 09 03 50 168  7.0  7.8  0.40  3.13  2.93 999 1016.4  20.2  17.1  17.0 99.0 99.00
2018 10 09 04 50 170  7.0  7.7  0.50  3.03  2.98 999 1016.3  19.7  17.1  17.1 99.0 99.00
2018 10 09 05 50 167  6.9  7.6  0.50  3.13  2.93 999 1016.2  19.5  17.1  17.3 99.0 99.00
2018 10 09 06 50 170  6.5  7.2  0.44  3.23  2.91 999 1016.5  19.4  17.1  17.4 99.0 99.00
2018 10 09 07 50 172  7.2  8.1  0.51  3.23  3.02 999 1016.2  19.4  17.2  17.5 99.0 99.00
2018 10 09 08 50 173  5.9  6.4  0.55  3.45  3.06 999 1016.4  19.1  17.1  17.5 99.0 99.00
2018 10 09 09 50 175  6.5  7.9  0.47  3.57  3.09 999 1016.5  19.2  17.1  17.6 99.0 99.00
2018 10 09 10 50 172  6.5  7.4  0.49  3.57  3.08 999 1016.5  19.2  17.1  17.7 99.0 99.00
2018 10 09 11 50 182  6.2  7.2  0.51  3.57  3.26 999 1016.6  19.4  17.1  17.9 99.0 99.00
2018 10 09 12 50 165  6.1  7.1  0.48  3.70  3.35 999 1016.8  19.1  17.1  17.8 99.0 99.00
2018 10 09 13 50 159  5.4  6.5  0.43  3.57  3.26 999 1016.9  19.0  17.1  17.7 99.0 99.00
2018 10 09 14 50 163  5.5  6.3  0.44  3.45  3.32 999 1016.8  18.9  17.2  17.7 99.0 99.00
2018 10 09 15 50 161  6.2  7.1  0.42  3.70  3.28 999 1016.6  19.2  17.2  17.9 99.0 99.00
2018 10 09 16 50 159  6.0  6.7  0.43  3.57  3.28 999 1016.0  19.3  17.3  17.8 99.0 99.00
2018 10 09 17 50 153  5.8  6.5  0.42  3.57  3.14 999 1015.4  19.3  17.4  17.9 99.0 99.00
2018 10 09 18 50 154  5.0  5.6  0.38  3.23  2.97 999 1014.9  19.5  17.5  17.9 99.0 99.00
2018 10 09 19 50 139  3.9  4.4  0.29  3.13  2.84 999 1014.5  19.6  17.6  17.9 99.0 99.00
2018 10 09 20 50 130  4.8  5.2  0.26  2.94  2.74 999 1013.5  20.0  17.7  18.0 99.0 99.00
2018 10 09 21 50 123  4.4  4.9  0.23 99.00  2.77 999 1012.8  20.2  17.7  18.1 99.0 99.00
2018 10 09 22 50 125  4.4  4.9  0.22 99.00  2.73 999 1012.4  20.1  17.6  18.0 99.0 99.00
2018 10 09 23 50 119  4.4  5.2  0.18 99.00  2.64 999 1012.5  19.7  17.6  17.8 99.0 99.00
2018 10 10 00 50 138  4.2  4.5  0.14 99.00  2.59 999 1012.3  19.8  17.6  17.5 99.0 99.00
2018 10 10 01 50 144  5.2  6.0  0.15 99.00  2.65 999 1012.2  20.1  17.5  17.6 99.0 99.00
2018 10 10 02 50 145  6.5  7.3  0.21 99.00  2.52 999 1011.7  20.5  17.5  17.5 99.0 99.00
2018 10 10 03 50 145  6.5  7.7  0.35  2.94  2.81 999 1011.1  20.2  17.5  17.4 99.0 99.00
2018 10 10 04 50 149  7.0  7.8  0.42  3.03  2.98 999 1010.8  20.1  17.5  17.3 99.0 99.00
2018 10 10 05 50 149  7.4  8.7  0.45  3.45  3.19 999 1010.3  20.0  17.4  17.4 99.0 99.00
2018 10 10 06 50 151  7.7  8.7  0.56  3.85  3.40 999 1009.9  19.8  17.4  17.4 99.0 99.00
2018 10 10 07 50 154  8.3 10.1  0.65  4.00  3.48 999 1009.3  19.7  17.3  17.4 99.0 99.00
2018 10 10 08 50 155  7.3  8.4  0.70  4.00  3.58 999 1009.0  19.3  17.3  17.2 99.0 99.00
2018 10 10 09 50 151  6.5  7.5  0.64  4.17  3.58 999 1008.7  19.0  17.3  17.2 99.0 99.00
2018 10 10 10 50 153  7.9  9.2  0.70  4.17  3.49 999 1008.0  19.2  17.3  17.1 99.0 99.00
2018 10 10 11 50 150  7.7  8.8  0.72  4.35  3.58 999 1007.7  19.2  17.4  17.2 99.0 99.00
2018 10 10 12 50 149  8.2  9.2  0.74  4.17  3.54 999 1007.3  19.1  17.3  17.1 99.0 99.00
2018 10 10 13 50 150  8.5 10.0  0.80  4.35  3.52 999 1006.9  19.0  17.3  17.0 99.0 99.00
2018 10 10 14 50 154  8.6  9.7  0.82  4.00  3.47 999 1006.3  19.1  17.3  17.1 99.0 99.00
2018 10 10 15 50 158  8.7  9.6  0.90  4.35  3.52 999 1005.6  19.1  17.3  17.3 99.0 99.00
2018 10 10 16 50 161 10.0 11.9  1.07  4.55  3.79 999 1005.0  18.4  17.3  17.8 99.0 99.00
2018 10 10 17 50 151  9.9 11.4  1.08  4.55  3.81 999 1004.0  18.6  17.3  17.8 99.0 99.00
2018 10 10 18 50 146  9.1 10.4  1.18  4.55  3.95 999 1002.8  18.5  17.3  18.0 99.0 99.00
2018 10 10 19 50 150  9.0 11.2  1.01  4.76  3.98 999 1002.1  18.5  17.3  18.0 99.0 99.00
2018 10 10 20 50 169  6.0  7.3  0.92  4.55  3.88 999 1002.1  18.4  17.3  18.1 99.0 99.00
2018 10 10 21 50 174  8.9 10.4  0.86  4.76  3.80 999 1001.2  18.6  17.3  18.2 99.0 99.00
2018 10 10 22 50 184  6.5  7.8  0.95  5.00  4.05 999 1001.1  18.3  17.3  17.8 99.0 99.00
2018 10 10 23 50 196  7.5  8.6  0.86  4.76  3.89 999 1001.1  18.4  17.2  17.6 99.0 99.00
2018 10 11 00 50 187  7.6  8.9  0.66  4.55  3.68 999 1001.4  18.4  17.2  17.4 99.0 99.00
2018 10 11 01 50 229  8.9 11.0  0.82  4.35  3.77 999 1002.0  18.8  17.2  17.0 99.0 99.00
2018 10 11 02 50 258 13.5 17.4  0.85  4.35  3.61 999 1002.6  17.0  17.2  13.3 99.0 99.00
2018 10 11 03 50 261 14.0 16.6  1.35  5.00  4.15 999 1003.7  14.9  17.1  10.7 99.0 99.00
2018 10 11 04 50 264 13.2 15.6  1.84  5.88  4.86 999 1004.4  13.6  17.0  10.2 99.0 99.00
2018 10 11 05 50 260 13.5 17.7  2.20  6.25  5.21 999 1005.2  12.6  16.9   8.1 99.0 99.00
2018 10 11 06 50 252 12.2 14.3  2.12  6.25  5.12 999 1006.1  11.7  16.8   7.1 99.0 99.00
2018 10 11 07 50 257 12.2 14.6  1.99  5.88  4.88 999 1006.4  11.3  16.7   6.6 99.0 99.00
2018 10 11 08 50 252 13.3 16.8  1.90  6.25  4.83 999 1006.7  10.6  16.7   6.0 99.0 99.00
2018 10 11 09 50 259 11.3 13.9  2.07  5.88  4.91 999 1007.4  10.5  16.6   6.1 99.0 99.00
2018 10 11 10 50 272 12.6 15.7  1.97  6.25  4.82 999 1008.1  10.1  16.5   5.1 99.0 99.00
2018 10 11 11 50 274 13.4 16.9  1.89  5.56  4.67 999 1008.7   8.9  16.5   4.4 99.0 99.00
2018 10 11 12 50 273 12.2 15.4  2.23  5.88  4.92 999 1009.7   8.3  16.5   4.2 99.0 99.00
2018 10 11 13 50 269 12.4 16.1  2.08  5.88  4.98 999 1010.5   7.8  16.5   4.2 99.0 99.00
2018 10 11 14 50 279 11.6 17.1  2.20  5.88  5.08 999 1010.8   7.6  16.5   3.7 99.0 99.00
2018 10 11 15 50 279 10.3 12.4  1.75  5.88  4.79 999 1011.5   7.7  16.5   3.5 99.0 99.00
2018 10 11 16 50 284 11.6 15.1  1.86  5.56  4.81 999 1011.8   8.1  16.4   2.9 99.0 99.00
2018 10 11 17 50 281 11.3 13.8  1.76  5.88  4.80 999 1012.1   8.4  16.4   2.8 99.0 99.00
2018 10 11 18 50 286 10.9 13.8  1.51  5.56  4.58 999 1012.0   8.7  16.4   2.5 99.0 99.00
2018 10 11 19 50 294 10.8 13.2  1.41  5.56  4.53 999 1012.3   8.9  16.4   2.4 99.0 99.00
2018 10 11 20 50 287 10.2 12.4  1.66  5.26  4.79 999 1012.7   9.1  16.4   2.6 99.0 99.00
2018 10 11 21 50 297 10.4 13.6  1.54  5.56  4.67 999 1013.1   9.3  16.4   2.7 99.0 99.00
2018 10 11 22 50 297  9.2 11.6  1.81  6.25  4.80 999 1013.7   9.5  16.3   2.9 99.0 99.00
2018 10 11 23 50 293 10.1 13.7  1.57  6.25  4.64 999 1014.1   9.3  16.3   2.6 99.0 99.00
2018 10 12 00 50 309 10.9 13.7  1.68  5.88  4.81 999 1014.4   8.6  16.3   2.3 99.0 99.00
2018 10 12 01 50 308 10.1 12.2  1.62  5.56  4.69 999 1015.0   8.0  16.2   1.3 99.0 99.00
2018 10 12 02 50 302  9.1 12.4  1.72  6.25  4.81 999 1015.2   8.0  16.2   2.2 99.0 99.00
2018 10 12 03 50 315  9.9 12.0  1.55  5.56  4.71 999 1015.4   7.9  16.2   2.2 99.0 99.00
2018 10 12 04 50 312  9.8 12.1  1.44  6.25  4.52 999 1015.7   7.3  16.1   1.3 99.0 99.00
2018 10 12 05 50 314  9.0 11.4  1.51  5.88  4.75 999 1015.9   7.3  16.1   1.4 99.0 99.00
2018 10 12 06 50 302  7.5 11.3  1.40  5.56  4.55 999 1016.2   7.2  16.1   1.3 99.0 99.00
2018 10 12 07 50 308  6.2  7.8  1.18  5.88  4.32 999 1016.3   7.2  16.1   1.2 99.0 99.00
2018 10 12 08 50 311  8.9 12.4  1.22  5.56  4.19 999 1016.4   6.7  16.0   1.2 99.0 99.00
2018 10 12 09 50 322  8.2 10.3  1.26  5.56  4.36 999 1016.2   6.5  16.0   0.9 99.0 99.00
2018 10 12 10 50 321  8.1 10.5  1.13  5.56  4.17 999 1015.8   6.6  16.0   1.6 99.0 99.00
2018 10 12 11 50 305  5.8  8.3  1.03  5.00  4.14 999 1015.9   6.2  16.0   0.1 99.0 99.00
2018 10 12 12 50 291  4.9  6.7  0.95  5.26  4.20 999 1015.9   6.3  15.9   1.2 99.0 99.00
2018 10 12 13 50 322  6.7  8.5  0.97  5.26  4.28 999 1016.3   6.3  15.9   1.1 99.0 99.00
2018 10 12 14 50 319  5.4  8.2  0.77  5.56  4.08 999 1016.2   6.4  15.9   1.0 99.0 99.00
2018 10 12 15 50 335  3.3  5.0  0.76  5.26  4.06 999 1015.6   6.4  15.9   1.0 99.0 99.00
2018 10 12 16 50 296  3.2  5.1  0.67  5.00  4.08 999 1015.9   6.4  15.9   1.2 99.0 99.00
2018 10 12 17 50 271  5.6  8.1  0.63  5.00  3.89 999 1014.7   6.4  15.9   1.9 99.0 99.00
2018 10 12 18 50 241  5.7  7.9  0.61  5.00  3.65 999 1013.9   6.5  15.9   1.7 99.0 99.00
2018 10 12 19 50 247  6.6  9.0  0.54  5.00  3.47 999 1012.8   7.0  15.9   2.4 99.0 99.00
2018 10 12 20 50 260  7.0  9.0  0.64  2.86  3.46 999 1012.5   6.7  15.9   2.0 99.0 99.00
2018 10 12 21 50 277  7.8 10.1  0.69  3.45  3.39 999 1011.9   6.8  15.9   1.1 99.0 99.00
2018 10 12 22 50 263  7.3  9.7  0.76  3.57  3.52 999 1011.7   7.1  15.9   0.8 99.0 99.00
2018 10 12 23 50 270  7.2  9.1  0.79  4.00  3.55 999 1011.6   7.4  15.8   1.4 99.0 99.00
2018 10 13 00 50 278  8.6 11.6  0.72  3.57  3.41 999 1011.9   7.5  15.8   1.5 99.0 99.00
2018 10 13 01 50 289  8.1 12.2  0.79  3.85  3.44 999 1012.2   7.1  15.8   1.0 99.0 99.00
2018 10 13 02 50 298  8.5 10.9  0.94  4.00  3.66 999 1012.4   7.3  15.8   1.9 99.0 99.00
2018 10 13 03 50 296  8.1 11.3  1.17  4.35  4.06 999 1012.5   7.2  15.7   0.6 99.0 99.00
2018 10 13 04 50 310  8.6 11.0  0.96  4.55  3.79 999 1012.7   6.8  15.8  -0.1 99.0 99.00
2018 10 13 05 50 322  8.7 10.7  1.16  4.76  4.05 999 1013.1   6.4  15.8  -0.5 99.0 99.00
2018 10 13 06 50 322  7.9 10.5  1.14  4.76  4.04 999 1013.7   6.1  15.9  -1.0 99.0 99.00
2018 10 13 07 50 321  7.7  9.7  1.14  5.26  4.15 999 1014.2   6.2  15.9  -0.7 99.0 99.00
2018 10 13 08 50 325  8.1  9.8  1.11  5.26  4.16 999 1014.4   6.3  15.9   0.0 99.0 99.00
2018 10 13 09 50 319  6.8  9.6  1.02  5.00  4.18 999 1014.9   6.3  15.9  -0.1 99.0 99.00
2018 10 13 10 50 305  5.5  7.3  0.94  5.26  4.07 999 1015.1   6.3  15.8  -0.3 99.0 99.00
2018 10 13 11 50 301  4.9  7.0  0.77  5.26  3.96 999 1015.6   6.5  15.8   0.0 99.0 99.00
2018 10 13 12 50 309  4.0  6.1  0.76  5.26  4.09 999 1016.0   6.5  15.8  -0.4 99.0 99.00
2018 10 13 13 50 281  3.7  5.6  0.62  4.35  3.78 999 1016.8   6.6  15.8   0.1 99.0 99.00
2018 10 13 14 50 281  3.1  4.6  0.58  4.76  3.75 999 1016.8   7.0  15.8  -0.9 99.0 99.00
2018 10 13 15 50 227  5.4  7.3  0.53  5.00  3.69 999 1017.0   7.4  15.7   0.0 99.0 99.00
2018 10 13 16 50 218  6.8  8.9  0.47  4.55  3.49 999 1017.2   7.8  15.7   0.2 99.0 99.00
2018 10 13 17 50 225  6.8  9.3  0.52  2.74  3.08 999 1016.8   8.1  15.7   1.2 99.0 99.00
2018 10 13 18 50 208  6.7  9.0  0.57  3.13  3.05 999 1016.3   8.5  15.7   1.2 99.0 99.00
2018 10 13 19 50 216  6.1  7.6  0.61  3.45  3.18 999 1015.9   9.0  15.7   1.8 99.0 99.00
2018 10 13 20 50 205  7.2  9.7  0.57  3.57  3.25 999 1015.4   9.6  15.8   2.4 99.0 99.00
2018 10 13 21 50 192  7.2  9.2  0.64  3.70  3.46 999 1015.2  10.2  15.8   3.5 99.0 99.00
2018 10 13 22 50 205  6.9  9.4  0.65  4.00  3.44 999 1014.9  10.9  15.8   4.0 99.0 99.00
2018 10 13 23 50 203  8.1 10.9  0.75  4.00  3.62 999 1015.0  11.3  15.8   4.4 99.0 99.00
2018 10 14 00 50 200  9.4 11.2  0.85  4.55  3.77 999 1015.2  11.9  15.8   5.1 99.0 99.00
2018 10 14 01 50 206  9.5 11.5  1.03  4.55  3.90 999 1015.4  11.6  15.8   5.3 99.0 99.00
2018 10 14 02 50 219  9.6 11.9  1.10  5.00  4.01 999 1015.5  11.4  15.8   5.6 99.0 99.00
2018 10 14 03 50 216  9.2 11.6  1.17  4.76  4.16 999 1015.8  10.8  15.8   5.5 99.0 99.00
2018 10 14 04 50 226  9.1 11.6  1.23  5.00  4.16 999 1016.2  10.6  15.8   5.7 99.0 99.00
2018 10 14 05 50 227  8.7 11.1  1.11  5.00  4.06 999 1016.0  10.6  15.8   5.8 99.0 99.00
2018 10 14 06 50 246  8.2 10.0  1.05  5.26  3.93 999 1016.3  10.4  15.7   5.5 99.0 99.00
2018 10 14 07 50 251  8.0  9.3  1.05  5.00  3.87 999 1016.7   9.6  15.7   5.5 99.0 99.00
2018 10 14 08 50 242  7.5  9.6  0.91  4.76  3.75 999 1016.8   9.5  15.7   5.7 99.0 99.00
2018 10 14 09 50 237  6.3  7.9  0.79  4.76  3.62 999 1016.9   9.6  15.7   5.8 99.0 99.00
2018 10 14 10 50 231  5.5  7.8  0.71  4.17  3.56 999 1017.3   9.8  15.6   5.1 99.0 99.00
2018 10 14 11 50 230  6.3  7.5  0.70  4.55  3.51 999 1017.3  10.2  15.6   5.6 99.0 99.00
2018 10 14 12 50 232  5.8  6.9  0.57  3.33  3.38 999 1017.7  10.3  15.6   5.7 99.0 99.00
2018 10 14 13 50 227  4.1  5.6  0.56  4.17  3.42 999 1017.9  10.3  15.6   5.7 99.0 99.00
2018 10 14 14 50 208  4.4  6.4  0.46  4.17  3.30 999 1017.9  10.8  15.7   5.0 99.0 99.00
2018 10 14 15 50 189  4.9  6.6  0.41  4.00  3.21 999 1017.6  11.1  15.7   5.9 99.0 99.00
2018 10 14 16 50 179  5.8  6.9  0.39  3.70  3.04 999 1017.4  11.4  15.7   5.7 99.0 99.00
2018 10 14 17 50 182  5.4  7.2  0.47  3.45  3.08 999 1017.1  11.7  15.7   5.8 99.0 99.00
2018 10 14 18 50 178  5.2  6.8  0.47  3.45  3.16 999 1016.4  11.8  15.7   5.6 99.0 99.00
2018 10 14 19 50 181  5.5  7.1  0.46  3.57  3.10 999 1016.0  11.9  15.8   6.0 99.0 99.00
2018 10 14 20 50 176  5.8  7.4  0.44  3.45  3.06 999 1015.4  12.1  15.8   6.5 99.0 99.00
2018 10 14 21 50 194  5.5  6.7  0.47  3.57  3.15 999 1015.4  12.4  15.7   7.0 99.0 99.00
2018 10 14 22 50 238  4.2  5.4  0.43  3.57  3.07 999 1015.3  12.5  15.7   6.6 99.0 99.00
2018 10 14 23 50 263  4.5  5.4  0.34  3.33  3.03 999 1015.2  12.9  15.7   6.8 99.0 99.00
2018 10 15 00 50 267  5.7  7.3  0.27  3.45  3.02 999 1015.3  12.7  15.7   7.7 99.0 99.00
2018 10 15 01 50 284  7.7  9.2  0.36  2.47  2.60 999 1015.6  11.9  15.7   7.1 99.0 99.00
2018 10 15 02 50 279  7.1  8.3  0.62  3.33  3.07 999 1015.7  11.8  15.7   6.8 99.0 99.00
2018 10 15 03 50 281  6.7  8.3  0.54  3.57  3.19 999 1015.5  11.2  15.6   7.2 99.0 99.00
2018 10 15 04 50 298  5.6  6.9  0.57  3.45  3.19 999 1015.0  10.5  15.6   7.7 99.0 99.00
2018 10 15 05 50 300  5.2  6.5  0.49  3.23  3.17 999 1014.2  11.2  15.6   8.4 99.0 99.00
2018 10 15 06 50 322 10.7 12.5  0.73  3.70  3.23 999 1014.1   9.8  15.6   8.5 99.0 99.00
2018 10 15 07 50 318 11.4 13.9  1.13  4.76  3.99 999 1014.7   8.4  15.6   7.0 99.0 99.00
2018 10 15 08 50 315 10.9 13.0  1.40  5.56  4.37 999 1015.3   7.9  15.6   6.2 99.0 99.00
2018 10 15 09 50 321 10.8 14.0  1.61  5.56  4.61 999 1015.7   7.2  15.6   5.1 99.0 99.00
2018 10 15 10 50 320 11.2 14.1  1.56  5.56  4.60 999 1016.3   6.8  15.5   4.3 99.0 99.00
2018 10 15 11 50 317 10.6 13.6  1.73  5.88  4.90 999 1017.1   6.5  15.5   3.8 99.0 99.00
2018 10 15 12 50 322 11.4 14.2  1.62  6.25  4.86 999 1017.6   6.5  15.4   2.9 99.0 99.00
2018 10 15 13 50 315 11.9 14.8  1.85  6.25  4.95 999 1018.7   6.0  15.4   1.2 99.0 99.00
2018 10 15 15 50 302 11.2 13.0  1.78  6.25  4.83 999 1020.6   5.1  15.3  -0.3 99.0 99.00
2018 10 15 16 50 306 10.5 14.1  1.87  6.67  5.05 999 1021.0   5.1  15.3  -0.3 99.0 99.00
2018 10 15 17 50 299  9.0 13.2  1.66  6.67  4.80 999 1021.2   5.6  15.3  -1.6 99.0 99.00
2018 10 15 18 50 295  8.9 10.9  1.53  6.25  4.65 999 1021.3   6.4  15.2  -1.6 99.0 99.00
2018 10 15 19 50 283  8.4 10.6  1.43  6.67  4.66 999 1021.4   6.8  15.3  -1.7 99.0 99.00
2018 10 15 20 50 284  8.4 10.8  1.29  6.25  4.37 999 1021.5   7.5  15.3  -0.9 99.0 99.00
2018 10 15 21 50 287  8.5 10.7  1.29  6.25  4.40 999 1021.9   7.4  15.3  -1.9 99.0 99.00
2018 10 15 22 50 279  7.6  9.6  1.24  5.88  4.36 999 1022.4   7.8  15.3  -1.5 99.0 99.00
2018 10 15 23 50 284  8.2 11.2  1.22  5.88  4.22 999 1022.8   7.7  15.2  -2.1 99.0 99.00
2018 10 16 00 50 280  8.5 10.3  1.17  5.00  4.29 999 1023.2   7.7  15.2  -1.8 99.0 99.00
2018 10 16 01 50 282  8.4 11.0  1.26  4.76  4.22 999 1023.1   7.3  15.2  -1.9 99.0 99.00
2018 10 16 02 50 290  9.4 11.8  1.26  5.26  4.30 999 1023.2   7.4  15.1  -0.8 99.0 99.00
2018 10 16 03 50 285  9.2 11.5  1.25  5.00  4.24 999 1023.1   7.4  15.1  -0.9 99.0 99.00
2018 10 16 04 50 282 10.1 12.3  1.26  4.55  4.20 999 1022.7   7.8  15.1   0.0 99.0 99.00
2018 10 16 05 50 283  9.4 12.3  1.25  4.55  4.15 999 1022.6   8.0  15.1   0.4 99.0 99.00
2018 10 16 06 50 279  9.5 11.8  1.21  5.00  4.19 999 1022.6   8.1  15.0   0.4 99.0 99.00
2018 10 16 07 50 273  9.3 11.6  1.34  4.76  4.25 999 1022.2   8.4  15.0   0.8 99.0 99.00
2018 10 16 08 50 256 10.2 12.2  1.13  4.55  4.04 999 1021.7   8.4  15.0   0.9 99.0 99.00
2018 10 16 09 50 251 10.8 13.1  1.27  4.76  4.14 999 1021.4   8.5  15.0   1.0 99.0 99.00
2018 10 16 10 50 249 11.2 12.7  1.40  5.26  4.34 999 1021.2   8.4  14.9   1.1 99.0 99.00
2018 10 16 11 50 244 12.0 14.6  1.39  5.26  4.41 999 1020.9   8.3  14.9   1.9 99.0 99.00
2018 10 16 12 50 240 12.8 16.7  1.51  5.26  4.38 999 1020.3   8.5  14.9   1.7 99.0 99.00
2018 10 16 13 50 229 13.8 16.1  1.68  5.56  4.76 999 1019.4   8.5  14.9   2.3 99.0 99.00
2018 10 16 14 50 229 13.9 16.7  1.99  6.25  4.86 999 1018.8   8.5  14.9   3.1 99.0 99.00
2018 10 16 15 50 229 14.0 16.8  2.09  6.25  5.03 999 1018.1   8.7  14.9   2.8 99.0 99.00
2018 10 16 16 50 229 14.1 16.8  2.33  6.25  5.19 999 1017.3   9.5  14.9   2.3 99.0 99.00
2018 10 16 17 50 226 13.8 16.5  2.37  6.67  5.25 999 1016.5  10.4  14.9   3.4 99.0 99.00
2018 10 16 18 50 225 13.5 16.1  2.42  6.67  5.36 999 1015.2  11.3  14.9   3.3 99.0 99.00
2018 10 16 19 50 223 12.6 15.0  2.23  6.67  5.24 999 1014.9  12.2  14.9   3.6 99.0 99.00
2018 10 16 20 50 227 11.9 14.1  2.00  7.14  5.15 999 1014.3  13.1  14.9   3.9 99.0 99.00
2018 10 16 21 50 241 11.0 13.2  1.75  6.67  4.87 999 1013.9  14.0  14.9   4.4 99.0 99.00
2018 10 16 22 50 250 10.3 12.4  1.67  5.88  4.98 999 1014.2  14.3  14.8   4.8 99.0 99.00
2018 10 16 23 50 261 10.6 12.3  1.56  5.88  4.66 999 1014.8  14.2  14.8   4.6 99.0 99.00
2018 10 17 00 50 260 10.5 12.8  1.49  5.88  4.62 999 1015.2  14.1  14.8   5.5 99.0 99.00
2018 10 17 01 50 255  9.7 11.8  1.45  5.26  4.54 999 1015.2  14.0  14.8   5.8 99.0 99.00
2018 10 17 02 50 252 10.8 12.1  1.39  5.26  4.50 999 1015.2  14.0  14.8   6.1 99.0 99.00
2018 10 17 03 50 275 11.4 13.6  1.37  5.26  4.38 999 1015.6  13.6  14.7   5.7 99.0 99.00
2018 10 17 04 50 297 10.8 13.2  1.21  5.26  4.22 999 1015.8  13.1  14.7   4.8 99.0 99.00
2018 10 17 05 50 315  9.5 11.4  1.36  4.76  4.21 999 1016.0  12.4  14.6   3.5 99.0 99.00
2018 10 17 06 50 306  9.3 11.0  1.34  4.76  4.29 999 1016.1  11.9  14.6   3.3 99.0 99.00
2018 10 17 07 50 291  9.1 11.2  1.33  5.00  4.21 999 1016.5  11.4  14.6   4.1 99.0 99.00
2018 10 17 08 50 306 10.1 12.3  1.41  5.00  4.26 999 1017.1  11.0  14.6   3.0 99.0 99.00
2018 10 17 09 50 311 11.0 12.9  1.39  4.76  4.13 999 1017.4   9.9  14.6   3.7 99.0 99.00
2018 10 17 10 50 314 12.2 14.3  1.61  5.00  4.44 999 1018.2   9.0  14.6   3.5 99.0 99.00
2018 10 17 11 50 324 12.1 14.2  1.80  5.56  4.60 999 1019.1   8.1  14.5   2.9 99.0 99.00
2018 10 17 12 50 333 12.1 15.1  2.03  5.56  4.90 999 1020.7   7.5  14.5   1.2 99.0 99.00
2018 10 17 13 50 326 11.7 14.5  1.86  6.25  4.77 999 1022.2   7.3  14.4   0.8 99.0 99.00
2018 10 17 14 50 318 11.6 14.8  2.00  5.88  4.92 999 1023.4   7.0  14.3   0.6 99.0 99.00
2018 10 17 15 50 313 10.9 13.5  2.09  6.25  5.15 999 1024.7   6.4  14.2  -0.4 99.0 99.00
2018 10 17 16 50 322 11.6 14.9  1.78  6.25  4.86 999 1025.2   6.2  14.1  -0.2 99.0 99.00
2018 10 17 17 50 316 11.5 13.9  1.83  5.56  4.84 999 1026.0   6.5  14.1  -0.5 99.0 99.00
2018 10 17 18 50 314 10.6 13.2  1.99  6.67  5.13 999 1025.8   7.1  14.1  -0.1 99.0 99.00
2018 10 17 19 50 311  8.7 10.9  1.78  6.67  5.09 999 1026.5   7.2  14.0  -1.0 99.0 99.00
2018 10 17 20 50 313  7.7 10.5  1.57  6.67  4.91 999 1027.0   7.7  14.0  -2.3 99.0 99.00
2018 10 17 21 50 304  8.0 10.7  1.45  6.67  4.89 999 1027.3   8.7  14.0  -3.1 99.0 99.00
2018 10 17 22 50 315  8.7 11.3  1.31  6.25  4.66 999 1027.1   9.5  14.0  -2.1 99.0 99.00
2018 10 17 23 50 319  9.6 12.6  1.32  7.14  4.55 999 1027.8  10.0  14.0  -1.6 99.0 99.00
2018 10 18 00 50 316  9.7 11.8  1.41  6.25  4.62 999 1028.6  10.2  13.9  -1.6 99.0 99.00
2018 10 18 01 50 336  8.3 10.7  1.51  5.88  4.67 999 1029.3  10.0  13.9  -1.9 99.0 99.00
2018 10 18 02 50 334  7.9  9.9  1.44  5.88  4.61 999 1030.2   9.8  14.0  -1.5 99.0 99.00
2018 10 18 03 50 338  6.7  9.4  1.36  5.88  4.60 999 1030.7   9.4  14.0  -2.6 99.0 99.00
2018 10 18 04 50 341  6.3  8.4  1.21  5.56  4.35 999 1031.1   9.2  14.0  -2.6 99.0 99.00
2018 10 18 05 50 344  6.4  8.1  1.16  5.56  4.39 999 1031.5   9.1  14.0  -2.7 99.0 99.00
2018 10 18 06 50 338  6.6  8.4  1.06  5.88  4.21 999 1031.7   8.9  14.0  -3.3 99.0 99.00
2018 10 18 07 50 358  5.6  8.8  1.00  5.56  4.15 999 1031.9   8.8  13.9  -2.0 99.0 99.00
2018 10 18 08 50   5  2.6  4.0  0.86  5.56  4.27 999 1032.2   8.4  13.9  -2.9 99.0 99.00
2018 10 18 09 50  60  0.9  2.5  0.77  5.26  4.12 999 1032.5   8.2  13.8  -2.3 99.0 99.00
2018 10 18 10 50  41  1.4  2.7  0.63  5.00  4.06 999 1032.8   8.3  13.8  -1.7 99.0 99.00
2018 10 18 11 50 125  4.1  5.3  0.65  5.88  4.38 999 1032.9   7.7  13.8   1.7 99.0 99.00
2018 10 18 12 50 156  3.1  4.9  0.65  5.88  4.41 999 1033.2   8.1  13.8   1.5 99.0 99.00
2018 10 18 13 50 171  4.0  5.3  0.66  6.25  4.57 999 1033.3   8.7  13.8   1.9 99.0 99.00
2018 10 18 14 50 209  4.1  6.4  0.66  5.88  4.43 999 1033.3   9.1  13.8   1.5 99.0 99.00
2018 10 18 15 50 246  4.8  6.7  0.61  6.25  4.27 999 1033.3   9.1  13.8  -0.1 99.0 99.00
2018 10 18 16 50 237  5.7  7.6  0.61  6.25  3.80 999 1033.0   9.2  13.9  -1.0 99.0 99.00
2018 10 18 17 50 223  7.4  8.7  0.61  6.25  3.60 999 1032.0   9.7  14.0  -2.9 99.0 99.00
2018 10 18 18 50 226  7.1  9.2  0.67  2.74  3.28 999 1030.9  10.2  14.0  -1.8 99.0 99.00
2018 10 18 19 50 208  7.6  9.1  0.70  3.45  3.30 999 1029.7  11.1  14.1  -0.7 99.0 99.00
2018 10 18 20 50 211  7.6  9.7  0.73  3.45  3.32 999 1028.7  11.7  14.1   0.2 99.0 99.00
2018 10 18 21 50 206  8.3  9.7  0.70  3.57  3.37 999 1027.8  12.4  14.1   0.8 99.0 99.00
2018 10 18 22 50 199  9.1 10.8  0.77  3.70  3.53 999 1027.0  12.7  14.1   2.4 99.0 99.00
2018 10 18 23 50 212  9.6 11.4  0.88  3.70  3.61 999 1026.4  13.5  14.0   2.6 99.0 99.00
2018 10 19 00 50 218 10.0 12.2  1.03  4.35  3.86 999 1026.1  13.7  14.0   2.6 99.0 99.00
2018 10 19 01 50 221 10.2 11.7  1.08  4.76  4.01 999 1025.8  13.7  13.9   3.5 99.0 99.00
2018 10 19 02 50 221 10.1 12.3  1.18  4.76  4.10 999 1025.4  13.6  13.9   4.5 99.0 99.00
2018 10 19 03 50 224  9.6 11.4  1.22  5.00  4.28 999 1024.9  13.6  13.8   4.9 99.0 99.00
2018 10 19 04 50 230 10.6 12.7  1.27  5.26  4.30 999 1024.4  13.4  13.8   4.8 99.0 99.00
2018 10 19 05 50 229  9.4 11.7  1.26  4.76  4.24 999 1023.8  13.2  13.8   5.6 99.0 99.00
2018 10 19 06 50 227  9.5 11.0  1.25  5.26  4.26 999 1023.4  13.1  13.8   5.5 99.0 99.00
2018 10 19 07 50 230  9.8 11.9  1.19  5.00  4.14 999 1022.8  13.0  13.8   6.4 99.0 99.00
2018 10 19 08 50 234 10.1 11.6  1.17  5.56  4.09 999 1022.0  12.9  13.8   5.9 99.0 99.00
2018 10 19 09 50 226  9.1 10.5  1.33  5.26  4.28 999 1021.1  12.9  13.8   6.5 99.0 99.00
2018 10 19 10 50 217  9.7 11.5  1.38  5.26  4.18 999 1020.6  12.5  13.8   6.7 99.0 99.00
2018 10 19 11 50 215 10.3 12.6  1.39  5.26  4.40 999 1019.7  12.2  13.8   5.7 99.0 99.00
2018 10 19 12 50 215  9.7 11.2  1.53  5.26  4.43 999 1018.9  12.1  13.7   5.7 99.0 99.00
2018 10 19 13 50 217 12.1 14.2  1.47  5.56  4.38 999 1018.6  12.0  13.7   5.1 99.0 99.00
2018 10 19 14 50 211 11.2 13.5  1.58  5.26  4.53 999 1016.9  12.1  13.7   5.1 99.0 99.00
2018 10 19 15 50 216 12.4 14.9  1.57  5.56  4.45 999 1016.5  12.1  13.7   4.8 99.0 99.00
2018 10 19 16 50 220 11.6 15.1  1.65  6.25  4.60 999 1015.7  11.9  13.7   5.4 99.0 99.00
2018 10 19 17 50 198 12.0 14.3  1.59  5.88  4.68 999 1013.6  10.6  13.7   7.0 99.0 99.00
2018 10 19 18 50 200 12.6 15.6  1.65  5.88  4.68 999 1011.2  11.6  13.7   7.5 99.0 99.00
2018 10 19 19 50 210 13.4 15.6  1.80  5.88  4.88 999 1009.9  11.8  13.7   7.5 99.0 99.00
2018 10 19 20 50 212 12.9 15.8  2.06  5.88  5.00 999 1008.8  11.9  13.6   7.7 99.0 99.00
2018 10 19 21 50 209 13.8 16.4  2.00  6.25  4.97 999 1008.0  12.1  13.6   8.5 99.0 99.00
2018 10 19 22 50 235 13.8 17.1  1.92  5.88  4.93 999 1008.0  12.2  13.6   9.3 99.0 99.00
2018 10 19 23 50 232 12.1 15.1  1.85  6.25  4.83 999 1008.0  12.2  13.6  10.2 99.0 99.00
2018 10 20 00 50 243 12.7 15.1  1.87  6.25  4.91 999 1007.8  12.6  13.6  10.5 99.0 99.00
2018 10 20 01 50 247 11.1 13.0  1.80  6.25  4.88 999 1007.8  13.1  13.6  10.8 99.0 99.00
2018 10 20 02 50 256 12.4 14.7  1.73  5.56  4.68 999 1007.7  13.3  13.6  10.8 99.0 99.00
2018 10 20 03 50 268 10.9 12.9  1.63  6.25  4.75 999 1008.2  13.3  13.6  10.7 99.0 99.00
2018 10 20 04 50 286  9.4 11.4  1.42  6.25  4.48 999 1008.5  13.4  13.6   9.8 99.0 99.00
2018 10 20 05 50 288  9.1 11.3  1.34  5.26  4.31 999 1008.7  13.4  13.6   8.4 99.0 99.00
2018 10 20 06 50 288  9.7 11.8  1.31  4.35  4.22 999 1008.8  13.0  13.6   7.1 99.0 99.00
2018 10 20 07 50 290 10.1 12.2  1.26  4.55  4.07 999 1008.9  12.8  13.6   6.4 99.0 99.00
2018 10 20 08 50 298 11.2 13.8  1.33  4.55  4.13 999 1008.6  12.6  13.5   5.3 99.0 99.00
2018 10 20 09 50 302 11.8 14.2  1.42  4.76  4.21 999 1008.6  12.0  13.5   5.0 99.0 99.00
2018 10 20 10 50 290 10.4 12.4  1.36  5.26  4.29 999 1008.7  11.4  13.5   5.0 99.0 99.00
2018 10 20 11 50 289 10.1 12.2  1.34  5.26  4.35 999 1008.4  10.9  13.5   5.0 99.0 99.00
2018 10 20 12 50 284 10.8 12.6  1.44  5.00  4.41 999 1008.2  10.8  13.5   4.2 99.0 99.00
2018 10 20 13 50 271 11.2 13.5  1.37  5.26  4.41 999 1007.9  10.8  13.5   5.3 99.0 99.00
2018 10 20 14 50 294 12.7 14.9  1.72  5.26  4.54 999 1007.7   9.9  13.4   4.2 99.0 99.00
2018 10 20 15 50 301 11.5 14.2  1.59  5.56  4.46 999 1007.9   9.8  13.4   3.2 99.0 99.00
2018 10 20 16 50 331 15.2 18.7  1.98  5.26  4.66 999 1008.5   7.3  13.4   3.6 99.0 99.00
2018 10 20 17 50 317 14.7 17.0  2.69  6.25  5.29 999 1009.5   7.2  13.4   1.5 99.0 99.00
2018 10 20 18 50 331 17.1 21.0  2.79  7.14  5.54 999 1010.5   5.6  13.2   2.5 99.0 99.00
2018 10 20 19 50 323 17.0 21.9  3.18  7.14  5.85 999 1012.0   5.0  12.9   2.8 99.0 99.00
2018 10 20 20 50 335 18.2 22.2  3.83  8.33  6.34 999 1014.0   4.5  12.8   3.2 99.0 99.00
2018 10 20 21 50 344 16.9 20.6  4.34  8.33  6.67 999 1016.1   6.1  12.6   1.7 99.0 99.00
2018 10 20 22 50 343 15.7 19.6  3.78  8.33  6.51 999 1018.2   6.1  12.6   0.5 99.0 99.00
2018 10 20 23 50 331 14.5 17.0  4.03  8.33  6.74 999 1020.3   5.8  12.7  -1.6 99.0 99.00
2018 10 21 00 50 342 13.4 17.1  3.51  8.33  6.49 999 1021.8   5.3  12.7  -2.9 99.0 99.00
2018 10 21 01 50 341 12.4 15.9  3.18  9.09  6.57 999 1022.9   5.3  12.6  -2.2 99.0 99.00
2018 10 21 02 50 342 11.3 15.2  3.02  8.33  6.44 999 1023.9   4.8  12.6  -2.1 99.0 99.00
2018 10 21 03 50 335 11.4 16.1  2.85  8.33  6.31 999 1024.7   4.6  12.6  -1.6 99.0 99.00
2018 10 21 04 50 344  8.6 11.8  2.67  8.33  6.29 999 1025.4   3.9  12.6  -2.9 99.0 99.00
2018 10 21 05 50 341  8.6 11.8  2.48  9.09  6.23 999 1025.7   4.2  12.6  -1.4 99.0 99.00
2018 10 21 06 50 342  7.9 10.1  2.41  9.09  6.16 999 1026.1   3.9  12.5  -2.3 99.0 99.00
2018 10 21 07 50 338  6.6  9.5  2.24  9.09  6.17 999 1026.7   3.9  12.4  -2.3 99.0 99.00
2018 10 21 08 50 326  5.7  8.2  2.27  9.09  6.17 999 1026.6   4.0  12.3  -1.7 99.0 99.00
2018 10 21 09 50 303  7.0  9.3  1.89  8.33  5.82 999 1027.0   3.8  12.2  -2.2 99.0 99.00
2018 10 21 10 50 324  4.9  6.6  1.52  8.33  5.49 999 1027.3   3.5  12.3  -2.9 99.0 99.00
2018 10 21 11 50 309  4.6  7.3  1.61  7.69  5.79 999 1027.5   3.4  12.3  -2.8 99.0 99.00
2018 10 21 12 50 300  3.8  5.7  1.30  7.69  5.10 999 1027.6   3.4  12.3  -3.1 99.0 99.00
2018 10 21 13 50 286  2.3  5.3  1.20  7.14  5.11 999 1027.5   3.7  12.3  -2.7 99.0 99.00
2018 10 21 14 50 265  5.9  7.5  0.99  7.14  4.71 999 1027.9   3.8  12.3  -2.1 99.0 99.00
2018 10 21 15 50 244  5.2  7.5  0.92  6.67  4.62 999 1027.5   3.9  12.4  -1.8 99.0 99.00
2018 10 21 16 50 239  4.4  6.8  0.84  6.67  4.42 999 1027.0   4.0  12.4  -1.9 99.0 99.00
2018 10 21 17 50 216  6.4  8.1  0.68  6.25  4.05 999 1025.6   4.4  12.4  -1.7 99.0 99.00
2018 10 21 18 50 217  6.7  8.6  0.69  5.88  3.86 999 1023.9   5.1  12.5  -1.9 99.0 99.00
2018 10 21 19 50 213  6.8  9.1  0.70  3.57  3.82 999 1022.9   6.1  12.5  -1.6 99.0 99.00
2018 10 21 20 50 209  7.8 10.0  0.77  3.85  3.67 999 1021.6   7.2  12.5  -1.7 99.0 99.00
2018 10 21 21 50 197  8.8 10.5  0.83  4.00  3.83 999 1020.2   8.2  12.4  -1.6 99.0 99.00
2018 10 21 22 50 192 10.1 12.8  0.94  3.85  3.63 999 1019.3   9.0  12.2  -0.7 99.0 99.00
2018 10 21 23 50 205 10.2 12.2  1.18  4.35  3.98 999 1019.0   9.8  12.1  -0.3 99.0 99.00
2018 10 22 00 50 214 10.6 12.8  1.32  4.76  4.14 999 1018.8  10.4  12.0  -0.4 99.0 99.00
2018 10 22 01 50 232 10.8 13.5  1.43  4.76  4.18 999 1019.2  10.5  11.9  -0.3 99.0 99.00
2018 10 22 02 50 237 10.7 13.4  1.54  5.26  4.37 999 1019.3  10.4  11.9   0.2 99.0 99.00
2018 10 22 03 50 237 10.5 12.1  1.46  5.56  4.31 999 1019.0  10.1  12.0   0.0 99.0 99.00
2018 10 22 04 50 241  9.7 11.5  1.34  5.56  4.25 999 1018.2  10.3  12.1   1.3 99.0 99.00
2018 10 22 05 50 249  9.6 11.1  1.17  5.88  4.11 999 1017.8  10.1  12.2   1.4 99.0 99.00
2018 10 22 06 50 246  8.8 10.3  1.07  5.56  4.11 999 1017.7   9.8  12.2   2.1 99.0 99.00
2018 10 22 07 50 248  7.9  9.4  1.07  5.56  4.08 999 1017.3   9.7  12.2   2.7 99.0 99.00
2018 10 22 08 50 255  7.3  8.8  0.98  5.26  4.07 999 1017.1   9.5  12.2   2.5 99.0 99.00
2018 10 22 09 50 256  6.9  8.1  0.94  5.26  4.32 999 1017.2   9.6  12.2   3.2 99.0 99.00
2018 10 22 10 50 256  6.2  7.6  0.88  5.26  4.12 999 1017.2   9.6  12.2   3.4 99.0 99.00
2018 10 22 11 50 252  5.8  6.8  0.88  5.26  4.22 999 1017.3   9.5  12.2   3.7 99.0 99.00
2018 10 22 12 50 254  6.1  7.2  0.83  4.55  4.01 999 1017.3   9.5  12.2   3.9 99.0 99.00
2018 10 22 13 50 252  4.1  5.1  0.82  4.55  4.03 999 1017.5   9.4  12.3   3.5 99.0 99.00
2018 10 22 14 50 241  4.1  5.1  0.81  4.76  4.08 999 1017.5   9.2  12.3   3.9 99.0 99.00
2018 10 22 15 50 230  3.1  3.7  0.73  4.35  3.83 999 1017.5   9.2  12.3   3.8 99.0 99.00
2018 10 22 16 50 227  3.6  4.9  0.72  4.00  3.77 999 1017.5   9.2  12.3   3.9 99.0 99.00
2018 10 22 17 50 244  4.2  4.9  0.60  4.00  3.56 999 1017.2   9.2  12.3   4.0 99.0 99.00
2018 10 22 18 50 244  3.6  4.6  0.55  3.70  3.44 999 1017.0   9.4  12.2   3.7 99.0 99.00
2018 10 22 19 50 225  4.2  4.9  0.51  3.85  3.27 999 1016.3  10.1  12.2   4.2 99.0 99.00
2018 10 22 20 50 197  5.4  6.4  0.39  3.70  3.14 999 1015.9  11.0  12.2   5.2 99.0 99.00
2018 10 22 21 50 188  6.2  7.3  0.35  3.57  2.93 999 1015.5  12.0  12.2   7.0 99.0 99.00
2018 10 22 22 50 186  4.9  5.9  0.39  2.74  2.79 999 1015.5  12.3  12.3   8.8 99.0 99.00
2018 10 22 23 50 198  5.5  6.2  0.39  3.45  2.96 999 1015.5  12.8  12.3   9.0 99.0 99.00
2018 10 23 00 50 239  5.5  6.4 99.00 99.00 99.00 999 1015.9  13.3  12.3   8.6 99.0 99.00
2018 10 23 01 50 247  4.8  5.5  0.35  3.33  3.22 999 1015.9  13.1  12.3   8.5 99.0 99.00
2018 10 23 02 50 292  6.1  7.1  0.33  3.70  3.17 999 1016.2  13.2  12.3   7.3 99.0 99.00
2018 10 23 03 50 293  7.3  8.4  0.35  3.57  2.97 999 1016.4  12.9  12.2   6.7 99.0 99.00
2018 10 23 04 50 299  9.2 10.7  0.41  3.03  2.91 999 1016.7  12.9  12.2   4.4 99.0 99.00
2018 10 23 05 50 310 10.2 12.6  0.72  3.45  3.32 999 1017.1  12.1  12.1   3.6 99.0 99.00
2018 10 23 06 50 331 10.2 12.2  0.87  4.17  3.64 999 1017.5  11.5  12.0   3.5 99.0 99.00
2018 10 23 07 50 329 10.9 13.4  1.09  4.55  3.98 999 1018.3  10.7  12.0   3.4 99.0 99.00
2018 10 23 08 50 338 11.0 12.9  1.29  4.76  4.26 999 1019.1  10.0  12.1   3.2 99.0 99.00
2018 10 23 09 50 335 11.7 14.2  1.34  5.00  4.42 999 1019.7   9.5  12.1   2.3 99.0 99.00
2018 10 23 10 50 340 11.5 13.7  1.58  5.26  4.82 999 1020.6   8.8  12.2   2.4 99.0 99.00
2018 10 23 11 50 347 10.5 13.3  1.88  5.56  4.98 999 1021.4   8.4  12.1   3.6 99.0 99.00
2018 10 23 12 50 358 11.1 13.5  1.90  6.25  5.07 999 1022.0   8.5  12.1   4.3 99.0 99.00
2018 10 23 13 50 355 10.5 13.0  2.05  6.25  5.14 999 1023.3   8.2  12.0   2.8 99.0 99.00
2018 10 23 14 50 350  9.9 11.8  2.00  6.25  5.09 999 1024.2   7.9  12.0   3.5 99.0 99.00
2018 10 23 15 50 358  7.9 10.1  1.84  6.67  5.13 999 1025.2   7.8  12.0   3.0 99.0 99.00
2018 10 23 16 50 355  7.2  8.9  1.82  6.67  5.20 999 1025.8   7.5  12.0   2.4 99.0 99.00
2018 10 23 17 50 350  7.1  9.3  1.62  6.25  5.01 999 1026.0   7.4  12.0   2.6 99.0 99.00
2018 10 23 18 50 341  7.2  9.0  1.45  6.25  4.88 999 1026.0   7.6  12.0   2.7 99.0 99.00
2018 10 23 19 50 349  7.6  9.0  1.41  6.67  4.87 999 1026.2   7.7  12.0   2.6 99.0 99.00
2018 10 23 20 50 359  7.4  9.0  1.30  6.25  4.63 999 1026.6   8.0  12.0   2.6 99.0 99.00
2018 10 23 21 50  22  7.0  8.2  1.16  5.56  4.55 999 1026.7   8.2  12.0   2.0 99.0 99.00
2018 10 23 22 50  22  6.9  9.0  1.06  6.25  4.29 999 1026.7   8.3  11.9   3.3 99.0 99.00
2018 10 23 23 50  17  7.2  8.1  1.05  5.88  4.42 999 1027.1   8.4  11.9   2.8 99.0 99.00
2018 10 24 00 50  22  7.2  8.5  1.07  6.25  4.29 999 1027.2   8.6  12.0   2.2 99.0 99.00
2018 10 24 01 50  21  6.2  7.8  0.99  5.88  4.28 999 1027.6   8.7  12.0   2.1 99.0 99.00
2018 10 24 02 50  26  5.6  8.0  0.96  5.00  4.38 999 1027.9   8.8  12.0   2.2 99.0 99.00
2018 10 24 03 50  40  5.1  6.5  0.91  6.25  4.48 999 1028.3   8.5  11.9   2.9 99.0 99.00
2018 10 24 04 50  41  4.3  6.2  1.00  5.88  4.63 999 1028.7   8.3  11.9   2.7 99.0 99.00
2018 10 24 05 50  51  4.5  5.7  0.91  5.88  4.53 999 1028.9   8.2  11.8   2.4 99.0 99.00
2018 10 24 06 50  46  5.0  6.5  0.89  5.88  4.61 999 1029.1   8.0  11.7   2.4 99.0 99.00
2018 10 24 07 50  60  5.2  6.6  0.88  6.67  4.39 999 1029.5   7.7  11.7   3.1 99.0 99.00
2018 10 24 08 50  68  4.6  5.7  0.81  6.25  4.25 999 1029.6   7.4  11.6   2.3 99.0 99.00
2018 10 24 09 50  61  5.1  6.8  0.78  6.25  4.15 999 1029.5   7.3  11.6   2.5 99.0 99.00
2018 10 24 10 50  75  4.4  5.9  0.74  6.25  4.10 999 1030.1   7.0  11.6   2.2 99.0 99.00
2018 10 24 11 50  78  3.2  4.5  0.66  6.25  3.97 999 1030.6   6.8  11.7   1.9 99.0 99.00
2018 10 24 12 50 100  3.1  4.4  0.65  5.88  4.11 999 1031.1   6.9  11.7   1.7 99.0 99.00
2018 10 24 13 50  76  3.4  4.5  0.61  5.56  4.19 999 1031.5   7.0  11.8   2.2 99.0 99.00
2018 10 24 14 50  66  2.8  4.1  0.61  5.00  4.38 999 1031.6   7.3  11.8   2.2 99.0 99.00
2018 10 24 15 50  77  2.2  3.9  0.56  5.88  4.46 999 1031.7   7.2  11.8   2.1 99.0 99.00
2018 10 24 16 50 120  2.1  3.3  0.49  5.88  4.11 999 1031.6   7.2  11.8   1.9 99.0 99.00
2018 10 24 17 50 138  2.0  2.6  0.46  5.88  4.25 999 1031.0   7.5  11.9   1.9 99.0 99.00
2018 10 24 18 50 130  1.1  2.3  0.46  6.25  4.26 999 1030.3   7.6  12.0   1.7 99.0 99.00
2018 10 24 19 50 148  1.3  2.0  0.42  5.56  4.19 999 1029.6   7.8  12.1   1.9 99.0 99.00
2018 10 24 20 50 108  1.9  2.6  0.41  5.00  4.25 999 1028.8   7.6  12.1   1.9 99.0 99.00
2018 10 24 21 50 107  2.0  3.3  0.40  5.88  4.31 999 1028.4   7.6  12.0   1.9 99.0 99.00
2018 10 24 22 50 178  2.0  3.0  0.37  5.26  4.27 999 1028.6   7.3  11.9   1.9 99.0 99.00
2018 10 24 23 50 153  2.2  3.1  0.32  5.26  4.03 999 1028.2   7.3  11.8   2.1 99.0 99.00
2018 10 25 00 50 140  3.0  4.3  0.32  5.26  3.93 999 1027.6   7.3  11.7   2.3 99.0 99.00
2018 10 25 01 50 132  3.6  4.2  0.29  5.00  3.90 999 1027.4   7.4  11.7   1.9 99.0 99.00
2018 10 25 02 50 103  4.0  4.9  0.25  4.00  3.80 999 1027.0   7.8  11.6   1.7 99.0 99.00
2018 10 25 03 50 120  3.6  4.4  0.24 99.00  3.80 999 1027.0   8.0  11.5   1.4 99.0 99.00
2018 10 25 04 50 149  3.2  4.3  0.22 99.00  3.76 999 1027.1   8.1  11.4   2.0 99.0 99.00
2018 10 25 05 50 133  2.9  3.6  0.20 99.00  3.52 999 1026.6   8.3  11.4   2.4 99.0 99.00
2018 10 25 06 50 157  2.6  3.3  0.19 99.00  3.59 999 1026.1   8.4  11.4   3.0 99.0 99.00
2018 10 25 07 50 155  4.3  5.5  0.17 99.00  3.50 999 1025.3   8.8  11.4   3.7 99.0 99.00
2018 10 25 08 50 167  4.7  5.6  0.18 99.00  2.80 999 1024.8   8.6  11.5   3.4 99.0 99.00
2018 10 25 09 50 164  4.5  5.2  0.23 99.00  2.74 999 1024.2   8.7  11.5   2.8 99.0 99.00
2018 10 25 10 50 176  4.5  5.7  0.26  2.60  2.76 999 1024.3   8.9  11.5   3.4 99.0 99.00
2018 10 25 11 50 172  3.5  4.6  0.26  2.74  2.76 999 1023.9   8.8  11.6   3.3 99.0 99.00
2018 10 25 12 50 169  3.0  4.0  0.26  2.74  2.72 999 1023.9   8.9  11.6   3.3 99.0 99.00
2018 10 25 13 50 165  2.6  3.6  0.26  2.94  2.80 999 1024.0   9.0  11.7   3.3 99.0 99.00
2018 10 25 14 50 147  2.6  3.4  0.28  3.03  2.89 999 1023.3   9.1  11.7   3.0 99.0 99.00
2018 10 25 15 50 151  3.0  3.8  0.29  3.23  3.00 999 1023.0   9.1  11.8   3.1 99.0 99.00
2018 10 25 16 50 174  2.7  3.6  0.27  3.33  3.08 999 1022.7   9.2  11.8   3.5 99.0 99.00
2018 10 25 17 50 162  4.2  5.3  0.28  3.33  3.01 999 1021.9   9.0  11.8   3.6 99.0 99.00
2018 10 25 18 50 176  3.6  5.2  0.28  3.13  2.93 999 1021.1   8.9  11.8   3.0 99.0 99.00
2018 10 25 19 50 154  2.4  3.4  0.30  3.45  3.07 999 1020.3   8.8  11.8   2.1 99.0 99.00
2018 10 25 20 50 129  1.9  2.8  0.29  3.45  3.17 999 1019.7   8.8  11.8   2.3 99.0 99.00
2018 10 25 21 50 123  2.2  3.0  0.26  3.85  3.20 999 1019.4   8.6  11.7   1.9 99.0 99.00
2018 10 25 22 50  97  3.7  4.8  0.27  3.85  3.33 999 1018.7   8.6  11.6   2.1 99.0 99.00
2018 10 25 23 50 100  4.4  5.8  0.22 99.00  3.07 999 1018.5   8.7  11.6   1.6 99.0 99.00
2018 10 26 01 50 105  6.0  7.0 99.00 99.00 99.00 999 1017.4   9.2  11.5   2.3 99.0 99.00
2018 10 26 02 50 111  6.3  7.6  0.37  2.86  2.83 999 1017.3   9.1  11.5   2.4 99.0 99.00
2018 10 26 03 50 120  5.9  7.2  0.45  3.33  3.00 999 1017.1   9.2  11.5   3.1 99.0 99.00
2018 10 26 04 50 124  5.7  7.3  0.53  3.57  3.19 999 1016.6   9.1  11.5   2.8 99.0 99.00
2018 10 26 05 50 121  4.5  5.7  0.51  3.70  3.25 999 1016.1   8.9  11.6   2.6 99.0 99.00
2018 10 26 06 50 113  4.4  5.4  0.45  3.57  3.26 999 1015.2   8.9  11.6   2.8 99.0 99.00
2018 10 26 07 50 110  4.4  5.5  0.40  3.57  3.07 999 1014.9   8.9  11.6   3.8 99.0 99.00
2018 10 26 08 50 111  4.3  5.4  0.37  3.45  2.98 999 1014.4   8.8  11.7   3.9 99.0 99.00
2018 10 26 09 50 116  4.2  5.4  0.42  3.23  3.09 999 1013.9   8.8  11.7   3.6 99.0 99.00
2018 10 26 10 50  99  3.2  4.2  0.40  3.33  3.12 999 1013.7   8.5  11.7   3.9 99.0 99.00
2018 10 26 11 50  70  4.8  5.8  0.39  3.57  3.27 999 1013.2   8.6  11.7   4.2 99.0 99.00
2018 10 26 12 50  69  6.0  6.9  0.42  3.70  3.19 999 1012.8   8.7  11.7   4.8 99.0 99.00
2018 10 26 13 50  89  6.8  8.3  0.46  3.45  3.13 999 1012.7   8.5  11.6   4.7 99.0 99.00
2018 10 26 14 50  79  5.9  7.1  0.56  3.57  3.36 999 1012.6   8.5  11.6   5.1 99.0 99.00
2018 10 26 15 50  88  6.7  7.7  0.61  4.00  3.46 999 1012.6   8.6  11.5   4.8 99.0 99.00
2018 10 26 16 50  90  6.1  8.0  0.64  4.00  3.56 999 1012.4   8.9  11.5   4.4 99.0 99.00
2018 10 26 17 50  82  5.9  7.2  0.71  4.35  3.55 999 1011.5   8.9  11.4   4.6 99.0 99.00
2018 10 26 18 50  62  6.2  7.4  0.59  4.00  3.40 999 1010.7   8.9  11.4   4.7 99.0 99.00
2018 10 26 19 50  52  5.9  7.1  0.59  3.70  3.24 999 1010.2   9.3  11.4   5.5 99.0 99.00
2018 10 26 20 50  48  7.3  8.7  0.54  3.85  3.15 999 1009.8   9.7  11.4   5.1 99.0 99.00
2018 10 26 21 50  40  7.2  8.2  0.61  3.45  3.19 999 1009.7  10.2  11.5   5.1 99.0 99.00
2018 10 26 22 50  41  6.9  8.2  0.55  3.57  3.16 999 1009.6  10.6  11.5   5.4 99.0 99.00
2018 10 26 23 50  59  7.4  9.0  0.61  3.70  3.19 999 1009.9  10.8  11.6   3.7 99.0 99.00
2018 10 27 00 50  53  7.1  8.7  0.67  3.57  3.33 999 1010.0  10.8  11.6   5.4 99.0 99.00
2018 10 27 01 50  58  7.6  8.9  0.67  4.17  3.34 999 1010.0  10.4  11.7   5.4 99.0 99.00
2018 10 27 02 50  58  8.5  9.7  0.81  4.17  3.59 999 1010.1  10.1  11.7   5.4 99.0 99.00
2018 10 27 03 50  69  6.9  8.1  0.74  4.17  3.65 999 1010.2  10.0  11.7   5.2 99.0 99.00
2018 10 27 04 50  78  5.9  7.5  0.71  4.17  3.64 999 1010.3   9.7  11.6   4.9 99.0 99.00
2018 10 27 05 50  74  5.5  6.7  0.65  4.35  3.61 999 1010.2   9.4  11.6   4.6 99.0 99.00
2018 10 27 06 50  68  4.4  5.9  0.62  4.35  3.61 999 1010.2   9.2  11.6   4.7 99.0 99.00
2018 10 27 07 50  68  4.4  5.4  0.54  3.70  3.45 999 1010.1   9.0  11.6   4.7 99.0 99.00
2018 10 27 08 50  64  4.8  5.8  0.52  4.00  3.46 999 1010.1   8.9  11.5   4.6 99.0 99.00
2018 10 27 09 50  47  4.1  5.4  0.50  3.70  3.38 999 1010.4   8.8  11.5   4.2 99.0 99.00
2018 10 27 10 50  42  4.7  5.8  0.46  3.70  3.19 999 1010.7   8.8  11.4   5.1 99.0 99.00
2018 10 27 11 50  39  4.9  5.7  0.42  3.57  3.08 999 1010.7   8.8  11.4   4.6 99.0 99.00
2018 10 27 12 50  36  5.3  6.7  0.42  3.33  3.00 999 1011.1   8.7  11.3   5.2 99.0 99.00
2018 10 27 13 50  29  4.8  6.2  0.35  3.23  2.92 999 1011.7   8.8  11.3   5.4 99.0 99.00
2018 10 27 14 50  46  4.3  5.7 99.00 99.00 99.00 999 1012.0   8.6  11.4   4.9 99.0 99.00
2018 10 27 15 50  43  3.9  4.6  0.37  3.33  2.97 999 1012.2   8.5  11.4   4.5 99.0 99.00
2018 10 27 16 50  26  3.8  5.0  0.35  3.23  2.98 999 1012.3   8.4  11.5   4.3 99.0 99.00
2018 10 27 17 50  21  3.5  4.5  0.32  3.13  3.04 999 1011.9   8.4  11.6   4.4 99.0 99.00
2018 10 27 18 50   2  3.6  4.8  0.31  3.45  3.07 999 1011.6   8.6  11.7   4.8 99.0 99.00
2018 10 27 19 50 355  4.1  5.5  0.30  3.45  3.11 999 1011.5   8.7  11.7   4.6 99.0 99.00
2018 10 27 20 50   4  4.6  5.5  0.26  3.23  2.97 999 1011.5   8.7  11.6   4.3 99.0 99.00
2018 10 27 21 50   3  4.4  5.4  0.27  3.33  2.86 999 1011.9   8.9  11.6   4.7 99.0 99.00
2018 10 27 22 50 360  4.1  5.0  0.26  3.03  2.78 999 1012.3   9.0  11.6   4.4 99.0 99.00
2018 10 27 23 50   1  3.9  4.9  0.26  2.94  2.80 999 1012.7   9.0  11.6   4.4 99.0 99.00
2018 10 28 00 50   6  3.4  4.4  0.28  3.13  2.96 999 1012.8   9.0  11.6   4.4 99.0 99.00
2018 10 28 01 50  14  2.1  3.0  0.25 99.00  2.92 999 1012.5   9.0  11.6   4.7 99.0 99.00
2018 10 28 02 50  23  1.5  2.1  0.25 99.00  2.98 999 1012.4   9.0  11.5   4.9 99.0 99.00
2018 10 28 03 50 354  0.8  1.3  0.25  3.23  3.02 999 1012.4   9.0  11.5   4.9 99.0 99.00
2018 10 28 04 50 283  0.7  1.2  0.26  3.45  3.11 999 1012.3   9.1  11.5   4.9 99.0 99.00
2018 10 28 05 50 164  1.2  1.8  0.23 99.00  3.13 999 1011.2   9.1  11.4   4.8 99.0 99.00
2018 10 28 06 50 179  2.6  3.7  0.19 99.00  3.13 999 1010.9   9.3  11.5   5.0 99.0 99.00
2018 10 28 07 50 174  4.2  4.9  0.17 99.00  3.08 999 1009.9   9.7  11.5   5.1 99.0 99.00
2018 10 28 08 50 168  6.0  7.1  0.15 99.00  2.78 999 1008.7  10.1  11.5   5.7 99.0 99.00
2018 10 28 09 50 172  8.0  9.7  0.34  2.74  2.65 999 1007.4  10.1  11.5   7.4 99.0 99.00
2018 10 28 10 50 163  8.8 10.7  0.55  3.45  3.01 999 1006.1  10.1  11.5   7.2 99.0 99.00
2018 10 28 11 50 165 10.3 12.5  0.86  3.85  3.44 999 1004.4  10.0  11.6   8.0 99.0 99.00
2018 10 28 12 50 183 11.3 13.4  1.21  4.35  3.96 999 1002.3  10.2  11.6   8.8 99.0 99.00
2018 10 28 13 50 203  9.8 12.6  1.39  5.26  4.16 999 1001.6  10.6  11.6   9.6 99.0 99.00
2018 10 28 14 50 228  9.8 11.6  1.57  5.88  4.52 999 1001.0  10.7  11.5   8.6 99.0 99.00
2018 10 28 15 50 263 10.2 11.8  1.27  5.56  4.19 999 1000.2  10.6  11.5   6.4 99.0 99.00
2018 10 28 16 50 275 10.2 12.2  1.13  5.00  4.03 999 1000.0   9.8  11.5   6.5 99.0 99.00
2018 10 28 17 50 281 10.6 12.1  1.15  5.26  3.91 999  999.9   9.0  11.5   6.5 99.0 99.00
2018 10 28 18 50 299 11.7 13.5  1.34  4.76  4.05 999 1000.1   9.2  11.4   7.3 99.0 99.00
2018 10 28 19 50 302 11.3 13.8  1.51  5.00  4.28 999 1000.8   9.6  11.4   7.9 99.0 99.00
2018 10 28 20 50 355 13.0 16.6  1.39  5.26  4.26 999 1002.0   9.6  11.3   8.0 99.0 99.00
2018 10 28 21 50 357 13.9 17.2  1.41  5.00  4.03 999 1005.2   8.5  11.2   6.2 99.0 99.00
2018 10 28 22 50 353 13.7 16.4  1.72  5.56  4.39 999 1007.3   9.1  11.2   5.7 99.0 99.00
2018 10 28 23 50 348 12.6 14.8  2.25  5.88  4.89 999 1009.2   8.9  11.2   5.0 99.0 99.00
2018 10 29 00 50 341 11.5 13.0  2.18  6.67  5.10 999 1010.7   8.6  11.2   5.6 99.0 99.00
2018 10 29 01 50 334 10.4 12.0  1.94  5.88  4.92 999 1011.6   8.9  11.2   5.7 99.0 99.00
2018 10 29 02 50 324  9.4 11.3  1.66  6.25  4.80 999 1012.3   8.9  11.2   5.3 99.0 99.00
2018 10 29 03 50 328  8.9 10.2  1.62  6.25  4.84 999 1012.6   8.5  11.4   5.7 99.0 99.00
2018 10 29 04 50 313  9.3 10.9  1.40  6.25  4.75 999 1012.7   9.1  11.3   5.7 99.0 99.00
2018 10 29 05 50 311  9.4 11.6  1.40  5.88  4.67 999 1012.7   9.2  11.2   5.6 99.0 99.00
2018 10 29 06 50 305  8.6 10.4  1.36  6.25  4.69 999 1013.0   9.1  11.2   6.0 99.0 99.00
2018 10 29 07 50 307  8.4 10.2  1.28  5.88  4.52 999 1013.2   8.8  11.1   6.1 99.0 99.00
2018 10 29 08 50 308  9.3 10.6  1.25  6.25  4.39 999 1013.7   9.1  11.0   5.9 99.0 99.00
2018 10 29 09 50 304  9.3 10.9  1.26  4.35  4.26 999 1014.2   9.1  11.0   5.8 99.0 99.00
2018 10 29 10 50 315  7.9 10.0  1.16  5.88  4.24 999 1014.6   9.2  11.0   5.8 99.0 99.00
2018 10 29 11 50 307  7.6  8.8  1.14  5.88  4.19 999 1015.2   9.0  11.0   6.0 99.0 99.00
2018 10 29 12 50 319  7.2  8.9  1.09  5.56  4.04 999 1016.0   8.7  11.1   6.0 99.0 99.00
2018 10 29 13 50 308  6.1  7.3  0.97  5.00  4.09 999 1016.8   8.5  11.2   5.8 99.0 99.00
2018 10 29 14 50 327  5.6  6.6  0.95  5.26  4.00 999 1017.3   8.3  11.2   5.8 99.0 99.00
2018 10 29 15 50 331  5.5  6.7  0.87  5.00  3.96 999 1018.1   8.3  11.2   5.8 99.0 99.00
2018 10 29 16 50 335  4.8  5.8  0.81  5.56  3.96 999 1018.3   8.2  11.2   5.7 99.0 99.00
2018 10 29 17 50 316  5.7  6.6  0.76  5.26  4.03 999 1018.3   8.6  11.2   5.7 99.0 99.00
2018 10 29 18 50 325  4.8  6.0  0.73  5.26  3.89 999 1018.0   8.8  11.3   5.4 99.0 99.00
2018 10 29 19 50 323  3.8  4.8  0.62  4.35  3.84 999 1018.1   9.2  11.4   5.3 99.0 99.00
2018 10 29 20 50 354  2.2  2.9  0.59  4.35  3.89 999 1018.0   9.4  11.4   4.4 99.0 99.00
2018 10 29 21 50 359  1.4  2.0  0.56  3.85  3.91 999 1018.0   9.5  11.3   3.9 99.0 99.00
2018 10 29 22 50 124  0.5  0.9  0.54  5.56  4.10 999 1018.3   9.0  11.2   3.9 99.0 99.00
2018 10 29 23 50 116  0.9  1.6  0.52  5.56  4.11 999 1018.3   9.0  11.2   4.0 99.0 99.00
2018 10 30 00 50 110  2.7  3.4  0.47  5.00  4.03 999 1018.1   9.0  11.0   4.8 99.0 99.00
2018 10 30 01 50 116  3.7  4.6  0.45  5.26  4.17 999 1018.2   9.0  11.0   5.2 99.0 99.00
2018 10 30 02 50 126  3.6  4.5  0.43  5.00  4.20 999 1018.6   9.1  11.1   5.2 99.0 99.00
2018 10 30 03 50 123  4.2  4.9  0.37  5.26  3.95 999 1018.6   9.3  10.8   5.1 99.0 99.00
2018 10 30 04 50 124  4.7  5.5  0.31  5.00  3.45 999 1018.5   9.3  10.9   5.4 99.0 99.00
2018 10 30 05 50 113  5.2  6.1  0.33  4.55  3.30 999 1018.2   9.5  11.0   5.4 99.0 99.00
2018 10 30 06 50 116  5.7  6.7  0.36  2.86  3.04 999 1018.1   9.6  11.0   5.9 99.0 99.00
2018 10 30 07 50 114  6.1  7.1  0.42  3.13  3.13 999 1018.0   9.8  11.1   6.4 99.0 99.00
2018 10 30 08 50 131  7.2  8.5  0.49  3.23  3.20 999 1017.5   9.9  11.2   6.7 99.0 99.00
2018 10 30 09 50 133  7.8  9.5  0.65  3.57  3.42 999 1017.0  10.1  11.2   7.3 99.0 99.00
2018 10 30 10 50 130  8.7  9.9  0.77  4.17  3.59 999 1016.3  10.1  11.2   7.3 99.0 99.00
2018 10 30 11 50 121  8.5 10.2  0.81  4.55  3.67 999 1015.6  10.2  11.2   7.6 99.0 99.00
2018 10 30 12 50 120  9.9 11.3  0.96  4.55  3.83 999 1014.8  10.2  11.2   7.4 99.0 99.00
2018 10 30 14 50 135 10.1 11.9  1.29  4.76  3.99 999 1013.9  10.6  11.1   7.1 99.0 99.00
2018 10 30 15 50 138 10.0 11.6  1.19  4.55  3.99 999 1013.1  10.8  11.0   7.1 99.0 99.00
2018 10 30 16 50 144  8.4  9.6  1.26  5.26  4.13 999 1012.8  11.3  10.9   7.5 99.0 99.00
2018 10 30 17 50 144  8.4  9.9  1.20  5.00  4.15 999 1011.8  11.5  11.0   7.7 99.0 99.00
2018 10 30 19 50 138  6.3  7.3  0.86  5.00  3.98 999 1010.2  11.9  11.0   8.8 99.0 99.00
2018 10 30 20 50 145  7.1  8.4  0.68  4.76  3.79 999 1009.0  12.0  11.0   9.6 99.0 99.00
2018 10 30 21 50 155  7.0  8.1  0.60  4.17  3.48 999 1008.4  12.6  11.0   9.9 99.0 99.00
2018 10 30 22 50 160  5.6  6.6  0.53  4.17  3.37 999 1008.2  13.1  11.0   9.8 99.0 99.00
2018 10 30 23 50 116  3.0  3.7  0.51  3.85  3.46 999 1007.7  12.8  11.1  10.1 99.0 99.00
2018 10 31 00 50  82  0.9  2.0  0.39  4.17  3.60 999 1008.6  11.9  11.2  11.0 99.0 99.00
2018 10 31 01 50 343  4.8  5.9  0.33  4.00  3.52 999 1008.2  11.3  11.2  10.7 99.0 99.00
2018 10 31 02 50   1  3.2  3.9  0.31  3.85  3.42 999 1008.3  11.1  11.2  10.7 99.0 99.00
2018 10 31 03 50 344  2.9  3.6  0.27  3.70  3.36 999 1008.6  11.0  11.1  10.6 99.0 99.00
2018 10 31 04 50 351  2.8  3.2  0.28  3.70  3.39 999 1008.1  11.0  11.2  10.6 99.0 99.00
2018 10 31 05 50 340  4.3  5.1  0.33  3.57  3.38 999 1007.9  10.8  11.2  10.3 99.0 99.00
2018 10 31 06 50 313  3.6  4.4  0.29  3.57  3.34 999 1008.9  11.0  11.2   9.7 99.0 99.00
2018 10 31 07 50 337  7.3  9.1  0.26  3.57  2.89 999 1008.2  10.8  11.2   9.3 99.0 99.00
2018 10 31 08 50 345  9.1 11.5  0.41  2.94  2.94 999 1008.9  10.5  11.2   9.3 99.0 99.00
2018 10 31 09 50 357  9.3 10.8  0.62  3.70  3.34 999 1009.5  10.1  11.0   8.4 99.0 99.00
2018 10 31 10 50 358 10.4 12.2  0.87  4.00  3.87 999 1010.0   9.9  10.9   7.7 99.0 99.00
2018 10 31 11 50 356 10.3 12.1  1.17  4.76  4.19 999 1010.7   9.8  11.0   7.4 99.0 99.00
2018 10 31 12 50 356  9.9 11.5  1.35  5.26  4.46 999 1011.7   9.5  11.1   6.8 99.0 99.00
2018 10 31 13 50   2  7.9  9.3  1.44  5.26  4.68 999 1012.6   9.4  11.0   7.1 99.0 99.00
2018 10 31 14 50 338  8.0  9.5  1.48  5.56  4.79 999 1013.2   9.1  10.9   6.4 99.0 99.00
2018 10 31 15 50 342  6.2  7.2  1.29  5.88  4.53 999 1013.8   8.8  10.9   5.8 99.0 99.00
2018 10 31 16 50 329  5.1  6.1  1.11  6.25  4.40 999 1014.3   8.9  10.9   5.7 99.0 99.00
2018 10 31 17 50 322  4.6  5.4  0.94  6.25  4.34 999 1014.2   9.0  11.0   5.2 99.0 99.00
2018 10 31 18 50 311  3.6  4.4  0.86  5.88  4.25 999 1014.1   9.0  11.1   5.3 99.0 99.00
2018 10 31 19 50 297  2.6  3.4  0.76  5.88  4.15 999 1013.7   9.3  11.2   4.5 99.0 99.00
2018 10 31 20 50 240  1.5  1.9  0.68  5.88  4.25 999 1013.5  10.1  11.2   4.4 99.0 99.00
2018 10 31 21 50 212  2.4  3.1  0.59  5.56  4.27 999 1013.5   9.9  11.2   5.1 99.0 99.00
2018 10 31 22 50 180  3.4  3.9  0.57  5.88  4.48 999 1013.8  10.4  11.2   5.5 99.0 99.00
2018 10 31 23 50 188  4.5  5.3  0.49  5.26  4.51 999 1014.2  10.8  11.2   5.4 99.0 99.00
2018 11 01 00 50 195  4.1  4.9  0.46  5.88  4.58 999 1013.9  11.0  11.1   6.6 99.0 99.00
2018 11 01 01 50 210  4.0  4.6  0.39  5.88  4.14 999 1014.2  11.1  11.1   7.7 99.0 99.00
2018 11 01 02 50 229  4.1  5.0  0.38  5.26  4.10 999 1014.3  11.1  11.1   8.0 99.0 99.00
2018 11 01 03 50 293  3.8  4.8  0.32  5.56  3.55 999 1014.4  11.6  11.0   6.9 99.0 99.00
2018 11 01 04 50 327  4.0  5.1  0.29  5.00  3.40 999 1014.3  11.3  11.0   5.6 99.0 99.00
2018 11 01 05 50 343  6.8  8.0  0.30  5.26  2.96 999 1013.6  11.2  10.9   4.0 99.0 99.00
2018 11 01 06 50 351  7.0  8.3  0.44  2.74  2.82 999 1014.0  10.8  10.9   4.0 99.0 99.00
2018 11 01 07 50  18  7.3  8.3 99.00 99.00 99.00 999 1013.1  10.3  10.9   3.3 99.0 99.00
2018 11 01 08 50  20  7.1  8.4  0.45  3.03  2.86 999 1012.9  10.3  10.9   2.5 99.0 99.00
2018 11 01 09 50  29  7.3  8.2  0.43  3.13  2.92 999 1012.3  10.0  10.9   4.6 99.0 99.00
2018 11 01 10 50  34  6.8  7.8  0.49  3.13  2.95 999 1012.8  10.0  10.8   4.6 99.0 99.00
2018 11 01 11 50  52  7.1  8.0  0.51  3.23  3.04 999 1012.5   9.8  10.9   3.9 99.0 99.00
2018 11 01 12 50  62  7.1  8.4  0.52  3.45  3.00 999 1012.5   9.7  10.9   3.5 99.0 99.00
2018 11 01 13 50  57  7.9  9.1  0.58  3.57  3.06 999 1012.4   9.6  10.9   2.2 99.0 99.00
2018 11 01 14 50  52  8.9 10.4  0.62  3.45  3.10 999 1011.4   9.4  10.9   2.3 99.0 99.00
2018 11 01 15 50  55  8.2  9.8  0.71  3.85  3.28 999 1011.5   9.1  10.8   3.3 99.0 99.00
2018 11 01 16 50  56  8.4  9.9  0.83  3.85  3.43 999 1010.8   8.8  10.8   4.1 99.0 99.00
2018 11 01 17 50  51  7.7  9.2  0.78  4.00  3.47 999 1010.7   8.6  10.9   3.8 99.0 99.00
2018 11 01 18 50  47  8.2  9.5  0.82  4.35  3.58 999 1009.8   8.4  10.8   3.3 99.0 99.00
2018 11 01 20 50  27  8.3 10.7  1.02  4.35  3.84 999 1008.7   8.3  10.8   3.6 99.0 99.00
2018 11 01 21 50  22  9.1 10.6  1.01  4.35  3.97 999 1008.5   8.3  10.9   2.8 99.0 99.00
2018 11 01 22 50  21  9.5 11.4  1.10  5.00  4.07 999 1008.1   8.4  10.8   3.3 99.0 99.00
2018 11 01 23 50  23  9.7 11.8  1.26  5.00  4.30 999 1008.4   8.2  10.8   3.1 99.0 99.00
2018 11 02 00 50  24  9.7 12.2  1.39  5.26  4.42 999 1008.7   8.2  10.7   3.1 99.0 99.00
2018 11 02 01 50  17 10.7 12.4  1.36  5.26  4.29 999 1008.2   8.1  10.7   2.6 99.0 99.00
2018 11 02 02 50  22  9.3 10.9  1.39  5.26  4.40 999 1009.0   7.9  10.7   2.4 99.0 99.00
2018 11 02 03 50  27  8.5 10.5  1.24  4.76  4.18 999 1008.9   7.8  10.7   2.1 99.0 99.00
2018 11 02 04 50  21  8.6 10.4  1.20  5.00  4.14 999 1008.7   7.6  10.6   2.0 99.0 99.00
2018 11 02 05 50  23  8.1 10.1  1.16  5.26  4.22 999 1008.8   7.6  10.7   1.7 99.0 99.00
2018 11 02 06 50  36  7.2  8.9  1.12  5.56  4.12 999 1008.8   7.2  10.7   1.0 99.0 99.00
2018 11 02 07 50  29  6.4  8.3  1.00  5.88  4.06 999 1009.2   7.0  10.7   0.7 99.0 99.00
2018 11 02 08 50  14  6.4  8.0  0.90  5.00  4.05 999 1009.3   6.8  10.7  -0.4 99.0 99.00
2018 11 02 09 50  21  5.6  7.2  0.86  5.26  4.07 999 1009.7   6.8  10.7  -0.3 99.0 99.00
2018 11 02 10 50   5  5.7  7.1  0.87  5.26  4.20 999 1010.2   6.8  10.8   0.5 99.0 99.00
2018 11 02 11 50  15  6.0  7.7  0.82  5.26  4.09 999 1010.1   6.9  10.8   0.6 99.0 99.00
2018 11 02 12 50  15  6.0  7.7  0.82  5.56  4.04 999 1010.5   7.0  10.8   0.5 99.0 99.00
2018 11 02 13 50  21  6.5  8.0  0.79  5.26  4.05 999 1011.1   7.1  10.8   0.6 99.0 99.00
2018 11 02 14 50  19  6.1  7.6  0.84  5.00  4.09 999 1011.2   7.3  10.7   0.6 99.0 99.00
2018 11 02 15 50  33  5.3  6.9  0.75  5.26  3.91 999 1011.4   7.3  10.6   0.5 99.0 99.00
2018 11 02 16 50  40  3.8  5.0  0.74  5.26  3.92 999 1011.8   7.3  10.6   0.7 99.0 99.00
2018 11 02 17 50 320  4.0  5.5  0.73  5.26  3.92 999 1011.5   6.9  10.6   2.0 99.0 99.00
2018 11 02 18 50 341  5.7  6.7  0.75  5.56  3.92 999 1011.3   6.5  10.6   2.6 99.0 99.00
2018 11 02 19 50   8  4.0  5.3  0.76  5.26  3.96 999 1011.2   6.5  10.6   2.6 99.0 99.00
2018 11 02 20 50  14  5.2  6.6  0.73  5.26  4.00 999 1011.4   6.6  10.7   3.1 99.0 99.00
2018 11 02 21 50   2  4.2  5.7  0.69  5.56  3.98 999 1011.6   6.8  10.7   2.8 99.0 99.00
2018 11 02 22 50  16  4.6  5.8  0.63  5.88  3.97 999 1011.7   6.8  10.8   2.8 99.0 99.00
2018 11 02 23 50 343  3.9  5.4  0.59  5.26  3.86 999 1012.3   7.1  10.8   1.0 99.0 99.00
2018 11 03 00 50 341  3.6  4.7  0.56  5.56  4.01 999 1012.7   7.2  10.8   0.9 99.0 99.00
2018 11 03 01 50 351  4.5  5.7  0.53  4.76  3.52 999 1012.7   7.2  10.8   1.6 99.0 99.00
2018 11 03 02 50 333  5.6  7.4  0.54  5.00  3.75 999 1012.8   7.4  10.8   2.4 99.0 99.00
2018 11 03 03 50 354  6.7  8.0  0.62  5.00  3.57 999 1012.9   6.8  10.8   2.8 99.0 99.00
2018 11 03 04 50  11  7.7  8.6  0.90  4.17  3.85 999 1012.9   6.4  10.8   2.5 99.0 99.00
2018 11 03 05 50 358  7.7  8.8  0.78  4.76  3.90 999 1013.3   6.8  10.7   2.3 99.0 99.00
2018 11 03 06 50   3  8.8 10.6  0.88  5.26  3.94 999 1013.4   6.9  10.7   2.0 99.0 99.00
2018 11 03 07 50 360  6.6  8.1  0.90  5.00  4.09 999 1014.2   7.1  10.6  -0.4 99.0 99.00
2018 11 03 08 50 336  7.0  8.8  0.85  5.00  4.01 999 1014.7   7.1  10.6  -0.4 99.0 99.00
2018 11 03 09 50 338  6.2  8.0  0.82  5.00  3.96 999 1015.6   6.9  10.5  -0.4 99.0 99.00
2018 11 03 10 50 345  6.3  8.4  0.72  4.76  3.79 999 1016.1   6.8  10.4  -0.8 99.0 99.00
2018 11 03 11 50 337  6.8  8.6  0.87  4.55  3.94 999 1016.8   6.8  10.4  -0.7 99.0 99.00
2018 11 03 12 50 353  7.4  8.7  0.96  5.26  4.08 999 1017.7   6.6  10.3   0.1 99.0 99.00
2018 11 03 13 50 356  5.9  7.8  0.83  5.00  3.90 999 1019.0   6.5  10.4  -1.8 99.0 99.00
2018 11 03 14 50   3  5.8  7.9  1.02  5.56  4.33 999 1019.9   6.6  10.5  -1.4 99.0 99.00
2018 11 03 15 50   5  5.6  7.3  0.97  5.56  4.32 999 1021.0   6.5  10.5  -2.2 99.0 99.00
2018 11 03 16 50 359  4.0  6.3  0.88  5.56  4.22 999 1022.0   6.6  10.6  -3.1 99.0 99.00
2018 11 03 17 50   8  3.9  5.4  0.82  5.26  4.10 999 1022.3   6.6  10.7  -2.0 99.0 99.00
2018 11 03 18 50 352  3.2  4.5  0.72  5.26  4.20 999 1022.2   6.6  10.8  -2.5 99.0 99.00
2018 11 03 19 50  38  2.5  4.1  0.71  5.26  4.24 999 1022.6   6.7  10.8  -2.2 99.0 99.00
2018 11 03 20 50 350  1.7  2.6  0.62  5.26  4.19 999 1023.4   6.5  10.8  -1.7 99.0 99.00
2018 11 03 21 50  31  3.8  5.0  0.65  5.26  4.16 999 1023.5   6.4  10.8  -1.6 99.0 99.00
2018 11 03 22 50  39  2.9  4.1  0.64  5.26  4.30 999 1023.9   6.3  10.7  -2.0 99.0 99.00
2018 11 03 23 50  64  3.3  5.2  0.57  5.26  4.20 999 1024.6   6.5  10.7  -1.5 99.0 99.00
2018 11 04 00 50  71  3.4  4.5  0.55  5.26  4.19 999 1024.7   6.6  10.7  -1.5 99.0 99.00
2018 11 04 01 50  84  2.8  4.0  0.52  5.26  4.22 999 1025.4   6.8  10.7  -1.1 99.0 99.00
2018 11 04 02 50  70  4.8  6.2  0.49  5.26  4.33 999 1025.2   7.0  10.6  -0.9 99.0 99.00
2018 11 04 03 50  79  5.4  7.0  0.55  5.26  4.25 999 1025.6   7.5  10.6   0.2 99.0 99.00
2018 11 04 04 50  81  8.2 10.2  0.56  5.26  3.90 999 1025.1   7.7  10.6   2.4 99.0 99.00
2018 11 04 05 50  89  9.2 10.7  0.66  3.13  3.48 999 1024.6   7.5  10.5   2.4 99.0 99.00
2018 11 04 06 50  93 10.9 12.7  0.83  3.70  3.58 999 1024.2   7.7  10.5   3.5 99.0 99.00
2018 11 04 07 50 100 10.0 11.6  1.10  4.17  3.87 999 1024.2   8.0  10.5   5.1 99.0 99.00
2018 11 04 08 50  99 10.0 11.5  1.34  4.55  4.23 999 1023.8   8.0  10.5   5.8 99.0 99.00
2018 11 04 09 50 102 10.2 11.6  1.35  4.76  4.20 999 1023.4   7.9  10.6   6.0 99.0 99.00
2018 11 04 10 50  90 11.3 13.6  1.39  5.00  4.39 999 1022.5   7.9  10.6   6.0 99.0 99.00
2018 11 04 11 50  95 12.5 14.9  1.51  5.26  4.28 999 1021.3   7.8  10.6   5.9 99.0 99.00
2018 11 04 12 50 100 12.9 15.2  1.66  5.56  4.40 999 1020.6   8.2  10.6   6.0 99.0 99.00
2018 11 04 13 50 105 13.9 16.3  1.85  5.26  4.54 999 1020.2   8.4  10.6   7.0 99.0 99.00
2018 11 04 14 50 109 14.6 17.2  1.93  5.56  4.69 999 1018.9   9.4  10.6   5.9 99.0 99.00
2018 11 04 15 50 106 14.6 17.5  1.96  5.88  4.73 999 1017.6   9.2  10.5   5.8 99.0 99.00
2018 11 04 16 50 110 11.7 15.6  2.25  6.25  5.04 999 1017.7   9.7  10.4   5.9 99.0 99.00
2018 11 04 17 50 111 13.1 16.3  1.98  5.88  4.89 999 1015.3  10.5  10.1   5.4 99.0 99.00
2018 11 04 18 50 121 11.1 13.5  2.05  5.88  4.91 999 1014.9  10.1   9.9   6.4 99.0 99.00
2018 11 04 19 50 118 12.6 15.3  2.11  6.25  5.03 999 1013.5   9.7   9.9   7.9 99.0 99.00
2018 11 04 20 50 116 13.2 15.5  2.16  6.25  5.13 999 1012.6  10.3  10.0   8.5 99.0 99.00
2018 11 04 21 50 112 13.9 17.7  2.00  5.56  4.89 999 1011.5  10.0  10.0   6.8 99.0 99.00
2018 11 04 22 50 113 14.3 17.2  2.04  6.67  5.04 999 1010.7   9.9   9.9   7.1 99.0 99.00
2018 11 04 23 50 120 13.1 15.7  2.21  5.88  5.12 999 1010.6  10.3   9.9   7.2 99.0 99.00
2018 11 05 00 50 129 12.5 15.6  2.16  6.25  5.08 999 1010.3  10.4   9.9   7.8 99.0 99.00
2018 11 05 01 50 133 12.9 15.8  2.24  6.25  5.28 999 1009.6  10.2   9.8   9.1 99.0 99.00
2018 11 05 02 50 140 13.2 15.9  2.19  6.25  5.12 999 1009.2  10.3   9.8   9.0 99.0 99.00
2018 11 05 03 50 150 12.3 15.0  2.27  7.14  5.37 999 1009.0  10.4   9.8   9.0 99.0 99.00
2018 11 05 04 50 174 10.2 12.6  2.26  6.25  5.34 999 1009.0  10.6   9.8   9.0 99.0 99.00
2018 11 05 05 50 184 11.1 13.5  2.00  6.67  5.12 999 1008.9  10.6   9.8   8.4 99.0 99.00
2018 11 05 06 50 213 10.9 13.4  2.06  6.67  5.19 999 1009.6  10.1   9.8   7.6 99.0 99.00
2018 11 05 07 50 231 10.5 12.1  1.73  6.67  4.93 999 1010.2   9.6   9.8   7.0 99.0 99.00
2018 11 05 08 50 235  9.8 11.2  1.62  6.25  4.74 999 1010.4   9.2   9.8   6.4 99.0 99.00
2018 11 05 09 50 238  9.8 11.6  1.42  5.56  4.42 999 1010.8   8.8   9.8   6.1 99.0 99.00
2018 11 05 10 50 226  9.9 12.8  1.44  5.88  4.47 999 1011.4   8.8   9.8   5.4 99.0 99.00
2018 11 05 11 50 231 11.5 13.4  1.47  4.76  4.38 999 1011.7   8.4   9.8   4.7 99.0 99.00
2018 11 05 12 50 243  9.9 12.3  1.53  5.00  4.39 999 1012.6   8.2   9.7   4.6 99.0 99.00
2018 11 05 13 50 234  9.2 10.7  1.51  5.26  4.48 999 1013.2   8.1   9.8   4.8 99.0 99.00
2018 11 05 14 50 232  8.1  9.2  1.31  5.26  4.22 999 1013.3   8.1   9.8   4.0 99.0 99.00
2018 11 05 15 50 228  9.1 11.1  1.18  5.26  4.17 999 1013.9   8.3   9.9   4.5 99.0 99.00
2018 11 05 16 50 216  7.8  9.1  1.06  5.00  4.02 999 1013.9   8.6   9.9   4.1 99.0 99.00
2018 11 05 17 50 203  9.4 11.8  1.03  4.76  3.89 999 1013.8   8.6   9.9   4.4 99.0 99.00
2018 11 05 18 50 192  8.0  9.7  0.97  4.76  3.89 999 1012.9   8.7   9.9   4.9 99.0 99.00
2018 11 05 19 50 176  7.0  8.5  0.93  4.76  3.80 999 1011.7   8.9   9.9   4.8 99.0 99.00
2018 11 05 20 50 161  6.2  7.2  0.88  4.55  3.86 999 1010.8   9.0  10.0   4.4 99.0 99.00
2018 11 05 21 50 154  7.1  8.2  0.74  4.76  3.75 999 1010.4   9.2   9.9   4.5 99.0 99.00
2018 11 05 22 50 145  7.4  8.9  0.67  4.35  3.53 999 1010.4   9.6   9.9   5.0 99.0 99.00
2018 11 05 23 50 135  8.2 10.1  0.71  4.35  3.45 999 1009.9   9.5   9.9   5.7 99.0 99.00
2018 11 06 00 50 136  6.4  7.7  0.75  4.17  3.56 999 1009.5   9.6   9.9   6.4 99.0 99.00
2018 11 06 01 50 113  6.0  6.8  0.68  3.85  3.50 999 1007.9   9.7   9.9   6.2 99.0 99.00
2018 11 06 02 50  94  6.9  7.9  0.67  4.00  3.46 999 1007.0   9.5   9.9   6.4 99.0 99.00
2018 11 06 03 50  82  7.8  9.1  0.63  4.17  3.40 999 1005.2   9.1   9.9   6.5 99.0 99.00
2018 11 06 04 50  75  8.8 10.3  0.64  3.85  3.28 999 1003.0   8.8   9.9   6.8 99.0 99.00
2018 11 06 05 50  77  9.2 10.5  0.77  3.57  3.41 999 1000.5   9.0   9.9   7.8 99.0 99.00
2018 11 06 06 50  75  9.2 10.7  0.85  3.85  3.57 999  998.7   8.9   9.8   8.0 99.0 99.00
2018 11 06 07 50  89  7.2  8.5  1.06  5.00  3.99 999  997.7   9.2   9.8   8.5 99.0 99.00
2018 11 06 08 50  93  4.5  5.8  1.00  4.76  4.02 999  996.5   9.6   9.8   9.0 99.0 99.00
2018 11 06 09 50 210  7.7  9.4  0.88  4.76  4.05 999  996.2  10.3   9.9   9.6 99.0 99.00
2018 11 06 10 50 230 10.8 12.8  0.69  4.76  3.31 999  996.3  10.0   9.9   8.8 99.0 99.00
2018 11 06 11 50 243 11.1 13.5  0.92  4.17  3.51 999  996.8   9.7   9.9   8.2 99.0 99.00
2018 11 06 12 50 240 11.6 14.0  1.21  4.55  3.98 999  997.4   9.7   9.9   7.8 99.0 99.00
2018 11 06 13 50 246 11.1 14.1  1.53  5.26  4.32 999  998.1   9.6   9.9   7.6 99.0 99.00
2018 11 06 14 50 244 11.2 13.0  1.44  5.56  4.37 999  998.8   9.5   9.9   7.7 99.0 99.00
2018 11 06 15 50 248 11.1 13.3  1.48  5.00  4.43 999  999.8   9.2   9.9   7.7 99.0 99.00
2018 11 06 16 50 244 12.2 15.3  1.66  5.88  4.63 999 1000.5   9.0   9.9   7.6 99.0 99.00
2018 11 06 17 50 263 12.9 15.7  1.65  5.88  4.65 999 1001.0   9.4   9.9   6.9 99.0 99.00
2018 11 06 18 50 268 14.0 16.9  1.98  6.67  4.94 999 1001.8   9.5   9.9   6.3 99.0 99.00
2018 11 06 19 50 265 13.1 16.1  2.02  6.25  4.94 999 1003.4   9.7   9.9   5.9 99.0 99.00
2018 11 06 20 50 267 12.2 14.6  2.01  6.25  4.97 999 1004.7   9.7   9.9   5.4 99.0 99.00
2018 11 06 21 50 257 12.8 15.8  2.17  5.88  5.01 999 1006.2   8.9   9.8   5.7 99.0 99.00
2018 11 06 22 50 271 12.1 14.7  2.15  5.88  5.01 999 1007.3   8.3   9.8   5.3 99.0 99.00
2018 11 06 23 50 262 13.2 15.4  2.11  6.25  4.97 999 1008.6   8.2   9.8   4.2 99.0 99.00
2018 11 07 00 50 253 12.6 15.4  1.91  5.88  4.79 999 1009.7   7.4   9.8   4.0 99.0 99.00
2018 11 07 01 50 264 12.6 15.5  2.09  5.88  4.89 999 1010.3   7.4   9.8   3.2 99.0 99.00
2018 11 07 02 50 260 13.6 16.0  2.10  5.56  4.96 999 1011.0   6.9   9.8   2.8 99.0 99.00
2018 11 07 03 50 273 13.2 15.9  2.23  5.88  5.09 999 1011.7   6.5   9.8   1.7 99.0 99.00
2018 11 07 04 50 260 12.4 14.9  2.01  5.56  4.90 999 1012.2   6.3   9.8   1.5 99.0 99.00
2018 11 07 05 50 264 11.4 13.5  1.99  5.88  4.96 999 1012.8   5.7   9.7   1.0 99.0 99.00
2018 11 07 06 50 251 10.6 13.0  1.82  5.88  4.82 999 1013.6   4.3   9.7   0.1 99.0 99.00
2018 11 07 07 50 265 10.0 13.7  1.89  5.88  4.84 999 1013.8   4.4   9.7   0.0 99.0 99.00
2018 11 07 08 50 257 11.7 14.1  1.72  5.88  4.67 999 1013.9   3.8   9.7   0.2 99.0 99.00
2018 11 07 09 50 278 12.9 16.4  1.76  5.56  4.61 999 1014.1   3.1   9.7  -1.0 99.0 99.00
2018 11 07 10 50 268 10.9 13.2  1.73  5.88  4.71 999 1014.7   3.2   9.6  -1.2 99.0 99.00
2018 11 07 11 50 275 10.1 12.4  1.73  5.56  4.70 999 1015.0   3.1   9.6  -1.3 99.0 99.00
2018 11 07 12 50 285 11.3 13.3  2.00  5.88  4.84 999 1015.4   3.2   9.6  -1.5 99.0 99.00
2018 11 07 13 50 274 11.2 13.5  2.10  5.88  4.92 999 1016.3   2.8   9.6  -2.5 99.0 99.00
2018 11 07 14 50 282 11.9 13.8  1.85  5.88  4.80 999 1017.2   3.0   9.6  -2.3 99.0 99.00
2018 11 07 15 50 277 10.1 12.1  1.73  5.88  4.70 999 1017.9   3.1   9.6  -2.3 99.0 99.00
2018 11 07 16 50 277  9.6 12.5  1.82  5.88  4.80 999 1018.4   3.5   9.6  -1.7 99.0 99.00
2018 11 07 17 50 272  9.7 11.9  1.57  5.56  4.54 999 1018.7   3.7   9.6  -1.3 99.0 99.00
2018 11 07 18 50 273  9.8 12.1  1.41  5.56  4.50 999 1018.9   4.0   9.6  -1.1 99.0 99.00
2018 11 07 19 50 279  9.3 11.0  1.47  5.26  4.44 999 1019.1   4.3   9.5  -1.0 99.0 99.00
2018 11 07 20 50 287  9.2 11.7  1.52  5.56  4.54 999 1019.6   4.7   9.5  -0.6 99.0 99.00
2018 11 07 21 50 291  9.4 11.8  1.33  5.26  4.44 999 1020.2   4.7   9.5  -1.1 99.0 99.00
2018 11 07 22 50 283  9.9 11.9  1.45  5.26  4.48 999 1020.9   4.8   9.5  -0.1 99.0 99.00
2018 11 07 23 50 280  8.0 10.9  1.34  5.00  4.37 999 1021.7   4.4   9.5  -0.3 99.0 99.00
2018 11 08 00 50 295  9.6 12.1  1.21  5.00  4.18 999 1022.3   4.0   9.5  -0.4 99.0 99.00
2018 11 08 01 50 291  7.8 10.2  1.39  4.76  4.27 999 1023.2   3.4   9.5  -1.5 99.0 99.00
2018 11 08 02 50 297  8.0  9.9  1.21  5.26  4.14 999 1023.8   3.4   9.5  -2.1 99.0 99.00
2018 11 08 03 50 303  8.2 12.3  1.16  5.00  4.17 999 1024.1   3.4   9.5  -1.4 99.0 99.00
2018 11 08 04 50 305  7.9 11.0  1.19  5.00  4.10 999 1024.5   3.1   9.4  -2.7 99.0 99.00
2018 11 08 05 50 310  7.1  9.5  1.06  5.00  4.08 999 1025.0   3.2   9.5  -3.0 99.0 99.00
2018 11 08 06 50 309  7.6  9.5  1.04  5.26  4.14 999 1025.5   3.4   9.4  -2.7 99.0 99.00
2018 11 08 07 50 303  8.0 10.7  0.97  5.26  3.97 999 1026.1   3.2   9.4  -2.3 99.0 99.00
2018 11 08 08 50 302  7.1  9.8  0.93  5.00  3.96 999 1026.7   2.8   9.4  -2.6 99.0 99.00
2018 11 08 09 50 299  6.2  9.9  0.85  4.55  3.81 999 1027.0   2.7   9.4  -2.6 99.0 99.00
2018 11 08 10 50 318  7.6  9.8  0.78  4.76  3.85 999 1027.2   2.6   9.4  -2.3 99.0 99.00
2018 11 08 11 50 336  7.1  9.0  0.80  4.55  3.74 999 1027.5   2.1   9.4  -3.1 99.0 99.00
2018 11 08 12 50 313  6.3  8.2  0.86  4.55  3.85 999 1028.2   2.2   9.4  -3.2 99.0 99.00
2018 11 08 13 50 326  5.4  7.2  0.76  4.76  3.75 999 1029.1   2.1   9.4  -2.8 99.0 99.00
2018 11 08 14 50 352  2.2  4.2  0.67  4.55  3.83 999 1029.8   1.9   9.4  -3.9 99.0 99.00
2018 11 08 15 50 337  2.3  3.9  0.64  4.35  3.81 999 1030.0   1.9   9.4  -3.4 99.0 99.00
2018 11 08 16 50 314  2.5  3.7  0.53  4.35  3.70 999 1030.1   2.0   9.4  -3.5 99.0 99.00
2018 11 08 17 50 323  2.2  3.7  0.51  4.35  3.69 999 1029.6   2.0   9.4  -3.6 99.0 99.00
2018 11 08 18 50 330  2.2  3.6  0.46  3.85  3.75 999 1028.9   2.2   9.4  -3.3 99.0 99.00
2018 11 08 19 50 358  0.8  1.5  0.44  3.85  3.67 999 1028.5   2.4   9.4  -3.6 99.0 99.00
2018 11 08 20 50 219  0.2  0.6  0.42  5.00  3.89 999 1028.4   2.7   9.4  -3.3 99.0 99.00
2018 11 08 21 50 106  0.3  0.9  0.39  4.76  3.77 999 1028.0   2.7   9.4  -3.6 99.0 99.00
2018 11 08 22 50 115  0.5  1.2  0.35  4.55  3.80 999 1027.8   2.9   9.4  -3.6 99.0 99.00
2018 11 08 23 50 166  1.0  1.9  0.31  5.00  3.80 999 1027.8   3.2   9.4  -3.0 99.0 99.00
2018 11 09 00 50 169  0.2  0.6  0.30  5.00  3.75 999 1027.6   3.3   9.4  -3.1 99.0 99.00
2018 11 09 01 50 111  0.4  1.4  0.27  5.00  3.97 999 1026.9   3.7   9.3  -2.4 99.0 99.00
2018 11 09 02 50  58  2.5  3.6  0.26  4.76  3.90 999 1026.5   3.6   9.3  -1.9 99.0 99.00
2018 11 09 03 50  61  1.8  2.5  0.25  5.00  3.94 999 1026.3   4.0   9.3  -1.3 99.0 99.00
2018 11 09 04 50  54  2.6  3.6  0.22 99.00  3.92 999 1025.5   4.3   9.3  -0.8 99.0 99.00
2018 11 09 05 50 143  4.4  6.8  0.21 99.00  3.92 999 1024.7   5.1   9.3  -1.4 99.0 99.00
2018 11 09 06 50 145  6.3  8.0  0.31  2.60  2.81 999 1024.0   5.3   9.4  -1.4 99.0 99.00
2018 11 09 07 50 123  6.6  8.0  0.36  2.86  2.80 999 1022.7   5.2   9.4  -1.2 99.0 99.00
2018 11 09 08 50 156  4.8  6.9  0.40  3.03  2.94 999 1021.5   4.6   9.4  -0.9 99.0 99.00
2018 11 09 09 50 141  6.7  8.3  0.46  3.23  3.02 999 1020.6   3.3   9.3   0.9 99.0 99.00
2018 11 09 10 50 141  6.3  7.6  0.52  3.45  3.04 999 1020.0   2.8   9.3   0.9 99.0 99.00
2018 11 09 11 50 144  5.7  6.8  0.51  3.23  3.13 999 1019.4   3.1   9.3   0.5 99.0 99.00
2018 11 09 12 50 256  4.6  9.2  0.54  3.45  3.24 999 1019.3   1.9   9.3   0.8 99.0 99.00
2018 11 09 13 50 237  0.8  1.4  0.53  3.70  3.27 999 1019.1   1.0   9.2   0.4 99.0 99.00
2018 11 09 14 50 243  3.4  5.4  0.55  3.85  3.45 999 1018.1   1.9   9.2   1.2 99.0 99.00
2018 11 09 15 50 296 10.1 11.9  0.59  4.00  3.05 999 1017.2   2.2   9.3   1.0 99.0 99.00
2018 11 09 16 50 315 11.7 14.1  1.13  4.55  3.89 999 1016.9   1.5   9.3   0.5 99.0 99.00
2018 11 09 17 50 314 12.0 14.4  1.58  5.00  4.37 999 1016.4   0.9   9.3   0.0 99.0 99.00
2018 11 09 18 50 305 12.3 15.8  1.78  5.26  4.62 999 1016.3   1.1   9.3  -2.4 99.0 99.00
2018 11 09 19 50 306 11.3 14.1  1.95  5.88  4.87 999 1016.4   0.8   9.2  -3.8 99.0 99.00
2018 11 09 20 50 304 11.8 14.3  1.77  5.88  4.82 999 1016.8   1.0   9.2  -5.1 99.0 99.00
2018 11 09 21 50 306 11.2 13.9  1.91  6.25  4.92 999 1017.2   0.7   9.2  -5.5 99.0 99.00
2018 11 09 22 50 303 11.4 14.5  1.86  5.88  4.87 999 1017.6   0.6   9.2  -6.3 99.0 99.00
2018 11 09 23 50 292 11.4 14.1  1.91  6.67  4.95 999 1017.8   0.5   9.2  -6.5 99.0 99.00
2018 11 10 00 50 285 12.5 15.4  2.01  6.67  5.05 999 1017.8   0.3   9.2  -6.5 99.0 99.00
2018 11 10 01 50 294 13.3 16.7  2.22  6.25  5.15 999 1017.7  -0.9   9.1  -6.9 99.0 99.00
2018 11 10 02 50 293 12.2 14.9  2.37  6.25  5.21 999 1018.1  -2.0   9.1  -9.1 99.0 99.00
2018 11 10 03 50 293 12.5 15.4  2.42  6.25  5.32 999 1018.5  -3.0   9.1  -5.9 99.0 99.00
2018 11 10 04 50 285 13.1 16.3  2.63  6.25  5.35 999 1018.3  -2.9   9.1  -8.2 99.0 99.00
2018 11 10 05 50 269 13.7 17.8  2.36  5.88  5.16 999 1018.2  -3.3   9.1  -7.0 99.0 99.00
2018 11 10 06 50 281 14.1 18.4  2.42  5.88  5.08 999 1018.0  -2.7   9.0  -5.0 99.0 99.00
2018 11 10 07 50 288 16.2 20.2  2.79  6.25  5.44 999 1017.7  -1.8   9.0  -4.4 99.0 99.00
2018 11 10 08 50 298 16.4 20.1  2.64  6.67  5.42 999 1018.4  -1.0   9.0  -4.1 99.0 99.00
2018 11 10 09 50 302 15.9 19.5  3.13  6.67  5.74 999 1019.3  -1.0   9.0  -4.3 99.0 99.00
2018 11 10 10 50 305 15.7 18.5  3.45  6.67  5.88 999 1020.6  -1.5   8.9  -4.8 99.0 99.00
2018 11 10 11 50 311 14.5 18.0  2.79  7.14  5.60 999 1022.0  -1.8   8.7  -4.8 99.0 99.00
2018 11 10 12 50 314 13.6 16.1  3.27  7.14  6.06 999 1023.3  -1.8   8.6  -4.8 99.0 99.00
2018 11 10 13 50 318 12.0 14.8  2.82  7.14  5.73 999 1024.8  -1.8   8.6  -4.8 99.0 99.00
2018 11 10 14 50 321 10.3 12.8  2.64  7.14  5.84 999 1026.1  -1.6   8.6  -4.8 99.0 99.00
2018 11 10 15 50 315  8.8 10.9  2.38  7.69  5.71 999 1027.1  -1.7   8.5  -4.3 99.0 99.00
2018 11 10 16 50 303  7.6 10.0  2.12  7.14  5.62 999 1028.0  -1.8   8.5  -5.2 99.0 99.00
2018 11 10 17 50 290  5.6  7.9  1.85  7.69  5.51 999 1028.5  -1.8   8.6  -5.5 99.0 99.00
2018 11 10 18 50 291  4.5  6.8  1.75  7.69  5.68 999 1028.3  -1.8   8.6  -5.6 99.0 99.00
2018 11 10 19 50 264  4.3  6.4  1.95  8.33  6.09 999 1028.6  -1.8   8.6  -6.1 99.0 99.00
2018 11 10 20 50 238  3.5  5.4  1.78  7.14  5.94 999 1028.2  -1.4   8.7  -6.0 99.0 99.00
2018 11 10 21 50 239  2.6  4.4  1.47  7.69  5.68 999 1027.6  -0.9   8.7  -5.7 99.0 99.00
2018 11 10 22 50 202  3.5  4.9  1.27  7.69  5.48 999 1027.3  -0.3   8.6  -5.7 99.0 99.00
2018 11 10 23 50 209  4.7  6.5  1.20  7.69  5.84 999 1027.2   0.4   8.7  -6.2 99.0 99.00
2018 11 11 00 50 192  5.0  7.5  1.18  7.69  5.75 999 1026.8   0.9   8.7  -7.0 99.0 99.00
2018 11 11 01 50 206  5.7  7.5  1.00  7.69  5.26 999 1027.0   1.7   8.7  -6.3 99.0 99.00
2018 11 11 02 50 231  5.6  7.7  0.95  7.14  4.87 999 1026.7   1.8   8.7  -7.5 99.0 99.00
2018 11 11 03 50 223  5.7  7.4  0.88  6.67  4.53 999 1026.7   1.8   8.7  -6.1 99.0 99.00
2018 11 11 04 50 201  7.1  9.1  0.78  6.67  4.29 999 1026.4   1.9   8.6  -5.5 99.0 99.00
2018 11 11 05 50 202  8.4 10.7  0.80  6.67  3.91 999 1026.3   2.1   8.5  -5.2 99.0 99.00
2018 11 11 06 50 205  9.5 12.7  0.97  4.00  3.86 999 1025.9   2.0   8.4  -4.5 99.0 99.00
2018 11 11 07 50 205 10.0 12.6  1.29  4.76  4.25 999 1025.8   1.9   8.3  -4.5 99.0 99.00
2018 11 11 08 50 197 10.1 12.7  1.51  5.26  4.53 999 1025.2   1.7   8.2  -4.7 99.0 99.00
2018 11 11 09 50 209 10.3 12.6  1.44  5.26  4.55 999 1024.8   1.6   8.1  -5.0 99.0 99.00
2018 11 11 10 50 214 10.5 12.7  1.54  5.88  4.66 999 1024.4   2.0   8.1  -4.9 99.0 99.00
2018 11 11 11 50 223 10.4 12.7  1.64  5.56  4.65 999 1024.1   2.4   8.1  -4.9 99.0 99.00
2018 11 11 12 50 229  9.1 11.3  1.55  5.88  4.54 999 1024.2   2.2   8.0  -4.1 99.0 99.00
2018 11 11 13 50 212  9.4 10.7  1.59  5.88  4.74 999 1023.7   2.2   8.1  -4.0 99.0 99.00
2018 11 11 14 50 227  8.6 10.3  1.37  5.26  4.42 999 1024.2   2.3   8.0  -3.8 99.0 99.00
2018 11 11 15 50 220  8.0 10.1  1.31  5.26  4.28 999 1023.9   2.1   8.1  -3.8 99.0 99.00
2018 11 11 16 50 220  7.9  9.3  1.16  5.56  4.15 999 1023.9   2.4   8.2  -3.0 99.0 99.00
2018 11 11 17 50 229  7.2  9.3  1.10  5.88  4.18 999 1023.6   2.4   8.2  -3.1 99.0 99.00
2018 11 11 18 50 217  7.6  9.4  0.99  5.56  3.96 999 1023.2   2.7   8.1  -3.1 99.0 99.00
2018 11 11 19 50 222  7.4  9.8  0.94  5.26  3.95 999 1022.9   3.3   8.1  -2.9 99.0 99.00
2018 11 11 20 50 224  7.0  9.1  0.92  5.26  3.89 999 1023.1   3.8   8.1  -3.1 99.0 99.00
2018 11 11 21 50 227  6.6  8.3  0.85  5.26  3.97 999 1023.2   4.2   8.0  -2.9 99.0 99.00
2018 11 11 22 50 236  6.4  7.5  0.82  5.00  3.94 999 1023.4   4.6   7.9  -2.7 99.0 99.00
2018 11 11 23 50 258  7.4  9.2  0.82  4.76  3.71 999 1023.7   4.9   7.9  -2.3 99.0 99.00
2018 11 12 00 50 269  7.3  8.8  0.77  4.76  3.66 999 1024.2   4.7   7.8  -1.8 99.0 99.00
2018 11 12 01 50 265  6.9  8.3  0.86  4.55  3.72 999 1024.3   4.7   7.8  -1.4 99.0 99.00
2018 11 12 02 50 253  6.2  7.7  0.73  3.85  3.65 999 1024.6   4.8   7.9  -1.3 99.0 99.00
2018 11 12 03 50 256  6.3  7.9  0.69  4.35  3.64 999 1024.6   4.9   7.8  -1.4 99.0 99.00
2018 11 12 04 50 282  8.0  9.4  0.67  3.70  3.45 999 1024.5   5.0   7.8  -1.6 99.0 99.00
2018 11 12 05 50 288  6.6  8.2  0.70  4.00  3.63 999 1025.0   4.8   7.8  -2.5 99.0 99.00
2018 11 12 06 50 299  6.9  8.4  0.71  4.00  3.47 999 1025.1   4.3   7.8  -1.4 99.0 99.00
2018 11 12 07 50 310  7.2  8.8  0.72  3.85  3.48 999 1025.7   4.1   7.8  -1.9 99.0 99.00
2018 11 12 08 50 315  7.8 10.0  0.80  3.85  3.54 999 1025.8   3.5   7.8  -1.3 99.0 99.00
2018 11 12 09 50 303  7.6  9.5  0.77  4.00  3.54 999 1025.8   3.4   7.8  -2.7 99.0 99.00
2018 11 12 10 50 321  5.0  7.3  0.78  4.17  3.60 999 1026.1   3.0   7.8  -2.0 99.0 99.00
2018 11 12 11 50 332  7.2  8.6  0.62  4.17  3.42 999 1025.6   2.3   7.8  -1.9 99.0 99.00
2018 11 12 12 50 329  7.3  8.8  0.76  4.35  3.52 999 1026.3   1.7   7.8  -2.8 99.0 99.00
2018 11 12 13 50 333  4.6  6.5  0.84  4.55  3.82 999 1027.8   1.8   7.7  -3.3 99.0 99.00
2018 11 12 14 50 345  6.7  8.0  0.76  4.76  3.77 999 1026.6   2.0   7.8  -2.9 99.0 99.00
2018 11 12 15 50 347  7.0  8.4  0.72  4.76  3.64 999 1027.0   1.9   7.9  -3.1 99.0 99.00
2018 11 12 16 50 342  6.9  8.6  0.71  4.55  3.46 999 1027.5   1.7   7.9  -2.8 99.0 99.00
2018 11 12 17 50 342  7.4  8.9  0.77  4.00  3.55 999 1027.1   1.6   7.9  -2.9 99.0 99.00
2018 11 12 18 50 336  7.2  8.6  0.79  4.35  3.63 999 1026.9   1.4   7.8  -2.9 99.0 99.00
2018 11 12 19 50 341  6.4  8.1  0.83  4.55  3.80 999 1026.6   1.2   7.7  -3.0 99.0 99.00
2018 11 12 20 50 334  6.8  8.0  0.83  4.55  3.76 999 1026.9   1.0   7.7  -3.3 99.0 99.00
2018 11 12 21 50 330  7.4  9.2  0.84  4.76  3.82 999 1026.8   0.7   7.7  -3.5 99.0 99.00
2018 11 12 22 50 333  7.8  9.6  0.79  5.00  3.65 999 1026.7   0.6   7.7  -3.2 99.0 99.00
2018 11 12 23 50 337  8.7 10.5  0.83  4.76  3.77 999 1026.8   0.1   7.7  -3.7 99.0 99.00
2018 11 13 00 50 342  7.5  9.5  0.93  4.35  3.94 999 1027.1   0.0   7.7  -4.3 99.0 99.00
2018 11 13 01 50 332  8.8 11.1  0.96  4.76  3.99 999 1026.7  -0.1   7.6  -4.1 99.0 99.00
2018 11 13 02 50 341  7.8  9.5  0.99  5.00  4.03 999 1026.9  -0.5   7.6  -5.0 99.0 99.00
2018 11 13 03 50 342  7.4  8.8  1.01  5.00  4.11 999 1027.0  -0.2   7.6  -4.8 99.0 99.00
2018 11 13 04 50 341  6.6  9.1  0.91  4.76  3.91 999 1027.1  -0.1   7.8  -5.7 99.0 99.00
2018 11 13 05 50 330  6.5  8.6  0.86  4.76  3.91 999 1026.9  -0.2   7.9  -5.3 99.0 99.00
2018 11 13 06 50 335  8.3 10.3  0.79  4.17  3.65 999 1026.7  -0.5   8.0  -4.6 99.0 99.00
2018 11 13 07 50 327  8.4 10.8  1.06  4.55  3.92 999 1026.5  -0.5   8.0  -4.6 99.0 99.00
2018 11 13 08 50 333  8.9 11.2  1.20  4.76  4.15 999 1026.5  -0.9   8.0  -4.9 99.0 99.00
2018 11 13 09 50 324  9.4 11.8  1.41  5.00  4.33 999 1026.6  -1.1   8.0  -4.9 99.0 99.00
2018 11 13 10 50 324  8.8 12.3  1.59  5.26  4.55 999 1027.0  -1.6   8.0  -5.9 99.0 99.00
2018 11 13 11 50 332  9.0 10.8  1.40  5.88  4.47 999 1027.3  -2.1   8.0  -7.0 99.0 99.00
2018 11 13 12 50 335  8.0 10.3  1.49  5.88  4.61 999 1027.7  -2.4   8.0  -7.5 99.0 99.00
2018 11 13 13 50 333  8.8 11.9  1.34  6.25  4.49 999 1028.4  -2.9   7.8  -8.5 99.0 99.00
2018 11 13 14 50 341  9.0 11.9  1.38  5.88  4.57 999 1028.8  -3.1   7.8  -7.9 99.0 99.00
2018 11 13 15 50 336  8.5 12.1  1.38  6.67  4.63 999 1029.3  -3.7   7.8  -8.3 99.0 99.00
2018 11 13 16 50 326  8.7 10.7  1.33  5.56  4.65 999 1029.9  -3.6   7.5  -8.2 99.0 99.00
2018 11 13 17 50 329  7.5 10.7  1.35  5.56  4.65 999 1030.1  -3.8   7.6  -8.8 99.0 99.00
2018 11 13 18 50 310  7.5 11.4  1.39  5.88  4.60 999 1030.0  -3.9   7.6  -9.0 99.0 99.00
2018 11 13 19 50 297  7.2  9.0  1.40  5.88  4.80 999 1030.0  -3.7   7.6  -8.9 99.0 99.00
2018 11 13 20 50 308  6.8  9.2  1.17  6.25  4.56 999 1029.8  -3.4   7.5  -9.5 99.0 99.00
2018 11 13 21 50 309  7.0  9.8  1.15  5.88  4.41 999 1030.2  -3.3   7.6 -10.3 99.0 99.00
2018 11 13 22 50 298  7.0  9.1  1.06  6.25  4.29 999 1030.4  -2.9   7.6  -9.7 99.0 99.00
2018 11 13 23 50 302  6.2  8.5  1.04  5.88  4.35 999 1030.9  -2.7   7.7  -9.6 99.0 99.00
2018 11 14 00 50 307  6.3  9.3  1.12  5.88  4.38 999 1031.0  -2.6   7.7 -10.0 99.0 99.00
2018 11 14 01 50 296  7.3  9.4  0.95  6.25  4.02 999 1031.1  -2.3   7.7  -9.5 99.0 99.00
2018 11 14 02 50 306  6.8  9.0  0.96  5.26  4.01 999 1031.8  -2.2   7.7  -9.4 99.0 99.00
2018 11 14 03 50 304  7.1  9.7  0.95  3.85  3.86 999 1032.1  -2.1   7.7  -9.8 99.0 99.00
2018 11 14 04 50 308  6.7 10.4  0.97  4.00  3.98 999 1032.5  -2.2   7.7  -9.3 99.0 99.00
2018 11 14 05 50 318  6.3  8.3  0.92  4.35  3.81 999 1032.7  -2.5   7.6  -8.8 99.0 99.00
2018 11 14 06 50 310  6.5  9.1  0.90  4.76  3.93 999 1033.0  -2.8   7.5  -8.3 99.0 99.00
2018 11 14 07 50 312  6.3  8.6  0.84  4.76  3.85 999 1033.4  -3.1   7.5  -8.1 99.0 99.00
2018 11 14 08 50 314  5.3  8.2  0.88  4.55  3.98 999 1033.7  -3.3   7.5  -8.2 99.0 99.00
2018 11 14 09 50 308  5.7  7.8  0.81  4.55  3.99 999 1033.8  -3.7   7.5  -8.1 99.0 99.00
2018 11 14 10 50 319  6.0  8.3  0.81  5.56  4.04 999 1034.3  -3.6   7.5  -7.5 99.0 99.00
2018 11 14 11 50 331  6.2  7.8  0.78  5.00  3.84 999 1034.4  -3.4   7.6  -7.1 99.0 99.00
2018 11 14 12 50 346  5.2  6.4  0.66  5.00  3.78 999 1034.9  -3.2   7.7  -6.6 99.0 99.00
2018 11 14 13 50   1  5.7  7.5  0.66  5.00  3.75 999 1035.5  -3.1   7.7  -6.9 99.0 99.00
2018 11 14 14 50   4  5.8  7.8  0.69  5.00  3.71 999 1035.8  -2.6   7.8  -6.2 99.0 99.00
2018 11 14 15 50  25  3.2  4.8  0.66  3.70  3.67 999 1036.5  -2.1   7.8  -6.0 99.0 99.00
2018 11 14 16 50  14  3.7  5.4  0.60  4.17  3.60 999 1036.5  -1.7   7.8  -5.7 99.0 99.00
2018 11 14 17 50  54  1.0  2.5  0.59  4.76  3.75 999 1036.1  -1.2   7.8  -5.6 99.0 99.00
2018 11 14 18 50 120  1.6  2.7  0.52  4.55  3.73 999 1035.1  -1.0   7.8  -5.8 99.0 99.00
2018 11 14 19 50 235  0.7  1.5  0.46  4.76  3.75 999 1034.5  -0.7   7.8  -5.7 99.0 99.00
2018 11 14 21 50 356  0.6  1.5  0.40  4.76  3.65 999 1033.6   0.0   7.7  -5.4 99.0 99.00
2018 11 14 22 50  36  0.7  2.1  0.38  4.55  3.65 999 1033.3  -0.6   7.6  -5.3 99.0 99.00
2018 11 14 23 50  66  1.8  3.0  0.32  4.55  3.64 999 1033.1  -0.3   7.5  -4.9 99.0 99.00
2018 11 15 00 50  73  3.8  5.6  0.29  4.00  3.64 999 1031.7   0.3   7.5  -4.0 99.0 99.00
2018 11 15 01 50 109  4.2  6.3  0.28  4.76  3.65 999 1031.5   1.2   7.4  -3.1 99.0 99.00
2018 11 15 02 50 114  5.6  7.8  0.29  4.76  3.24 999 1030.9   2.0   7.4  -3.0 99.0 99.00
2018 11 15 03 50 123  5.5  7.0  0.35  2.47  2.79 999 1030.1   2.3   7.5  -3.1 99.0 99.00
2018 11 15 04 50 133  6.8  8.2  0.42  2.94  2.92 999 1029.4   2.2   7.5  -3.1 99.0 99.00
2018 11 15 05 50 127  6.2  7.7  0.50  3.33  3.07 999 1028.2   1.9   7.5  -3.0 99.0 99.00
2018 11 15 06 50 122  6.3  7.8  0.62  3.85  3.28 999 1027.2   1.8   7.4  -3.4 99.0 99.00
2018 11 15 07 50 128  7.2  9.2  0.68  4.00  3.44 999 1026.9   1.6   7.4  -2.9 99.0 99.00
2018 11 15 08 50 113  6.2  7.5  0.75  4.17  3.57 999 1025.9   1.3   7.5  -3.3 99.0 99.00
2018 11 15 09 50 111  6.5  8.2  0.72  4.17  3.62 999 1024.7   1.4   7.5  -3.7 99.0 99.00
2018 11 15 10 50 106  7.0  8.3  0.74  4.17  3.65 999 1023.7   1.2   7.5  -3.8 99.0 99.00
2018 11 15 11 50 105  6.2  7.9  0.76  4.17  3.67 999 1023.2   1.3   7.5  -3.3 99.0 99.00
2018 11 15 12 50 111  5.7  7.7  0.76  4.35  3.73 999 1022.8   1.5   7.5  -2.8 99.0 99.00
2018 11 15 13 50 112  5.6  7.2  0.70  4.17  3.64 999 1022.3   1.6   7.4  -2.7 99.0 99.00
2018 11 15 14 50  97  5.4  7.1  0.62  4.17  3.57 999 1020.9   1.8   7.4  -2.6 99.0 99.00
2018 11 15 15 50 105  5.5  7.0  0.55  4.17  3.36 999 1020.0   1.1   7.4  -1.8 99.0 99.00
2018 11 15 16 50  89  5.1  6.1  0.54  3.85  3.30 999 1018.9   0.6   7.3  -0.4 99.0 99.00
2018 11 15 17 50  99  6.1  7.3  0.58  3.70  3.30 999 1017.3   0.8   7.3  -0.2 99.0 99.00
2018 11 15 18 50 117  6.8  8.5  0.57  3.70  3.26 999 1016.3   1.2   7.3  -0.4 99.0 99.00
2018 11 15 19 50 122  5.5  6.8  0.56  3.70  3.31 999 1015.2   1.3   7.3  -0.1 99.0 99.00
2018 11 15 20 50 152  2.6  3.6  0.45  3.70  3.21 999 1014.3   1.7   7.3  -0.7 99.0 99.00
2018 11 15 21 50 163  3.8  4.7  0.41  3.45  3.20 999 1014.3   1.8   7.3  -0.2 99.0 99.00
2018 11 15 22 50 193  4.0  5.0  0.35  3.45  3.15 999 1013.8   2.2   7.3   0.7 99.0 99.00
2018 11 15 23 50 214  4.3  5.4  0.29  3.45  2.99 999 1013.2   2.5   7.3   0.7 99.0 99.00
2018 11 16 00 50 212  5.4  6.4  0.26  2.86  2.83 999 1012.7   3.2   7.3   1.1 99.0 99.00
2018 11 16 01 50 244  6.6  7.7  0.35  2.74  2.68 999 1012.0   3.3   7.3   1.1 99.0 99.00
2018 11 16 02 50 235  7.6  9.4  0.43  2.94  2.77 999 1011.8   3.1   7.3   0.7 99.0 99.00
2018 11 16 03 50 243  9.1 10.5  0.68  3.45  3.16 999 1011.4   2.6   7.3   0.2 99.0 99.00
2018 11 16 04 50 239  9.7 11.1  0.82  4.00  3.55 999 1010.7   2.9   7.3  -2.1 99.0 99.00
2018 11 16 05 50 223  9.5 10.9  1.04  4.35  3.73 999 1009.9   2.6   7.3  -0.8 99.0 99.00
2018 11 16 06 50 222 10.3 12.0  1.13  4.76  3.90 999 1009.2   2.7   7.4  -1.0 99.0 99.00
2018 11 16 07 50 207 10.7 13.2  1.34  5.00  4.28 999 1008.2   2.9   7.4  -0.6 99.0 99.00
2018 11 16 08 50 209 10.6 12.4  1.42  5.26  4.39 999 1007.6   2.9   7.3  -0.3 99.0 99.00
2018 11 16 09 50 236 10.1 14.6  1.67  5.88  4.73 999 1007.7   2.6   7.3  -0.7 99.0 99.00
2018 11 16 10 50 248 10.1 11.4  1.57  5.56  4.71 999 1007.8   1.4   7.2   0.3 99.0 99.00
2018 11 16 11 50 278  8.8 10.5  1.55  5.88  4.62 999 1008.2   1.8   7.1  -0.2 99.0 99.00
2018 11 16 12 50 293  9.0 11.0  1.38  5.56  4.38 999 1008.8   2.3   7.1   0.2 99.0 99.00
2018 11 16 13 50 295  9.1 11.3  1.34  5.88  4.33 999 1009.5   2.8   7.1   0.5 99.0 99.00
2018 11 16 14 50 300 10.9 13.8  1.43  4.35  4.26 999 1010.5   3.5   7.0   1.0 99.0 99.00
2018 11 16 15 50 310 11.5 13.8  1.72  5.00  4.52 999 1011.4   3.7   7.0   0.5 99.0 99.00
2018 11 16 16 50 307 10.1 12.4  1.71  5.56  4.70 999 1012.2   4.0   7.0   0.6 99.0 99.00
2018 11 16 17 50 310 10.0 11.7  1.67  5.56  4.71 999 1012.5   4.3   7.0   0.3 99.0 99.00
2018 11 16 18 50 302 10.7 12.7  1.74  5.88  4.73 999 1013.4   4.7   7.0   0.5 99.0 99.00
2018 11 16 19 50 301  9.6 11.7  1.62  5.88  4.70 999 1014.2   4.6   7.0   0.2 99.0 99.00
2018 11 16 20 50 290  9.7 11.5  1.57  6.25  4.74 999 1015.1   4.5   7.0   0.3 99.0 99.00
2018 11 16 21 50 302  9.6 12.1  1.51  5.88  4.61 999 1015.5   4.8   7.0   0.4 99.0 99.00
2018 11 16 22 50 290  7.6  9.6  1.39  5.88  4.53 999 1016.2   4.7   7.0   0.8 99.0 99.00
2018 11 16 23 50 281  9.1 11.0  1.25  5.88  4.37 999 1016.9   4.6   7.0   0.6 99.0 99.00
2018 11 17 00 50 290  7.8  9.3  1.26  5.00  4.20 999 1017.5   4.2   7.0  -0.4 99.0 99.00
2018 11 17 01 50 306  8.5 10.1  1.27  5.56  4.28 999 1018.1   4.0   7.0  -0.4 99.0 99.00
2018 11 17 02 50 300  7.4  9.8  1.16  5.26  4.21 999 1018.9   3.8   7.0  -0.5 99.0 99.00
2018 11 17 03 50 323  8.4 10.4  1.13  5.00  4.09 999 1019.4   3.5   7.0  -0.8 99.0 99.00
2018 11 17 04 50 309  7.5  9.2  1.13  5.26  4.05 999 1020.6   3.1   7.0  -1.4 99.0 99.00
2018 11 17 05 50 320  7.2  8.4  1.02  5.26  4.08 999 1021.5   2.9   6.9  -1.3 99.0 99.00
2018 11 17 06 50 322  6.3  8.0  1.08  4.76  4.07 999 1022.0   2.6   6.9  -1.5 99.0 99.00
2018 11 17 07 50 336  6.0  7.7  0.94  5.26  4.06 999 1022.3   2.3   6.9  -1.9 99.0 99.00
2018 11 17 08 50 325  3.5  4.4  0.92  5.26  4.14 999 1022.7   1.7   6.9  -1.2 99.0 99.00
2018 11 17 09 50 316  3.4  4.2  0.81  5.26  4.15 999 1023.0   1.4   6.9  -0.4 99.0 99.00
2018 11 17 10 50 315  3.3  4.5  0.72  5.26  4.09 999 1023.5   1.4   6.9  -0.2 99.0 99.00
2018 11 17 11 50 344  4.2  5.2  0.68  5.00  4.10 999 1023.8   1.5   7.0  -0.4 99.0 99.00
2018 11 17 12 50 344  4.1  5.0  0.63  4.76  4.08 999 1024.4   1.6   7.0  -0.2 99.0 99.00
2018 11 17 13 50   8  4.7  5.9  0.59  5.26  3.98 999 1025.3   1.4   7.0   0.1 99.0 99.00
2018 11 17 14 50 359  5.7  6.5  0.62  5.26  3.79 999 1026.2   1.5   7.0  -0.2 99.0 99.00
2018 11 17 15 50  12  6.9  8.2  0.75  6.25  3.94 999 1026.7   1.4   7.0   0.0 99.0 99.00
2018 11 17 16 50   2  6.0  7.0  0.83  4.55  3.97 999 1027.0   2.0   7.1  -0.6 99.0 99.00
2018 11 17 17 50   2  6.5  8.1  0.79  5.88  4.02 999 1026.6   2.0   7.1  -1.4 99.0 99.00
2018 11 17 18 50   1  6.7  8.2  0.83  4.17  3.81 999 1026.4   2.3   7.1  -1.8 99.0 99.00
2018 11 17 19 50  18  6.6  8.6  0.79  5.56  3.89 999 1026.5   2.2   7.0  -2.7 99.0 99.00
2018 11 17 20 50  11  7.6  9.3  0.93  5.00  3.90 999 1026.6   2.0   7.0  -2.6 99.0 99.00
2018 11 17 21 50  17  7.5  8.8  0.98  5.00  3.87 999 1027.0   1.8   7.0  -3.2 99.0 99.00
2018 11 17 22 50   9  7.3  9.2  1.01  5.56  4.04 999 1027.1   1.7   6.9  -4.0 99.0 99.00
2018 11 17 23 50  12  6.0  8.2  0.99  5.56  4.15 999 1027.5   1.5   6.9  -4.9 99.0 99.00
2018 11 18 00 50  24  5.0  7.0  0.90  5.26  4.22 999 1027.6   1.7   6.9  -4.4 99.0 99.00
2018 11 18 01 50  15  4.5  6.7  0.91  5.26  4.23 999 1027.5   2.0   7.0  -3.7 99.0 99.00
2018 11 18 02 50  26  4.7  6.0  0.74  5.56  4.05 999 1027.5   2.2   7.0  -3.2 99.0 99.00
2018 11 18 03 50  24  4.1  6.0  0.68  5.56  4.13 999 1027.5   2.5   7.1  -2.8 99.0 99.00
2018 11 18 04 50  42  3.3  4.7  0.65  5.88  4.01 999 1027.3   2.5   7.1  -2.1 99.0 99.00
2018 11 18 05 50   1  3.0  4.4  0.60  5.26  4.03 999 1027.3   2.4   7.1  -2.5 99.0 99.00
2018 11 18 06 50 119  2.6  3.4  0.57  5.26  3.93 999 1027.1   1.7   7.1  -0.6 99.0 99.00
2018 11 18 07 50  64  1.3  2.4  0.58  5.26  4.06 999 1026.6   2.0   7.0  -1.4 99.0 99.00
2018 11 18 08 50  19  3.1  4.9  0.54  5.56  3.84 999 1026.2   2.1   7.0  -1.8 99.0 99.00
2018 11 18 09 50 360  4.2  5.3  0.51  5.26  3.77 999 1025.7   2.3   7.1  -2.1 99.0 99.00
2018 11 18 10 50 350  4.5  5.9  0.46  5.26  3.63 999 1025.6   2.2   7.2  -2.5 99.0 99.00
2018 11 18 11 50 354  4.0  5.5  0.44  4.76  3.48 999 1025.7   2.1   7.2  -2.8 99.0 99.00
2018 11 18 12 50 342  5.0  6.4  0.42  5.00  3.41 999 1025.7   2.0   7.2  -2.7 99.0 99.00
2018 11 18 13 50 350  4.5  5.7  0.44  5.00  3.30 999 1026.0   1.9   7.2  -2.7 99.0 99.00
2018 11 18 14 50 341  4.7  5.9  0.40  4.55  3.24 999 1026.0   1.6   7.1  -3.1 99.0 99.00
2018 11 18 15 50 326  5.1  6.4  0.40  3.45  3.15 999 1025.8   1.3   7.1  -3.3 99.0 99.00
2018 11 18 16 50 316  6.0  7.6  0.41  3.03  3.02 999 1025.3   0.9   7.1  -3.7 99.0 99.00
2018 11 18 17 50 302  5.7  7.3  0.44  3.33  3.05 999 1024.4   0.8   7.0  -3.8 99.0 99.00
2018 11 18 18 50 293  5.4  7.4  0.45  3.33  3.12 999 1023.7   0.7   7.1  -3.5 99.0 99.00
2018 11 18 19 50 277  5.8  7.2  0.46  3.33  3.13 999 1022.8   1.2   7.1  -3.3 99.0 99.00
2018 11 18 20 50 255  7.6  9.8  0.47  3.45  3.13 999 1022.2   1.8   7.2  -2.3 99.0 99.00
2018 11 18 21 50 259  7.8  9.3  0.54  3.45  3.18 999 1022.2   2.2   7.2  -2.7 99.0 99.00
2018 11 18 22 50 259  7.0  8.5  0.57  3.45  3.16 999 1022.3   2.3   7.2  -4.7 99.0 99.00
2018 11 18 23 50 265  7.0  8.7  0.60  3.23  3.25 999 1022.3   2.2   7.2  -6.0 99.0 99.00
2018 11 19 00 50 263  6.2  7.8  0.61  4.00  3.32 999 1022.4   2.1   7.1  -5.2 99.0 99.00
2018 11 19 01 50 245  7.3  8.8  0.62  3.85  3.30 999 1021.9   2.0   7.1  -6.0 99.0 99.00
2018 11 19 02 50 249  6.9  8.4  0.61  3.70  3.26 999 1021.7   1.9   7.0  -5.0 99.0 99.00
2018 11 19 03 50 245  6.7  8.4  0.65  3.70  3.25 999 1021.4   1.7   7.0  -4.6 99.0 99.00
2018 11 19 04 50 267  6.9  8.1  0.59  3.85  3.32 999 1021.0   1.2   7.0  -7.1 99.0 99.00
2018 11 19 05 50 264  6.3  7.5  0.63  3.70  3.33 999 1020.9   1.3   7.0  -5.6 99.0 99.00
2018 11 19 06 50 251  5.9  7.0  0.60  3.70  3.38 999 1020.5   1.2   7.0  -4.3 99.0 99.00
2018 11 19 07 50 228  6.4  7.6  0.56  3.70  3.36 999 1020.1   1.1   7.0  -4.0 99.0 99.00
2018 11 19 08 50 250  5.9  7.5  0.58  3.85  3.25 999 1020.0   1.5   7.0  -4.3 99.0 99.00
2018 11 19 09 50 252  6.9  8.7  0.56  3.57  3.29 999 1019.6   1.2   6.9  -3.3 99.0 99.00
2018 11 19 10 50 247  6.4  8.1  0.62  3.70  3.31 999 1019.3   1.0   6.9  -4.5 99.0 99.00
2018 11 19 11 50 251  6.5  8.2  0.59  4.00  3.36 999 1019.1   1.0   6.9  -6.4 99.0 99.00
2018 11 19 12 50 224  6.2  7.5  0.67  4.00  3.50 999 1018.8   1.1   7.0  -4.4 99.0 99.00
2018 11 19 13 50 220  7.4  9.4  0.70  3.85  3.50 999 1018.4   1.2   7.0  -3.4 99.0 99.00
2018 11 19 14 50 221  7.9 10.2  0.71  4.17  3.46 999 1018.1   1.2   7.0  -2.9 99.0 99.00
2018 11 19 15 50 231  7.9  9.7  0.79  4.00  3.56 999 1018.0   1.2   7.0  -2.7 99.0 99.00
2018 11 19 16 50 230  7.8  9.4  0.90  4.35  3.77 999 1017.8   1.3   7.0  -3.3 99.0 99.00
2018 11 19 17 50 230  7.1  8.6  0.86  4.35  3.70 999 1017.1   1.0   7.0  -3.3 99.0 99.00
2018 11 19 18 50 249  6.1  8.3  0.76  4.35  3.51 999 1016.8   1.7   7.0  -3.1 99.0 99.00
2018 11 19 19 50 243  5.9  7.3  0.69  4.55  3.54 999 1016.2   2.0   7.0  -2.8 99.0 99.00
2018 11 19 20 50 278  6.7  8.7  0.69  4.17  3.41 999 1016.6   1.7   6.9  -3.2 99.0 99.00
2018 11 19 21 50 285  4.9  6.4  0.59  4.17  3.27 999 1016.9   1.4   6.9  -3.1 99.0 99.00
2018 11 19 22 50 336  5.5  7.0  0.50  3.85  3.17 999 1017.4   1.1   6.9  -3.5 99.0 99.00
2018 11 19 23 50 332  6.3  7.4  0.48  2.94  3.05 999 1018.0   1.1   6.9  -3.1 99.0 99.00
2018 11 20 00 50 345  6.0  8.1  0.49  2.94  3.09 999 1018.2   1.1   6.9  -3.3 99.0 99.00
2018 11 20 01 50 345  6.8  8.4  0.54  3.23  3.06 999 1018.5   1.2   6.9  -3.2 99.0 99.00
2018 11 20 02 50 360  8.4  9.9  0.63  3.57  3.16 999 1018.4   1.0   6.8  -2.5 99.0 99.00
2018 11 20 03 50 326  7.0  8.6  0.69  3.45  3.32 999 1018.8   1.1   6.8  -1.4 99.0 99.00
2018 11 20 04 50 336  9.0 10.5  0.77  4.35  3.58 999 1018.4   1.5   6.8  -0.7 99.0 99.00
2018 11 20 05 50 325  6.8  9.0  1.05  5.00  3.87 999 1018.2   1.2   6.7   0.4 99.0 99.00
2018 11 20 06 50  26  9.2 11.6  1.16  5.00  4.16 999 1018.6   1.8   6.8  -0.9 99.0 99.00
2018 11 20 07 50  33 10.1 12.0  1.40  5.56  4.48 999 1019.3   1.2   6.7  -2.8 99.0 99.00
2018 11 20 08 50  26  8.4  9.7  1.56  5.56  4.69 999 1020.2   0.8   6.7  -4.4 99.0 99.00
2018 11 20 09 50  38  8.3 10.3  1.58  6.25  4.99 999 1020.5   0.4   6.8  -4.7 99.0 99.00
2018 11 20 10 50  35  6.2  7.9  1.70  7.69  5.21 999 1021.4   0.1   6.9  -4.8 99.0 99.00
2018 11 20 11 50  44  5.6  7.2  1.62  7.69  5.47 999 1022.1  -0.2   6.9  -4.3 99.0 99.00
2018 11 20 12 50  58  4.7  6.2  1.68  7.69  5.40 999 1022.7  -0.4   6.8  -4.1 99.0 99.00
2018 11 20 13 50  46  3.3  5.0  1.49  7.69  5.33 999 1023.1  -0.5   6.8  -4.0 99.0 99.00
2018 11 20 14 50  37  2.8  3.9  1.32  7.14  5.25 999 1023.6  -0.8   6.8  -2.9 99.0 99.00
2018 11 20 15 50  22  2.7  3.8  1.33  7.14  5.18 999 1024.0  -0.4   6.8  -3.7 99.0 99.00
2018 11 20 16 50 254  1.0  2.6  1.23  7.14  5.03 999 1023.5   0.2   6.8  -5.9 99.0 99.00
2018 11 20 17 50 280  4.7  6.9  1.13  7.14  5.04 999 1022.9   0.4   6.9  -4.7 99.0 99.00
2018 11 20 18 50 251  6.5  8.3  0.99  7.14  4.73 999 1021.8   0.5   6.9  -5.3 99.0 99.00
2018 11 20 19 50 230  8.4 10.8  0.88  6.67  4.19 999 1020.9   1.0   6.8  -5.1 99.0 99.00
2018 11 20 20 50 226 11.2 12.9  0.99  6.67  3.89 999 1019.7   1.7   6.7  -4.8 99.0 99.00
2018 11 20 21 50 235 11.3 13.8  1.14  4.55  3.92 999 1019.3   2.0   6.7  -3.5 99.0 99.00
2018 11 20 22 50 245 12.0 15.3  1.55  5.00  4.47 999 1019.0   2.0   6.7  -4.2 99.0 99.00
2018 11 20 23 50 237 12.8 15.3  1.64  5.00  4.48 999 1018.7   1.6   6.7  -3.8 99.0 99.00
2018 11 21 00 50 243 12.9 15.9  1.84  5.56  4.70 999 1018.5   1.4   6.7  -3.7 99.0 99.00
2018 11 21 01 50 250 13.0 14.8  1.94  5.88  4.82 999 1018.6   1.2   6.8  -3.5 99.0 99.00
2018 11 21 02 50 251 11.4 13.9  1.88  5.56  4.99 999 1018.6   1.6   6.7  -2.1 99.0 99.00
2018 11 21 03 50 265 12.4 15.4  1.70  5.88  4.72 999 1018.6   1.8   6.7  -2.1 99.0 99.00
2018 11 21 04 50 270 13.2 15.7  1.68  4.76  4.54 999 1018.5   1.7   6.7  -2.7 99.0 99.00
2018 11 21 05 50 274 11.3 14.3  1.80  5.88  4.69 999 1018.7   1.9   6.7  -2.5 99.0 99.00
2018 11 21 06 50 282 10.2 12.2  1.75  5.56  4.61 999 1018.9   1.9   6.7  -2.6 99.0 99.00
2018 11 21 07 50 289 10.0 11.9  1.58  5.56  4.48 999 1019.1   1.8   6.7  -2.6 99.0 99.00
2018 11 21 08 50 296  9.1 10.5  1.60  5.26  4.43 999 1019.5   1.8   6.6  -2.4 99.0 99.00
2018 11 21 09 50 320  8.8 11.2  1.33  5.00  4.27 999 1019.8   1.7   6.6  -2.4 99.0 99.00
2018 11 21 10 50 334  9.0 10.8  1.16  4.76  4.11 999 1020.6   1.5   6.6  -2.6 99.0 99.00
2018 11 21 11 50 343  9.2 12.2  1.16  5.00  4.06 999 1021.7   1.4   6.5  -2.7 99.0 99.00
2018 11 21 12 50 352  9.7 11.9  1.18  5.00  4.13 999 1023.1   1.2   6.5  -2.8 99.0 99.00
2018 11 21 13 50 359  8.4 10.8  1.23  5.26  4.15 999 1024.5   0.4   6.5  -3.8 99.0 99.00
2018 11 21 14 50   3  8.3 10.6  1.37  5.00  4.40 999 1025.5   0.4   6.5  -5.1 99.0 99.00
2018 11 21 15 50  13  9.6 12.0  1.38  5.56  4.55 999 1026.1   0.4   6.5  -4.6 99.0 99.00
2018 11 21 16 50   7  9.8 12.7  1.41  5.88  4.53 999 1026.9  -0.4   6.5  -5.6 99.0 99.00
2018 11 21 17 50   4  8.0  9.9  1.47  5.88  4.63 999 1027.5  -1.3   6.5  -6.6 99.0 99.00
2018 11 21 18 50   4  7.3  9.6  1.57  6.25  4.89 999 1027.9  -1.1   6.5  -6.3 99.0 99.00
2018 11 21 19 50   8  8.4 10.4  1.56  6.67  5.03 999 1027.9  -1.0   6.5  -5.9 99.0 99.00
2018 11 21 20 50   6  7.5  9.6  1.54  7.14  5.07 999 1028.7  -1.3   6.5  -6.8 99.0 99.00
2018 11 21 21 50  10  7.7 10.0  1.31  6.67  4.76 999 1029.5  -1.1   6.5  -6.4 99.0 99.00
2018 11 21 22 50  11  7.9  9.6  1.35  6.67  4.80 999 1029.8  -1.0   6.5  -6.1 99.0 99.00
2018 11 21 23 50  20  7.7  9.7  1.29  6.67  4.61 999 1030.2  -0.6   6.5  -6.0 99.0 99.00
2018 11 22 00 50  49  7.1  9.2  1.20  6.67  4.57 999 1030.6  -0.5   6.5  -5.8 99.0 99.00
2018 11 22 01 50  47  6.0  8.3  1.15  6.67  4.50 999 1030.9  -0.6   6.5  -6.4 99.0 99.00
2018 11 22 02 50  58  6.8  8.7  1.03  5.00  4.26 999 1031.1  -0.9   6.5  -7.1 99.0 99.00
2018 11 22 03 50  61  6.6  8.8  1.01  6.25  4.26 999 1031.0  -1.2   6.4  -7.2 99.0 99.00
2018 11 22 04 50  74  5.6  7.8  0.95  5.88  4.07 999 1031.3  -1.4   6.4  -7.5 99.0 99.00
2018 11 22 05 50  74  5.9  8.3  0.89  4.76  4.09 999 1031.3  -1.3   6.4  -7.1 99.0 99.00
2018 11 22 06 50  75  6.6  9.7  0.87  4.76  3.95 999 1031.0  -1.4   6.4  -6.6 99.0 99.00
2018 11 22 07 50  90  6.3  8.4  0.80  4.76  3.80 999 1031.0  -1.2   6.4  -6.0 99.0 99.00
2018 11 22 08 50  87  6.4  7.7  0.82  5.26  3.75 999 1031.0  -1.3   6.4  -6.0 99.0 99.00
2018 11 22 09 50  93  6.2  8.0  0.77  3.70  3.68 999 1031.2  -1.5   6.4  -6.3 99.0 99.00
2018 11 22 10 50  91  6.8  8.7  0.76  3.85  3.78 999 1031.5  -1.3   6.4  -5.8 99.0 99.00
2018 11 22 11 50 100  7.6  9.5  0.79  4.00  3.61 999 1031.5  -1.5   6.4  -5.7 99.0 99.00
2018 11 22 12 50 109  7.4  9.2  0.77  4.17  3.65 999 1031.6  -1.3   6.4  -5.5 99.0 99.00
2018 11 22 13 50 114  7.7  9.3  0.87  4.35  3.64 999 1031.6  -1.1   6.4  -5.2 99.0 99.00
2018 11 22 14 50 118  7.6  9.6  0.93  4.17  3.84 999 1031.4  -0.7   6.4  -4.5 99.0 99.00
2018 11 22 15 50 121  8.2 10.1  1.01  4.55  3.87 999 1030.9  -0.5   6.4  -4.2 99.0 99.00
2018 11 22 16 50 117  8.2 10.4  1.00  4.55  3.89 999 1030.4  -0.3   6.5  -3.9 99.0 99.00
2018 11 22 17 50 126  8.8 11.3  1.04  4.55  3.98 999 1029.1   0.3   6.5  -3.2 99.0 99.00
2018 11 22 18 50 125  9.1 10.8  1.15  4.55  4.10 999 1028.3   0.9   6.5  -2.6 99.0 99.00
2018 11 22 19 50 122  9.1 11.2  1.15  4.76  4.14 999 1027.5   1.1   6.5  -2.6 99.0 99.00
2018 11 22 20 50 121  9.9 11.7  1.28  5.00  4.14 999 1026.5   1.4   6.5  -2.3 99.0 99.00
2018 11 22 21 50 116 10.9 13.0  1.27  5.00  4.08 999 1025.7   1.5   6.4  -2.4 99.0 99.00
2018 11 22 22 50 123 11.0 13.1  1.45  5.26  4.43 999 1025.3   1.7   6.4  -2.1 99.0 99.00
2018 11 22 23 50 129 11.1 13.3  1.51  5.56  4.47 999 1025.1   1.9   6.4  -1.8 99.0 99.00
2018 11 23 00 50 135 11.6 13.8  1.60  5.56  4.56 999 1024.9   1.9   6.4  -1.5 99.0 99.00
2018 11 23 01 50 138 11.8 14.0  1.85  5.56  4.76 999 1025.1   1.9   6.4  -1.5 99.0 99.00
2018 11 23 02 50 140 11.9 14.6  1.95  5.88  5.03 999 1024.6   2.1   6.4  -1.0 99.0 99.00
2018 11 23 03 50 140 11.7 13.7  1.86  5.88  4.91 999 1024.1   2.5   6.4  -0.4 99.0 99.00
2018 11 23 04 50 139 11.6 13.9  1.67  5.88  4.64 999 1023.3   2.9   6.4   0.1 99.0 99.00
2018 11 23 05 50 145 11.9 14.4  2.09  5.88  4.95 999 1022.5   3.5   6.4   0.8 99.0 99.00
2018 11 23 06 50 146 11.5 13.3  1.92  6.25  4.91 999 1021.4   3.8   6.4   1.4 99.0 99.00
2018 11 23 07 50 147 11.7 13.8  1.97  6.25  5.00 999 1020.7   4.0   6.4   1.7 99.0 99.00
2018 11 23 08 50 152 11.9 14.2  1.94  6.25  4.93 999 1020.0   4.4   6.3   2.2 99.0 99.00
2018 11 23 09 50 155 10.8 13.1  2.02  6.25  5.06 999 1019.3   4.6   6.3   2.6 99.0 99.00
2018 11 23 10 50 157 10.5 12.5  1.90  6.25  4.92 999 1018.7   4.9   6.3   2.9 99.0 99.00
2018 11 23 11 50 161 10.4 12.3  1.83  6.25  4.86 999 1018.6   5.2   6.3   3.1 99.0 99.00
2018 11 23 12 50 162  9.9 11.5  1.85  5.88  4.98 999 1018.4   5.4   6.2   3.3 99.0 99.00
2018 11 23 13 50 160  9.5 11.2  1.72  6.25  4.79 999 1018.0   5.8   6.2   3.7 99.0 99.00
2018 11 23 14 50 160  9.7 11.6  1.68  6.25  4.89 999 1017.6   5.7   6.1   3.5 99.0 99.00
2018 11 23 15 50 159 10.5 12.2  1.68  5.88  4.74 999 1016.6   5.9   6.1   3.3 99.0 99.00
2018 11 23 16 50 152  9.5 11.2  1.53  5.88  4.68 999 1015.3   6.2   6.2   3.6 99.0 99.00
2018 11 23 17 50 153  9.5 11.5  1.57  5.56  4.62 999 1014.1   6.5   6.2   3.8 99.0 99.00
2018 11 23 18 50 148  9.7 11.8  1.37  5.56  4.48 999 1012.7   7.2   6.2   4.1 99.0 99.00
2018 11 23 19 50 147 10.3 12.0  1.42  5.56  4.50 999 1011.7   7.5   6.2   4.2 99.0 99.00
2018 11 23 20 50 149 10.0 12.1  1.36  5.56  4.37 999 1010.6   7.9   6.2   4.0 99.0 99.00
2018 11 23 21 50 149  9.9 12.2  1.33  5.56  4.31 999 1009.7   8.0   6.2   4.7 99.0 99.00
2018 11 23 22 50 149 10.2 12.1  1.34  5.26  4.27 999 1009.4   8.2   6.2   4.6 99.0 99.00
2018 11 23 23 50 155 10.3 12.0  1.27  5.00  4.23 999 1009.2   8.1   6.2   4.7 99.0 99.00
2018 11 24 00 50 152  9.0 10.3  1.32  5.26  4.25 999 1008.7   7.9   6.2   5.0 99.0 99.00
2018 11 24 01 50 159  9.7 11.3  1.29  5.00  4.24 999 1008.2   7.8   6.1   5.0 99.0 99.00
2018 11 24 02 50 157  8.9 10.9  1.20  5.26  4.18 999 1007.4   7.7   6.1   5.2 99.0 99.00
2018 11 24 03 50 151  9.4 11.2  1.21  5.26  4.16 999 1006.3   7.5   6.0   5.4 99.0 99.00
2018 11 24 04 50 137  9.1 10.4  1.15  5.26  4.19 999 1005.1   7.4   6.0   5.5 99.0 99.00
2018 11 24 05 50 141 10.4 12.5  1.14  5.26  4.11 999 1003.6   7.5   6.0   5.5 99.0 99.00
2018 11 24 06 50 145  9.6 11.8  1.21  5.00  4.24 999 1002.5   7.5   6.0   5.7 99.0 99.00
2018 11 24 07 50 150  9.4 11.2  1.24  5.00  4.15 999 1001.7   7.2   6.0   5.9 99.0 99.00
2018 11 24 08 50 158  7.2  8.8  1.31  5.26  4.42 999 1000.9   7.0   6.0   6.1 99.0 99.00
2018 11 24 09 50 150  8.6 10.7  1.36  5.00  4.31 999  999.5   6.8   6.0   6.2 99.0 99.00
2018 11 24 10 50 175  8.8 10.5  1.43  5.56  4.45 999  999.0   7.1   6.0   5.9 99.0 99.00
2018 11 24 11 50 174  7.6  8.9  1.25  5.56  4.32 999  998.5   6.8   6.0   6.1 99.0 99.00
2018 11 24 12 50 178  6.4  7.4  1.10  5.26  4.24 999  998.3   6.8   6.0   6.0 99.0 99.00
2018 11 24 13 50 182  6.5  7.8  0.95  5.26  4.10 999  998.2   6.7   6.0   6.1 99.0 99.00
2018 11 24 14 50 193  6.6  7.9  0.88  4.76  3.93 999  998.2   6.6   6.0   6.1 99.0 99.00
2018 11 24 15 50 206  7.4  8.9  0.81  5.00  3.77 999  998.2   6.6   6.0   6.2 99.0 99.00
2018 11 24 16 50 210  6.1  6.9  0.74  4.76  3.61 999  998.1   6.6   6.0   6.1 99.0 99.00
2018 11 24 17 50 213  6.8  8.1  0.67  4.35  3.57 999  998.0   6.9   6.0   5.7 99.0 99.00
2018 11 24 18 50 219  6.5  7.6  0.60  4.17  3.52 999  997.9   6.9   6.0   5.7 99.0 99.00
2018 11 24 19 50 252  9.2 11.3  0.66  4.35  3.46 999  998.4   6.8   6.0   5.0 99.0 99.00
2018 11 24 20 50 252  9.1 10.8  0.77  3.45  3.38 999  999.4   6.4   6.0   4.8 99.0 99.00
2018 11 24 21 50 261  7.5  8.9  0.90  4.17  3.60 999 1000.6   6.6   6.0   4.8 99.0 99.00
2018 11 24 22 50 251  8.0  9.4  1.08  4.17  3.95 999 1001.9   6.5   6.0   4.9 99.0 99.00
2018 11 24 23 50 255  9.7 11.9  1.21  5.00  4.11 999 1002.8   6.5   6.0   4.2 99.0 99.00
2018 11 25 00 50 260 10.2 12.1  1.11  5.00  3.86 999 1003.7   6.0   6.0   4.0 99.0 99.00
2018 11 25 01 50 258  8.2  9.6  1.08  4.76  3.93 999 1004.5   6.0   6.0   3.9 99.0 99.00
2018 11 25 02 50 262  7.3  8.6  1.05  4.76  4.01 999 1005.2   6.0   6.0   3.8 99.0 99.00
2018 11 25 03 50 262  7.3  9.2  0.94  4.55  3.80 999 1005.8   6.0   6.0   3.9 99.0 99.00
2018 11 25 04 50 265  7.4  9.1  0.80  4.17  3.74 999 1006.7   5.8   6.0   3.8 99.0 99.00
2018 11 25 05 50 279  7.8 10.1  0.84  4.35  3.58 999 1008.1   5.9   6.0   3.5 99.0 99.00
2018 11 25 06 50 301  8.5 10.1  0.75  3.70  3.57 999 1009.0   5.8   6.0   2.6 99.0 99.00
2018 11 25 07 50 304  8.1  9.9  0.89  4.00  3.69 999 1009.3   5.5   6.0   2.0 99.0 99.00
2018 11 25 08 50 308  7.0  8.8  0.85  4.17  3.73 999 1009.8   5.1   6.0   1.9 99.0 99.00
2018 11 25 09 50 328  6.0  7.2  0.81  4.55  3.77 999 1009.9   4.8   6.0   1.5 99.0 99.00
2018 11 25 10 50 340  5.7  7.3  0.78  4.35  3.80 999 1010.5   4.7   6.0   1.5 99.0 99.00
2018 11 25 11 50 357  4.0  5.2  0.88  4.76  4.06 999 1011.6   4.5   6.0   0.2 99.0 99.00
2018 11 25 12 50 335  5.1  6.3  0.86  5.26  4.05 999 1012.1   4.4   6.0   0.6 99.0 99.00
2018 11 25 13 50 334  4.9  5.7  0.79  5.26  4.23 999 1012.5   4.3   6.0   0.4 99.0 99.00
2018 11 25 14 50 340  4.7  5.6  0.72  5.26  3.98 999 1012.8   4.2   6.0  -0.4 99.0 99.00
2018 11 25 15 50 345  4.3  5.3  0.70  4.76  3.92 999 1013.5   3.9   6.0  -0.4 99.0 99.00
2018 11 25 16 50 351  5.3  6.5  0.70  4.55  3.97 999 1013.3   3.9   6.0  -0.6 99.0 99.00
2018 11 25 17 50   3  7.6  8.7  0.72  5.00  3.70 999 1012.0   3.4   6.0  -0.5 99.0 99.00
2018 11 25 18 50   8  7.0  8.3  0.73  4.35  3.60 999 1012.4   3.3   6.0  -0.8 99.0 99.00
2018 11 25 19 50  17 10.1 11.9  0.80  5.00  3.61 999 1010.6   2.7   6.0   0.0 99.0 99.00
2018 11 25 20 50  22 11.5 13.0  0.94  3.85  3.73 999 1009.9   3.0   6.0   0.1 99.0 99.00
2018 11 25 21 50  30 10.2 11.8  1.07  4.55  3.83 999 1010.2   2.6   6.0   0.6 99.0 99.00
2018 11 25 22 50  45 11.2 13.3  1.25  5.00  4.04 999 1009.3   2.5   5.9   1.2 99.0 99.00
2018 11 25 23 50  47 11.5 13.2  1.39  5.00  4.24 999 1008.3   2.6   5.9   1.3 99.0 99.00
2018 11 26 00 50  37 11.6 14.1  1.29  5.00  4.11 999 1008.2   3.1   5.9   1.3 99.0 99.00
2018 11 26 01 50  36 13.4 15.7  1.57  5.26  4.39 999 1008.1   2.5   5.9   1.8 99.0 99.00
2018 11 26 02 50  39 14.3 17.0  1.82  5.56  4.60 999 1007.3   1.5   5.9   1.2 99.0 99.00
2018 11 26 03 50  39 14.5 17.7  1.94  5.88  4.79 999 1005.7   2.0   5.9   1.7 99.0 99.00
2018 11 26 04 50  35 15.4 19.0  2.30  6.25  5.13 999 1004.4   1.9   5.9   1.3 99.0 99.00
2018 11 26 05 50  33 15.2 18.2  2.63  6.67  5.45 999 1003.8   1.9   5.9   1.3 99.0 99.00
2018 11 26 06 50  27 16.2 20.5  2.89  7.14  5.68 999 1003.5   0.9   6.0   0.5 99.0 99.00
2018 11 26 07 50  21 16.2 20.0  3.28  7.14  6.07 999 1003.3   1.0   6.0   0.6 99.0 99.00
2018 11 26 08 50  15 16.1 18.9  3.49  7.69  6.17 999 1004.0   0.6   5.9   0.2 99.0 99.00
2018 11 26 09 50  19 16.6 20.6  3.40  8.33  6.26 999 1004.6   0.4   5.9   0.1 99.0 99.00
2018 11 26 10 50  17 16.2 20.6  3.47  7.69  6.30 999 1005.0   0.5   5.9   0.0 99.0 99.00
2018 11 26 11 50  14 16.4 19.6  3.76  8.33  6.54 999 1005.9   0.7   5.9   0.1 99.0 99.00
2018 11 26 12 50  23 14.2 17.5  3.51  8.33  6.49 999 1006.8   1.1   5.8   0.3 99.0 99.00
2018 11 26 13 50   7 14.3 18.2  4.05  8.33  6.79 999 1007.2   1.8   5.8  -0.3 99.0 99.00
2018 11 26 14 50 357 15.4 19.6  3.96  9.09  6.81 999 1007.7   1.6   5.8  -1.2 99.0 99.00
2018 11 26 15 50 352 14.8 18.6  3.53  9.09  6.70 999 1008.3   1.5   5.7  -1.2 99.0 99.00
2018 11 26 16 50 353 13.9 17.0  3.63  8.33  6.58 999 1009.2   0.7   5.7  -1.0 99.0 99.00
2018 11 26 17 50 342 14.1 17.5  3.43  9.09  6.62 999 1009.6   0.2   5.6  -2.1 99.0 99.00
2018 11 26 18 50 342 13.8 17.4  3.14  8.33  6.33 999 1010.3  -0.3   5.6  -3.3 99.0 99.00
2018 11 26 19 50 332 11.6 14.2  3.24  8.33  6.47 999 1011.3  -0.7   5.6  -4.1 99.0 99.00
2018 11 26 20 50 335 11.6 15.0  2.98  7.69  6.26 999 1011.8  -0.6   5.6  -4.6 99.0 99.00
2018 11 26 21 50 329 10.7 12.8  2.94  8.33  6.28 999 1012.6  -0.7   5.6  -4.5 99.0 99.00
2018 11 26 22 50 317 10.5 12.9  2.37  8.33  5.77 999 1013.1  -0.7   5.7  -5.6 99.0 99.00
2018 11 26 23 50 325  9.6 12.3  2.11  8.33  5.53 999 1013.2  -0.4   5.8  -5.3 99.0 99.00
2018 11 27 00 50 326  9.6 12.2  2.00  7.69  5.45 999 1013.3  -0.4   5.9  -5.7 99.0 99.00
2018 11 27 01 50 325  9.9 12.1  1.99  7.69  5.46 999 1013.2  -0.1   5.9  -5.3 99.0 99.00
2018 11 27 02 50 327  8.6 11.9  1.85  7.14  5.17 999 1013.3  -0.2   6.0  -5.5 99.0 99.00
2018 11 27 03 50 319  9.1 11.5  1.60  7.14  4.87 999 1013.1  -0.3   6.0  -5.3 99.0 99.00
2018 11 27 04 50 327  7.6  9.5  1.67  7.14  4.95 999 1013.2  -0.7   6.0  -5.7 99.0 99.00
2018 11 27 05 50 322  6.9  9.5  1.42  6.67  4.77 999 1013.2  -0.7   6.0  -5.6 99.0 99.00
2018 11 27 06 50 326  6.8 10.3  1.41  5.26  4.72 999 1013.1  -0.8   6.0  -5.6 99.0 99.00
2018 11 27 07 50 325  6.5  9.0  1.37  6.67  4.72 999 1013.1  -1.0   6.0  -5.5 99.0 99.00
2018 11 27 08 50 321  6.1  8.3  1.38  6.25  4.80 999 1013.1  -1.0   6.0  -5.6 99.0 99.00
2018 11 27 09 50 312  5.5  7.6  1.22  5.26  4.57 999 1012.9  -1.0   6.0  -5.7 99.0 99.00
2018 11 27 10 50 316  6.9  9.2  1.18  6.25  4.39 999 1013.0  -1.0   6.0  -5.8 99.0 99.00
2018 11 27 11 50 314  6.7  9.6  1.02  6.25  4.29 999 1013.1  -1.3   6.0  -5.4 99.0 99.00
2018 11 27 12 50 329  6.8  9.6  1.13  6.25  4.34 999 1013.5  -1.5   6.0  -5.9 99.0 99.00
2018 11 27 13 50 301  4.6  7.0  1.10  5.56  4.33 999 1013.8  -1.7   6.0  -6.7 99.0 99.00
2018 11 27 14 50 317  7.3 10.4  1.09  6.25  4.27 999 1013.8  -1.9   6.0  -6.0 99.0 99.00
2018 11 27 15 50 285  9.1 11.9  1.33  4.55  4.34 999 1014.1  -2.8   6.0  -5.8 99.0 99.00
2018 11 27 16 50 311  8.5 10.4  1.39  4.76  4.32 999 1014.0  -2.9   6.0  -6.4 99.0 99.00
2018 11 27 17 50 297  7.6  9.9  1.30  4.76  4.29 999 1013.7  -3.3   6.0  -7.2 99.0 99.00
2018 11 27 18 50 280  6.6 10.7  1.21  5.88  4.37 999 1013.4  -3.2   6.0  -6.5 99.0 99.00
2018 11 27 19 50 293  7.7 10.1  1.15  4.76  4.36 999 1013.3  -3.0   6.0  -7.3 99.0 99.00
2018 11 27 20 50 298  6.9  9.6  1.17  6.25  4.32 999 1013.4  -2.7   6.0  -7.1 99.0 99.00
2018 11 27 21 50 301  8.1 10.2  1.11  5.88  4.21 999 1013.8  -2.3   6.0  -7.4 99.0 99.00
2018 11 27 22 50 318  7.3 10.4  1.12  4.55  4.21 999 1014.2  -2.5   6.0  -7.9 99.0 99.00
2018 11 27 23 50 314  7.5  9.2  1.13  6.25  4.22 999 1014.2  -2.3   6.0  -8.1 99.0 99.00
2018 11 28 00 50 310  9.7 11.7  1.16  4.76  4.17 999 1014.6  -3.0   6.0  -7.0 99.0 99.00
2018 11 28 01 50 302  7.6 10.3  1.21  4.55  4.24 999 1015.0  -3.4   6.0  -7.9 99.0 99.00
2018 11 28 02 50 291  5.7  7.7  1.09  4.35  4.28 999 1015.3  -3.8   6.0  -8.6 99.0 99.00
2018 11 28 03 50 323  6.9  8.4  0.98  5.26  4.09 999 1015.2  -3.5   5.9  -8.3 99.0 99.00
2018 11 28 04 50 321  6.3  8.5  1.01  5.26  4.05 999 1015.6  -3.8   6.0  -7.9 99.0 99.00
2018 11 28 05 50 309  5.3  7.9  0.94  4.55  4.04 999 1015.7  -3.9   5.9  -9.0 99.0 99.00
2018 11 28 06 50 309  5.5  7.7  0.81  5.00  4.04 999 1015.8  -3.3   5.9  -8.1 99.0 99.00
2018 11 28 07 50 308  6.2  7.7  0.76  5.56  3.94 999 1016.4  -3.0   5.9  -7.1 99.0 99.00
2018 11 28 08 50 299  6.4  8.8  0.67  5.00  3.69 999 1016.6  -3.2   5.9  -6.8 99.0 99.00
2018 11 28 09 50 309  6.7  9.6  0.68  5.26  3.56 999 1016.6  -3.0   5.9  -7.0 99.0 99.00
2018 11 28 10 50 333  5.8  8.9  0.65  5.00  3.65 999 1016.8  -3.3   5.9  -7.1 99.0 99.00
2018 11 28 11 50 328  4.3  7.0  0.71  4.00  3.63 999 1017.5  -3.5   5.9  -6.9 99.0 99.00
2018 11 28 12 50 328  4.3  7.3  0.67  3.85  3.67 999 1017.9  -3.3   5.9  -7.0 99.0 99.00
2018 11 28 13 50 287  4.9  6.6  0.71  4.35  3.83 999 1018.2  -3.3   5.9  -6.8 99.0 99.00
2018 11 28 14 50 269  3.2  4.6  0.63  5.26  3.80 999 1018.7  -3.4   5.8  -7.3 99.0 99.00
2018 11 28 15 50 282  3.8  5.6  0.63  5.00  3.91 999 1019.1  -3.3   5.8  -7.3 99.0 99.00
2018 11 28 16 50 244  5.1  7.0  0.63  5.26  3.85 999 1018.9  -3.7   5.8  -7.3 99.0 99.00
2018 11 28 17 50 244  4.5  6.3  0.59  4.76  3.64 999 1018.7  -3.9   5.8  -8.0 99.0 99.00
2018 11 28 18 50 247  5.7  7.7  0.54  5.26  3.66 999 1018.3  -4.0   5.8  -8.1 99.0 99.00
2018 11 28 19 50 234  5.8  7.5  0.56  5.26  3.50 999 1018.2  -3.6   5.8  -7.1 99.0 99.00
2018 11 28 20 50 220  5.5  8.2  0.56  3.13  3.43 999 1017.7  -3.3   5.8  -6.3 99.0 99.00
2018 11 28 21 50 232  3.5  6.4  0.50  3.23  3.35 999 1017.8  -3.4   5.7  -6.3 99.0 99.00
2018 11 28 22 50 239  3.3  5.5  0.46  3.33  3.40 999 1017.8  -3.0   5.7  -6.4 99.0 99.00
2018 11 28 23 50 237  4.5  6.6  0.45  3.03  3.41 999 1018.0  -2.2   5.7  -5.9 99.0 99.00
2018 11 29 00 50 211  4.3  6.3  0.42  3.23  3.39 999 1017.9  -1.7   5.7  -5.4 99.0 99.00
2018 11 29 01 50 197  4.2  5.6  0.39  3.03  3.32 999 1017.6  -1.2   5.7  -4.9 99.0 99.00
2018 11 29 02 50 197  3.3  4.9  0.39  3.23  3.21 999 1017.5  -0.7   5.7  -4.4 99.0 99.00
2018 11 29 03 50 188  4.7  6.3  0.38  4.76  3.26 999 1017.2  -0.1   5.6  -3.8 99.0 99.00
2018 11 29 04 50 186  7.2  8.6  0.43  3.13  3.02 999 1017.0   0.0   5.7  -2.5 99.0 99.00
2018 11 29 05 50 183  7.2  8.3  0.55  3.45  3.22 999 1017.4  -0.3   5.6  -1.8 99.0 99.00
2018 11 29 06 50 173  8.0  9.1  0.74  3.85  3.48 999 1016.8  -0.1   5.6  -1.1 99.0 99.00
2018 11 29 07 50 171  7.7  9.1  0.90  4.35  3.78 999 1016.5   0.5   5.7  -1.2 99.0 99.00
2018 11 29 08 50 140  7.2  8.5  1.05  4.76  4.02 999 1015.3   0.4   5.7  -1.1 99.0 99.00
2018 11 29 09 50 133  7.8  9.3  0.93  5.00  3.94 999 1015.1   0.7   5.7  -1.1 99.0 99.00
2018 11 29 10 50 118  8.1  9.6  0.97  4.76  3.89 999 1014.6   0.2   5.6  -1.3 99.0 99.00
2018 11 29 11 50 121  8.2 10.0  0.96  4.55  3.77 999 1014.3   0.5   5.6  -1.5 99.0 99.00
2018 11 29 12 50 128  7.4  9.6  0.94  4.76  3.94 999 1014.5   0.9   5.6  -1.5 99.0 99.00
