#YY  MM DD hh mm WDIR WSPD GST  WVHT   DPD   APD MWD   PRES  ATMP  WTMP  DEWP  VIS  TIDE
#yr  mo dy hr mn degT m/s  m/s     m   sec   sec degT   hPa  degC  degC  degC   mi    ft
2017 04 23 23 50  25  4.4  5.3  0.13 99.00  4.33 999 1018.5   5.2   5.8   4.6 99.0 99.00
2017 04 24 00 50  23  4.0  4.6  0.20 99.00  2.48 999 1018.8   4.8   5.4   4.2 99.0 99.00
2017 04 24 01 50  23  3.0  3.6  0.39  4.17  3.33 349 1019.1   4.7   5.1   4.2 99.0 99.00
2017 04 24 02 50  30  2.9  3.3  0.65  5.26  4.21 358 1018.8   4.6   4.8   4.1 99.0 99.00
2017 04 24 03 50 360  2.2  2.5  0.90  5.88  4.79  11 1018.3   4.6   4.7   4.2 99.0 99.00
2017 04 24 04 50 355  2.5  3.1  0.91  5.88  4.95  23 1018.1   4.6   4.6   4.2 99.0 99.00
2017 04 24 05 50 355  3.5  4.5  0.88  6.25  4.98  26 1018.3   4.5   4.6   4.0 99.0 99.00
2017 04 24 06 50  25  2.6  3.2  0.87  6.25  5.07  17 1017.7   4.4   4.6   4.0 99.0 99.00
2017 04 24 07 50  32  1.7  2.3  0.80  6.67  4.76  17 1017.4   4.5   4.6   4.2 99.0 99.00
2017 04 24 08 50 349  1.3  1.6  0.75  6.67  4.80  29 1017.1   4.6   4.6   4.3 99.0 99.00
2017 04 24 09 50  25  2.3  2.6  0.83  6.25  4.98  17 1017.2   4.8   4.6   4.3 99.0 99.00
2017 04 24 10 50  51  3.4  3.7  0.69  6.25  4.77   6 1017.1   5.7   4.6   4.7 99.0 99.00
2017 04 24 11 50  53  3.7  4.1  0.59  5.26  4.48 358 1017.5   5.7   4.6   4.8 99.0 99.00
2017 04 24 12 50  57  3.4  3.9  0.61  5.88  4.70 358 1018.0   5.7   4.7   4.8 99.0 99.00
2017 04 24 13 50  65  3.5  3.9  0.55  5.88  4.59 350 1017.8   5.7   4.7   5.0 99.0 99.00
2017 04 24 14 50  85  3.3  3.8  0.50  5.88  4.54 347 1017.7   5.8   4.8   5.1 99.0 99.00
2017 04 24 15 50  94  3.3  3.7  0.41  5.26  4.33 339 1017.0   6.2   4.9   5.1 99.0 99.00
2017 04 24 16 50  94  1.8  2.2  0.43  5.26  4.06 337 1016.6   6.6   5.0   5.1 99.0 99.00
2017 04 24 17 50  54  0.9  1.1  0.42  5.26  3.82 343 1015.9   7.5   5.4   5.3 99.0 99.00
2017 04 24 18 50  52  1.6  1.8  0.42  5.00  3.74 353 1014.8   8.0   5.9   5.6 99.0 99.00
2017 04 24 19 50  33  2.2  2.4  0.36  3.23  3.69  60 1013.7   8.6   6.3   6.0 99.0 99.00
2017 04 24 20 50  22  2.5  2.8  0.34  4.55  3.82   8 1012.7   8.7   6.3   6.0 99.0 99.00
2017 04 24 21 50  32  2.6  2.9  0.31  4.76  3.88   5 1011.8   9.1   6.3   5.9 99.0 99.00
2017 04 24 22 50  27  2.6  2.7  0.30  4.76  4.03   6 1011.0  10.2   6.4   4.9 99.0 99.00
2017 04 24 23 50  27  2.6  2.8  0.30  5.00  4.24   9 1010.4   9.2   6.1   5.3 99.0 99.00
2017 04 25 00 50  54  3.1  3.3  0.28  4.76  4.28   1 1009.6   8.9   6.1   4.9 99.0 99.00
2017 04 25 01 50  71  4.2  4.7  0.24 99.00  4.26 999 1009.4   9.3   5.8   3.6 99.0 99.00
2017 04 25 02 50  94  4.8  5.2  0.24 99.00  4.14 999 1009.3   9.5   5.3   3.8 99.0 99.00
2017 04 25 03 50  98  4.1  4.5  0.25 99.00  3.77 999 1009.3   8.9   5.1   4.1 99.0 99.00
2017 04 25 04 50  95  3.9  4.2  0.22 99.00  3.45 999 1009.2   8.3   5.1   4.4 99.0 99.00
2017 04 25 05 50 100  4.0  4.7  0.21 99.00  3.62 999 1009.0   8.8   5.1   4.1 99.0 99.00
2017 04 25 06 50  97  4.2  4.7  0.18 99.00  3.28 999 1008.7   8.2   5.0   4.2 99.0 99.00
2017 04 25 07 50 100  4.8  5.5  0.21 99.00  2.94 999 1008.2   7.9   5.0   4.6 99.0 99.00
2017 04 25 08 50 100  5.4  6.2 99.00 99.00 99.00 999 1007.9   7.9   5.0   5.2 99.0 99.00
2017 04 25 09 50 101  5.6  6.3  0.27  2.74  2.77 102 1007.7   7.7   5.0   5.5 99.0 99.00
2017 04 25 10 50  97  6.6  7.6  0.36  2.74  2.79 108 1007.3   7.6   4.9   5.9 99.0 99.00
2017 04 25 11 50 101  5.8  6.6  0.40  3.03  2.94 102 1007.4   7.5   4.9   6.1 99.0 99.00
2017 04 25 12 50 104  6.1  6.8  0.41  3.33  3.00  96 1007.4   7.6   4.9   6.3 99.0 99.00
2017 04 25 13 50 115  6.1  6.8  0.46  3.23  2.97 100 1007.1   7.6   4.9   6.7 99.0 99.00
2017 04 25 14 50 122  5.5  6.2  0.43  3.23  3.05 106 1007.0   7.7   4.9   6.8 99.0 99.00
2017 04 25 15 50 131  4.9  5.5  0.37  3.33  2.99 117 1006.9   7.9   5.0   7.0 99.0 99.00
2017 04 25 16 50 131  4.2  4.6  0.32  3.23  2.97 112 1006.8   8.1   5.1   7.2 99.0 99.00
2017 04 25 17 50 120  4.5  4.8  0.30  3.03  3.02 114 1006.2   8.4   5.1   7.3 99.0 99.00
2017 04 25 18 50 112  4.1  4.4  0.26  3.13  2.95 132 1005.5   8.7   5.2   7.5 99.0 99.00
2017 04 25 19 50 107  3.5  3.7  0.23 99.00  2.98 999 1005.1   8.7   5.3   7.4 99.0 99.00
2017 04 25 20 50  93  2.8  3.5  0.21 99.00  2.92 999 1004.5   9.1   5.4   7.6 99.0 99.00
2017 04 25 21 50  74  5.2  5.6  0.20 99.00  2.94 999 1002.7   9.6   5.4   8.1 99.0 99.00
2017 04 25 22 50  72  4.6  4.9  0.16 99.00  2.96 999 1002.5   9.6   5.4   8.0 99.0 99.00
2017 04 25 23 50  70  5.1  6.2  0.17 99.00  3.06 999 1002.5   9.7   5.3   7.9 99.0 99.00
2017 04 26 00 50  67  5.1  5.6  0.16 99.00  3.01 999 1002.4   9.4   5.3   7.9 99.0 99.00
2017 04 26 01 50  77  5.0  5.4  0.14 99.00  2.91 999 1002.7   9.6   5.3   7.7 99.0 99.00
2017 04 26 02 50  73  4.8  5.0  0.14 99.00  2.88 999 1002.8   9.8   5.3   8.0 99.0 99.00
2017 04 26 03 50  78  4.8  5.4  0.12 99.00  2.85 999 1002.7   9.5   5.3   8.0 99.0 99.00
2017 04 26 04 50  72  5.0  5.4  0.14 99.00  2.50 999 1002.3   9.2   5.3   7.8 99.0 99.00
2017 04 26 05 50  91  6.3  6.8  0.15 99.00  2.33 999 1001.7   9.6   5.2   8.3 99.0 99.00
2017 04 26 06 50 105  6.3  7.0  0.20 99.00  2.38 999 1001.0   9.8   5.2   8.5 99.0 99.00
2017 04 26 07 50 107  6.5  7.2  0.28  2.47  2.55 111 1000.1   9.5   5.2   8.4 99.0 99.00
2017 04 26 08 50 115  5.7  6.3  0.29  2.74  2.66 107 1000.2   8.9   5.2   8.1 99.0 99.00
2017 04 26 09 50 115  6.3  7.6  0.35  2.86  2.74 117  999.6   8.8   5.2   8.0 99.0 99.00
2017 04 26 10 50 120  6.0  6.7  0.38  2.94  2.93 124  999.2   8.6   5.1   7.9 99.0 99.00
2017 04 26 11 50 118  6.4  7.2  0.42  3.23  2.96 135  998.9   8.8   5.1   8.1 99.0 99.00
2017 04 26 12 50 130  6.6  7.3  0.46  3.57  3.06 134  999.3   8.7   5.1   8.1 99.0 99.00
2017 04 26 13 50 113  6.6  7.5  0.52  3.57  3.16 138  997.6   8.8   5.1   8.0 99.0 99.00
2017 04 26 14 50 129  6.7  7.5  0.57  3.57  3.26 131  997.1   9.5   5.1   8.5 99.0 99.00
2017 04 26 15 50 124  5.3  5.9  0.62  3.70  3.35 130  997.0   9.2   5.1   8.1 99.0 99.00
2017 04 26 16 50 165  6.0  6.7  0.55  3.57  3.33 125  997.5   9.3   5.2   8.2 99.0 99.00
2017 04 26 17 50 170  5.0  6.7  0.52  3.85  3.40 127  997.6   9.3   5.2   8.3 99.0 99.00
2017 04 26 18 50 217  3.7  4.2  0.41  3.85  3.20 138  998.1  10.0   5.2   8.7 99.0 99.00
2017 04 26 19 50 197  3.5  4.0  0.34  3.70  3.19 147  998.6   9.4   5.4   8.3 99.0 99.00
2017 04 26 20 50 237  4.5  4.8  0.33  3.70  3.17 147  998.2  10.7   5.5   9.0 99.0 99.00
2017 04 26 21 50 170  4.2  4.8  0.31  3.57  3.33 147  998.7   9.8   5.5   8.3 99.0 99.00
2017 04 26 22 50 163  4.0  4.4  0.25  3.45  3.07 150  998.8   9.7   5.6   8.0 99.0 99.00
2017 04 26 23 50 162  3.6  3.8  0.23 99.00  3.08 999  998.1  10.0   5.6   8.2 99.0 99.00
2017 04 27 00 50 145  2.3  2.9  0.19 99.00  3.01 999  997.6   9.9   5.6   8.2 99.0 99.00
2017 04 27 01 50 239  1.8  2.0  0.20 99.00  3.09 999  997.7  10.3   5.6   8.6 99.0 99.00
2017 04 27 02 50 184  2.0  2.2  0.22 99.00  3.10 999  998.0  10.2   5.6   8.8 99.0 99.00
2017 04 27 03 50 183  2.6  3.1  0.26  3.70  3.28 162  998.4   8.7   5.6   8.6 99.0 99.00
2017 04 27 04 50 132  0.9  1.1  0.20 99.00  3.11 999  997.4  10.9   5.6  10.9 99.0 99.00
2017 04 27 05 50 109  2.5  2.8  0.17 99.00  3.01 999  997.2   8.2   5.6   8.2 99.0 99.00
2017 04 27 06 50  94  3.9  4.3  0.12 99.00  3.00 999  996.0   8.6   5.6   8.6 99.0 99.00
2017 04 27 07 50 104  4.4  4.8  0.11 99.00  2.91 999  994.8   8.9   5.6   8.9 99.0 99.00
2017 04 27 08 50 118  5.5  6.4  0.10 99.00  2.92 999  994.4   8.4   5.6   8.4 99.0 99.00
2017 04 27 09 50 121  6.1  6.9  0.18 99.00  2.41 999  993.5   9.0   5.4   9.0 99.0 99.00
2017 04 27 10 50 109  6.5  7.7  0.29  2.60  2.59 128  992.4   8.5   5.4   8.5 99.0 99.00
2017 04 27 11 50 157  9.3 10.8  0.46  2.86  2.81 124  992.2   9.5   5.3   9.5 99.0 99.00
2017 04 27 12 50 130  9.6 11.7  0.61  3.70  3.38 128  992.1   9.1   5.3   8.7 99.0 99.00
2017 04 27 13 50 244 11.6 14.5  1.02  4.00  3.82 133  993.4   8.1   5.3   8.1 99.0 99.00
2017 04 27 14 50 256  9.0 10.9  1.15  4.35  3.84 167  996.8   6.7   5.2   5.9 99.0 99.00
2017 04 27 15 50 258  9.4 11.2  1.12  5.00  3.91 151  998.6   6.7   5.2   5.1 99.0 99.00
2017 04 27 16 50 260  8.3  9.9  1.28  4.35  4.14 187  999.9   6.4   5.2   4.6 99.0 99.00
2017 04 27 17 50 266  7.1  8.3  1.39  4.55  4.38 203 1001.2   6.2   5.1   4.3 99.0 99.00
2017 04 27 18 50 274  8.4  9.8  1.47  5.26  4.57 208 1002.2   6.1   5.2   3.6 99.0 99.00
2017 04 27 19 50 257  6.1  7.8  1.21  5.26  4.33 216 1003.8   5.9   5.1   3.9 99.0 99.00
2017 04 27 20 50 238  6.6  7.7  1.06  4.55  4.05 220 1004.7   5.9   5.1   4.3 99.0 99.00
2017 04 27 21 50 250  6.8  7.9  0.97  4.76  3.90 205 1005.4   6.0   5.1   4.2 99.0 99.00
2017 04 27 22 50 253  6.4  7.8  0.94  4.76  3.95 212 1006.0   5.9   5.1   4.1 99.0 99.00
2017 04 27 23 50 250  7.3  8.8  0.90  4.55  3.85 202 1006.5   5.9   5.1   3.7 99.0 99.00
2017 04 28 00 50 265  6.8  8.8  0.84  4.55  3.77 203 1007.2   5.8   5.1   3.7 99.0 99.00
2017 04 28 01 50 270  8.4 10.1  0.80  4.76  3.75 205 1008.5   6.0   5.1   3.2 99.0 99.00
2017 04 28 02 50 271  7.0  8.3  1.03  4.76  3.99 214 1009.2   5.9   5.0   2.9 99.0 99.00
2017 04 28 03 50 263  8.8 10.6  0.90  4.76  3.78 208 1009.8   6.1   5.0   2.4 99.0 99.00
2017 04 28 04 50 262  8.2  9.3  0.93  4.55  3.90 207 1010.6   6.0   5.0   3.0 99.0 99.00
2017 04 28 05 50 246  7.3  9.0  0.91  4.35  3.84 203 1011.3   6.0   5.0   3.4 99.0 99.00
2017 04 28 06 50 255  6.3  7.8  0.86  4.00  3.69 216 1011.4   6.0   5.0   3.4 99.0 99.00
2017 04 28 07 50 251  5.5  6.5  0.76  4.17  3.58 211 1011.6   5.8   5.0   3.9 99.0 99.00
2017 04 28 08 50 252  5.3  6.1  0.64  3.85  3.50 226 1012.2   5.7   5.0   3.8 99.0 99.00
2017 04 28 09 50 280  2.8  3.4  0.58  4.17  3.46 210 1012.3   5.5   5.0   4.1 99.0 99.00
2017 04 28 10 50 293  2.7  3.2  0.50  4.00  3.40 257 1012.8   5.3   5.0   2.9 99.0 99.00
2017 04 28 11 50 307  2.8  3.1  0.46  3.85  3.43 266 1013.5   5.2   5.0   1.7 99.0 99.00
2017 04 28 12 50 249  2.9  3.5  0.44  3.70  3.38 257 1014.8   5.2   5.1   1.3 99.0 99.00
2017 04 28 13 50 254  3.0  3.4  0.36  3.57  3.18 252 1015.1   5.4   5.1   1.5 99.0 99.00
2017 04 28 14 50 265  1.6  2.0  0.30  3.23  3.05 225 1014.9   5.5   5.2   2.4 99.0 99.00
2017 04 28 15 50 186  0.7  1.9  0.24 99.00  2.98 999 1015.1   5.8   5.4   1.7 99.0 99.00
2017 04 28 16 50 108  1.4  1.7  0.19 99.00  2.84 999 1015.3   5.9   5.7   2.6 99.0 99.00
2017 04 28 17 50 126  1.4  1.8  0.16 99.00  2.76 999 1015.5   6.0   5.8   3.7 99.0 99.00
2017 04 28 18 50  35  1.2  1.6  0.15 99.00  2.87 999 1015.6   6.0   6.0   4.7 99.0 99.00
2017 04 28 19 50  33  3.4  4.0  0.10 99.00  2.83 999 1014.3   5.8   5.8   4.5 99.0 99.00
2017 04 28 20 50  41  3.0  3.7  0.09 99.00  2.79 999 1013.8   5.7   5.5   4.6 99.0 99.00
2017 04 28 21 50  47  4.1  4.9  0.10 99.00  3.01 999 1012.7   5.5   5.5   4.5 99.0 99.00
2017 04 28 22 50  46  4.4  5.2  0.10 99.00  2.58 999 1012.6   5.4   5.4   4.4 99.0 99.00
2017 04 29 00 50  32  4.3  5.1  0.15 99.00  2.48 999 1013.5   5.7   5.3   4.0 99.0 99.00
2017 04 29 01 50  32  4.5  5.1  0.17 99.00  2.54 999 1014.6   5.9   5.2   3.9 99.0 99.00
2017 04 29 02 50  14  6.8  8.4  0.18 99.00  2.51 999 1015.6   6.1   5.2   3.5 99.0 99.00
2017 04 29 03 50  16  8.2 10.3  0.36  2.60  2.68  36 1016.3   6.0   5.2   3.8 99.0 99.00
2017 04 29 04 50  21  7.5  9.0  0.60  3.33  3.13  41 1017.2   5.8   5.2   4.3 99.0 99.00
2017 04 29 05 50  24  7.0  8.0  0.60  3.57  3.31  29 1017.2   5.9   5.2   4.6 99.0 99.00
2017 04 29 06 50  26  6.7  7.9  0.67  4.00  3.43  30 1016.7   5.9   5.2   4.6 99.0 99.00
2017 04 29 07 50  30  3.9  4.8  0.55  4.00  3.34  23 1019.3   6.0   5.2   4.5 99.0 99.00
2017 04 29 08 50  16  8.0  9.7  0.53  3.85  3.25  30 1018.6   5.3   5.2   4.5 99.0 99.00
2017 04 29 09 50  16  8.0  9.6  0.67  4.00  3.34  26 1019.7   5.5   5.2   4.1 99.0 99.00
2017 04 29 10 50  15  8.2  9.8  0.86  4.17  3.66  24 1020.2   5.6   5.1   3.9 99.0 99.00
2017 04 29 11 50  14  9.5 11.3  0.97  4.55  3.75  24 1021.4   5.6   5.1   2.9 99.0 99.00
2017 04 29 12 50  15  9.5 11.3  1.07  4.76  3.98  23 1022.1   4.8   5.1   2.9 99.0 99.00
2017 04 29 13 50  11  9.9 11.4  1.02  4.76  3.98  17 1022.9   4.7   5.0   2.8 99.0 99.00
2017 04 29 14 50  17 10.3 12.1  1.24  4.76  4.29  21 1021.7   4.8   5.0   2.6 99.0 99.00
2017 04 29 15 50  14 10.3 12.4  1.33  5.56  4.32  19 1022.3   4.6   5.0   2.1 99.0 99.00
2017 04 29 16 50  15 10.3 12.3  1.50  5.88  4.67  10 1023.2   4.3   5.0   1.1 99.0 99.00
2017 04 29 17 50  12 10.4 11.9  1.59  5.88  4.68  13 1023.7   4.3   4.9   1.5 99.0 99.00
2017 04 29 18 50  11 10.0 11.9  1.65  6.25  4.87  18 1023.4   4.2   4.9   1.9 99.0 99.00
2017 04 29 19 50  13 11.3 13.2  1.86  6.25  5.03  19 1021.6   4.1   4.9   2.2 99.0 99.00
2017 04 29 20 50  13 11.1 13.4  1.90  6.25  5.07  17 1021.0   4.2   4.9   2.6 99.0 99.00
2017 04 29 21 50  16  8.6 11.1  1.89  6.67  5.08  19 1021.8   4.4   4.9   3.2 99.0 99.00
2017 04 29 22 50  11  8.0  9.3  1.99  7.14  5.43  17 1022.4   4.5   4.9   3.6 99.0 99.00
2017 04 29 23 50  17  9.4 11.3  1.77  7.14  5.28  19 1021.8   4.5   4.9   4.1 99.0 99.00
2017 04 30 00 50  30  7.6  8.9  1.61  7.14  5.00  12 1022.2   4.9   4.9   4.6 99.0 99.00
2017 04 30 01 50  43  8.9 10.5  1.48  7.14  4.92   5 1020.5   5.7   4.8   5.4 99.0 99.00
2017 04 30 02 50  50 12.7 16.0  1.47  7.14  4.88   5 1017.6   6.5   4.8   4.8 99.0 99.00
2017 04 30 03 50  50 12.9 15.8  1.57  6.25  4.43 360 1015.9   5.8   4.8   5.3 99.0 99.00
2017 04 30 04 50  54  8.8 10.4  1.59  4.76  4.48  54 1018.1   5.4   4.8   5.4 99.0 99.00
2017 04 30 05 50  58 12.5 15.7  1.80  5.56  4.66  61 1016.0   5.3   4.8   5.0 99.0 99.00
2017 04 30 06 50  38  9.0 10.6  1.92  5.56  4.81  70 1016.3   5.1   4.8   4.4 99.0 99.00
2017 04 30 07 50  40  8.5 10.0  1.69  5.88  4.74  49 1016.0   4.9   4.7   4.2 99.0 99.00
2017 04 30 08 50  42  9.1 10.5  1.44  5.56  4.57  47 1015.7   4.6   4.7   4.6 99.0 99.00
2017 04 30 09 50  45  8.9 10.9  1.38  5.26  4.43  42 1015.2   4.7   4.7   4.7 99.0 99.00
2017 04 30 10 50  40  8.7 10.0  1.19  5.26  4.10  43 1015.1   4.9   4.7   4.7 99.0 99.00
2017 04 30 11 50  49  8.2  9.8  1.19  5.00  4.14  47 1014.9   4.9   4.7   4.7 99.0 99.00
2017 04 30 12 50  57  8.4  9.8  1.09  4.55  4.01  48 1013.9   5.1   4.7   5.0 99.0 99.00
2017 04 30 13 50  54  8.7 10.3  1.07  4.76  3.91  45 1011.9   5.1   4.7   5.0 99.0 99.00
2017 04 30 14 50  58 10.3 12.3  1.12  4.76  3.99  40 1010.0   5.3   4.7   5.1 99.0 99.00
2017 04 30 15 50  56  9.5 11.8  1.38  5.00  4.30  58 1009.9   5.5   4.7   5.3 99.0 99.00
2017 04 30 16 50  45  5.6  6.7  1.43  5.26  4.61  59 1011.5   5.5   4.7   5.5 99.0 99.00
2017 04 30 17 50 357  5.8  6.9  1.43  5.56  4.73  83 1011.9   5.2   4.8   5.2 99.0 99.00
2017 04 30 18 50  17  8.7  9.8  1.27  5.56  4.54  55 1010.4   5.0   4.8   5.0 99.0 99.00
2017 04 30 19 50  25  8.5 10.2  1.33  5.26  4.39  62 1010.6   5.1   4.8   5.1 99.0 99.00
2017 04 30 20 50  32  7.9  9.2  1.28  5.00  4.30  56 1009.8   5.2   4.8   5.2 99.0 99.00
2017 04 30 21 50  26  7.2  8.8  1.16  5.88  4.26   1 1008.8   5.2   4.8   5.2 99.0 99.00
2017 04 30 22 50  46  6.9  8.0  1.04  5.56  4.13 355 1008.6   5.4   4.8   5.4 99.0 99.00
2017 04 30 23 50  49  6.2  7.2  0.96  5.88  4.06 355 1008.1   5.6   4.8   5.6 99.0 99.00
2017 05 01 00 50  48  7.7  8.8  0.93  5.56  4.04 360 1006.8   5.6   4.8   5.6 99.0 99.00
2017 05 01 01 50  53  7.8  9.1  0.98  3.85  4.02  40 1006.5   5.6   4.8   5.6 99.0 99.00
2017 05 01 02 50  47  8.5 10.9  0.98  4.35  3.85  33 1005.1   5.5   4.8   5.5 99.0 99.00
2017 05 01 03 50  51 10.1 12.0  1.13  4.35  3.98  36 1002.9   5.6   4.9   5.6 99.0 99.00
2017 05 01 04 50  58 10.9 13.0  1.28  4.55  4.22  50 1000.6   5.8   4.8   5.8 99.0 99.00
2017 05 01 05 50  64 10.2 12.8  1.34  4.55  4.28  52  999.9   6.0   4.8   6.0 99.0 99.00
2017 05 01 06 50  75  5.2  6.9  1.31  5.00  4.42  42 1000.0   7.0   4.9   7.0 99.0 99.00
2017 05 01 07 50  91  5.9  7.0  1.31  5.26  4.54  43  999.1   6.9   4.9   6.9 99.0 99.00
2017 05 01 08 50  99  4.5  5.4  1.12  5.00  4.50  41  997.8   8.5   4.9   8.5 99.0 99.00
2017 05 01 09 50  92  6.1  7.0  1.07  5.26  4.56  21  997.0   7.9   4.9   7.9 99.0 99.00
2017 05 01 10 50  97  7.1  8.6  1.03  5.00  4.35  19  996.4   7.6   4.9   7.6 99.0 99.00
2017 05 01 11 50 154  7.8  9.3  0.96  6.25  4.37 322  996.2   8.6   4.9   8.1 99.0 99.00
2017 05 01 13 50 220  5.6  6.3  0.85  6.25  3.91 326  997.4   7.1   4.9   6.0 99.0 99.00
2017 05 01 14 50 187  5.0  5.7  0.79  3.45  3.90 141  997.2   6.8   4.9   5.5 99.0 99.00
2017 05 01 15 50 170  5.0  5.9  0.70  6.25  3.94 328  997.4   6.5   4.9   5.3 99.0 99.00
2017 05 01 16 50 169  5.1  5.8  0.68  5.88  4.00 316  996.9   7.3   4.9   5.3 99.0 99.00
2017 05 01 17 50 143  5.5  6.2  0.62  3.85  3.85 150  996.2   7.1   5.0   5.3 99.0 99.00
2017 05 01 18 50 152  6.6  7.3  0.62  5.56  3.82 324  995.7   7.4   5.0   5.6 99.0 99.00
2017 05 01 19 50 217  7.8  9.2  0.61  5.88  3.76 325  995.9   7.6   4.9   5.2 99.0 99.00
2017 05 01 20 50 222  7.0  8.1  0.61  3.85  3.57 161  995.9   7.3   5.0   5.7 99.0 99.00
2017 05 01 21 50 209  8.5 10.1  0.72  3.85  3.48 162  996.1   7.2   5.0   5.2 99.0 99.00
2017 05 01 22 50 200  8.7  9.8  0.86  4.00  3.70 166  996.4   7.0   4.9   5.6 99.0 99.00
2017 05 01 23 50 203  7.4  9.0  0.92  4.17  3.83 175  996.7   6.9   4.9   5.9 99.0 99.00
2017 05 02 00 50 196  9.1 10.7  1.02  4.55  3.91 164  996.6   7.0   4.9   6.6 99.0 99.00
2017 05 02 01 50 220  7.8  9.0  1.14  5.26  4.14 154  997.1   6.4   4.9   6.4 99.0 99.00
2017 05 02 02 50 251  7.5  8.9  1.11  5.26  4.23 170  997.7   6.7   4.9   5.4 99.0 99.00
2017 05 02 03 50 235  7.9  8.8  1.03  5.00  4.00 169  997.4   6.6   4.9   5.0 99.0 99.00
2017 05 02 04 50 257  8.9 10.9  1.06  5.26  4.13 171  997.4   6.6   4.9   4.6 99.0 99.00
2017 05 02 05 50 243  7.2  9.0  1.03  5.26  4.20 166  997.4   6.0   4.8   4.5 99.0 99.00
2017 05 02 06 50 243  8.9 10.4  1.06  5.56  4.16 171  997.0   5.9   4.8   4.2 99.0 99.00
2017 05 02 07 50 272 10.4 13.1  1.14  4.76  4.06 190  996.9   5.7   4.8   3.7 99.0 99.00
2017 05 02 08 50 283 10.1 12.4  1.31  4.76  4.28 223  997.5   5.2   4.8   2.8 99.0 99.00
2017 05 02 09 50 288 10.1 12.6  1.31  5.00  4.28 227  998.2   5.2   4.7   2.3 99.0 99.00
2017 05 02 10 50 290 10.3 12.5  1.39  5.26  4.40 220  998.8   5.3   4.7   2.7 99.0 99.00
2017 05 02 11 50 284  9.3 11.5  1.40  5.26  4.32 231  999.4   5.2   4.7   3.1 99.0 99.00
2017 05 02 12 50 291 10.2 11.8  1.27  5.00  4.24 246 1000.3   5.3   4.7   2.9 99.0 99.00
2017 05 02 13 50 299  9.7 12.3  1.41  5.00  4.24 262 1001.3   5.2   4.7   2.5 99.0 99.00
2017 05 02 14 50 298  8.8 10.6  1.47  4.55  4.36 282 1002.3   5.4   4.7   2.4 99.0 99.00
2017 05 02 15 50 298  8.2  9.7  1.45  5.00  4.41 278 1003.7   5.4   4.7   2.9 99.0 99.00
2017 05 02 16 50 299  5.5  7.0  1.35  5.00  4.39 293 1005.1   5.5   4.7   3.2 99.0 99.00
2017 05 02 17 50 319  6.4  7.5  1.00  4.76  4.06 286 1006.0   5.6   4.7   3.0 99.0 99.00
2017 05 02 18 50 302  4.3  5.0  0.98  4.76  4.08 305 1007.4   5.6   4.7   3.4 99.0 99.00
2017 05 02 19 50 312  5.5  6.4  0.91  4.76  4.02 316 1008.6   6.1   4.7   3.1 99.0 99.00
2017 05 02 20 50 311  4.9  5.7  0.78  4.35  3.92 306 1009.4   6.0   4.7   3.3 99.0 99.00
2017 05 02 21 50 321  5.1  5.9  0.79  4.55  3.85 327 1010.4   6.2   4.7   3.1 99.0 99.00
2017 05 02 22 50 301  3.8  4.4  0.65  4.55  3.67 340 1011.8   5.8   4.7   3.8 99.0 99.00
2017 05 02 23 50 315  4.3  4.8  0.65  4.17  3.70 330 1012.6   5.8   4.7   3.9 99.0 99.00
2017 05 03 00 50  12  3.7  4.1  0.55  4.00  3.42 332 1014.1   4.9   4.6   4.1 99.0 99.00
2017 05 03 01 50 359  1.1  1.4  0.47  4.35  3.30 353 1015.3   4.9   4.6   3.9 99.0 99.00
2017 05 03 02 50 305  0.5  0.7  0.40  3.70  3.38 343 1016.3   4.9   4.6   4.1 99.0 99.00
2017 05 03 03 50 276  1.6  1.9  0.42  4.00  3.43 351 1017.0   4.9   4.6   4.6 99.0 99.00
2017 05 03 04 50 274  1.4  1.9  0.37  4.35  3.50 354 1017.6   4.9   4.6   4.6 99.0 99.00
2017 05 03 05 50 221  0.2  0.4  0.42  3.85  3.64 349 1018.3   4.7   4.6   4.5 99.0 99.00
2017 05 03 06 50 288  1.3  1.6  0.40  4.76  3.73  26 1018.9   4.9   4.6   4.0 99.0 99.00
2017 05 03 07 50 307  1.5  1.7  0.39  4.55  3.86  11 1018.9   4.8   4.6   3.6 99.0 99.00
2017 05 03 08 50 257  2.3  2.7  0.39  5.88  4.15   9 1019.7   4.9   4.6   3.8 99.0 99.00
2017 05 03 09 50 254  1.6  1.8  0.43  5.56  4.36 351 1019.5   5.0   4.6   3.8 99.0 99.00
2017 05 03 10 50 246  2.8  3.3  0.45  5.88  4.67 339 1020.4   4.9   4.6   3.9 99.0 99.00
2017 05 03 11 50 275  1.6  1.9  0.40  5.88  4.52   7 1021.2   5.4   4.6   3.6 99.0 99.00
2017 05 03 12 50 246  2.1  2.3  0.39  5.88  4.64 352 1022.3   5.3   4.6   3.7 99.0 99.00
2017 05 03 13 50 254  2.0  2.2  0.37  5.88  4.58   4 1023.2   5.5   4.7   3.8 99.0 99.00
2017 05 03 14 50 290  1.4  1.6  0.37  5.26  4.56  15 1023.5   5.5   4.9   4.1 99.0 99.00
2017 05 03 15 50 256  1.0  1.2  0.33  5.26  4.50 357 1023.3   5.7   5.4   4.2 99.0 99.00
2017 05 03 16 50 263  0.1  0.5  0.33  5.00  4.35 330 1023.2   6.3   5.9   4.0 99.0 99.00
2017 05 03 17 50  11  0.7  1.0  0.30  5.56  4.46  32 1022.8   6.7   6.5   3.5 99.0 99.00
2017 05 03 18 50 176  0.0  0.2  0.26  5.56  4.31 355 1022.5   8.1   7.3   3.4 99.0 99.00
2017 05 03 19 50 324  0.8  1.2  0.23 99.00  4.18 999 1022.3   7.7   8.3   3.2 99.0 99.00
2017 05 03 20 50 328  2.0  2.4  0.23 99.00  4.26 999 1021.7   7.5   6.6   3.7 99.0 99.00
2017 05 03 21 50 354  2.9  3.2  0.21 99.00  4.14 999 1021.3   6.9   6.3   5.3 99.0 99.00
2017 05 03 22 50 356  2.6  3.0  0.20 99.00  4.17 999 1021.3   6.5   5.8   4.8 99.0 99.00
2017 05 03 23 50 359  2.3  2.5  0.18 99.00  4.13 999 1021.2   6.3   5.7   4.5 99.0 99.00
2017 05 04 00 50 355  2.0  2.1  0.17 99.00  4.13 999 1021.6   6.1   5.5   4.3 99.0 99.00
2017 05 04 01 50  30  0.7  0.8  0.14 99.00  3.98 999 1021.7   6.0   5.4   4.3 99.0 99.00
2017 05 04 02 50  66  1.3  1.6  0.14 99.00  3.90 999 1021.9   5.8   5.3   4.0 99.0 99.00
2017 05 04 03 50  42  2.5  2.9  0.12 99.00  3.80 999 1020.8   5.8   5.2   3.7 99.0 99.00
2017 05 04 04 50  41  3.4  3.8  0.10 99.00  3.74 999 1019.7   5.6   5.2   3.9 99.0 99.00
2017 05 04 05 50  51  2.9  3.3  0.11 99.00  3.64 999 1019.3   6.0   5.1   2.7 99.0 99.00
2017 05 04 06 50  23  3.0  3.3  0.09 99.00  3.62 999 1019.3   6.0   5.1   3.4 99.0 99.00
2017 05 04 07 50  25  3.1  3.5  0.08 99.00  3.62 999 1018.9   5.9   5.1   3.8 99.0 99.00
2017 05 04 08 50  32  4.5  5.0  0.08 99.00  3.33 999 1018.3   6.6   5.0   2.9 99.0 99.00
2017 05 04 09 50  32  4.2  4.9  0.08 99.00  2.80 999 1017.8   6.3   5.0   3.6 99.0 99.00
2017 05 04 10 50  41  4.3  4.9  0.09 99.00  2.53 999 1017.5   5.9   5.0   3.9 99.0 99.00
2017 05 04 11 50  50  3.0  3.4  0.12 99.00  2.40 999 1018.1   5.8   5.0   4.7 99.0 99.00
2017 05 04 12 50  83  3.5  3.9  0.11 99.00  2.38 999 1018.2   6.7   5.0   4.2 99.0 99.00
2017 05 04 13 50  64  2.2  2.5  0.14 99.00  2.79 999 1017.6   6.4   5.0   4.3 99.0 99.00
2017 05 04 14 50  22  3.0  3.4  0.12 99.00  2.75 999 1016.9   5.8   5.0   4.6 99.0 99.00
2017 05 04 15 50  31  3.8  4.3  0.10 99.00  3.02 999 1016.5   5.7   5.1   4.7 99.0 99.00
2017 05 04 16 50  24  3.4  3.9  0.10 99.00  2.71 999 1016.0   5.8   5.1   4.8 99.0 99.00
2017 05 04 17 50  22  2.8  3.2  0.08 99.00  2.94 999 1015.8   6.1   5.2   4.5 99.0 99.00
2017 05 04 18 50  30  2.7  3.0  0.24 99.00  3.76 999 1015.3   6.4   5.2   4.4 99.0 99.00
2017 05 04 19 50  60  3.7  4.1  0.25  4.00  3.59 138 1014.5   6.9   5.3   3.9 99.0 99.00
2017 05 04 20 50 355  2.6  2.8  0.26  3.85  3.42 143 1014.4   6.1   5.3   5.0 99.0 99.00
2017 05 04 21 50   7  2.2  2.5  0.25 99.00  3.30 999 1014.7   6.6   5.4   4.1 99.0 99.00
2017 05 04 22 50  21  2.7  2.9  0.26  3.45  3.28 126 1014.2   6.9   5.3   3.3 99.0 99.00
2017 05 04 23 50  10  2.9  3.2  0.24 99.00  3.18 999 1014.1   6.7   5.3   4.0 99.0 99.00
2017 05 05 00 50  11  1.9  2.0  0.21 99.00  3.20 999 1013.9   6.4   5.3   4.1 99.0 99.00
2017 05 05 01 50   9  3.1  3.6  0.21 99.00  3.37 999 1014.1   6.2   5.2   4.0 99.0 99.00
2017 05 05 02 50  11  4.7  5.3  0.19 99.00  3.32 999 1014.1   6.1   5.2   4.0 99.0 99.00
2017 05 05 03 50  29  4.0  4.5  0.18 99.00  3.21 999 1013.7   6.2   5.2   4.0 99.0 99.00
2017 05 05 04 50  30  3.8  4.4  0.16 99.00  2.90 999 1013.4   6.3   5.1   4.2 99.0 99.00
2017 05 05 05 50  19  4.8  5.3  0.15 99.00  2.88 999 1012.8   6.4   5.1   4.5 99.0 99.00
2017 05 05 06 50  22  5.1  5.9  0.17 99.00  2.64 999 1012.2   6.3   5.0   4.3 99.0 99.00
2017 05 05 07 50   1  7.3  8.3 99.00 99.00 99.00 999 1011.6   5.8   5.0   4.4 99.0 99.00
2017 05 05 08 50   3  7.3  8.4  0.48  2.74  2.95  33 1011.1   5.4   5.0   4.7 99.0 99.00
2017 05 05 09 50   9  7.5  9.1  0.63  3.23  3.20  19 1011.2   5.1   4.9   4.8 99.0 99.00
2017 05 05 10 50  12  9.8 12.0  0.87  3.85  3.51   1 1010.4   4.8   4.9   4.6 99.0 99.00
2017 05 05 11 50  12 10.3 12.0  1.17  5.00  4.02 357 1010.6   5.0   4.9   4.2 99.0 99.00
2017 05 05 12 50   7 11.4 13.6  1.41  5.26  4.29   6 1010.5   4.0   4.8   4.0 99.0 99.00
2017 05 05 13 50  11 11.5 14.1  1.80  5.88  4.78  21 1010.3   3.9   4.8   3.9 99.0 99.00
2017 05 05 14 50  10 10.2 12.3  1.84  6.25  4.90  13 1010.5   4.0   4.8   4.0 99.0 99.00
2017 05 05 15 50   5 11.6 14.3  1.77  6.67  4.90  23 1010.1   3.9   4.8   3.9 99.0 99.00
2017 05 05 16 50   1 11.8 14.4  2.14  6.25  5.21  26 1009.9   3.9   4.8   3.8 99.0 99.00
2017 05 05 17 50   5 11.4 13.5  2.03  6.67  5.30  23 1010.2   3.9   4.8   3.6 99.0 99.00
2017 05 05 18 50   1 13.0 15.2  2.37  7.14  5.50  19 1009.3   3.9   4.8   3.6 99.0 99.00
2017 05 05 19 50   1 12.4 15.0  2.35  6.67  5.43  31 1008.9   4.3   4.8   3.6 99.0 99.00
2017 05 05 20 50   1 11.7 13.9  2.63  7.14  5.73  25 1008.4   5.0   4.8   3.7 99.0 99.00
2017 05 05 21 50   1 10.2 11.8  2.40  7.69  5.71  26 1008.7   5.4   4.8   3.7 99.0 99.00
2017 05 05 22 50   4  8.7 10.4  2.18  7.69  5.61  27 1008.7   5.5   4.8   3.8 99.0 99.00
2017 05 05 23 50   1  8.0  9.1  1.82  6.67  5.22  32 1008.5   5.7   4.8   3.6 99.0 99.00
2017 05 06 00 50   7  7.2  8.4  1.60  6.67  5.12  27 1009.0   5.9   4.8   3.6 99.0 99.00
2017 05 06 01 50 354  6.2  7.4  1.43  7.14  5.11  37 1008.7   5.5   4.8   3.9 99.0 99.00
2017 05 06 02 50 356  7.2  8.3  1.26  6.67  4.80  36 1008.5   5.9   4.8   3.6 99.0 99.00
2017 05 06 03 50   3  6.4  7.4  1.08  5.88  4.47  35 1007.9   6.4   4.8   3.3 99.0 99.00
2017 05 06 04 50   3  5.7  6.7  1.04  5.88  4.43  31 1007.4   6.1   4.8   3.7 99.0 99.00
2017 05 06 05 50 341  7.4  9.0  0.85  5.56  4.23  30 1007.3   6.0   4.8   3.9 99.0 99.00
2017 05 06 06 50 344  7.5  8.5  0.82  5.88  3.99  35 1006.7   5.6   4.8   3.9 99.0 99.00
2017 05 06 07 50 355  6.9  8.0  0.83  5.56  3.91  33 1006.9   5.7   4.8   3.6 99.0 99.00
2017 05 06 08 50   4  6.8  8.4  0.83  5.26  3.78  35 1006.9   5.4   4.8   3.2 99.0 99.00
2017 05 06 09 50   9  9.1 10.8  0.85  4.35  3.80  26 1007.1   5.2   4.8   3.1 99.0 99.00
2017 05 06 10 50   5  8.5 10.1  1.10  4.76  3.94  38 1007.5   4.8   4.8   3.2 99.0 99.00
2017 05 06 11 50   8  9.2 11.1  1.22  5.00  4.16  23 1008.1   4.5   4.8   3.4 99.0 99.00
2017 05 06 12 50   3  9.4 11.3  1.37  5.56  4.30  29 1008.5   4.2   4.8   3.1 99.0 99.00
2017 05 06 13 50   4  9.1 11.1  1.32  5.26  4.34  27 1009.1   4.4   4.8   3.3 99.0 99.00
2017 05 06 14 50   1  9.2 11.5  1.50  5.56  4.46  30 1009.8   4.7   4.8   3.3 99.0 99.00
2017 05 06 15 50 360  9.9 11.5  1.43  5.88  4.45  31 1009.9   4.8   4.8   3.1 99.0 99.00
2017 05 06 16 50 355  9.2 11.2  1.54  5.88  4.56  32 1010.2   4.9   4.8   3.1 99.0 99.00
2017 05 06 17 50 353  9.8 12.3  1.58  5.88  4.60  34 1010.1   5.6   4.8   2.9 99.0 99.00
2017 05 06 18 50 352 10.0 11.6  1.53  5.88  4.68  32 1010.4   5.8   4.9   2.5 99.0 99.00
2017 05 06 19 50   2  9.4 10.9  1.49  6.25  4.63  33 1010.4   6.3   4.9   0.9 99.0 99.00
2017 05 06 20 50 359  8.1  9.5  1.54  5.88  4.70  38 1010.7   6.2   4.9   1.5 99.0 99.00
2017 05 06 21 50   9  8.1  9.4  1.37  6.25  4.56  37 1010.6   6.3   4.8   0.7 99.0 99.00
2017 05 06 22 50  10  8.1  9.6  1.23  5.88  4.36  37 1010.6   6.5   4.9  -0.4 99.0 99.00
2017 05 06 23 50   9  6.7  8.3  1.28  5.56  4.52  36 1010.8   6.4   4.8   0.2 99.0 99.00
2017 05 07 00 50  10  6.7  7.9  1.21  6.25  4.66  32 1011.4   6.3   4.8   0.5 99.0 99.00
2017 05 07 01 50  17  8.7 10.5  1.26  6.25  4.54  36 1011.7   6.1   4.8   0.8 99.0 99.00
2017 05 07 02 50  18 10.4 12.3  1.43  6.25  4.59  35 1012.2   5.9   4.8   0.5 99.0 99.00
2017 05 07 03 50  17  9.1 11.2  1.57  5.88  4.58  38 1012.9   5.8   4.8   0.1 99.0 99.00
2017 05 07 04 50   9  6.9  7.9  1.41  6.67  4.71  34 1013.3   5.8   4.8   0.1 99.0 99.00
2017 05 07 05 50   7  7.6  9.0  1.45  6.67  4.88  29 1013.6   5.8   4.8  -0.6 99.0 99.00
2017 05 07 06 50 357  7.2  8.4  1.43  6.67  4.90  35 1013.6   5.8   4.7  -1.0 99.0 99.00
2017 05 07 07 50 352  6.9  8.0  1.57  7.14  5.06  34 1013.6   5.7   4.7  -0.3 99.0 99.00
2017 05 07 08 50 343  6.5  7.6  1.35  7.14  5.08  29 1013.7   5.5   4.7   0.2 99.0 99.00
2017 05 07 09 50 339  7.5  9.0  1.36  6.25  4.87  41 1014.3   5.4   4.7   0.6 99.0 99.00
2017 05 07 10 50 346  7.1  8.3  1.10  6.67  4.47  27 1014.9   5.4   4.7   0.4 99.0 99.00
2017 05 07 11 50 345  7.2  8.7  1.08  6.25  4.32  26 1016.0   5.3   4.7   0.3 99.0 99.00
2017 05 07 12 50 348  6.9  8.5  1.02  6.25  4.21  28 1016.8   5.2   4.7   0.4 99.0 99.00
2017 05 07 13 50 351  6.6  7.8  1.05  5.88  4.36  28 1017.1   5.0   4.8   0.5 99.0 99.00
2017 05 07 14 50 351  7.4  8.8  0.94  6.25  4.06  30 1017.2   4.9   4.8   0.0 99.0 99.00
2017 05 07 15 50   2  8.9 10.4  1.02  5.88  4.06  29 1017.6   4.6   4.8  -0.6 99.0 99.00
2017 05 07 16 50   2  6.8  8.3  1.04  5.56  4.13  26 1017.9   4.4   4.8   0.1 99.0 99.00
2017 05 07 17 50  10  7.8  9.2  1.05  5.56  4.14  30 1017.9   4.2   4.8  -0.5 99.0 99.00
2017 05 07 18 50  14  8.6 10.5  1.19  5.88  4.27  28 1018.1   4.0   4.8  -1.6 99.0 99.00
2017 05 07 19 50  15  7.7  8.9  1.23  5.26  4.31  30 1017.9   4.3   4.8  -2.0 99.0 99.00
2017 05 07 20 50  19  6.8  8.7  1.29  5.88  4.62  29 1017.9   4.5   4.8  -2.4 99.0 99.00
2017 05 07 21 50  25  5.1  6.5  1.25  6.25  4.65  24 1017.8   4.7   4.8  -1.6 99.0 99.00
2017 05 07 22 50  32  5.2  6.0  1.36  6.67  5.04  18 1017.8   4.7   4.8  -0.7 99.0 99.00
2017 05 07 23 50 359  1.2  1.8  1.12  6.25  4.83  26 1017.9   5.1   4.8   0.4 99.0 99.00
2017 05 08 00 50   6  1.2  1.6  0.97  6.67  4.74  33 1018.0   4.7   4.8  -0.5 99.0 99.00
2017 05 08 01 50 344  1.9  2.4  1.08  6.67  4.98  35 1018.3   4.4   4.8   1.2 99.0 99.00
2017 05 08 02 50 340  3.4  4.2  0.92  6.67  4.82  35 1018.7   4.4   4.8   0.2 99.0 99.00
2017 05 08 03 50 340  4.5  5.2  0.84  5.56  4.86  33 1018.8   4.4   4.8   0.8 99.0 99.00
2017 05 08 04 50 357  5.8  7.1  0.78  6.25  4.54  31 1019.2   4.6   4.7  -0.1 99.0 99.00
2017 05 08 05 50  10  6.8  7.7  0.77  6.25  4.12  27 1019.5   4.5   4.7  -0.6 99.0 99.00
2017 05 08 06 50  16  7.3  8.7  0.77  6.25  3.77  25 1019.5   4.3   4.7  -0.1 99.0 99.00
2017 05 08 07 50  20  7.1  8.5  0.80  4.35  3.63  26 1019.7   4.3   4.7   0.0 99.0 99.00
2017 05 08 08 50  31  7.0  8.2  0.82  4.17  3.77  23 1020.3   4.0   4.7  -4.0 99.0 99.00
2017 05 08 09 50  30  4.9  5.9  0.79  4.35  3.81  17 1020.7   3.9   4.7  -2.9 99.0 99.00
2017 05 08 10 50  35  6.2  7.1  0.74  4.35  3.73  13 1020.8   3.9   4.7  -3.7 99.0 99.00
2017 05 08 11 50  29  4.4  5.2  0.65  4.00  3.62  17 1021.4   4.1   4.7  -3.7 99.0 99.00
2017 05 08 12 50  12  3.0  3.8  0.59  4.35  3.69  24 1021.8   4.1   4.7  -1.7 99.0 99.00
2017 05 08 13 50 354  3.1  3.8  0.49  4.76  3.79  25 1022.5   4.0   4.8  -0.9 99.0 99.00
2017 05 08 14 50 343  2.8  3.4  0.45  4.55  3.80  31 1022.9   4.1   4.8  -2.5 99.0 99.00
2017 05 08 15 50 354  2.9  3.5  0.42  5.26  3.81  24 1022.9   4.1   4.9  -2.7 99.0 99.00
2017 05 08 16 50   3  2.7  3.2  0.47  6.25  4.25  29 1022.3   4.2   5.0  -2.2 99.0 99.00
2017 05 08 17 50 351  2.3  2.8  0.51  5.88  4.37  26 1021.8   4.3   5.0  -2.2 99.0 99.00
2017 05 08 18 50 356  2.4  2.8  0.50  5.88  4.29  25 1021.0   4.3   5.1  -1.8 99.0 99.00
2017 05 08 19 50 354  2.2  2.8  0.45  5.56  4.24  26 1020.5   4.4   5.2  -1.3 99.0 99.00
2017 05 08 20 50  21  2.5  2.9  0.43  5.56  4.18  24 1019.5   4.5   5.3  -1.4 99.0 99.00
2017 05 08 21 50  26  1.5  1.9  0.41  5.26  4.12  21 1019.4   4.8   5.3  -0.6 99.0 99.00
2017 05 08 22 50  50  0.7  1.0  0.37  5.26  3.87  20 1018.8   4.7   5.4  -0.3 99.0 99.00
2017 05 08 23 50 283  0.9  1.1  0.33  5.00  3.85  20 1019.0   5.3   5.3  -0.3 99.0 99.00
2017 05 09 00 50 333  0.8  1.0  0.32  5.00  3.83  35 1018.6   4.7   5.3   0.7 99.0 99.00
2017 05 09 01 50  24  2.5  3.0  0.33  4.76  3.85  17 1018.3   5.0   5.3   0.0 99.0 99.00
2017 05 09 02 50  33  1.9  2.2  0.26  5.00  3.81  20 1017.5   5.2   5.2   0.2 99.0 99.00
2017 05 09 03 50 306  0.3  0.7  0.27  4.76  3.77  21 1017.3   5.4   5.2  -0.6 99.0 99.00
2017 05 09 04 50 296  1.2  1.5  0.27  5.00  3.86  18 1017.4   5.6   5.2   0.3 99.0 99.00
2017 05 09 05 50  13  1.6  2.0  0.26  5.00  3.83  20 1017.3   5.5   5.2   0.5 99.0 99.00
2017 05 09 06 50  41  3.4  4.1  0.24 99.00  3.76 999 1016.3   5.6   5.2   0.5 99.0 99.00
2017 05 09 07 50  51  4.6  5.5  0.25  4.76  3.72 359 1015.3   5.7   5.2   1.1 99.0 99.00
2017 05 09 08 50  47  2.0  2.7  0.24 99.00  3.46 999 1016.1   5.9   5.2   1.9 99.0 99.00
2017 05 09 09 50  68  3.6  5.1  0.26  4.55  3.04   2 1015.9   5.7   5.1   2.2 99.0 99.00
2017 05 09 10 50  63  5.9  6.7  0.25  4.55  3.02 355 1014.8   5.7   5.1   2.3 99.0 99.00
2017 05 09 11 50  71  4.8  5.4  0.31  2.74  2.82  37 1015.3   5.8   5.1   2.0 99.0 99.00
2017 05 09 12 50  84  4.1  4.8  0.33  2.86  2.90  36 1016.1   5.6   5.0   2.2 99.0 99.00
2017 05 09 13 50  81  4.3  5.0  0.30  2.94  2.92  45 1015.9   5.7   5.0   1.7 99.0 99.00
2017 05 09 14 50  80  3.4  4.1  0.30  2.94  2.95  31 1016.3   5.7   5.0   1.9 99.0 99.00
2017 05 09 15 50  96  2.0  2.3  0.30  3.13  3.01  27 1016.2   5.4   5.0   2.5 99.0 99.00
2017 05 09 16 50  52  1.0  1.3  0.29  3.33  3.03  39 1016.6   5.8   5.0   1.9 99.0 99.00
2017 05 09 17 50  63  0.2  0.4  0.26  3.23  3.04  44 1016.1   6.1   5.1   2.0 99.0 99.00
2017 05 09 18 50 326  1.3  1.7  0.31  3.33  3.12 102 1015.9   6.1   5.4   4.1 99.0 99.00
2017 05 09 19 50 360  1.1  1.5  0.22 99.00  3.05 999 1015.4   6.2   5.4   3.9 99.0 99.00
2017 05 09 20 50 346  0.8  1.1  0.18 99.00  2.88 999 1014.6   6.9   6.3   2.2 99.0 99.00
2017 05 09 21 50   7  2.8  3.4  0.14 99.00  2.87 999 1014.7   6.3   5.7   3.1 99.0 99.00
2017 05 09 22 50  15  1.9  2.3  0.11 99.00  2.77 999 1014.5   6.2   5.4   2.9 99.0 99.00
2017 05 09 23 50  25  3.1  3.7  0.08 99.00  2.84 999 1014.7   6.0   5.2   3.3 99.0 99.00
2017 05 10 00 50  28  3.0  3.6  0.08 99.00  3.22 999 1014.9   6.0   5.2   3.6 99.0 99.00
2017 05 10 01 50  42  3.9  4.5  0.07 99.00  3.09 999 1014.7   5.8   5.1   3.1 99.0 99.00
2017 05 10 02 50  35  2.5  2.8  0.06 99.00  2.91 999 1015.1   6.0   5.1   2.4 99.0 99.00
2017 05 10 03 50  46  2.4  2.8  0.06 99.00  2.89 999 1015.1   6.0   5.1   2.6 99.0 99.00
2017 05 10 04 50  69  1.4  1.5  0.05 99.00  2.90 999 1015.0   6.3   5.1   1.8 99.0 99.00
2017 05 10 05 50 106  0.5  1.1  0.05 99.00  2.77 999 1015.3   6.9   5.1   0.7 99.0 99.00
2017 05 10 06 50   2  0.1  0.3  0.05 99.00  2.84 999 1015.0   6.5   5.0   1.7 99.0 99.00
2017 05 10 07 50 137  0.7  1.0  0.05 99.00  2.70 999 1014.5   6.7   5.0   0.4 99.0 99.00
2017 05 10 08 50  37  1.6  1.8  0.06 99.00  2.78 999 1015.2   6.3   5.0   3.3 99.0 99.00
2017 05 10 09 50  31  1.3  1.5  0.07 99.00  2.69 999 1014.9   5.9   5.0   3.7 99.0 99.00
2017 05 10 10 50   8  1.9  2.2  0.07 99.00  2.71 999 1015.7   5.8   4.9   3.9 99.0 99.00
2017 05 10 11 50  25  1.5  1.8  0.07 99.00  2.64 999 1016.3   6.4   4.9   3.5 99.0 99.00
2017 05 10 12 50  43  1.7  2.0  0.06 99.00  2.68 999 1016.1   6.5   5.1   3.5 99.0 99.00
2017 05 10 13 50  46  2.0  2.1  0.05 99.00  2.64 999 1016.3   6.7   5.2   3.1 99.0 99.00
2017 05 10 14 50  47  1.8  1.9  0.05 99.00  2.91 999 1016.3   6.9   5.3   3.4 99.0 99.00
2017 05 10 16 50  69  1.8  2.4  0.04 99.00  2.89 999 1015.9   7.9   6.4   4.6 99.0 99.00
2017 05 10 17 50  37  0.7  1.0  0.05 99.00  3.15 999 1016.1   8.3   7.3   5.7 99.0 99.00
2017 05 10 18 50  53  1.8  2.0  0.06 99.00  3.66 999 1015.2   9.0   7.5   6.1 99.0 99.00
2017 05 10 19 50 359  1.3  1.5  0.05 99.00  3.19 999 1014.9   9.6   8.0   6.6 99.0 99.00
2017 05 10 20 50  25  2.3  2.8  0.04 99.00  3.10 999 1013.1   9.3   6.5   6.7 99.0 99.00
2017 05 10 21 50   2  3.4  3.9  0.07 99.00  3.79 999 1013.7   8.4   6.5   6.8 99.0 99.00
2017 05 10 22 50 356  3.2  3.6  0.04 99.00  3.24 999 1013.9   8.1   6.3   6.5 99.0 99.00
2017 05 10 23 50  13  4.6  5.3  0.05 99.00  3.20 999 1013.6   7.5   6.2   5.5 99.0 99.00
2017 05 11 00 50  16  6.0  6.9 99.00 99.00 99.00 999 1013.1   6.8   5.7   5.6 99.0 99.00
2017 05 11 01 50  35  6.3  8.0  0.27  2.74  2.59  28 1012.8   6.3   5.5   5.2 99.0 99.00
2017 05 11 02 50  35  4.9  5.4  0.30  2.74  2.68  25 1012.7   6.7   5.4   5.7 99.0 99.00
2017 05 11 03 50  20  4.3  4.9  0.29  2.86  2.77  37 1012.6   7.0   5.3   6.8 99.0 99.00
2017 05 11 04 50  19  6.3  7.5  0.31  2.86  2.78  41 1012.5   6.8   5.3   6.8 99.0 99.00
2017 05 11 05 50  32  5.2  5.8  0.36  3.13  2.77  45 1012.4   7.8   5.2   6.8 99.0 99.00
2017 05 11 06 50  35  4.9  5.4  0.34  2.94  2.88  38 1012.9   7.4   5.2   6.8 99.0 99.00
2017 05 11 07 50  70  2.6  3.3  0.31  3.03  2.88  32 1013.5   7.4   5.3   6.9 99.0 99.00
2017 05 11 08 50  69  2.3  2.6  0.24 99.00  2.87 999 1014.1   7.2   5.3   6.7 99.0 99.00
2017 05 11 09 50  25  1.6  1.9  0.18 99.00  2.74 999 1014.2   6.6   5.3   6.4 99.0 99.00
2017 05 11 10 50  64  1.7  2.0  0.18 99.00  2.74 999 1014.5   6.7   5.3   6.7 99.0 99.00
2017 05 11 11 50 176  0.0  0.1  0.15 99.00  2.84 999 1015.4   7.2   5.2   6.2 99.0 99.00
2017 05 11 12 50   9  2.4  2.8  0.17 99.00  2.84 999 1015.4   6.3   5.2   6.2 99.0 99.00
2017 05 11 14 50   8  1.3  1.5  0.15 99.00  2.81 999 1016.5   7.1   5.7   6.4 99.0 99.00
2017 05 11 15 50  18  2.6  3.1  0.14 99.00  2.95 999 1016.2   6.7   5.8   6.1 99.0 99.00
2017 05 11 16 50  23  3.3  3.9  0.13 99.00  2.88 999 1015.7   6.8   5.8   6.1 99.0 99.00
2017 05 11 17 50 349  1.2  1.5  0.11 99.00  2.93 999 1015.9   7.3   5.9   6.1 99.0 99.00
2017 05 11 18 50 350  4.1  4.5  0.12 99.00  3.20 999 1015.9   7.2   6.0   6.1 99.0 99.00
2017 05 11 19 50 351  3.4  3.9  0.09 99.00  2.91 999 1015.8   7.4   6.0   6.3 99.0 99.00
2017 05 11 20 50 345  4.0  4.2  0.09 99.00  2.92 999 1015.7   7.7   6.1   6.1 99.0 99.00
2017 05 11 21 50 347  4.3  4.6  0.12 99.00  3.54 999 1015.3   8.1   6.1   5.9 99.0 99.00
2017 05 11 22 50 346  4.2  4.6  0.08 99.00  2.95 999 1015.2   8.0   6.0   5.8 99.0 99.00
2017 05 11 23 50 352  2.9  3.1  0.08 99.00  2.68 999 1014.9   7.7   6.0   6.0 99.0 99.00
2017 05 12 00 50  20  2.1  2.3  0.08 99.00  2.94 999 1014.9   7.4   5.9   6.3 99.0 99.00
2017 05 12 01 50  23  2.1  2.3  0.07 99.00  2.86 999 1015.2   7.2   5.9   6.1 99.0 99.00
2017 05 12 02 50 359  0.7  0.8  0.06 99.00  2.75 999 1016.1   7.3   5.9   6.2 99.0 99.00
2017 05 12 03 50 354  2.8  3.1  0.05 99.00  2.86 999 1015.9   6.9   5.9   6.2 99.0 99.00
2017 05 12 04 50   9  1.7  2.0  0.05 99.00  2.84 999 1016.1   7.0   5.7   6.4 99.0 99.00
2017 05 12 05 50  12  2.4  2.8  0.05 99.00  2.70 999 1015.8   7.3   5.7   6.5 99.0 99.00
2017 05 12 06 50  21  1.8  2.0  0.06 99.00  2.66 999 1015.5   7.5   5.7   6.2 99.0 99.00
2017 05 12 07 50   6  2.8  3.6  0.07 99.00  2.56 999 1015.4   6.8   5.8   6.1 99.0 99.00
2017 05 12 08 50  23  3.3  3.7  0.06 99.00  2.64 999 1015.0   7.0   5.7   5.9 99.0 99.00
2017 05 12 09 50  38  1.7  1.9  0.06 99.00  2.65 999 1014.9   7.0   5.7   5.8 99.0 99.00
2017 05 12 10 50   6  2.2  2.9  0.07 99.00  2.72 999 1015.5   7.6   5.7   5.7 99.0 99.00
2017 05 12 11 50  19  2.7  3.1  0.06 99.00  2.63 999 1015.8   6.9   5.7   5.6 99.0 99.00
2017 05 12 12 50  42  2.7  3.0  0.05 99.00  2.77 999 1015.8   7.1   5.8   5.6 99.0 99.00
2017 05 12 13 50 338  2.5  3.2  0.05 99.00  2.82 999 1016.2   6.9   5.9   5.8 99.0 99.00
2017 05 12 14 50 353  2.1  2.4  0.07 99.00  3.82 999 1016.1   6.8   6.1   5.8 99.0 99.00
2017 05 12 15 50  14  1.7  2.5  0.05 99.00  3.07 999 1015.9   7.4   6.6   6.3 99.0 99.00
2017 05 12 16 50  17  1.7  2.0  0.06 99.00  2.87 999 1015.6   7.4   6.7   6.5 99.0 99.00
2017 05 12 17 50  10  2.1  2.4  0.05 99.00  3.13 999 1015.7   7.8   7.1   6.9 99.0 99.00
2017 05 12 18 50  10  3.6  4.4  0.07 99.00  3.63 999 1015.6   7.3   6.7   6.4 99.0 99.00
2017 05 12 19 50   9  1.6  1.9  0.07 99.00  2.64 999 1015.2   7.4   6.8   6.3 99.0 99.00
2017 05 12 20 50   2  3.1  3.6  0.11 99.00  2.43 999 1014.9   7.7   7.0   6.3 99.0 99.00
2017 05 12 21 50  11  3.2  3.7 99.00 99.00 99.00 999 1014.7   8.3   6.9   6.0 99.0 99.00
2017 05 12 22 50  19  2.4  2.8  0.13 99.00  2.46 999 1014.3   8.2   6.8   5.9 99.0 99.00
2017 05 12 23 50  15  4.2  4.8  0.15 99.00  2.55 999 1014.0   8.2   6.9   5.8 99.0 99.00
2017 05 13 00 50  11  3.8  4.3  0.13 99.00  2.61 999 1014.0   8.1   6.7   6.0 99.0 99.00
2017 05 13 01 50   3  3.2  3.5  0.11 99.00  2.60 999 1014.2   8.0   6.7   6.0 99.0 99.00
2017 05 13 02 50 344  2.7  3.0  0.13 99.00  2.59 999 1014.4   8.2   6.6   5.7 99.0 99.00
2017 05 13 03 50 338  2.2  2.4  0.15 99.00  2.73 999 1014.2   7.8   6.6   5.9 99.0 99.00
2017 05 13 04 50 324  2.2  2.5  0.12 99.00  2.81 999 1014.1   7.3   6.6   6.3 99.0 99.00
2017 05 13 05 50 328  2.2  2.5  0.12 99.00  2.75 999 1013.7   7.3   6.6   6.3 99.0 99.00
2017 05 13 06 50 318  2.5  2.9  0.11 99.00  2.78 999 1013.4   7.2   6.5   6.4 99.0 99.00
2017 05 13 07 50 307  2.3  2.5  0.11 99.00  2.74 999 1013.0   7.4   6.5   6.2 99.0 99.00
2017 05 13 08 50  19  0.3  0.6  0.10 99.00  2.70 999 1013.0   7.5   6.5   6.2 99.0 99.00
2017 05 13 09 50 314  2.1  2.7  0.10 99.00  2.68 999 1013.1   8.0   6.5   6.2 99.0 99.00
2017 05 13 10 50 311  2.8  3.5  0.10 99.00  2.77 999 1013.4   8.4   6.5   6.5 99.0 99.00
2017 05 13 11 50 267  1.8  2.1  0.09 99.00  2.76 999 1013.5   8.4   6.4   6.6 99.0 99.00
2017 05 13 12 50 218  3.0  3.3  0.08 99.00  2.73 999 1013.2   8.3   6.4   6.7 99.0 99.00
2017 05 13 13 50 188  2.8  3.3  0.07 99.00  2.74 999 1013.4   8.1   6.5   6.8 99.0 99.00
2017 05 13 14 50 210  5.2  5.9  0.07 99.00  2.89 999 1012.4   8.8   6.5   7.0 99.0 99.00
2017 05 13 15 50 192  5.7  6.3  0.12 99.00  2.40 999 1011.9   8.7   6.5   6.8 99.0 99.00
2017 05 13 16 50 178  6.2  6.9  0.24 99.00  2.58 999 1011.3   8.7   6.6   6.7 99.0 99.00
2017 05 13 17 50 190  6.9  7.6  0.36  2.94  2.72 150 1010.5   9.2   6.5   7.0 99.0 99.00
2017 05 13 18 50 210  9.1 10.1  0.49  3.23  2.95 157 1009.3  10.5   6.5   7.4 99.0 99.00
2017 05 13 19 50 227  5.6  6.3  0.49  3.13  3.09 153 1009.4   9.6   6.3   6.9 99.0 99.00
2017 05 13 20 50 229  4.7  5.1  0.40  3.33  3.04 159 1008.9   9.5   6.2   6.7 99.0 99.00
2017 05 13 21 50 247  3.2  3.8  0.32  3.03  2.96 169 1009.0   9.8   6.2   6.8 99.0 99.00
2017 05 13 22 50 274  1.5  1.9  0.29  3.23  2.96 165 1009.0  11.4   6.3   7.1 99.0 99.00
2017 05 13 23 50 247  0.6  0.8  0.22 99.00  2.88 999 1009.3  12.0   6.2   7.1 99.0 99.00
2017 05 14 00 50 353  2.0  2.4  0.24 99.00  3.01 999 1009.3  12.6   6.4   6.0 99.0 99.00
2017 05 14 01 50  22  3.0  3.4  0.19 99.00  2.83 999 1009.8   9.2   6.4   6.7 99.0 99.00
2017 05 14 02 50   6  1.8  2.2  0.16 99.00  2.80 999 1010.2   8.4   6.5   6.7 99.0 99.00
2017 05 14 03 50 326  0.3  0.5  0.12 99.00  2.65 999 1010.4   7.9   6.4   6.6 99.0 99.00
2017 05 14 04 50 341  1.5  2.1  0.12 99.00  2.64 999 1010.7   8.2   6.3   6.6 99.0 99.00
2017 05 14 05 50 292  2.6  2.9  0.11 99.00  2.59 999 1010.8   7.2   6.2   6.7 99.0 99.00
2017 05 14 06 50 319  3.0  3.3  0.15 99.00  2.59 999 1010.8   6.9   6.1   6.6 99.0 99.00
2017 05 14 07 50 324  4.0  4.5  0.16 99.00  2.66 999 1011.0   6.9   6.1   6.4 99.0 99.00
2017 05 14 08 50 329  3.6  4.1  0.14 99.00  2.58 999 1011.6   7.1   6.1   6.5 99.0 99.00
2017 05 14 09 50 341  3.5  4.0  0.15 99.00  2.53 999 1011.8   7.3   6.1   6.2 99.0 99.00
2017 05 14 10 50 350  4.1  4.7  0.16 99.00  2.59 999 1012.3   7.1   6.0   6.0 99.0 99.00
2017 05 14 11 50   6  4.2  4.9  0.17 99.00  2.54 999 1012.6   7.0   6.0   5.7 99.0 99.00
2017 05 14 12 50   3  3.7  4.4  0.21 99.00  2.57 999 1013.4   7.0   6.1   5.8 99.0 99.00
2017 05 14 13 50  10  4.4  5.0  0.16 99.00  2.56 999 1013.8   7.1   6.2   5.8 99.0 99.00
2017 05 14 14 50  13  3.8  4.4  0.18 99.00  2.59 999 1014.1   7.2   6.2   5.8 99.0 99.00
2017 05 14 15 50   4  3.9  4.3  0.20 99.00  2.61 999 1014.6   7.2   6.4   5.7 99.0 99.00
2017 05 14 16 50   6  4.6  5.3  0.19 99.00  2.58 999 1014.7   7.1   6.4   5.6 99.0 99.00
2017 05 14 17 50   5  5.2  5.9  0.25 99.00  2.66 999 1015.0   7.2   6.4   5.3 99.0 99.00
2017 05 14 18 50   3  5.5  6.3  0.32  2.94  2.81  14 1015.0   7.3   6.4   5.2 99.0 99.00
2017 05 14 19 50   2  5.7  6.9  0.38  3.23  2.86  19 1015.1   7.5   6.5   4.9 99.0 99.00
2017 05 14 20 50   8  5.0  5.7 99.00 99.00 99.00 999 1014.6   7.7   6.5   4.4 99.0 99.00
2017 05 14 21 50  13  5.8  6.5  0.48  3.57  3.16   9 1014.1   7.7   6.4   3.6 99.0 99.00
2017 05 14 22 50  10  6.5  7.6  0.64  4.17  3.46  21 1013.9   7.6   6.3   3.5 99.0 99.00
2017 05 14 23 50  11  7.3  8.6  0.64  4.17  3.48  22 1013.6   7.3   6.2   3.8 99.0 99.00
2017 05 15 00 50  11  6.3  7.2  0.70  4.35  3.59  25 1013.8   7.2   6.2   4.3 99.0 99.00
2017 05 15 01 50  10  6.0  7.1  0.70  4.35  3.60  37 1014.1   7.4   6.2   3.9 99.0 99.00
2017 05 15 02 50   9  5.3  6.1  0.61  4.55  3.66  33 1014.7   7.3   6.2   4.6 99.0 99.00
2017 05 15 03 50  17  4.5  5.0  0.57  4.35  3.67  36 1014.8   7.2   6.2   5.1 99.0 99.00
2017 05 15 04 50  11  4.1  4.8  0.53  4.35  3.68  30 1015.4   7.3   6.2   5.6 99.0 99.00
2017 05 15 05 50 359  2.3  2.6  0.49  4.35  3.60  34 1015.7   7.3   6.2   5.7 99.0 99.00
2017 05 15 06 50  20  2.0  2.3  0.40  4.35  3.58  30 1015.8   7.3   6.2   5.9 99.0 99.00
2017 05 15 07 50  64  3.3  3.9  0.39  4.17  3.55  10 1015.6   8.1   6.2   5.9 99.0 99.00
2017 05 15 08 50  76  4.4  5.1  0.36  4.35  3.53 356 1015.3   8.3   6.2   5.9 99.0 99.00
2017 05 15 09 50  77  4.9  5.4  0.33  4.17  3.32 354 1015.5   8.9   6.2   5.4 99.0 99.00
2017 05 15 10 50  87  5.3  6.0  0.32  3.70  3.13 344 1015.8   8.7   6.2   6.0 99.0 99.00
2017 05 15 11 50 104  3.9  4.4  0.32  4.17  3.01 342 1016.3   8.4   6.2   6.2 99.0 99.00
2017 05 15 12 50  84  4.9  5.6  0.30  4.17  3.02 346 1016.4   8.6   6.3   6.0 99.0 99.00
2017 05 15 13 50  77  4.5  5.0  0.27  4.17  2.96 345 1016.7   8.5   6.3   5.9 99.0 99.00
2017 05 15 14 50  75  3.5  3.9  0.24 99.00  2.85 999 1017.1   8.6   6.4   6.1 99.0 99.00
2017 05 15 15 50  74  3.0  3.3  0.22 99.00  2.85 999 1016.9   8.6   6.5   6.4 99.0 99.00
2017 05 15 16 50  85  3.2  3.7  0.20 99.00  2.99 999 1016.7   9.5   6.8   6.3 99.0 99.00
2017 05 15 17 50  70  3.7  4.0  0.21 99.00  3.03 999 1016.4   9.5   7.0   6.6 99.0 99.00
2017 05 15 18 50  73  4.4  4.8  0.22 99.00  3.27 999 1015.5  10.7   7.1   6.5 99.0 99.00
2017 05 15 19 50  77  3.1  3.4  0.25 99.00  3.18 999 1015.2  11.3   7.1   6.4 99.0 99.00
2017 05 15 20 50  72  4.1  4.4  0.26  3.45  3.14 119 1013.9  11.6   7.3   6.6 99.0 99.00
2017 05 15 21 50  80  4.0  4.3  0.27  3.45  3.23 133 1013.3  11.7   7.3   6.9 99.0 99.00
2017 05 15 22 50  78  4.7  5.2  0.22 99.00  3.09 999 1013.2  12.7   7.3   7.2 99.0 99.00
2017 05 15 23 50  66  6.1  6.7  0.18 99.00  2.89 999 1012.1  11.6   7.2   7.8 99.0 99.00
2017 05 16 00 50  98 10.5 11.8  0.21 99.00  2.51 999 1011.5  13.3   7.0  11.2 99.0 99.00
2017 05 16 01 50  81  6.3  7.1  0.33  2.74  2.59  92 1012.3  11.8   6.9  10.1 99.0 99.00
2017 05 16 02 50  96  6.3  7.6  0.37  2.86  2.72 101 1012.4  11.2   6.8   8.9 99.0 99.00
2017 05 16 03 50  90  9.0 11.4  0.54  3.13  2.98 106 1009.9  12.6   6.7   9.3 99.0 99.00
2017 05 16 04 50 149  8.8 16.8  0.51  3.45  3.14 101 1011.5  13.5   6.7   8.6 99.0 99.00
2017 05 16 05 50 119  7.9  9.4  0.54  3.85  3.43 111 1010.6  10.7   6.7   9.1 99.0 99.00
2017 05 16 06 50 161  5.6  6.7  0.69  4.35  3.51 159 1009.0  10.9   6.6   9.0 99.0 99.00
2017 05 16 07 50 204  1.7  3.4  0.69  4.00  3.63 116 1010.1   9.6   6.6   8.5 99.0 99.00
2017 05 16 08 50  43  3.8  4.3  0.53  4.00  3.45 145 1010.5   8.4   6.6   7.9 99.0 99.00
2017 05 16 09 50  69  4.2  5.7  0.44  4.17  3.43 131 1010.8   9.3   6.6   8.3 99.0 99.00
2017 05 16 10 50 109  5.0  5.6  0.40  3.70  3.25 115 1010.8  10.3   6.6   9.2 99.0 99.00
2017 05 16 11 50 122  4.0  4.7  0.34  3.13  3.11 133 1010.7   9.9   6.6   9.1 99.0 99.00
2017 05 16 12 50 193  2.0  2.3  0.31  3.85  3.13 122 1010.9   9.4   6.6   8.8 99.0 99.00
2017 05 16 13 50 230  2.5  2.7  0.28  3.33  3.02 147 1010.8  10.4   6.7   9.6 99.0 99.00
2017 05 16 14 50 160  4.5  5.2  0.26  3.03  2.99 139 1010.7  10.1   6.8   9.4 99.0 99.00
2017 05 16 15 50 154  3.9  4.2  0.27  3.23  2.98 126 1010.5   9.5   6.9   9.1 99.0 99.00
2017 05 16 16 50 171  6.9  7.5  0.23 99.00  2.85 999 1009.8  11.5   7.0  10.7 99.0 99.00
2017 05 16 17 50 161  6.3  7.0  0.35  3.03  2.84 135 1009.0  11.8   6.9  10.9 99.0 99.00
2017 05 16 18 50 157  6.5  7.1  0.44  3.33  2.97 142 1008.1  12.0   7.0  10.9 99.0 99.00
2017 05 16 19 50 161  7.0  8.0  0.37  3.33  2.93 145 1007.2  12.6   7.0  11.0 99.0 99.00
2017 05 16 20 50 152  5.8  6.3  0.42  3.33  2.91 145 1006.8  12.6   7.0  10.9 99.0 99.00
2017 05 16 21 50 162  6.7  7.5  0.37  3.03  2.87 147 1006.0  13.1   7.0  10.1 99.0 99.00
2017 05 16 22 50 178  7.5  8.3  0.36  3.13  2.88 141 1005.8  13.1   7.1   8.8 99.0 99.00
2017 05 16 23 50 185  8.0  9.3  0.41  2.94  2.91 147 1005.1  13.5   7.1   8.6 99.0 99.00
2017 05 17 00 50 191  7.6  8.3  0.55  3.57  3.16 156 1005.0  12.4   7.0   8.4 99.0 99.00
2017 05 17 01 50 187  7.6  8.4  0.60  3.45  3.22 150 1004.8  12.9   7.0   8.8 99.0 99.00
2017 05 17 02 50 185  7.0  7.8  0.57  3.70  3.27 162 1005.2  12.7   6.9   9.3 99.0 99.00
2017 05 17 03 50 189  6.6  7.1  0.59  3.85  3.37 153 1005.7  12.0   6.9   9.2 99.0 99.00
2017 05 17 04 50 165  6.6  7.2  0.61  3.85  3.41 155 1005.2  11.6   6.9   9.4 99.0 99.00
2017 05 17 05 50 166  6.2  6.8  0.63  4.35  3.68 157 1005.8  11.1   6.8   9.3 99.0 99.00
2017 05 17 06 50 167  5.8  6.6  0.61  4.35  3.61 156 1005.7  10.7   6.8   9.2 99.0 99.00
2017 05 17 07 50 174  7.1  8.1  0.56  4.35  3.43 155 1005.5  11.6   6.7   9.9 99.0 99.00
2017 05 17 08 50 168  6.2  6.8  0.51  4.00  3.34 158 1006.1  10.2   6.7   9.2 99.0 99.00
2017 05 17 09 50 179  7.8  8.6  0.54  3.85  3.43 157 1006.1  11.3   6.7  10.1 99.0 99.00
2017 05 17 10 50 182  7.6  8.6  0.56  4.17  3.29 157 1005.9  10.7   6.7   9.9 99.0 99.00
2017 05 17 11 50 185  7.9  9.0  0.59  3.85  3.27 153 1006.4  11.7   6.7  10.5 99.0 99.00
2017 05 17 12 50 177  7.5  8.5  0.56  4.00  3.27 160 1006.7  11.5   6.8  10.5 99.0 99.00
2017 05 17 13 50 166  8.1  9.0  0.70  3.85  3.39 157 1006.7  11.0   6.8  10.1 99.0 99.00
2017 05 17 14 50 160  7.2  8.1  0.66  3.85  3.39 157 1006.0  11.4   6.8  10.6 99.0 99.00
2017 05 17 15 50 158  7.8  8.5  0.67  3.70  3.23 155 1005.9  11.9   6.9  10.8 99.0 99.00
2017 05 17 16 50 169  6.4  7.0  0.64  3.70  3.41 148 1006.1  11.9   6.9  10.5 99.0 99.00
2017 05 17 17 50 154  6.1  6.8  0.60  4.00  3.42 145 1005.7  11.9   7.0  10.3 99.0 99.00
2017 05 17 18 50 157  7.1  8.0  0.56  3.85  3.45 147 1004.9  12.6   7.0  10.4 99.0 99.00
2017 05 17 19 50 178  7.7  8.9  0.52  4.00  3.21 159 1004.5  12.9   7.1  10.3 99.0 99.00
2017 05 17 20 50 137  6.6  7.2  0.52  3.70  3.27 154 1003.2  12.5   7.0   9.9 99.0 99.00
2017 05 17 21 50 157  7.1  7.9  0.52  3.45  3.18 145 1003.0  13.2   7.0   9.7 99.0 99.00
2017 05 17 22 50 161  8.4  9.3  0.65  3.85  3.34 156 1002.6  13.2   7.0   9.2 99.0 99.00
2017 05 17 23 50 172  8.4  9.5  0.65  3.85  3.38 156 1001.9  13.2   7.0   9.1 99.0 99.00
2017 05 18 00 50 180 10.0 11.4  0.79  4.00  3.56 151 1002.0  13.9   6.9   9.6 99.0 99.00
2017 05 18 01 50 180  8.9 10.0  1.11  4.76  3.99 155 1002.7  13.2   6.9   9.5 99.0 99.00
2017 05 18 02 50 168  8.5  9.7  1.11  5.00  4.17 158 1002.9  12.5   6.9   9.6 99.0 99.00
2017 05 18 03 50 154  8.0  9.0  1.08  5.00  4.06 157 1002.5  12.1   6.9   9.7 99.0 99.00
2017 05 18 04 50 181  9.0 10.2  1.07  5.00  3.93 155 1002.7  12.8   6.9  10.4 99.0 99.00
2017 05 18 05 50 226 10.5 14.0  1.13  5.26  4.03 158 1003.4  12.8   6.9  11.1 99.0 99.00
2017 05 18 06 50 197  8.6  9.5  1.33  5.56  4.30 154 1003.5  12.3   6.9  11.5 99.0 99.00
2017 05 18 07 50 198  7.2  8.3  1.16  5.00  4.24 157 1003.1  11.0   6.8  10.5 99.0 99.00
2017 05 18 08 50 181  8.6  9.6  0.94  5.00  4.03 159 1002.8  11.7   6.8  10.4 99.0 99.00
2017 05 18 09 50 181  8.8 10.0  1.06  5.26  4.17 158 1002.7  11.8   6.8  11.2 99.0 99.00
2017 05 18 10 50 180  8.3  9.4  1.11  5.26  4.12 157 1002.8  11.4   6.8  11.1 99.0 99.00
2017 05 18 11 50 188  8.7 10.2  1.06  4.76  4.03 155 1003.1  11.8   6.8  11.4 99.0 99.00
2017 05 18 12 50 200  8.8  9.7  1.03  4.55  3.97 154 1003.7  12.0   6.9  11.4 99.0 99.00
2017 05 18 13 50 216  7.7  9.3  0.96  5.00  3.91 160 1004.8  11.6   6.9  10.4 99.0 99.00
2017 05 18 14 50 258  7.8  8.8  0.87  4.76  3.84 172 1005.7  12.3   7.0   9.6 99.0 99.00
2017 05 18 15 50 253  5.5  6.3  0.68  4.55  3.78 176 1007.0  11.5   7.0   9.3 99.0 99.00
2017 05 18 17 50 240  5.4  5.9  0.70  4.35  3.72 175 1008.4  11.3   7.1   9.3 99.0 99.00
2017 05 18 18 50 257  5.3  5.7  0.85  5.00  4.19 201 1008.8  11.7   7.1   9.3 99.0 99.00
2017 05 18 19 50 254  4.7  5.1  0.83  5.00  4.24 194 1009.5  11.5   7.2   9.3 99.0 99.00
2017 05 18 20 50 257  4.1  4.4  0.73  5.26  4.11 183 1010.4  11.0   7.3   9.0 99.0 99.00
2017 05 18 21 50 278  5.4  6.1  0.60  4.76  3.89 206 1011.1  12.7   7.4   9.6 99.0 99.00
2017 05 18 22 50  16  6.9  8.3  0.54  4.55  3.70 236 1012.8   9.6   7.3   8.8 99.0 99.00
2017 05 18 23 50  19  8.3  9.8  0.50  4.00  3.18 245 1013.6   8.8   7.2   7.7 99.0 99.00
2017 05 19 00 50  20  9.8 11.7  0.64  3.23  3.16  15 1014.3   7.9   7.0   6.4 99.0 99.00
2017 05 19 01 50  23 10.2 12.3  0.93  3.85  3.56  23 1014.8   7.6   6.9   5.6 99.0 99.00
2017 05 19 02 50  21 10.9 13.0  1.21  4.76  4.08  32 1016.7   7.3   6.8   4.9 99.0 99.00
2017 05 19 03 50  21 11.6 14.0  1.58  5.00  4.43  30 1017.8   7.2   6.7   3.5 99.0 99.00
2017 05 19 04 50  24 11.2 13.4  1.60  5.88  4.68  38 1018.2   6.7   6.7   3.8 99.0 99.00
2017 05 19 05 50  20 11.4 14.4  1.68  5.56  4.63  31 1018.7   6.0   6.6   2.6 99.0 99.00
2017 05 19 06 50  18  9.7 11.5  1.76  6.25  4.83  27 1019.2   5.2   6.5   3.2 99.0 99.00
2017 05 19 07 50  17 10.4 12.5  1.66  5.88  4.82  36 1019.2   4.8   6.5   2.9 99.0 99.00
2017 05 19 08 50  14 10.8 12.6  1.75  6.25  4.96  33 1019.3   4.8   6.4   3.4 99.0 99.00
2017 05 19 09 50  19  9.4 11.3  1.93  6.67  5.00  29 1019.7   4.9   6.4   3.7 99.0 99.00
2017 05 19 10 50  31  8.2 10.0  1.83  6.67  5.19  24 1020.6   5.3   6.4   4.0 99.0 99.00
2017 05 19 11 50  25  9.3 11.2  1.63  6.67  4.97  17 1020.1   4.9   6.4   3.4 99.0 99.00
2017 05 19 12 50  33  7.5  8.8  1.40  6.25  4.89   7 1020.9   5.1   6.4   3.7 99.0 99.00
2017 05 19 13 50  34  8.0 10.2  1.39  6.25  4.81   8 1020.9   5.5   6.4   3.6 99.0 99.00
2017 05 19 14 50  33  7.7  9.2  1.37  6.67  4.82   2 1020.8   5.8   6.5   3.7 99.0 99.00
2017 05 19 15 50  35  6.1  7.2  1.34  6.67  4.77   8 1021.9   6.0   6.5   3.8 99.0 99.00
2017 05 19 16 50  44  7.1  8.3  1.34  6.67  4.84   1 1021.4   6.2   6.5   4.5 99.0 99.00
2017 05 19 17 50  29  9.1 11.5  1.23  6.67  4.38   7 9999.0   6.5   6.5   5.1 99.0 99.00
2017 05 19 18 50   5  7.3  8.7  1.19  6.25  4.38  17 1020.8   6.3   6.5   5.3 99.0 99.00
2017 05 19 19 50   2 10.2 12.3  1.16  6.25  4.26  19 1020.9   5.8   6.5   4.9 99.0 99.00
2017 05 19 20 50  15 10.3 12.7  1.36  5.88  4.41  10 1020.4   5.8   6.5   4.6 99.0 99.00
2017 05 19 21 50  16  7.9  9.3  1.52  6.25  4.61  16 1021.1   6.1   6.5   4.8 99.0 99.00
2017 05 19 22 50  15  5.7  6.5  1.51  6.25  4.88   9 1021.7   6.3   6.5   5.3 99.0 99.00
2017 05 19 23 50  16  5.7  6.5  1.39  6.67  4.94   7 1021.9   6.7   6.5   5.8 99.0 99.00
2017 05 20 00 50  18  5.0  6.0  1.42  6.67  5.00   6 1022.2   6.9   6.5   6.1 99.0 99.00
2017 05 20 01 50  26  4.4  5.3  1.36  6.67  5.14   6 1022.3   7.1   6.5   6.2 99.0 99.00
2017 05 20 02 50  36  3.6  4.1  1.28  6.67  5.30   2 1022.7   7.6   6.5   6.4 99.0 99.00
2017 05 20 03 50  41  5.0  6.1  1.21  7.14  5.28 360 1022.7   7.8   6.5   5.6 99.0 99.00
2017 05 20 04 50  35  5.2  6.0  1.14  6.67  5.01   2 1022.7   8.0   6.5   2.7 99.0 99.00
2017 05 20 05 50  37  6.5  7.7  1.06  6.67  4.61   4 1022.7   8.0   6.5   1.6 99.0 99.00
2017 05 20 06 50  44  7.0  8.2  0.93  6.67  4.31 359 1022.9   7.9   6.5   2.1 99.0 99.00
2017 05 20 07 50  50  6.4  7.5  0.95  6.25  4.14   1 1022.0   7.6   6.6   3.3 99.0 99.00
2017 05 20 08 50  52  6.1  7.1  0.86  4.00  4.04  25 1021.4   7.4   6.6   4.3 99.0 99.00
2017 05 20 09 50  53  6.4  7.3  0.86  5.88  3.95 355 1020.8   7.7   6.6   4.5 99.0 99.00
2017 05 20 10 50  58  7.5  8.9  0.84  3.85  3.71  51 1020.9   8.0   6.6   3.8 99.0 99.00
2017 05 20 11 50  60  7.1  8.6  0.82  4.35  3.76  25 1021.0   8.0   6.6   4.1 99.0 99.00
2017 05 20 12 50  64  7.8  9.2  0.88  4.17  3.87  56 1020.8   7.9   6.6   4.2 99.0 99.00
2017 05 20 13 50  48  6.9  8.5  0.93  4.17  3.82  52 1020.4   8.1   6.6   4.5 99.0 99.00
2017 05 20 14 50  59  7.1  8.6  0.85  4.76  3.77  31 1019.8   8.1   6.6   5.1 99.0 99.00
2017 05 20 15 50  61  7.0  8.2  0.82  4.35  3.67  56 1019.0   8.4   6.7   5.7 99.0 99.00
2017 05 20 16 50 125  4.1  5.5  0.76  4.17  3.71  48 1020.5   8.6   6.7   6.5 99.0 99.00
2017 05 20 17 50  64  8.5  9.3  0.57  4.00  3.46  42 1017.6   8.7   6.7   8.1 99.0 99.00
2017 05 20 18 50  62  8.6 10.1  0.70  3.57  3.30  69 1016.5   8.9   6.7   8.4 99.0 99.00
2017 05 20 19 50  55  7.5  8.5  0.71  3.57  3.32  68 1015.5   8.8   6.7   8.4 99.0 99.00
2017 05 20 20 50  59  5.8  6.9  0.78  4.00  3.65  79 1015.1   8.6   6.7   8.3 99.0 99.00
2017 05 20 21 50  73  6.6  8.3  0.79  4.17  3.75  76 1014.7  10.1   6.7   9.4 99.0 99.00
2017 05 20 22 50  71  5.3  6.1  0.80  4.76  3.84  80 1014.7   9.9   6.7   9.5 99.0 99.00
2017 05 20 23 50  73  5.5  6.2  0.94  5.00  4.12  93 1014.1   9.5   6.8   9.5 99.0 99.00
2017 05 21 00 50  84  6.5  7.8  0.79  4.55  3.97  84 1014.1  10.7   6.8  10.4 99.0 99.00
2017 05 21 01 50  83  5.9  6.6  0.74  4.55  3.70  74 1014.0   9.7   6.8   9.7 99.0 99.00
2017 05 21 02 50  82  5.6  6.3  0.66  4.35  3.62  68 1014.0  10.3   6.8  10.3 99.0 99.00
2017 05 21 03 50  86  5.7  6.4  0.61  3.85  3.60  89 1013.6   9.9   6.8   9.9 99.0 99.00
2017 05 21 04 50  79  5.7  6.5  0.52  3.70  3.42  99 1013.2   9.6   6.8   9.6 99.0 99.00
2017 05 21 05 50  81  4.7  5.6  0.48  3.57  3.35  99 1012.5   9.5   6.8   9.5 99.0 99.00
2017 05 21 06 50  89  4.1  5.0  0.46  3.70  3.56 108 1012.4   8.9   6.8   8.9 99.0 99.00
2017 05 21 07 50 110  3.8  4.5  0.47  3.70  3.71  96 1011.8   9.1   6.8   9.1 99.0 99.00
2017 05 21 08 50  97  3.6  3.9  0.44  5.26  3.81 336 1010.7   9.2   6.8   9.2 99.0 99.00
2017 05 21 09 50 122  3.2  3.5  0.43  3.45  3.79 107 1011.0   8.9   6.8   8.9 99.0 99.00
2017 05 21 10 50 141  4.8  6.5  0.40  5.56  3.80 328 1010.9  11.1   6.8  11.1 99.0 99.00
2017 05 21 11 50 169  3.1  3.6  0.38  4.76  3.68 321 1011.3   9.4   6.8   9.4 99.0 99.00
2017 05 21 12 50 223  4.0  4.4  0.35  4.76  3.59 339 1011.8   9.8   6.8   9.8 99.0 99.00
2017 05 21 13 50 229  4.5  5.3  0.34  4.55  3.41 336 1012.4   9.0   6.8   9.0 99.0 99.00
2017 05 21 14 50 241  4.2  4.6  0.35  5.26  3.40 341 1012.6   9.3   6.9   8.2 99.0 99.00
2017 05 21 15 50 201  3.8  4.6  0.33  5.26  3.37 333 1012.7   9.4   7.0   8.3 99.0 99.00
2017 05 21 16 50 235  3.8  5.0 99.00 99.00 99.00 999 1012.9   8.9   7.1   8.1 99.0 99.00
2017 05 21 17 50 210  4.4  5.4  0.27  2.60  3.10 178 1013.2   9.3   7.2   7.6 99.0 99.00
2017 05 21 18 50 228  5.5  6.1  0.25 99.00  3.31 999 1013.4  10.0   7.3   7.4 99.0 99.00
2017 05 21 19 50 248  5.3  6.1  0.24 99.00  3.23 999 1013.7  10.1   7.3   7.1 99.0 99.00
2017 05 21 20 50 259  5.2  5.9  0.29  2.60  2.93 211 1013.7   9.6   7.3   7.2 99.0 99.00
2017 05 21 21 50 274  6.0  7.0  0.38  2.74  2.92 222 1013.9   9.5   7.2   7.1 99.0 99.00
2017 05 21 22 50 260  5.1  5.8  0.39  3.03  3.04 234 1014.2   9.0   7.1   7.1 99.0 99.00
2017 05 21 23 50 272  6.2  7.3  0.46  3.45  3.13 239 1014.3   8.9   7.1   7.4 99.0 99.00
2017 05 22 00 50 266  6.4  7.3  0.50  3.70  3.16 222 1014.6   8.9   7.1   6.9 99.0 99.00
2017 05 22 01 50 259  6.2  7.5  0.61  3.57  3.32 227 1014.9   8.5   7.0   6.2 99.0 99.00
2017 05 22 02 50 257  6.4  7.7  0.59  4.00  3.36 210 1015.4   8.4   7.0   6.2 99.0 99.00
2017 05 22 03 50 252  7.6  8.6  0.73  4.00  3.50 208 1015.7   8.4   6.9   6.2 99.0 99.00
2017 05 22 04 50 242  6.4  7.5  0.68  4.00  3.53 211 1015.5   8.2   6.9   6.3 99.0 99.00
2017 05 22 05 50 250  6.6  7.6  0.68  4.35  3.68 196 1014.9   8.3   6.9   6.3 99.0 99.00
2017 05 22 06 50 246  6.5  7.4  0.64  4.17  3.45 203 1014.7   8.2   6.9   6.5 99.0 99.00
2017 05 22 07 50 248  6.4  7.2  0.65  3.85  3.41 206 1014.5   8.1   6.8   6.5 99.0 99.00
2017 05 22 08 50 246  6.8  7.7  0.59  4.00  3.39 202 1014.7   8.3   6.8   6.5 99.0 99.00
2017 05 22 09 50 254  6.8  7.9  0.61  4.00  3.46 206 1014.6   8.3   6.8   6.5 99.0 99.00
2017 05 22 10 50 262  6.1  7.1  0.69  4.35  3.47 201 1015.2   8.2   6.8   6.1 99.0 99.00
2017 05 22 11 50 259  7.1  8.2  0.85  4.35  3.74 210 1015.5   8.2   6.8   5.8 99.0 99.00
2017 05 22 12 50 241  6.7  7.6  0.71  4.35  3.59 191 1016.3   8.1   6.8   6.2 99.0 99.00
2017 05 22 13 50 227  6.8  7.6  0.70  4.17  3.53 188 1016.6   7.9   6.8   6.6 99.0 99.00
2017 05 22 14 50 228  5.8  6.7  0.64  4.00  3.38 195 1016.1   8.1   6.9   6.7 99.0 99.00
2017 05 22 15 50 215  6.3  7.2  0.60  4.00  3.34 188 1015.9   8.3   6.9   6.7 99.0 99.00
2017 05 22 16 50 194  6.0  6.8  0.47  3.70  3.15 179 1015.7   8.7   7.0   6.8 99.0 99.00
2017 05 22 17 50 179  5.9  7.0  0.45  3.33  3.06 187 1015.3   9.2   7.0   6.6 99.0 99.00
2017 05 22 18 50 172  6.2  7.3  0.42  3.33  3.02 177 1014.5   9.4   7.1   6.8 99.0 99.00
2017 05 22 19 50 171  6.1  7.0  0.40  3.23  2.94 161 1013.9   9.9   7.1   7.0 99.0 99.00
2017 05 22 20 50 171  5.8  6.3  0.44  3.45  3.08 160 1013.6  10.3   7.1   7.1 99.0 99.00
2017 05 22 21 50 153  4.3  4.8  0.39  3.33  3.06 157 1013.1  10.1   7.1   7.3 99.0 99.00
2017 05 22 22 50 132  4.0  4.6  0.30  3.13  2.96 159 1012.4  10.2   7.1   7.4 99.0 99.00
2017 05 22 23 50 184  5.3  5.8  0.26  3.03  2.92 152 1012.1  10.8   7.1   7.1 99.0 99.00
2017 05 23 00 50 179  4.7  5.4  0.24 99.00  2.78 999 1012.0  10.1   7.1   7.3 99.0 99.00
2017 05 23 01 50 216  5.6  6.6  0.23 99.00  2.76 999 1012.2  10.6   7.1   8.0 99.0 99.00
2017 05 23 02 50 208  4.5  5.1  0.30  3.03  2.76 180 1012.4   9.9   7.1   8.4 99.0 99.00
2017 05 23 03 50 232  6.6  7.4  0.31  2.86  2.74 189 1012.1  10.6   7.1   9.2 99.0 99.00
2017 05 23 04 50 223  5.4  6.2  0.37  3.33  2.93 182 1011.6  10.1   7.1   8.9 99.0 99.00
2017 05 23 05 50 224  5.1  5.7  0.39  3.45  3.03 185 1011.4   9.8   7.0   8.9 99.0 99.00
2017 05 23 06 50 233  4.3  4.8  0.53  4.00  3.45 175 1011.0   9.9   7.0   9.1 99.0 99.00
2017 05 23 07 50 198  4.2  4.9  0.43  4.17  3.53 171 1010.5   9.4   7.0   9.0 99.0 99.00
2017 05 23 08 50 179  4.7  5.2  0.40  4.17  3.44 160 1009.9   8.9   7.0   8.6 99.0 99.00
2017 05 23 09 50 192  4.2  4.6  0.31  4.00  3.24 169 1009.8   9.1   7.0   8.8 99.0 99.00
2017 05 23 10 50 205  3.8  4.2  0.31  3.85  3.24 160 1009.6   9.5   7.0   9.0 99.0 99.00
2017 05 23 11 50 159  2.8  3.1  0.29  3.85  3.04 159 1009.7   8.8   7.0   8.5 99.0 99.00
2017 05 23 12 50 165  3.2  3.7  0.24 99.00  2.99 999 1009.8   8.8   7.0   8.6 99.0 99.00
2017 05 23 13 50 152  3.9  4.2  0.19 99.00  2.88 999 1009.7   8.6   7.1   8.4 99.0 99.00
2017 05 23 14 50 176  5.0  5.5  0.17 99.00  2.79 999 1009.6   9.0   7.1   8.5 99.0 99.00
2017 05 23 15 50 189  4.2  4.7  0.20 99.00  2.73 999 1009.5   9.3   7.1   8.9 99.0 99.00
2017 05 23 16 50 180  3.2  4.1  0.20 99.00  2.85 999 1009.5   9.2   7.1   8.8 99.0 99.00
2017 05 23 17 50 150  3.8  4.2  0.17 99.00  2.79 999 1008.9   8.8   7.1   8.8 99.0 99.00
2017 05 23 18 50 142  4.2  4.9  0.16 99.00  2.79 999 1008.4   9.0   7.1   9.0 99.0 99.00
2017 05 23 19 50 122  4.5  4.8  0.14 99.00  2.67 999 1007.9   8.9   7.2   8.9 99.0 99.00
2017 05 23 20 50 110  3.4  4.3  0.13 99.00  2.67 999 1007.4   8.9   7.2   8.9 99.0 99.00
2017 05 23 21 50 107  3.5  4.0  0.14 99.00  2.79 999 1007.2   9.1   7.2   9.1 99.0 99.00
2017 05 23 22 50 146  0.8  1.4  0.13 99.00  2.70 999 1006.9   9.7   7.2   9.7 99.0 99.00
2017 05 23 23 50 339  1.2  1.9  0.13 99.00  2.70 999 1006.6  10.0   7.3  10.0 99.0 99.00
2017 05 24 00 50 357  0.7  1.1  0.13 99.00  2.76 999 1006.7  10.2   7.3  10.2 99.0 99.00
2017 05 24 01 50 176  0.1  0.5  0.11 99.00  2.80 999 1006.6   9.4   7.3   9.4 99.0 99.00
2017 05 24 02 50 109  1.0  1.1  0.08 99.00  2.67 999 1006.6  10.2   7.3  10.2 99.0 99.00
2017 05 24 03 50  30  2.3  2.5  0.07 99.00  2.78 999 1006.2   9.8   7.3   9.8 99.0 99.00
2017 05 24 04 50  32  3.4  4.4  0.05 99.00  2.86 999 1005.3   8.8   7.2   8.8 99.0 99.00
2017 05 24 05 50  38  3.3  3.7  0.04 99.00  2.87 999 1004.9   8.3   7.2   8.3 99.0 99.00
2017 05 24 06 50  19  2.5  2.8  0.05 99.00  2.46 999 1004.4   8.2   7.2   8.2 99.0 99.00
2017 05 24 07 50 354  3.8  4.2  0.06 99.00  2.45 999 1004.0   8.1   7.1   8.1 99.0 99.00
2017 05 24 08 50 360  5.2  6.0  0.09 99.00  2.65 999 1003.6   8.5   7.1   8.5 99.0 99.00
2017 05 24 09 50 355  6.6  7.6  0.18 99.00  2.43 999 1003.1   8.3   7.1   8.3 99.0 99.00
2017 05 24 10 50   3  6.4  7.1  0.33  2.74  2.67 358 1002.9   8.6   7.1   8.6 99.0 99.00
2017 05 24 11 50   8  6.7  7.9  0.37  2.94  2.91 352 1002.8   9.0   7.1   9.0 99.0 99.00
2017 05 24 12 50  12  7.5  8.4  0.46  3.23  2.97   4 1002.4   9.0   7.1   9.0 99.0 99.00
2017 05 24 13 50  12  6.2  7.4  0.49  3.23  3.12  11 1002.8   9.0   7.1   8.6 99.0 99.00
2017 05 24 14 50  15  7.7  9.0  0.51  3.70  3.22  10 1002.1   8.9   7.2   8.2 99.0 99.00
2017 05 24 15 50  15  8.6  9.8  0.64  3.70  3.32  10 1001.4   8.9   7.2   8.5 99.0 99.00
2017 05 24 16 50  18  8.8 10.3  0.73  3.85  3.49  11 1001.3   9.5   7.2   8.5 99.0 99.00
2017 05 24 17 50  19  8.6  9.8  0.85  4.35  3.60  13 1000.9   9.5   7.2   8.7 99.0 99.00
2017 05 24 18 50  14  8.6 10.3  0.99  4.35  3.85  21 1000.6   9.4   7.2   8.9 99.0 99.00
2017 05 24 19 50  13  9.7 11.2  1.21  5.00  4.08  19 1000.2   9.1   7.2   8.8 99.0 99.00
2017 05 24 20 50  10  9.0 10.9  1.23  5.00  4.17  10 1000.2   8.6   7.2   8.3 99.0 99.00
2017 05 24 21 50  13  8.6  9.7  1.24  5.00  4.18  18 1000.1   8.9   7.2   8.6 99.0 99.00
2017 05 24 22 50  10  9.1 11.7  1.21  5.26  4.23  21 1000.4   8.6   7.2   8.4 99.0 99.00
2017 05 24 23 50  17  7.5  9.2  1.22  5.26  4.21  12 1000.9   8.5   7.2   8.3 99.0 99.00
2017 05 25 00 50  15  5.1  7.4  1.17  5.26  4.36 347 1001.3   9.7   7.2   9.5 99.0 99.00
2017 05 25 01 50   5  5.5  6.1  1.17  5.26  4.53  15 1001.0   8.7   7.2   8.5 99.0 99.00
2017 05 25 02 50 356  5.6  6.8  1.20  5.56  4.64   9 1001.1   8.7   7.2   8.7 99.0 99.00
2017 05 25 03 50 352  7.4  9.0  1.06  5.56  4.48  13 1000.7   7.9   7.2   7.8 99.0 99.00
2017 05 25 04 50 359  6.4  7.3  1.03  5.56  4.44  13 1000.8   7.7   7.2   7.6 99.0 99.00
2017 05 25 05 50 360  5.3  6.1  1.03  5.56  4.51  15 1000.7   8.6   7.2   8.2 99.0 99.00
2017 05 25 06 50   4  6.3  7.2  0.89  5.56  4.17   3 1000.3   8.2   7.2   7.9 99.0 99.00
2017 05 25 07 50   6  6.5  7.1  0.86  5.56  4.11  11 1000.1   8.4   7.2   8.1 99.0 99.00
2017 05 25 08 50 359  6.1  7.2  0.87  5.56  4.10   5 1000.1   8.0   7.2   7.9 99.0 99.00
2017 05 25 09 50 357  7.4  9.4  0.84  5.26  3.98  15 1000.5   7.7   7.2   7.7 99.0 99.00
2017 05 25 10 50   7  7.3  8.4  0.94  5.56  4.01  10 1000.9   8.0   7.2   8.0 99.0 99.00
2017 05 25 11 50 359  7.2  8.6  0.91  4.55  3.88   9 1001.2   7.9   7.2   7.8 99.0 99.00
2017 05 25 12 50 357  6.7  8.0  0.94  5.26  3.94  18 1001.4   7.8   7.2   7.7 99.0 99.00
2017 05 25 13 50 356  7.5  8.6  0.85  5.00  3.96  13 1001.8   8.0   7.2   7.9 99.0 99.00
2017 05 25 14 50 355  7.1  8.2  0.87  4.76  3.92  20 1002.5   8.0   7.2   7.8 99.0 99.00
2017 05 25 15 50 352  6.0  7.1  0.85  5.26  3.94  22 1002.4   7.9   7.2   7.6 99.0 99.00
2017 05 25 16 50 358  6.4  7.2  0.85  4.76  3.98  18 1002.6   8.0   7.3   7.7 99.0 99.00
2017 05 25 17 50 351  6.3  7.5  0.82  5.00  3.76  19 1002.8   7.9   7.3   7.6 99.0 99.00
2017 05 25 18 50 352  6.8  8.0  0.76  5.00  3.81  16 1003.0   7.7   7.3   7.5 99.0 99.00
2017 05 25 19 50 344  6.5  7.4  0.82  5.26  3.82  12 1003.4   7.8   7.4   7.5 99.0 99.00
2017 05 25 20 50 350  7.0  7.9  0.79  4.76  3.75  15 1003.4   7.9   7.4   7.6 99.0 99.00
2017 05 25 21 50 354  6.6  7.7  0.80  4.76  3.75  19 1003.6   8.5   7.4   8.1 99.0 99.00
2017 05 25 22 50 351  5.7  6.6  0.80  5.00  3.77  19 1004.0   8.8   7.5   8.3 99.0 99.00
2017 05 25 23 50 349  4.4  5.1  0.76  4.55  3.89  16 1004.4   9.1   7.5   8.4 99.0 99.00
2017 05 26 00 50 336  5.0  5.7  0.71  4.55  3.89  30 1005.1   8.6   7.5   8.4 99.0 99.00
2017 05 26 01 50 343  6.4  7.3  0.69  5.00  3.68  29 1005.6   9.2   7.5   9.0 99.0 99.00
2017 05 26 02 50 329  5.0  5.6  0.74  4.76  3.80  28 1006.7   8.6   7.5   8.5 99.0 99.00
2017 05 26 03 50 334  5.7  6.7  0.73  5.00  3.89  41 1007.3   8.8   7.5   8.6 99.0 99.00
2017 05 26 04 50 350  4.6  5.2  0.68  4.76  3.86  26 1007.7   8.8   7.4   8.6 99.0 99.00
2017 05 26 05 50 346  4.9  5.5  0.61  4.76  3.84  33 1008.1   8.7   7.4   8.7 99.0 99.00
2017 05 26 06 50 343  4.2  4.7  0.57  4.76  3.70  31 1008.2   8.6   7.4   8.6 99.0 99.00
2017 05 26 07 50 334  3.8  4.4  0.53  5.00  3.73  40 1008.8   8.2   7.4   8.2 99.0 99.00
2017 05 26 08 50 339  3.7  4.2  0.46  5.00  3.72  34 1009.7   8.1   7.4   8.1 99.0 99.00
2017 05 26 09 50 340  3.6  4.1  0.45  5.00  3.73  34 1010.2   7.9   7.4   7.9 99.0 99.00
2017 05 26 10 50 358  3.1  3.9  0.39  4.76  3.63  28 1010.7   7.8   7.4   7.8 99.0 99.00
2017 05 26 11 50 348  3.0  3.4  0.38  4.17  3.53  24 1011.8   7.3   7.4   7.3 99.0 99.00
2017 05 26 12 50  20  3.9  4.5  0.33  4.35  3.45  26 1011.5   7.5   7.4   7.5 99.0 99.00
2017 05 26 13 50  33  3.9  4.6  0.33  4.00  3.41  12 1011.5   7.4   7.5   7.4 99.0 99.00
2017 05 26 14 50 181  1.4  3.2  0.30  4.17  3.43 353 1012.3   8.0   7.7   7.8 99.0 99.00
2017 05 26 15 50 157  2.2  2.8  0.28  4.00  3.43 328 1012.2   8.2   8.0   8.2 99.0 99.00
2017 05 26 16 50 155  0.8  1.1  0.25  3.23  3.34 328 1011.7   8.6   8.3   8.6 99.0 99.00
2017 05 26 17 50  49  1.8  2.1  0.24 99.00  3.39 999 1011.2   9.0   8.5   8.8 99.0 99.00
2017 05 26 18 50 176  0.1  0.3  0.23 99.00  3.42 999 1011.6   9.4   8.6   9.2 99.0 99.00
2017 05 26 19 50  24  1.1  1.4  0.21 99.00  3.34 999 1011.4   9.4   8.7   9.3 99.0 99.00
2017 05 26 20 50  46  0.9  1.2  0.19 99.00  3.34 999 1011.2   9.4   8.9   9.1 99.0 99.00
2017 05 26 21 50  21  2.0  2.8  0.18 99.00  3.33 999 1011.2   9.4   9.0   9.3 99.0 99.00
2017 05 26 22 50  18  2.2  2.6  0.18 99.00  3.28 999 1011.4   9.2   8.7   9.2 99.0 99.00
2017 05 26 23 50  34  2.8  3.9  0.15 99.00  3.22 999 1010.7   9.2   8.5   9.1 99.0 99.00
2017 05 27 00 50   9  1.3  1.6  0.15 99.00  3.36 999 1011.5   9.5   8.2   9.2 99.0 99.00
2017 05 27 01 50  41  2.3  2.7  0.13 99.00  3.30 999 1011.5   9.2   8.2   9.1 99.0 99.00
2017 05 27 02 50  63  2.8  3.2  0.12 99.00  3.18 999 1011.6   9.0   8.0   9.0 99.0 99.00
2017 05 27 03 50  45  2.7  3.2  0.10 99.00  3.13 999 1011.5   9.3   7.9   9.2 99.0 99.00
2017 05 27 04 50  39  1.0  1.5  0.09 99.00  3.15 999 1011.7   8.6   7.9   8.6 99.0 99.00
2017 05 27 05 50   4  4.0  5.0  0.09 99.00  3.03 999 1012.1   8.7   7.9   8.7 99.0 99.00
2017 05 27 06 50  29  3.2  3.9  0.08 99.00  2.91 999 1011.7   8.8   8.0   8.8 99.0 99.00
2017 05 27 07 50  40  2.3  3.0  0.08 99.00  2.79 999 1011.8   8.8   7.9   8.8 99.0 99.00
2017 05 27 08 50   7  2.5  2.8  0.07 99.00  2.67 999 1012.0   8.9   7.9   8.8 99.0 99.00
2017 05 27 09 50 351  3.2  3.6  0.06 99.00  2.70 999 1012.1   8.6   7.9   8.5 99.0 99.00
2017 05 27 10 50  10  2.1  2.3  0.05 99.00  2.81 999 1012.6   8.9   7.8   8.6 99.0 99.00
2017 05 27 11 50  50  1.9  2.0  0.06 99.00  2.93 999 1012.7   9.5   7.8   8.5 99.0 99.00
2017 05 27 12 50 354  1.6  2.0  0.06 99.00  2.92 999 1013.7   9.6   7.9   8.6 99.0 99.00
2017 05 27 13 50 328  1.6  2.0  0.06 99.00  3.22 999 1013.6   9.2   8.5   8.5 99.0 99.00
2017 05 27 14 50 356  1.5  1.7  0.06 99.00  3.25 999 1013.7   9.4   8.7   8.8 99.0 99.00
2017 05 27 15 50 262  0.7  1.0  0.06 99.00  3.36 999 1013.7  10.5  10.2   9.5 99.0 99.00
2017 05 27 16 50   7  1.5  1.6  0.06 99.00  3.42 999 1013.1  10.9  10.5  10.0 99.0 99.00
2017 05 27 17 50 321  2.0  2.2  0.08 99.00  2.98 999 1013.5  11.9  11.0  11.1 99.0 99.00
2017 05 27 18 50 305  2.1  2.3  0.06 99.00  3.13 999 1013.5  11.5  10.2  10.8 99.0 99.00
2017 05 27 19 50 319  1.8  2.0  0.06 99.00  3.19 999 1013.6  10.9   9.9  10.3 99.0 99.00
2017 05 27 20 50 356  1.5  1.8  0.04 99.00  3.22 999 1012.7  11.5  11.0  10.4 99.0 99.00
2017 05 27 21 50 355  2.6  3.0  0.07 99.00  4.23 999 1011.8  12.0  11.3  10.9 99.0 99.00
2017 05 27 22 50 325  1.4  1.6  0.07 99.00  3.16 999 1011.8  12.9  10.9  10.9 99.0 99.00
2017 05 27 23 50  69  1.5  1.8  0.06 99.00  3.22 999 1011.4  12.8  10.9  10.6 99.0 99.00
2017 05 28 00 50  80  2.2  2.5  0.07 99.00  3.53 999 1011.4  13.8  10.9   9.2 99.0 99.00
2017 05 28 01 50  88  2.0  2.5  0.06 99.00  3.24 999 1010.9  12.1  10.5  10.4 99.0 99.00
2017 05 28 02 50 100  2.7  3.0  0.06 99.00  3.00 999 1010.8  11.8  10.2  10.2 99.0 99.00
2017 05 28 03 50 101  3.6  3.9  0.06 99.00  2.95 999 1010.6  11.6  10.0  10.3 99.0 99.00
2017 05 28 04 50  90  2.2  2.4  0.06 99.00  2.90 999 1010.4  11.4   9.7  10.5 99.0 99.00
2017 05 28 05 50 114  1.9  2.1  0.05 99.00  2.87 999 1009.9  11.5   9.7  10.6 99.0 99.00
2017 05 28 06 50 295  2.2  3.2  0.05 99.00  2.73 999 1009.9  11.2   9.6  10.5 99.0 99.00
2017 05 28 07 50 134  1.9  2.0  0.05 99.00  2.75 999 1009.2  11.8   9.5  10.4 99.0 99.00
2017 05 28 08 50 167  0.7  1.1  0.05 99.00  2.69 999 1008.8  12.2   9.7  10.1 99.0 99.00
2017 05 28 09 50 342  1.9  3.4  0.04 99.00  2.69 999 1007.6  12.2   9.7  10.4 99.0 99.00
2017 05 28 10 50   3  1.5  1.7  0.04 99.00  2.82 999 1007.3  12.1   9.6  10.2 99.0 99.00
2017 05 28 11 50  69  2.0  2.4  0.05 99.00  2.92 999 1006.8  11.2   9.7  10.2 99.0 99.00
2017 05 28 12 50 124  1.4  1.5  0.03 99.00  2.95 999 1007.5  11.8   9.8  11.8 99.0 99.00
2017 05 28 13 50 119  1.0  1.2  0.03 99.00  3.04 999 1007.6  13.0  10.1  12.3 99.0 99.00
2017 05 28 14 50 325  1.8  2.4  0.04 99.00  4.32 999 1008.0  11.8  10.7  11.7 99.0 99.00
2017 05 28 15 50   1  3.5  4.1  0.06 99.00  3.21 999 1008.0  11.0   9.9  10.1 99.0 99.00
2017 05 28 16 50  25  5.0  5.7  0.06 99.00  2.80 999 1007.2  11.3   9.5  11.0 99.0 99.00
2017 05 28 17 50  20  4.1  4.6  0.04 99.00  3.01 999 1007.2  10.7   9.1  10.6 99.0 99.00
2017 05 28 18 50  37  3.4  4.1  0.09 99.00  2.80 999 1006.9  11.6   9.0  11.3 99.0 99.00
2017 05 28 19 50 302  1.0  1.5  0.06 99.00  2.37 999 1006.9  11.7   9.6  11.0 99.0 99.00
2017 05 28 20 50 322  2.5  3.2  0.06 99.00  2.40 999 1006.7  10.7  10.1  10.4 99.0 99.00
2017 05 28 21 50 212  0.7  1.0  0.10 99.00  2.99 999 1006.6  11.1  10.1  10.6 99.0 99.00
2017 05 28 22 50 190  1.7  2.1  0.06 99.00  2.59 999 1006.6  10.7  10.4  10.7 99.0 99.00
2017 05 28 23 50 178  2.7  3.0  0.08 99.00  2.71 999 1006.7  11.0  10.2  10.8 99.0 99.00
2017 05 29 00 50 190  4.7  5.4  0.08 99.00  2.73 999 1006.6  11.2  10.0  11.0 99.0 99.00
2017 05 29 01 50 190  5.1  5.8  0.07 99.00  2.81 999 1006.7  10.8   9.5  10.8 99.0 99.00
2017 05 29 02 50 230  5.2  6.0  0.14 99.00  2.27 999 1007.2  10.8   9.3  10.6 99.0 99.00
2017 05 29 03 50 252  5.0  5.3  0.23 99.00  2.50 999 1007.1  11.6   8.8   9.5 99.0 99.00
2017 05 29 04 50 266  4.6  5.0 99.00 99.00 99.00 999 1006.8  11.7   8.4   8.7 99.0 99.00
2017 05 29 05 50 268  4.8  5.4  0.20 99.00  2.59 999 1006.8  11.7   8.5   8.6 99.0 99.00
2017 05 29 06 50 257  5.1  5.4  0.18 99.00  2.54 999 1007.2  11.9   8.5   8.7 99.0 99.00
2017 05 29 07 50 246  4.7  5.2  0.16 99.00  2.52 999 1007.4  11.4   8.4   8.6 99.0 99.00
2017 05 29 08 50 251  4.2  4.6  0.15 99.00  2.43 999 1007.0  11.2   8.2   8.7 99.0 99.00
2017 05 29 09 50 239  4.6  5.2  0.12 99.00  2.45 999 1007.2  11.3   8.1   8.9 99.0 99.00
2017 05 29 10 50 243  5.1  5.5  0.15 99.00  2.52 999 1007.5  11.3   8.1   8.9 99.0 99.00
2017 05 29 11 50 242  5.5  6.1  0.18 99.00  2.46 999 1007.6  11.1   8.1   8.9 99.0 99.00
2017 05 29 12 50 259  5.5  6.3  0.21 99.00  2.53 999 1007.7  11.1   8.0   8.8 99.0 99.00
2017 05 29 13 50 260  5.8  6.4  0.26  2.86  2.67 210 1007.8  11.2   8.0   8.7 99.0 99.00
2017 05 29 14 50 256  4.7  5.4  0.26  2.86  2.69 200 1008.4  11.1   8.1   8.6 99.0 99.00
2017 05 29 15 50 228  4.7  5.3  0.21 99.00  2.64 999 1008.6  11.1   8.3   8.5 99.0 99.00
2017 05 29 16 50 230  4.6  5.0  0.22 99.00  2.58 999 1008.8  11.6   8.4   8.4 99.0 99.00
2017 05 29 17 50 219  4.3  5.0  0.24 99.00  2.64 999 1009.2  12.0   8.5   8.4 99.0 99.00
2017 05 29 18 50 226  3.5  4.2  0.23 99.00  2.67 999 1009.7  11.3   8.7   8.5 99.0 99.00
2017 05 29 19 50 306  3.8  4.4  0.26  2.86  2.84 220 1010.0  13.0   8.9   7.8 99.0 99.00
2017 05 29 20 50 292  4.4  4.9  0.51  4.17  3.45 281 1009.8  13.3   8.8   7.9 99.0 99.00
2017 05 29 21 50 270  2.1  2.6  0.61  4.00  3.61 271 1010.2  12.6   9.1   8.1 99.0 99.00
2017 05 29 22 50 263  4.0  4.4  0.56  4.17  3.61 243 1010.2  12.8   9.2   8.0 99.0 99.00
2017 05 29 23 50 259  3.7  4.1  0.53  4.35  3.62 234 1010.3  12.9   9.2   8.0 99.0 99.00
2017 05 30 00 50 259  3.6  4.1  0.48  4.00  3.54 233 1010.5  12.2   9.1   8.3 99.0 99.00
2017 05 30 01 50 312  3.0  3.6  0.40  4.00  3.39 258 1011.3  11.6   9.1   8.6 99.0 99.00
2017 05 30 02 50 242  1.6  1.7  0.42  3.85  3.50 249 1011.6  11.2   9.1   8.7 99.0 99.00
2017 05 30 03 50 326  5.5  6.2  0.41  3.70  3.35 281 1011.5  12.3   9.0   8.4 99.0 99.00
2017 05 30 04 50 251  3.7  4.2  0.40  3.57  3.18 295 1011.8  10.7   9.0   8.6 99.0 99.00
2017 05 31 07 50 309  2.9  3.4  0.13 99.00  2.63 999 1013.4  10.2   8.9   8.5 99.0 99.00
2017 05 31 08 50 304  3.5  4.0  0.10 99.00  2.60 999 1013.5  10.6   8.9   8.5 99.0 99.00
2017 05 31 09 50 284  3.9  4.7  0.09 99.00  2.57 999 1013.8  10.3   8.9   8.8 99.0 99.00
2017 05 31 10 50 282  4.2  4.6  0.10 99.00  2.65 999 1014.1  10.3   8.9   8.5 99.0 99.00
2017 05 31 11 50 287  3.1  3.6  0.11 99.00  2.69 999 1014.4  10.2   8.9   8.3 99.0 99.00
2017 05 31 12 50 281  3.7  4.2  0.12 99.00  2.53 999 1014.9  10.1   8.9   8.5 99.0 99.00
2017 05 31 13 50 278  4.5  5.1  0.14 99.00  2.42 999 1015.1  10.1   8.9   8.5 99.0 99.00
2017 05 31 14 50 258  4.2  5.5 99.00 99.00 99.00 999 1015.4  10.2   9.0   8.8 99.0 99.00
2017 05 31 15 50 250  3.9  4.4 99.00 99.00 99.00 999 1015.4  10.3   9.1   9.0 99.0 99.00
2017 05 31 16 50 234  4.0  4.3  0.18 99.00  2.48 999 1015.6  10.7   9.3   9.0 99.0 99.00
2017 05 31 17 50 216  4.1  4.6  0.16 99.00  2.48 999 1015.4  10.9   9.4   9.1 99.0 99.00
2017 05 31 18 50 208  4.4  5.0  0.12 99.00  2.55 999 1015.4  11.4   9.6   9.0 99.0 99.00
2017 05 31 19 50 237  2.2  2.6  0.10 99.00  2.39 999 1015.4  11.6   9.8   9.0 99.0 99.00
2017 05 31 20 50 183  1.4  1.9  0.11 99.00  2.47 999 1015.1  12.1  10.8   9.1 99.0 99.00
2017 05 31 21 50 171  2.3  2.7  0.16 99.00  2.80 999 1014.8  11.8  10.5   9.5 99.0 99.00
2017 05 31 22 50 170  4.1  4.5  0.19 99.00  2.94 999 1014.7  11.7  10.2   9.7 99.0 99.00
2017 05 31 23 50 173  4.9  5.4  0.18 99.00  2.93 999 1014.7  11.9  10.1   9.5 99.0 99.00
2017 06 01 00 50 187  5.6  6.3  0.17 99.00  2.68 999 1014.7  12.2   9.9   9.5 99.0 99.00
2017 06 01 01 50 194  4.9  5.6  0.22 99.00  2.51 999 1014.9  12.1   9.8   9.3 99.0 99.00
2017 06 01 02 50 227  3.6  4.5  0.20 99.00  2.45 999 1015.3  12.0   9.7   9.3 99.0 99.00
2017 06 01 03 50 230  4.7  5.3  0.22 99.00  2.46 999 1015.4  11.9   9.7   9.2 99.0 99.00
2017 06 01 04 50 286  2.4  3.4  0.21 99.00  2.48 999 1015.8  12.1   9.7   9.1 99.0 99.00
2017 06 01 05 50 284  3.2  3.5  0.17 99.00  2.46 999 1016.0  11.7   9.7   8.9 99.0 99.00
2017 06 01 06 50 292  3.4  3.8  0.16 99.00  2.55 999 1016.1  12.6   9.6   8.0 99.0 99.00
2017 06 01 07 50 334  3.5  4.1 99.00 99.00 99.00 999 1016.7  11.6   9.6   8.6 99.0 99.00
2017 06 01 08 50 343  3.6  4.4  0.11 99.00  2.53 999 1017.2  10.6   9.5   8.6 99.0 99.00
2017 06 01 09 50  34  3.1  3.6  0.09 99.00  2.61 999 1017.4  10.1   9.4   8.8 99.0 99.00
2017 06 01 10 50  49  2.4  2.6  0.07 99.00  2.55 999 1017.8  10.4   9.3   9.1 99.0 99.00
2017 06 01 11 50  49  2.1  2.4  0.07 99.00  2.54 999 1018.4  10.5   9.3   9.1 99.0 99.00
2017 06 01 12 50  40  1.8  2.2  0.10 99.00  2.45 999 1018.8  10.5   9.4   9.5 99.0 99.00
2017 06 01 13 50  69  1.2  1.4  0.12 99.00  2.66 999 1019.2  10.8   9.9   9.7 99.0 99.00
2017 06 01 14 50 158  0.3  0.6  0.12 99.00  2.75 999 1019.6  11.9  11.2  10.1 99.0 99.00
2017 06 01 15 50 228  1.5  1.9  0.11 99.00  2.99 999 1019.7  12.0  11.8  10.9 99.0 99.00
2017 06 01 16 50 302  1.4  1.8  0.14 99.00  2.99 999 1019.8  11.3  11.2  10.8 99.0 99.00
2017 06 01 17 50 295  1.1  1.6  0.19 99.00  3.16 999 1019.4  11.6  11.9  10.6 99.0 99.00
2017 06 01 18 50 288  0.6  1.0  0.25 99.00  3.11 999 1019.1  12.9  13.4  10.6 99.0 99.00
2017 06 01 19 50 123  2.1  2.5  0.21 99.00  3.07 999 1018.5  13.9  13.6  11.1 99.0 99.00
2017 06 01 20 50 114  2.2  2.8  0.21 99.00  3.24 999 1018.2  14.0  13.6  11.9 99.0 99.00
2017 06 01 21 50 121  2.4  2.8  0.18 99.00  3.36 999 1017.7  14.2  13.2  11.8 99.0 99.00
2017 06 01 22 50 124  2.7  3.2  0.14 99.00  3.25 999 1017.4  14.4  12.8  11.1 99.0 99.00
2017 06 01 23 50 145  3.2  3.4  0.11 99.00  3.21 999 1017.3  14.5  12.5  10.4 99.0 99.00
2017 06 02 00 50 157  2.5  2.7  0.10 99.00  3.32 999 1017.2  13.6  12.3  11.4 99.0 99.00
2017 06 02 01 50 163  2.5  2.7  0.08 99.00  3.19 999 1017.5  13.2  12.0  11.7 99.0 99.00
2017 06 02 02 50 168  2.9  3.1  0.07 99.00  3.14 999 1017.5  13.6  11.7  10.8 99.0 99.00
2017 06 02 03 50 216  3.6  4.1  0.08 99.00  3.15 999 1017.8  13.4  11.5   9.1 99.0 99.00
2017 06 02 04 50 248  2.4  2.6  0.06 99.00  3.07 999 1017.7  12.6  11.2   9.5 99.0 99.00
2017 06 02 05 50 264  3.1  3.7  0.05 99.00  3.02 999 1017.5  12.7  11.0   9.3 99.0 99.00
2017 06 02 06 50 242  3.4  3.7  0.04 99.00  3.03 999 1017.4  12.7  10.7   8.8 99.0 99.00
2017 06 02 07 50 250  3.1  3.4  0.04 99.00  3.03 999 1017.6  12.2  10.8   9.3 99.0 99.00
2017 06 02 08 50 257  3.2  3.7  0.04 99.00  2.97 999 1017.9  12.2  10.6   9.1 99.0 99.00
2017 06 02 09 50 267  3.1  3.4  0.03 99.00  3.01 999 1018.3  12.1  10.6   9.2 99.0 99.00
2017 06 02 10 50 263  2.9  3.1  0.03 99.00  2.81 999 1018.7  12.2  10.6   8.8 99.0 99.00
2017 06 02 11 50 276  2.7  2.9  0.03 99.00  2.90 999 1019.2  12.3  10.6   8.7 99.0 99.00
2017 06 02 12 50 307  2.1  2.4  0.04 99.00  2.77 999 1019.6  12.3  10.7   8.8 99.0 99.00
2017 06 02 13 50 289  2.3  2.5  0.03 99.00  2.62 999 1019.8  12.1  10.6   9.2 99.0 99.00
2017 06 02 14 50 279  1.6  1.7  0.03 99.00  2.77 999 1019.8  12.7  11.4   9.6 99.0 99.00
2017 06 02 15 50 274  0.5  0.8  0.05 99.00  3.21 999 1019.4  13.8  13.3   9.8 99.0 99.00
2017 06 02 16 50 257  1.4  1.7  0.04 99.00  3.29 999 1019.4  15.8  13.6   9.8 99.0 99.00
2017 06 02 17 50 201  0.9  1.2  0.05 99.00  3.15 999 1019.2  16.5  14.1  10.7 99.0 99.00
2017 06 02 18 50  93  2.9  3.3  0.07 99.00  4.15 999 1018.8  15.6  14.1  12.5 99.0 99.00
2017 06 02 19 50 100  3.1  3.5  0.05 99.00  3.40 999 1018.4  15.2  14.1  12.9 99.0 99.00
2017 06 02 20 50  99  3.6  3.9  0.05 99.00  3.20 999 1018.1  14.7  13.7  12.5 99.0 99.00
2017 06 02 21 50  96  3.2  3.4  0.05 99.00  3.57 999 1017.7  14.8  12.7  12.8 99.0 99.00
2017 06 02 22 50 100  3.0  3.1  0.04 99.00  3.17 999 1017.4  15.2  12.5  12.4 99.0 99.00
2017 06 02 23 50 112  3.3  3.5  0.03 99.00  2.99 999 1017.0  15.1  12.9  12.8 99.0 99.00
2017 06 03 00 45 103  3.4  3.7  0.07 99.00  3.12 999 1016.6  15.2  12.6  13.2 99.0 99.00
2017 06 03 01 50  99  3.4  3.6  0.07 99.00  3.94 999 1016.4  14.9  12.5  13.0 99.0 99.00
2017 06 03 02 50 119  3.7  3.8  0.05 99.00  3.00 999 1016.6  15.6  12.1  12.2 99.0 99.00
2017 06 03 03 50 123  3.5  3.7  0.04 99.00  3.07 999 1016.4  15.7  12.0  10.9 99.0 99.00
2017 06 03 04 50 149  3.2  3.4  0.04 99.00  3.22 999 1016.4  15.4  11.8  11.7 99.0 99.00
2017 06 03 05 50 158  3.7  3.9  0.04 99.00  2.93 999 1016.2  15.5  11.6  10.6 99.0 99.00
2017 06 03 06 50 186  3.5  3.7  0.04 99.00  2.91 999 1016.3  14.6  11.4  11.0 99.0 99.00
2017 06 03 07 50 195  2.8  3.2  0.04 99.00  2.94 999 1016.3  13.9  11.3  10.8 99.0 99.00
2017 06 03 08 50 214  3.0  3.2  0.04 99.00  2.78 999 1016.4  13.6  11.4  10.8 99.0 99.00
2017 06 03 09 50 207  3.9  4.2  0.04 99.00  2.86 999 1016.4  14.4  11.3  10.1 99.0 99.00
2017 06 03 10 50 225  4.0  4.3  0.06 99.00  3.13 999 1016.5  13.9  11.3  10.3 99.0 99.00
2017 06 03 11 50 235  4.8  5.3  0.08 99.00  2.30 999 1016.6  14.1  11.4  10.1 99.0 99.00
2017 06 03 12 50 245  4.5  5.1  0.08 99.00  2.28 999 1016.9  14.1  11.3  10.3 99.0 99.00
2017 06 03 13 50 244  4.0  4.3  0.10 99.00  2.30 999 1017.1  14.5  11.3  10.1 99.0 99.00
2017 06 03 14 50 339  5.5  6.2  0.09 99.00  2.42 999 1018.5  14.6  11.3   9.8 99.0 99.00
2017 06 03 15 50 346  1.3  1.7  0.08 99.00  2.54 999 1017.9  13.5  11.2  10.2 99.0 99.00
2017 06 03 16 50 211  2.7  3.0  0.06 99.00  2.35 999 1017.4  12.7  11.3  11.1 99.0 99.00
2017 06 03 17 50 174  3.0  3.4  0.06 99.00  2.41 999 1017.1  12.9  11.4  11.3 99.0 99.00
2017 06 03 18 50 149  3.0  3.8  0.10 99.00  2.89 999 1016.9  13.3  11.4  11.8 99.0 99.00
2017 06 03 19 50 214  5.2  6.0  0.06 99.00  2.47 999 1016.1  13.5  11.2  13.0 99.0 99.00
2017 06 03 20 50 216  6.6  8.2  0.06 99.00  2.72 999 1014.6  14.4  11.3  13.6 99.0 99.00
2017 06 03 21 50 188  5.5  6.4  0.13 99.00  2.37 999 1013.5  14.3  11.3  13.4 99.0 99.00
2017 06 03 22 50 140  5.1  5.6  0.24 99.00  2.39 999 1012.6  13.7  11.4  12.6 99.0 99.00
2017 06 03 23 50 141  4.1  4.5  0.22 99.00  2.42 999 1012.1  13.6  11.4  12.6 99.0 99.00
2017 06 04 00 50 149  4.5  5.0  0.18 99.00  2.43 999 1012.3  13.9  11.4  12.9 99.0 99.00
2017 06 04 01 50 184  3.5  4.0  0.21 99.00  2.50 999 1012.7  14.1  11.3  12.0 99.0 99.00
2017 06 04 02 50 182  3.9  4.3  0.17 99.00  2.52 999 1012.8  13.9  11.2  11.9 99.0 99.00
2017 06 04 03 50 187  4.9  5.4  0.14 99.00  2.51 999 1012.4  14.4  11.3  11.7 99.0 99.00
2017 06 04 04 50 188  5.4  5.9  0.15 99.00  2.49 999 1011.6  14.8  11.2  11.3 99.0 99.00
2017 06 04 05 50 211  5.3  5.9  0.20 99.00  2.58 999 1010.9  15.1  11.1  11.4 99.0 99.00
2017 06 04 06 50 241  5.5  6.3  0.22 99.00  2.64 999 1009.8  15.9  11.1  12.3 99.0 99.00
2017 06 04 07 50 344  5.2  6.1  0.32  3.03  2.86 251 1011.2  15.3  11.0  12.6 99.0 99.00
2017 06 04 08 50 313  6.6  8.8  0.25  3.13  2.78 249 1010.8  17.9  10.9  15.7 99.0 99.00
2017 06 04 09 50 271  8.4 11.6  0.27  3.13  2.72 215 1010.0  17.8  11.0  13.8 99.0 99.00
2017 06 04 10 50 219  7.6  9.4  0.36  3.03  2.74 209 1009.9  15.1  10.9  13.5 99.0 99.00
2017 06 04 11 50 235  4.5  6.2  0.54  3.85  3.26 241 1010.1  13.8  10.8  12.7 99.0 99.00
2017 06 04 12 50 247  5.5  6.4  0.49  3.85  3.33 253 1010.3  14.2  10.9  13.0 99.0 99.00
2017 06 04 13 50 219  6.1  7.5  0.43  3.85  3.13 241 1010.5  13.9  10.9  12.5 99.0 99.00
2017 06 04 14 50 218  5.4  6.1  0.44  2.94  3.03 186 1010.2  13.8  11.0  12.4 99.0 99.00
2017 06 04 15 50 237  4.4  5.1  0.36  3.33  2.91 164 1009.8  14.0  11.1  12.7 99.0 99.00
2017 06 04 16 50 224  4.3  4.6  0.33  3.03  2.88 176 1009.5  14.2  11.2  13.0 99.0 99.00
2017 06 04 17 50 204  3.9  4.3  0.26  2.74  2.76 161 1009.0  14.2  11.3  13.1 99.0 99.00
2017 06 04 18 50 209  3.8  4.2  0.21 99.00  2.70 999 1008.6  14.5  11.4  13.2 99.0 99.00
2017 06 04 19 50 194  3.5  3.8  0.19 99.00  2.66 999 1008.1  15.1  11.6  13.3 99.0 99.00
2017 06 04 20 50 251  0.9  1.4  0.14 99.00  2.68 999 1007.7  16.1  12.3  13.5 99.0 99.00
2017 06 04 21 50  23  3.8  5.3  0.11 99.00  2.76 999 1007.7  16.1  13.1  14.0 99.0 99.00
2017 06 04 22 50  58  2.5  2.7  0.10 99.00  2.75 999 1007.6  14.9  12.5  13.6 99.0 99.00
2017 06 04 23 50  67  2.6  2.8  0.09 99.00  2.78 999 1007.5  15.0  12.5  13.7 99.0 99.00
2017 06 05 00 50  92  2.5  2.7  0.08 99.00  3.08 999 1007.8  15.2  12.4  13.7 99.0 99.00
2017 06 05 01 50 136  2.0  2.2  0.08 99.00  2.94 999 1008.0  14.3  12.5  13.5 99.0 99.00
2017 06 05 02 50 127  3.1  3.5  0.07 99.00  2.92 999 1008.1  15.8  12.3  14.7 99.0 99.00
2017 06 05 03 50 211  2.8  3.1  0.07 99.00  3.03 999 1008.1  15.1  12.3  13.9 99.0 99.00
2017 06 05 04 50 235  2.9  3.1  0.06 99.00  2.87 999 1007.8  15.9  12.1  13.7 99.0 99.00
2017 06 05 05 50 252  3.4  4.6  0.06 99.00  2.80 999 1007.4  14.8  12.1  13.4 99.0 99.00
2017 06 05 06 50 289  4.0  5.2  0.06 99.00  2.78 999 1007.3  14.1  11.9  13.1 99.0 99.00
2017 06 05 07 50   6  4.7  5.3  0.05 99.00  2.82 999 1007.9  16.0  11.8  12.6 99.0 99.00
2017 06 05 08 50  12  2.3  3.8  0.05 99.00  2.70 999 1007.7  13.8  11.6  12.2 99.0 99.00
2017 06 05 09 50  25  3.9  4.6  0.04 99.00  2.68 999 1008.2  13.7  11.6  12.7 99.0 99.00
2017 06 05 10 50  59  3.2  3.6  0.04 99.00  2.59 999 1008.2  13.7  11.6  12.5 99.0 99.00
2017 06 05 11 50  13  4.6  5.5  0.04 99.00  2.74 999 1008.8  13.1  11.6  12.3 99.0 99.00
2017 06 05 12 50  11  6.6  7.3  0.08 99.00  2.28 999 1009.5  12.9  11.5  12.1 99.0 99.00
2017 06 05 13 50  14  7.4  8.7  0.36  2.74  2.66  22 1010.5  12.0  11.3  11.6 99.0 99.00
2017 06 05 14 50   9  6.8  7.7  0.53  3.13  3.00  14 1011.1  12.2  11.2  12.0 99.0 99.00
2017 06 05 15 50   8  8.8 10.5  0.69  3.57  3.32  10 1011.4  11.6  11.3  11.1 99.0 99.00
2017 06 05 16 50   4  9.2 10.8  0.96  4.00  3.79   5 1011.9  10.8  11.3  10.8 99.0 99.00
2017 06 05 17 50   4  8.3 10.1  1.08  4.55  3.96   5 1012.0  11.2  11.2  10.7 99.0 99.00
2017 06 05 18 50   2  9.0 10.3  1.20  5.26  4.18 359 1012.0  11.5  11.2  10.8 99.0 99.00
2017 06 05 19 50   5  9.0 10.6  1.23  5.56  4.24   1 1012.3  11.2  11.0  10.5 99.0 99.00
2017 06 05 20 50   4  7.8  9.2  1.35  5.88  4.49   4 1012.5  11.4  10.9  10.5 99.0 99.00
2017 06 05 21 50   7  7.9  9.3  1.24  5.88  4.34   6 1012.5  11.5  11.0  10.4 99.0 99.00
2017 06 05 22 50   5  6.9  8.1  1.13  5.00  4.35  14 1012.6  11.7  10.9  10.4 99.0 99.00
2017 06 05 23 50 358  6.7  7.9  1.14  5.56  4.37  18 1012.8  12.0  10.9   9.8 99.0 99.00
2017 06 06 00 46   1  8.9 10.6  0.99  5.56  4.03  21 1012.8  12.7  10.9   9.7 99.0 99.00
2017 06 06 01 50   7  8.1  9.7  0.95  5.26  4.10  17 1013.4  12.9  10.8   8.7 99.0 99.00
2017 06 06 02 50   3  8.5 10.4  0.95  5.26  4.06  28 1013.7  12.3  10.7   8.4 99.0 99.00
2017 06 06 03 50   9  7.0  8.5  1.23  5.00  4.36  26 1014.4  12.1  10.7   8.9 99.0 99.00
2017 06 06 04 50  28  7.0  7.9  1.07  5.26  4.18  21 1015.0  12.0  10.7  10.1 99.0 99.00
2017 06 06 05 50  27  5.2  6.0  1.04  5.56  4.31  23 1015.5  11.7  10.7  10.5 99.0 99.00
2017 06 06 06 50  13  3.5  3.9  0.95  5.26  4.38  28 1015.5  11.4  10.7  10.7 99.0 99.00
2017 06 06 07 50 357  3.3  3.8  0.83  5.26  4.24  30 1015.9  11.0  10.7  10.4 99.0 99.00
2017 06 06 08 50 343  3.7  4.4  0.69  5.00  4.08  30 1015.8  10.7  10.7  10.3 99.0 99.00
2017 06 06 09 50 350  4.0  4.5  0.64  4.55  3.96  20 1016.1  11.0  10.6  10.2 99.0 99.00
2017 06 06 10 50 351  6.1  7.3  0.61  4.76  3.84  28 1016.6  10.9  10.6   9.4 99.0 99.00
2017 06 06 11 50 349  5.2  6.0  0.62  4.55  3.61  30 1017.2  10.7  10.6   8.8 99.0 99.00
2017 06 06 12 50 352  5.0  6.0  0.53  4.55  3.40  24 1017.8  10.8  10.6   8.9 99.0 99.00
2017 06 06 13 50 355  4.7  5.6  0.48  3.70  3.29  27 1017.9  10.8  10.6   9.2 99.0 99.00
2017 06 06 14 50   2  6.1  7.5  0.53  3.57  3.27  13 1017.9  10.9  10.6   9.2 99.0 99.00
2017 06 06 15 50   3  5.9  7.0  0.56  3.70  3.33  19 1017.9  10.9  10.7   9.4 99.0 99.00
2017 06 06 16 50   4  6.0  7.4  0.59  4.00  3.34  18 1017.8  11.1  10.8   9.2 99.0 99.00
2017 06 06 17 50   1  7.4  8.6  0.62  3.85  3.38  18 1017.3  11.4  10.9   9.1 99.0 99.00
2017 06 06 18 50 351  7.6  9.0  0.68  3.85  3.46  10 1017.0  11.5  11.0   9.2 99.0 99.00
2017 06 06 19 50 356  8.5  9.7  0.75  4.17  3.50  29 1016.7  11.9  10.9   9.3 99.0 99.00
2017 06 06 20 50 360  8.5  9.7  0.84  4.17  3.63  28 1016.2  12.9  11.0   9.3 99.0 99.00
2017 06 06 21 50   2  9.1 10.3  0.92  4.55  3.80  30 1016.0  12.9  11.0   9.2 99.0 99.00
2017 06 06 22 50 358  8.2  9.7  0.89  4.55  3.65  32 1016.2  13.1  10.9   9.3 99.0 99.00
2017 06 06 23 50 358  7.2  8.3  0.99  4.76  3.93  38 1016.3  13.0  10.9   9.1 99.0 99.00
2017 06 07 00 50   3  7.7  8.9  0.97  5.00  4.02  37 1016.4  13.2  10.9   8.8 99.0 99.00
2017 06 07 01 50   8  7.6  9.0  1.02  5.26  4.04  39 1016.6  13.2  10.9   8.9 99.0 99.00
2017 06 07 02 50  27  7.2  8.4  0.91  5.26  4.01  24 1017.6  12.8  10.8   9.8 99.0 99.00
2017 06 07 03 50  33  4.4  5.1  0.81  4.76  4.00  18 1018.4  12.4  10.9  10.8 99.0 99.00
2017 06 07 04 50  43  3.6  4.0  0.78  4.76  4.17  12 1018.9  12.9  10.9  11.2 99.0 99.00
2017 06 07 05 50  54  2.9  3.3  0.67  5.26  4.02  12 1019.3  13.0  10.9  11.3 99.0 99.00
2017 06 07 06 50  45  2.3  2.7  0.62  4.76  3.97   9 1019.3  12.6  10.8  11.0 99.0 99.00
2017 06 07 07 50  42  2.4  2.6  0.49  5.00  3.71  20 1019.5  12.3  10.8  11.1 99.0 99.00
2017 06 07 08 50  31  2.6  2.9  0.45  4.17  3.62  16 1019.6  12.4  10.8  10.9 99.0 99.00
2017 06 07 09 50  37  1.9  2.1  0.42  4.76  3.68  19 1020.0  12.0  10.8  11.0 99.0 99.00
2017 06 07 10 50  28  2.1  2.3  0.39  4.55  3.66  26 1020.4  12.2  10.8  10.7 99.0 99.00
2017 06 07 11 50  10  2.3  2.8  0.35  4.35  3.61  30 1021.1  11.8  10.8  10.5 99.0 99.00
2017 06 07 12 50  16  2.4  2.8  0.33  4.00  3.56  23 1021.5  11.9  10.8  10.5 99.0 99.00
2017 06 07 13 50   8  3.8  4.2  0.30  4.35  3.67  34 1021.8  12.0  11.0  10.3 99.0 99.00
2017 06 07 14 50  15  2.6  3.1  0.26  4.17  3.62  23 1021.6  11.8  11.2  10.4 99.0 99.00
2017 06 07 15 50   4  4.1  5.4  0.23 99.00  3.51 999 1021.8  11.8  11.3  10.6 99.0 99.00
2017 06 07 16 50  11  3.8  4.5  0.21 99.00  3.38 999 1021.5  12.2  11.4  10.6 99.0 99.00
2017 06 07 17 50   7  3.9  4.4  0.25 99.00  3.04 999 1021.1  12.5  11.6  10.6 99.0 99.00
2017 06 07 18 50   4  4.5  5.1  0.22 99.00  2.90 999 1020.7  12.7  11.8  10.7 99.0 99.00
2017 06 07 19 50 356  3.7  4.3  0.21 99.00  2.77 999 1020.2  13.1  12.0  10.7 99.0 99.00
2017 06 07 20 50 354  4.3  4.8  0.19 99.00  2.72 999 1019.7  13.7  12.1  10.3 99.0 99.00
2017 06 07 21 50 349  4.2  4.6  0.17 99.00  2.81 999 1019.4  14.0  12.1  10.1 99.0 99.00
2017 06 07 22 50 346  3.8  4.2  0.15 99.00  2.68 999 1018.9  14.3  12.1   9.4 99.0 99.00
2017 06 07 23 50 345  3.3  3.6  0.13 99.00  2.68 999 1018.6  14.2  12.2   9.7 99.0 99.00
2017 06 08 00 50 336  2.8  3.0  0.12 99.00  2.88 999 1018.4  14.0  12.2   9.6 99.0 99.00
2017 06 08 01 50 330  2.0  2.2  0.12 99.00  2.98 999 1018.3  13.5  12.1  10.4 99.0 99.00
2017 06 08 02 50 346  1.5  2.1  0.11 99.00  2.80 999 1018.5  14.1  12.1   9.8 99.0 99.00
2017 06 08 03 50 285  1.3  1.4  0.09 99.00  2.94 999 1018.4  13.4  12.0  10.4 99.0 99.00
2017 06 08 04 50 328  2.0  2.4  0.09 99.00  2.90 999 1018.4  13.8  12.0   9.8 99.0 99.00
2017 06 08 05 50 320  2.3  3.0  0.09 99.00  2.87 999 1018.3  12.8  12.0  10.5 99.0 99.00
2017 06 08 06 50 339  1.2  1.3  0.09 99.00  2.86 999 1017.9  13.5  11.9  10.3 99.0 99.00
2017 06 08 07 50 328  2.0  2.1  0.09 99.00  2.90 999 1017.6  13.9  11.9   9.8 99.0 99.00
2017 06 08 08 50 325  1.2  1.3  0.08 99.00  2.93 999 1017.2  14.3  11.9   8.3 99.0 99.00
2017 06 08 09 50 306  2.3  2.5  0.07 99.00  2.91 999 1017.4  12.9  11.9  10.0 99.0 99.00
2017 06 08 10 50 292  1.4  1.7  0.06 99.00  2.93 999 1017.5  13.4  11.8   9.5 99.0 99.00
2017 06 08 11 50 288  1.0  1.3  0.06 99.00  2.82 999 1017.5  14.0  11.8   9.7 99.0 99.00
2017 06 08 12 50 202  0.6  0.6  0.05 99.00  2.87 999 1017.8  13.2  12.0  10.2 99.0 99.00
2017 06 08 13 50 282  1.0  1.3  0.06 99.00  2.94 999 1017.9  13.5  12.7  10.2 99.0 99.00
2017 06 08 14 50 183  0.8  1.2  0.06 99.00  3.09 999 1017.3  14.2  12.8  11.1 99.0 99.00
2017 06 08 15 50 142  1.9  2.3  0.06 99.00  3.09 999 1016.8  14.4  12.8  11.6 99.0 99.00
2017 06 08 16 50 172  2.2  2.5  0.06 99.00  3.11 999 1016.3  14.6  13.8  12.6 99.0 99.00
2017 06 08 17 50 158  3.5  4.0  0.06 99.00  3.17 999 1015.6  14.8  13.7  12.1 99.0 99.00
2017 06 08 18 50 156  3.6  3.9  0.13 99.00  3.43 999 1014.8  14.9  13.6  12.0 99.0 99.00
2017 06 08 19 50 161  3.7  4.0  0.06 99.00  3.37 999 1014.1  15.1  13.7  12.3 99.0 99.00
2017 06 08 20 50 164  4.3  4.6  0.05 99.00  3.18 999 1013.0  15.6  13.4  11.9 99.0 99.00
2017 06 08 21 50 154  3.8  4.4  0.07 99.00  3.56 999 1012.2  15.7  13.2  11.8 99.0 99.00
2017 06 08 22 50 150  3.4  3.7  0.05 99.00  2.75 999 1011.8  15.6  12.9  11.8 99.0 99.00
2017 06 08 23 50 144  3.2  3.5  0.04 99.00  3.06 999 1011.3  15.4  12.9  11.9 99.0 99.00
2017 06 09 00 45 145  4.5  4.8  0.08 99.00  3.36 999 1010.7  16.3  12.9  11.4 99.0 99.00
2017 06 09 01 50 139  3.1  3.4  0.08 99.00  2.63 999 1010.4  15.2  12.7  13.4 99.0 99.00
2017 06 09 02 50 146  3.3  3.7  0.06 99.00  2.49 999 1010.4  15.1  12.7  12.9 99.0 99.00
2017 06 09 03 50 161  4.2  4.6  0.06 99.00  2.43 999 1010.0  15.5  12.5  11.7 99.0 99.00
2017 06 09 04 50 196  4.5  4.9  0.08 99.00  2.35 999 1009.8  15.3  12.5  11.7 99.0 99.00
2017 06 09 05 50 218  3.0  4.0  0.10 99.00  2.31 999 1010.5  17.3  12.4   9.9 99.0 99.00
2017 06 09 06 50 133  5.2  5.7  0.08 99.00  2.34 999 1008.9  16.7  12.4  10.3 99.0 99.00
2017 06 09 07 50 128  4.4  5.0  0.08 99.00  2.37 999 1008.2  15.7  12.4  11.2 99.0 99.00
2017 06 09 08 50 117  3.8  4.2  0.12 99.00  2.37 999 1007.9  14.9  12.4  12.3 99.0 99.00
2017 06 09 09 50 102  4.2  4.9  0.11 99.00  2.33 999 1007.6  14.8  12.4  13.0 99.0 99.00
2017 06 09 10 50 116  4.4  4.9  0.12 99.00  2.37 999 1007.7  14.8  12.4  13.1 99.0 99.00
2017 06 09 11 50 140  5.2  6.0  0.17 99.00  2.34 999 1007.8  15.4  12.4  12.6 99.0 99.00
2017 06 09 12 50 176  4.1  4.4  0.14 99.00  2.35 999 1008.0  14.4  12.4  12.4 99.0 99.00
2017 06 09 13 50 235  4.4  4.8  0.18 99.00  2.52 999 1008.3  14.1  12.4  12.1 99.0 99.00
2017 06 09 14 50 288  3.7  4.0  0.26  2.86  2.75 177 1008.5  14.5  12.5  12.2 99.0 99.00
2017 06 09 15 50 327  4.6  5.3  0.22 99.00  2.82 999 1008.6  14.5  12.8  12.1 99.0 99.00
2017 06 09 16 50 327  4.6  5.3  0.20 99.00  2.85 999 1009.1  13.2  12.8  12.2 99.0 99.00
2017 06 09 17 50 346  3.6  4.1  0.25 99.00  2.64 999 1009.5  13.2  12.9  12.0 99.0 99.00
2017 06 09 18 50   3  3.2  3.9  0.20 99.00  2.80 999 1009.4  13.0  12.8  11.9 99.0 99.00
2017 06 09 19 50  13  2.6  3.9  0.22 99.00  2.64 999 1009.4  13.3  13.0  12.0 99.0 99.00
2017 06 09 20 50  14  2.4  3.0  0.19 99.00  2.72 999 1009.5  13.7  13.3  12.5 99.0 99.00
2017 06 09 21 50  25  3.0  3.4  0.19 99.00  2.80 999 1009.2  13.5  13.2  12.6 99.0 99.00
2017 06 09 22 50  19  2.9  3.4  0.22 99.00  2.78 999 1009.1  13.6  13.3  12.7 99.0 99.00
2017 06 09 23 50  36  2.7  3.0  0.20 99.00  2.87 999 1008.9  13.7  13.2  12.8 99.0 99.00
2017 06 10 00 50  44  2.2  2.5  0.20 99.00  2.99 999 1009.0  13.7  13.1  12.3 99.0 99.00
2017 06 10 01 50  73  1.0  1.2  0.20 99.00  3.07 999 1009.7  13.8  13.1  12.4 99.0 99.00
2017 06 10 02 50 214  3.5  4.3  0.17 99.00  3.03 999 1010.7  13.6  13.1  12.9 99.0 99.00
2017 06 10 03 50 267  2.8  3.2  0.16 99.00  3.05 999 1010.8  13.4  13.0  13.0 99.0 99.00
2017 06 10 04 50  24  1.4  1.9  0.15 99.00  3.05 999 1010.1  13.2  12.9  12.9 99.0 99.00
2017 06 10 05 50 176  0.0  0.0  0.14 99.00  3.01 999 1010.1  13.4  13.0  12.9 99.0 99.00
2017 06 10 06 50 194  1.8  2.2  0.17 99.00  3.02 999 1010.0  13.8  13.0  13.1 99.0 99.00
2017 06 10 07 50 131  1.8  2.1  0.16 99.00  3.05 999 1009.9  13.8  13.0  13.4 99.0 99.00
2017 06 10 08 50 150  2.4  2.7  0.15 99.00  3.04 999 1009.8  14.1  12.8  13.7 99.0 99.00
2017 06 10 09 50 150  3.3  3.6  0.16 99.00  3.09 999 1009.4  14.3  12.7  13.8 99.0 99.00
2017 06 10 10 50 180  5.2  5.8  0.15 99.00  3.15 999 1009.8  15.2  12.8  14.1 99.0 99.00
2017 06 10 11 50 217  7.2  8.0  0.21 99.00  2.48 999 1010.2  15.7  12.7  13.3 99.0 99.00
2017 06 10 12 50 217  5.7  6.4  0.29  2.86  2.74 175 1010.9  15.3  12.7  13.0 99.0 99.00
2017 06 10 13 50 208  5.5  6.2  0.35  2.94  2.84 163 1011.1  15.1  12.7  12.9 99.0 99.00
2017 06 10 14 50 196  6.4  7.0  0.38  3.23  2.95 153 1011.0  15.2  12.7  12.9 99.0 99.00
2017 06 10 15 50 182  7.0  8.0  0.48  3.45  3.12 139 1010.9  15.4  12.7  13.0 99.0 99.00
2017 06 10 16 50 173  6.7  7.5  0.56  3.70  3.33 142 1010.7  15.6  12.7  13.2 99.0 99.00
2017 06 10 17 50 169  7.1  7.8  0.55  3.70  3.25 149 1010.2  16.1  12.8  13.3 99.0 99.00
2017 06 10 18 50 161  7.5  8.4  0.57  4.00  3.25 135 1009.4  16.9  12.9  13.2 99.0 99.00
2017 06 10 19 50 164  8.0  8.9  0.59  3.85  3.20 138 1008.7  17.1  13.0  12.9 99.0 99.00
2017 06 10 20 50 170  7.4  8.3  0.63  3.45  3.23 145 1008.2  17.2  13.1  12.6 99.0 99.00
2017 06 10 21 50 177  8.3  9.2  0.60  3.70  3.19 140 1007.5  17.7  13.1  12.2 99.0 99.00
2017 06 10 22 50 178  7.5  8.4  0.67  3.57  3.31 142 1007.4  17.3  13.0  12.2 99.0 99.00
2017 06 10 23 50 198  7.4  8.6  0.71  4.00  3.33 158 1007.2  17.5  12.8  11.7 99.0 99.00
2017 06 11 00 50 190  8.0  9.4  0.74  4.00  3.38 157 1007.2  17.4  12.5  11.5 99.0 99.00
2017 06 11 01 50 203  8.5  9.7  0.74  4.00  3.47 153 1007.4  17.7  12.4  11.7 99.0 99.00
2017 06 11 02 50 209  8.9 10.2  0.85  4.17  3.53 164 1008.2  18.1  12.3  11.7 99.0 99.00
2017 06 11 03 50 214  8.0  9.0  0.89  4.55  3.74 163 1009.4  17.5  12.2  12.1 99.0 99.00
2017 06 11 04 50 206  7.8  8.6  0.99  4.55  3.87 161 1009.7  16.8  12.1  12.2 99.0 99.00
2017 06 11 05 50 209  7.8  8.6  0.92  5.00  3.96 155 1010.3  16.7  12.1  12.4 99.0 99.00
2017 06 11 06 50 202  6.9  7.7  0.86  4.76  3.96 154 1010.9  15.8  12.0  12.5 99.0 99.00
2017 06 11 07 50 196  6.7  7.4  0.78  4.55  3.77 158 1011.2  15.8  11.9  12.7 99.0 99.00
2017 06 11 09 50 191  6.9  7.6  0.73  4.17  3.58 158 1011.6  15.0  11.8  12.7 99.0 99.00
2017 06 11 10 50 201  6.9  7.6  0.72  4.55  3.61 157 1012.1  15.3  11.8  12.8 99.0 99.00
2017 06 11 11 50 193  7.2  7.9  0.68  4.35  3.45 156 1012.7  15.1  11.9  13.0 99.0 99.00
2017 06 11 12 50 187  7.1  7.8  0.70  4.17  3.51 161 1012.9  14.9  11.9  13.1 99.0 99.00
2017 06 11 13 50 197  7.3  8.3  0.76  4.17  3.54 155 1013.3  15.2  12.0  13.2 99.0 99.00
2017 06 11 14 50 197  6.2  7.1  0.68  4.35  3.64 152 1014.0  15.2  12.1  13.3 99.0 99.00
2017 06 11 15 50 193  6.4  7.0  0.60  4.55  3.52 147 1014.1  15.3  12.2  13.4 99.0 99.00
2017 06 11 16 50 182  5.7  6.3  0.61  4.35  3.50 151 1014.3  15.3  12.3  13.5 99.0 99.00
2017 06 11 17 50 162  5.5  6.2  0.49  4.00  3.31 149 1013.8  15.6  12.3  13.8 99.0 99.00
2017 06 11 18 50 171  6.3  6.8  0.48  4.17  3.24 144 1013.8  16.1  12.4  13.9 99.0 99.00
2017 06 11 19 50 167  5.7  6.0  0.48  3.70  3.32 146 1013.6  16.9  12.5  14.1 99.0 99.00
2017 06 11 20 50 146  5.9  6.6  0.41  3.85  3.12 151 1013.1  17.2  12.6  14.1 99.0 99.00
2017 06 11 21 50 172  7.2  8.3  0.35  3.57  3.10 152 1012.2  18.6  12.8  14.3 99.0 99.00
2017 06 11 22 50 138  5.1  5.5  0.43  3.23  3.07 150 1012.2  17.8  12.8  13.9 99.0 99.00
2017 06 11 23 50 147  6.1  6.6  0.32  3.57  3.01 154 1011.5  17.9  12.9  13.1 99.0 99.00
2017 06 12 00 45 168  6.6  7.3  0.38  3.23  2.86 152 1010.9  18.3  12.8  12.8 99.0 99.00
2017 06 12 01 50 172  8.0  9.2  0.41  3.33  2.98 154 1010.0  18.2  12.8  13.0 99.0 99.00
2017 06 12 02 50 178  8.0  8.8  0.55  3.45  3.14 154 1010.6  18.1  12.7  13.3 99.0 99.00
2017 06 12 03 50 188  5.4  6.1  0.58  3.70  3.27 158 1013.0  17.0  12.7  13.4 99.0 99.00
2017 06 12 04 50 172  6.9  7.6  0.48  3.70  3.28 154 1012.8  16.8  12.7  13.5 99.0 99.00
2017 06 12 05 50 186  8.3  9.2  0.53  3.70  3.14 156 1012.1  17.2  12.6  13.5 99.0 99.00
2017 06 12 06 50 201  7.3  8.1  0.64  3.70  3.25 158 1012.6  17.1  12.6  13.5 99.0 99.00
2017 06 12 07 50 196  6.8  7.6  0.58  3.85  3.28 144 1013.0  16.4  12.6  13.7 99.0 99.00
2017 06 12 08 50 200  7.0  7.8  0.63  3.85  3.33 150 1012.7  16.6  12.6  13.8 99.0 99.00
2017 06 12 09 50 190  6.4  7.3  0.63  4.00  3.43 152 1012.8  16.0  12.6  13.7 99.0 99.00
2017 06 12 10 50 212  6.6  7.3  0.60  4.00  3.31 156 1012.8  16.5  12.6  14.0 99.0 99.00
2017 06 12 11 50 192  6.8  7.5  0.53  4.00  3.27 162 1013.2  16.0  12.6  13.9 99.0 99.00
2017 06 12 12 50 192  7.0  7.9  0.55  3.85  3.26 161 1013.3  15.9  12.7  14.1 99.0 99.00
2017 06 12 13 50 190  6.2  7.0  0.61  4.00  3.30 147 1013.6  15.6  12.7  14.0 99.0 99.00
2017 06 12 14 50 186  6.2  6.9  0.57  4.00  3.42 148 1013.7  15.9  12.7  14.2 99.0 99.00
2017 06 12 15 50 180  5.7  6.4  0.53  3.70  3.32 155 1014.1  16.0  12.8  14.4 99.0 99.00
2017 06 12 16 50 177  6.6  7.3  0.50  3.85  3.28 156 1014.0  16.5  13.0  14.7 99.0 99.00
2017 06 12 17 50 184  6.6  7.8  0.53  3.85  3.27 145 1014.0  17.0  13.1  15.0 99.0 99.00
2017 06 12 19 50 171  5.4  5.7  0.46  3.57  3.10 150 1012.6  18.3  13.3  15.4 99.0 99.00
2017 06 12 20 50 141  3.8  4.2  0.36  3.33  3.06 152 1012.6  17.3  13.5  15.0 99.0 99.00
2017 06 12 21 50 148  5.2  5.6  0.28  3.23  2.98 150 1012.2  18.2  13.7  15.4 99.0 99.00
2017 06 12 22 50 165  5.3  5.6  0.23 99.00  2.88 999 1011.4  18.8  13.7  15.4 99.0 99.00
2017 06 12 23 50 147  4.7  5.0  0.19 99.00  2.79 999 1010.6  18.0  13.7  15.4 99.0 99.00
2017 06 13 00 50 154  3.6  4.3  0.18 99.00  2.80 999 1011.0  17.4  13.6  15.1 99.0 99.00
2017 06 13 01 50 206  3.9  4.4  0.15 99.00  2.78 999 1012.8  17.9  13.6  15.1 99.0 99.00
2017 06 13 02 50 347  8.2  9.7 99.00 99.00 99.00 999 1014.4  17.3  13.4  15.8 99.0 99.00
2017 06 13 03 50  26  3.2  4.9  0.45  3.33  3.00 332 1014.0  16.3  13.3  15.7 99.0 99.00
2017 06 13 04 50  69  1.5  2.4  0.46  3.45  3.18 318 1013.5  15.9  13.3  15.4 99.0 99.00
2017 06 13 06 50 191  3.9  4.7  0.36  4.17  3.47 268 1013.2  14.9  13.3  14.6 99.0 99.00
2017 06 13 07 50 332  4.6  6.8  0.38  4.00  3.52 329 1014.5  15.6  13.3  15.0 99.0 99.00
2017 06 13 08 50 342  3.0  3.9  0.29  3.33  3.31 334 1014.8  14.5  13.3  14.5 99.0 99.00
2017 06 13 09 50 328  0.6  1.1  0.22 99.00  3.12 999 1015.0  14.1  13.3  14.1 99.0 99.00
2017 06 13 10 50  26  2.8  3.3  0.19 99.00  3.02 999 1015.4  13.9  13.3  13.9 99.0 99.00
2017 06 13 11 50  46  3.7  4.4  0.16 99.00  2.98 999 1015.6  13.8  13.3  13.8 99.0 99.00
2017 06 13 12 50  79  1.9  2.2  0.14 99.00  2.81 999 1015.8  13.7  13.3  13.7 99.0 99.00
2017 06 13 13 50 352  3.5  4.5  0.12 99.00  2.75 999 1016.3  13.7  13.3  13.7 99.0 99.00
2017 06 13 14 50  63  3.0  4.0  0.14 99.00  2.91 999 1016.1  14.1  13.5  13.8 99.0 99.00
2017 06 13 15 50 110  2.5  4.2  0.16 99.00  3.00 999 1015.8  14.4  13.8  14.0 99.0 99.00
2017 06 13 16 50 219  1.5  1.6  0.18 99.00  3.10 999 1016.0  15.9  15.0  15.0 99.0 99.00
2017 06 13 17 50 290  1.6  2.5  0.18 99.00  3.11 999 1015.4  16.7  15.7  15.6 99.0 99.00
2017 06 13 18 50 348  4.2  5.7  0.19 99.00  3.18 999 1015.5  15.5  14.9  15.0 99.0 99.00
2017 06 13 20 50  14  5.9  7.1  0.24 99.00  2.69 999 1015.5  14.5  14.2  14.3 99.0 99.00
2017 06 13 21 50  27  5.2  6.4  0.37  2.74  2.82  22 1013.8  14.2  14.1  14.0 99.0 99.00
2017 06 13 22 50  28  4.2  5.0  0.31  2.94  2.78  12 1013.4  14.3  14.0  14.2 99.0 99.00
2017 06 13 23 50  45  2.4  2.9  0.29  2.94  2.86  11 1013.4  14.8  14.0  14.5 99.0 99.00
2017 06 14 00 50  47  2.8  3.6  0.25 99.00  2.90 999 1012.9  15.6  14.0  14.9 99.0 99.00
2017 06 14 01 50 249  2.9  7.5  0.27  3.33  3.09   8 1013.9  15.2  14.0  14.7 99.0 99.00
2017 06 14 02 50 346  2.6  3.2  0.20 99.00  3.00 999 1014.2  14.6  13.9  14.3 99.0 99.00
2017 06 14 03 50 268  1.6  2.6  0.18 99.00  3.03 999 1014.1  14.3  13.9  14.2 99.0 99.00
2017 06 14 04 50 202  0.6  1.3  0.19 99.00  3.13 999 1013.8  14.3  13.8  14.1 99.0 99.00
2017 06 14 05 50  74  1.4  2.0  0.20 99.00  3.13 999 1013.6  14.4  13.8  14.2 99.0 99.00
2017 06 14 06 50  72  3.0  3.3  0.18 99.00  3.09 999 1014.2  15.1  13.9  14.6 99.0 99.00
2017 06 14 07 50  75  4.1  4.7  0.18 99.00  3.07 999 1013.7  15.6  13.9  15.2 99.0 99.00
2017 06 14 08 50 106  2.7  4.5  0.17 99.00  2.99 999 1014.1  15.8  13.8  15.5 99.0 99.00
2017 06 14 09 50  38  2.0  4.7  0.15 99.00  2.97 999 1013.6  17.6  13.8  16.9 99.0 99.00
2017 06 14 10 50 101  7.0  8.0  0.15 99.00  3.04 999 1013.9  16.4  13.8  16.2 99.0 99.00
2017 06 14 11 50 111  4.9  5.4  0.18 99.00  2.74 999 1013.7  18.2  13.8  17.2 99.0 99.00
2017 06 14 12 50 110  4.7  6.3 99.00 99.00 99.00 999 1013.5  18.5  13.8  17.1 99.0 99.00
2017 06 14 13 50 102  6.1  7.2  0.14 99.00  2.86 999 1013.9  16.9  13.9  16.2 99.0 99.00
2017 06 14 14 50 112  5.6  6.0  0.24 99.00  2.63 999 1013.8  17.1  14.0  16.5 99.0 99.00
2017 06 14 15 50 116  5.0  5.6  0.32  2.74  2.71 111 1013.3  17.5  14.0  16.5 99.0 99.00
2017 06 14 16 50 122  5.6  6.2  0.24 99.00  2.62 999 1013.0  18.1  14.2  17.0 99.0 99.00
2017 06 14 17 50 122  6.3  6.8  0.27  2.47  2.59 113 1012.5  18.7  14.3  17.4 99.0 99.00
2017 06 14 18 50 141  4.9  5.3  0.23 99.00  2.59 999 1011.8  18.1  14.4  17.1 99.0 99.00
2017 06 14 19 50  97  4.4  4.8  0.20 99.00  2.60 999 1010.9  18.0  14.7  17.0 99.0 99.00
2017 06 14 20 50 126  5.2  5.6  0.20 99.00  2.53 999 1009.9  18.9  14.7  17.9 99.0 99.00
2017 06 14 21 50 135  4.4  4.6  0.15 99.00  2.63 999 1010.1  18.7  14.7  17.8 99.0 99.00
2017 06 14 22 50 230  7.5  9.2  0.13 99.00  2.52 999 1009.8  19.8  14.6  17.4 99.0 99.00
2017 06 14 23 50 222  9.0 10.5 99.00 99.00 99.00 999 1008.8  18.7  14.4  16.4 99.0 99.00
2017 06 15 00 45 209 10.7 13.0  0.68  3.45  3.27 186 1010.4  18.9  14.3  16.0 99.0 99.00
2017 06 15 01 50 195  6.9  8.6  0.73  4.00  3.37 175 1008.7  19.3  14.2  14.9 99.0 99.00
2017 06 15 02 50 236  1.6  3.4  0.59  3.85  3.25 204 1010.5  18.2  14.1  14.5 99.0 99.00
2017 06 15 03 50 199  4.4  5.8  0.44  3.70  3.21 203 1010.9  18.4  14.2  16.0 99.0 99.00
2017 06 15 04 50 123  1.1  1.7  0.39  3.57  3.10 169 1010.7  17.3  14.1  16.7 99.0 99.00
2017 06 15 05 50 159  3.2  4.6  0.32  3.23  2.95 160 1010.8  17.4  14.2  16.9 99.0 99.00
2017 06 15 06 50  80  1.4  2.0  0.34  3.23  3.02 158 1010.5  15.4  14.1  15.4 99.0 99.00
2017 06 15 07 50 241  5.2  6.5  0.32  3.33  3.05 144 1010.4  17.1  14.1  16.5 99.0 99.00
2017 06 15 08 50 170  4.4  5.1  0.32  3.33  3.11 133 1009.3  17.5  14.1  17.5 99.0 99.00
2017 06 15 09 50 123  3.7  4.3  0.37  3.70  3.37 157 1010.5  16.2  14.1  16.2 99.0 99.00
2017 06 15 10 50 133  3.3  3.9  0.35  3.70  3.23 161 1010.3  16.3  14.1  16.2 99.0 99.00
2017 06 15 11 50 149  3.1  3.6  0.34  3.33  3.14 165 1010.0  16.4  14.0  16.4 99.0 99.00
2017 06 15 12 50 177  4.1  4.6  0.32  3.57  3.10 152 1010.4  16.1  14.1  16.1 99.0 99.00
2017 06 15 13 50 189  5.4  6.3  0.29  3.45  2.96 148 1010.6  16.6  14.1  16.1 99.0 99.00
2017 06 15 14 50 219  5.2  5.7  0.32  3.33  2.88 147 1010.2  16.4  14.1  16.0 99.0 99.00
2017 06 15 15 50 251  3.2  3.9  0.30  3.33  2.94 150 1009.9  16.6  14.3  16.1 99.0 99.00
2017 06 15 16 50 220  2.6  2.8  0.23 99.00  2.92 999 1009.8  16.7  14.8  16.1 99.0 99.00
2017 06 15 17 50 218  3.7  4.2  0.20 99.00  2.91 999 1009.8  17.3  15.2  16.7 99.0 99.00
2017 06 15 18 50 191  3.0  3.3  0.19 99.00  3.14 999 1009.7  17.2  15.5  16.5 99.0 99.00
2017 06 15 19 50 193  3.7  4.0  0.15 99.00  2.90 999 1009.9  17.9  15.7  17.0 99.0 99.00
2017 06 15 20 50 171  4.0  4.5  0.15 99.00  2.87 999 1009.7  17.6  15.9  16.7 99.0 99.00
2017 06 15 21 50 176  4.4  4.7  0.14 99.00  2.93 999 1009.5  18.1  15.7  16.9 99.0 99.00
2017 06 15 22 50 195  3.4  3.7  0.11 99.00  2.81 999 1009.5  18.2  15.6  16.7 99.0 99.00
2017 06 15 23 50 200  3.6  3.8  0.10 99.00  2.79 999 1009.3  18.3  15.7  16.6 99.0 99.00
2017 06 16 00 50 202  3.6  4.0  0.09 99.00  2.75 999 1009.4  18.1  15.6  16.9 99.0 99.00
2017 06 16 01 50 201  3.2  3.7  0.08 99.00  2.94 999 1009.2  17.8  15.6  17.0 99.0 99.00
2017 06 16 02 50 193  3.6  3.8  0.06 99.00  2.62 999 1009.2  17.9  15.5  16.9 99.0 99.00
2017 06 16 03 50 180  4.4  4.8  0.06 99.00  2.84 999 1009.0  18.5  15.3  16.9 99.0 99.00
2017 06 16 04 50 176  4.5  4.9  0.07 99.00  2.52 999 1008.9  18.5  15.2  16.3 99.0 99.00
2017 06 16 05 50 172  4.6  4.9  0.08 99.00  2.44 999 1008.7  18.0  15.1  16.2 99.0 99.00
2017 06 16 06 50 207  5.8  6.9  0.07 99.00  2.43 999 1008.7  19.0  15.1  16.6 99.0 99.00
2017 06 16 07 50 294  4.8  5.4  0.08 99.00  2.51 999 1008.7  17.9  15.1  15.3 99.0 99.00
2017 06 16 08 50 284  3.8  4.4  0.12 99.00  2.28 999 1008.9  17.4  15.1  14.9 99.0 99.00
2017 06 16 09 50 247  3.1  3.6 99.00 99.00 99.00 999 1009.7  17.2  15.0  15.2 99.0 99.00
2017 06 16 10 50 320  3.8  4.7  0.38  4.00  3.07 239 1009.5  17.8  15.1  14.7 99.0 99.00
2017 06 16 11 50 322  2.8  3.8  0.40  4.00  3.33 200 1009.7  18.5  15.1  14.5 99.0 99.00
2017 06 16 12 50 257  3.2  3.6  0.37  3.70  3.33 191 1010.4  18.0  15.0  14.5 99.0 99.00
2017 06 16 13 50 274  1.9  3.0  0.32  3.57  3.11 201 1010.4  17.2  15.0  14.9 99.0 99.00
2017 06 16 14 50  88  2.1  2.6  0.29  3.45  3.03 195 1009.5  17.0  15.1  15.2 99.0 99.00
2017 06 16 15 50  99  2.7  3.0  0.34  3.33  3.19 228 1009.5  16.6  15.2  15.5 99.0 99.00
2017 06 16 16 50 154  4.1  4.9  0.63  4.55  3.76 196 1009.6  16.7  15.1  15.7 99.0 99.00
2017 06 16 17 50 147  4.3  4.7  0.57  4.35  3.62 200 1009.4  16.9  15.2  15.7 99.0 99.00
2017 06 16 18 50 150  4.0  4.4  0.38  3.85  3.28 185 1009.3  16.9  15.3  16.0 99.0 99.00
2017 06 16 19 50 172  3.9  4.6  0.32  3.70  3.18 177 1009.1  17.3  15.5  16.2 99.0 99.00
2017 06 16 20 50 162  3.7  4.2  0.25 99.00  2.98 999 1008.8  17.8  15.7  16.3 99.0 99.00
2017 06 16 21 50 149  4.3  4.7  0.19 99.00  2.90 999 1007.9  18.2  15.9  16.5 99.0 99.00
2017 06 16 22 50 142  4.2  4.5  0.17 99.00  2.92 999 1007.4  18.3  15.9  16.1 99.0 99.00
2017 06 16 23 50 127  4.7  5.1  0.12 99.00  2.74 999 1006.5  18.4  15.9  15.9 99.0 99.00
2017 06 17 00 50 162  4.2  4.5  0.13 99.00  2.56 999 1006.9  18.5  15.8  16.2 99.0 99.00
2017 06 17 01 50 149  4.4  4.8  0.13 99.00  2.87 999 1006.6  18.2  15.7  16.3 99.0 99.00
2017 06 17 02 50 150  5.5  6.0  0.11 99.00  2.59 999 1006.4  18.9  15.6  16.2 99.0 99.00
2017 06 17 03 50 140  5.0  5.3  0.16 99.00  2.52 999 1005.4  18.6  15.5  16.2 99.0 99.00
2017 06 17 04 50 131  5.8  6.6  0.17 99.00  2.47 999 1004.4  18.9  15.6  16.5 99.0 99.00
2017 06 17 05 50 178  5.4  5.9  0.27  2.47  2.47 141 1005.2  18.7  15.5  16.8 99.0 99.00
2017 06 17 06 50 177  6.6  7.5  0.31  2.60  2.69 141 1004.5  18.7  15.5  17.1 99.0 99.00
2017 06 17 07 50 193  6.3  7.7  0.43  3.03  2.91 142 1003.9  18.5  15.5  17.2 99.0 99.00
2017 06 17 08 50 221  5.1  6.4  0.48  3.33  3.09 144 1004.0  17.8  15.4  17.0 99.0 99.00
2017 06 17 09 50 343  4.3  5.0  0.37  3.23  3.09 195 1004.7  17.6  15.4  16.6 99.0 99.00
2017 06 17 10 50 244  0.6  1.0  0.34  3.33  2.86 208 1004.5  17.2  15.3  17.1 99.0 99.00
2017 06 17 11 50 108  4.2  4.8  0.36  3.57  2.98 157 1004.2  16.5  15.1  16.5 99.0 99.00
2017 06 17 12 50  99  5.0  5.9  0.32  3.33  2.91 146 1003.7  16.8  15.0  16.7 99.0 99.00
2017 06 17 13 50 102  5.9  6.9  0.34  3.23  2.87 156 1003.7  17.1  15.0  16.9 99.0 99.00
2017 06 17 14 50 107  4.2  5.0  0.41  3.33  2.98 137 1003.7  17.4  15.0  16.8 99.0 99.00
2017 06 17 15 50 124  4.9  5.5  0.38  3.33  2.93 135 1003.5  17.5  15.2  17.2 99.0 99.00
2017 06 17 16 50 162  3.2  3.7  0.31  3.03  2.88 143 1003.8  17.4  15.4  17.3 99.0 99.00
2017 06 17 17 50 154  4.6  5.3  0.29  3.13  2.75 133 1003.2  17.9  15.6  17.6 99.0 99.00
2017 06 17 18 50 170  2.9  3.1  0.24 99.00  2.77 999 1003.4  17.8  16.1  17.4 99.0 99.00
2017 06 17 19 50 177  3.5  3.8  0.20 99.00  2.68 999 1003.2  18.4  16.4  17.6 99.0 99.00
2017 06 17 20 50 191  2.7  3.3  0.16 99.00  2.60 999 1003.3  18.7  16.9  17.7 99.0 99.00
2017 06 17 21 50 157  2.1  2.5  0.14 99.00  2.66 999 1003.0  19.4  17.4  18.0 99.0 99.00
2017 06 17 22 50 169  2.4  3.0  0.10 99.00  2.66 999 1003.1  19.1  17.3  18.2 99.0 99.00
2017 06 17 23 50 222  3.0  3.9  0.13 99.00  2.67 999 1002.6  19.6  16.9  18.6 99.0 99.00
2017 06 18 00 50 248  3.0  3.4  0.14 99.00  2.73 999 1002.4  18.9  16.7  18.0 99.0 99.00
2017 06 18 01 50 159  2.3  3.3  0.12 99.00  2.75 999 1002.1  18.4  16.7  17.8 99.0 99.00
2017 06 18 02 50 317  4.6  5.8  0.12 99.00  2.83 999 1002.8  20.6  16.6  20.0 99.0 99.00
2017 06 18 03 50  78  1.9  2.4  0.14 99.00  3.11 999 1002.6  17.7  16.4  17.0 99.0 99.00
2017 06 18 04 50 103  4.5  4.9  0.15 99.00  3.00 999 1001.6  18.0  16.3  17.1 99.0 99.00
2017 06 18 05 50 249  0.2  0.7  0.18 99.00  2.77 999 1000.8  17.8  16.2  17.3 99.0 99.00
2017 06 18 06 50 279  1.2  1.6  0.16 99.00  2.69 999 1000.3  17.6  16.0  17.3 99.0 99.00
2017 06 18 07 50 221  2.4  3.0  0.15 99.00  2.81 999  999.6  17.9  16.2  17.9 99.0 99.00
2017 06 18 08 50 167  4.6  5.8  0.10 99.00  2.66 999  999.5  17.6  16.0  17.6 99.0 99.00
2017 06 18 09 50 216  7.2  8.2  0.12 99.00  2.57 999  999.7  17.7  15.8  17.7 99.0 99.00
2017 06 18 10 50 225  7.5  8.8  0.36  2.74  2.65 159 1000.1  17.8  15.6  17.8 99.0 99.00
2017 06 18 11 50 265  6.4  7.6  0.60  3.70  3.23 156 1000.4  17.7  15.7  17.7 99.0 99.00
2017 06 18 12 50 250  5.2  5.7  0.63  4.00  3.36 181 1000.6  17.7  15.5  17.4 99.0 99.00
2017 06 18 13 50 251  4.5  5.2  0.51  4.00  3.34 160 1001.3  17.4  15.8  16.8 99.0 99.00
2017 06 18 14 50 250  4.3  5.0  0.52  4.00  3.34 167 1001.7  17.3  15.8  16.2 99.0 99.00
2017 06 18 15 50 244  4.2  5.1  0.45  3.85  3.21 176 1002.6  17.3  15.9  16.0 99.0 99.00
2017 06 18 16 50 289  5.6  6.7  0.42  3.85  3.18 182 1002.9  17.6  15.8  15.5 99.0 99.00
2017 06 18 17 50 266  3.9  4.5  0.55  3.45  3.28 233 1003.4  17.6  15.8  15.3 99.0 99.00
2017 06 18 18 50 237  3.7  4.2  0.48  3.45  3.35 235 1003.7  17.5  15.9  15.6 99.0 99.00
2017 06 18 19 50 224  3.3  4.1  0.51  3.57  3.38 248 1003.7  17.7  15.9  15.7 99.0 99.00
2017 06 18 20 50 250  3.1  3.6  0.48  3.85  3.47 249 1003.9  18.2  15.9  15.5 99.0 99.00
2017 06 18 21 50 253  4.0  4.5  0.37  3.70  3.33 253 1003.9  18.3  15.9  15.3 99.0 99.00
2017 06 18 22 50 256  4.6  5.2  0.36  3.57  3.31 258 1004.0  18.4  16.1  15.1 99.0 99.00
2017 06 18 23 50 250  3.9  4.4  0.31  3.57  3.24 239 1004.5  18.2  16.0  15.2 99.0 99.00
2017 06 19 00 50 258  2.8  3.3  0.28  3.23  3.24 250 1005.5  17.4  16.0  15.7 99.0 99.00
2017 06 19 01 50 249  3.9  4.8  0.24 99.00  3.15 999 1006.0  17.7  16.1  15.6 99.0 99.00
2017 06 19 02 50 265  3.0  3.5  0.26  3.23  3.10 249 1006.6  17.6  16.2  15.3 99.0 99.00
2017 06 19 03 50 290  4.3  4.7  0.26  3.23  3.06 267 1006.7  17.8  16.2  15.0 99.0 99.00
2017 06 19 04 50 291  4.5  5.0  0.23 99.00  2.99 999 1006.9  17.6  16.1  14.8 99.0 99.00
2017 06 19 05 50 284  4.5  5.1  0.21 99.00  2.83 999 1007.2  17.4  16.0  15.0 99.0 99.00
2017 06 19 06 50 284  5.2  5.6  0.28  3.13  2.88 308 1007.0  17.4  15.9  14.7 99.0 99.00
2017 06 19 07 50 293  5.3  6.2  0.31  3.23  2.82 315 1007.1  17.0  15.9  14.8 99.0 99.00
2017 06 19 08 50 296  4.7  5.1  0.38  3.03  2.77 314 1007.1  16.9  15.8  14.8 99.0 99.00
2017 06 19 09 50 296  3.6  4.3  0.30  2.94  2.70 297 1007.3  16.7  15.8  14.9 99.0 99.00
2017 06 19 10 50 302  5.7  6.5  0.25 99.00  2.73 999 1007.6  16.7  15.7  14.7 99.0 99.00
2017 06 19 11 50 299  5.3  6.3  0.28  2.74  2.56 300 1008.4  16.6  15.7  14.5 99.0 99.00
2017 06 19 12 50 285  4.6  5.3  0.30  2.60  2.62 288 1009.1  16.6  15.7  14.6 99.0 99.00
2017 06 19 13 50 284  3.9  4.7  0.27  2.94  2.71 270 1009.5  16.4  15.8  14.8 99.0 99.00
2017 06 19 14 50 280  3.6  4.3  0.27  2.94  2.80 277 1009.7  16.5  15.6  15.0 99.0 99.00
2017 06 19 15 50 273  3.6  4.1  0.25 99.00  2.83 999 1009.9  16.7  15.8  15.1 99.0 99.00
2017 06 19 16 50 271  2.9  3.6  0.26  2.86  2.86 284 1010.2  16.8  16.0  15.3 99.0 99.00
2017 06 19 17 50 218  2.0  2.4  0.21 99.00  2.88 999 1009.9  17.0  16.4  15.5 99.0 99.00
2017 06 19 18 50 234  3.8  4.4  0.18 99.00  2.85 999 1009.6  17.1  16.4  15.8 99.0 99.00
2017 06 19 19 50 242  3.4  4.3  0.14 99.00  2.62 999 1009.1  17.2  16.4  15.4 99.0 99.00
2017 06 19 20 50 314 12.5 15.2  0.19 99.00  2.56 999 1010.2  16.1  16.4  12.1 99.0 99.00
2017 06 19 21 50 319  6.1  7.1  0.58  3.45  3.18 311 1010.1  14.9  16.0  13.1 99.0 99.00
2017 06 19 22 50 311  5.6  6.6  0.60  3.85  3.41 310 1010.0  15.6  15.9  13.3 99.0 99.00
2017 06 19 23 50 302  4.7  5.4  0.55  4.00  3.47 317 1010.0  16.0  15.9  13.2 99.0 99.00
2017 06 20 00 50 273  5.2  6.0  0.68  4.35  3.78 310 1010.4  15.9  15.8  13.5 99.0 99.00
2017 06 20 01 50 252  5.9  6.8  0.48  4.00  3.45 282 1010.9  16.1  15.8  14.6 99.0 99.00
2017 06 20 02 50 272  4.7  5.4  0.35  3.45  2.98 296 1011.7  16.8  15.8  15.1 99.0 99.00
2017 06 20 03 50 281  5.9  6.7  0.28  3.45  2.81 320 1011.8  16.8  15.8  14.6 99.0 99.00
2017 06 20 04 50 298  6.4  7.7  0.31  2.60  2.64 289 1012.0  16.7  15.7  14.4 99.0 99.00
2017 06 20 05 50 296  4.5  5.4  0.31  2.74  2.72 262 1012.2  16.4  15.6  15.0 99.0 99.00
2017 06 20 06 50 301  6.6  7.8  0.24 99.00  2.74 999 1012.1  16.5  15.5  14.2 99.0 99.00
2017 06 20 07 50 304  7.0  8.1  0.43  3.13  2.92 273 1012.1  16.7  15.4  13.1 99.0 99.00
2017 06 20 08 50 298  5.4  6.2  0.46  3.23  3.09 288 1012.7  16.3  15.4  13.7 99.0 99.00
2017 06 20 09 50 287  4.9  5.6  0.49  3.57  3.22 276 1012.8  16.3  15.4  13.7 99.0 99.00
2017 06 20 10 50 266  4.2  4.8  0.43  3.57  3.25 276 1012.9  16.2  15.5  14.0 99.0 99.00
2017 06 20 11 50 252  4.4  5.2  0.32  3.33  3.04 249 1013.2  16.2  15.5  14.6 99.0 99.00
2017 06 20 12 50 254  5.6  6.7  0.35  3.33  2.93 259 1014.1  16.2  15.5  14.8 99.0 99.00
2017 06 20 13 50 260  5.3  5.9  0.36  2.94  2.85 239 1014.4  16.1  15.6  14.4 99.0 99.00
2017 06 20 14 50 266  5.2  6.0  0.41  3.45  3.01 225 1014.2  16.3  15.7  14.3 99.0 99.00
2017 06 20 15 50 261  4.5  5.1  0.52  3.33  3.14 240 1014.4  16.6  15.8  14.7 99.0 99.00
2017 06 20 16 50 248  2.9  3.2  0.40  3.23  3.15 221 1014.3  16.8  15.9  15.0 99.0 99.00
2017 06 20 17 50   2 12.7 15.7  0.36  3.33  3.08 190 1014.4  15.7  15.8  12.3 99.0 99.00
2017 06 20 18 50  12 10.4 12.7  0.62  3.13  2.97 352 1014.5  14.5  15.6  11.6 99.0 99.00
2017 06 20 19 50  28  6.7  8.5  0.85  3.70  3.46 353 1013.7  14.8  15.5  12.7 99.0 99.00
2017 06 20 20 50 310  1.0  1.8  0.72  4.17  3.51   3 1013.3  15.5  15.4  11.8 99.0 99.00
2017 06 20 21 50 133  3.0  3.8  0.59  4.17  3.70 297 1012.6  15.7  15.5  12.5 99.0 99.00
2017 06 20 22 50 106  1.6  2.0  0.55  4.35  3.64 294 1013.0  15.9  15.6  13.5 99.0 99.00
2017 06 20 23 50 138  0.6  1.0  0.43  4.17  3.50 316 1013.4  15.8  15.6  14.3 99.0 99.00
2017 06 21 00 50 178  0.9  1.2  0.35  4.35  3.37 316 1013.6  16.0  15.6  13.7 99.0 99.00
2017 06 21 01 50 316  1.3  1.6  0.31  4.00  3.33 353 1013.7  15.7  15.6  14.2 99.0 99.00
2017 06 21 02 50  18  0.2  0.7  0.26  3.70  3.18 306 1014.2  15.4  15.6  14.2 99.0 99.00
2017 06 21 03 50 134  0.7  0.8  0.21 99.00  2.98 999 1014.5  15.5  15.6  14.2 99.0 99.00
2017 06 21 04 50 179  1.6  1.8  0.15 99.00  3.01 999 1014.7  15.5  15.7  14.9 99.0 99.00
2017 06 21 05 50 229  1.7  1.9  0.13 99.00  3.07 999 1015.0  15.6  15.7  15.2 99.0 99.00
2017 06 21 06 50 212  3.5  4.0  0.13 99.00  3.38 999 1014.8  15.7  15.7  15.4 99.0 99.00
2017 06 21 07 50 238  3.2  3.5  0.15 99.00  4.05 999 1014.7  15.7  15.7  15.5 99.0 99.00
2017 06 21 08 50 242  1.8  2.1  0.13 99.00  3.76 999 1014.5  15.7  15.6  15.7 99.0 99.00
2017 06 21 09 50 264  1.5  1.6  0.14 99.00  3.87 999 1014.5  15.6  15.6  15.6 99.0 99.00
2017 06 21 10 50 244  2.2  2.4  0.14 99.00  3.78 999 1015.1  15.6  15.5  15.6 99.0 99.00
2017 06 21 11 50 270  1.4  1.6  0.13 99.00  3.75 999 1015.5  15.5  15.4  15.4 99.0 99.00
2017 06 21 12 50  22  1.0  1.1  0.11 99.00  3.80 999 1015.2  16.2  15.6  14.9 99.0 99.00
2017 06 21 13 50 217  0.6  1.1  0.13 99.00  3.00 999 1015.7  16.2  16.2  13.8 99.0 99.00
2017 06 21 14 50 221  2.3  2.8  0.09 99.00  3.89 999 1016.1  16.2  16.0  15.3 99.0 99.00
2017 06 21 15 50 167  2.7  3.3  0.09 99.00  3.40 999 1015.8  16.4  16.1  15.3 99.0 99.00
2017 06 21 16 50 186  1.5  1.9  0.07 99.00  3.42 999 1016.4  16.7  16.5  15.7 99.0 99.00
2017 06 21 17 50 176  1.6  1.9  0.07 99.00  3.43 999 1016.1  17.0  16.8  14.9 99.0 99.00
2017 06 21 18 50 208  1.2  1.4  0.07 99.00  3.63 999 1015.8  17.5  17.3  14.3 99.0 99.00
2017 06 21 19 50 240  1.8  2.1  0.05 99.00  3.15 999 1015.5  17.5  17.6  15.6 99.0 99.00
2017 06 21 20 50 278  0.3  0.7  0.05 99.00  3.28 999 1014.9  17.8  18.0  15.6 99.0 99.00
2017 06 21 21 50  67  2.1  2.4  0.08 99.00  3.90 999 1013.5  17.8  18.1  16.1 99.0 99.00
2017 06 21 22 50  56  2.6  3.1  0.07 99.00  3.23 999 1013.1  17.9  18.0  16.5 99.0 99.00
2017 06 21 23 50  68  2.6  2.8  0.04 99.00  3.11 999 1013.1  18.1  17.0  15.8 99.0 99.00
2017 06 22 00 50  59  3.4  3.8  0.04 99.00  3.22 999 1013.1  17.6  16.7  15.9 99.0 99.00
2017 06 22 01 50  81  3.6  4.2  0.05 99.00  3.82 999 1012.8  17.7  16.5  15.4 99.0 99.00
2017 06 22 02 50  80  3.0  3.4  0.04 99.00  2.85 999 1013.2  17.8  16.5  15.2 99.0 99.00
2017 06 22 03 50  86  3.6  4.2  0.05 99.00  3.36 999 1012.6  17.9  16.3  15.7 99.0 99.00
2017 06 22 04 50  99  3.9  4.4  0.03 99.00  2.78 999 1012.2  18.1  16.3  15.6 99.0 99.00
2017 06 22 05 50 121  5.6  6.2  0.06 99.00  2.34 999 1011.1  18.6  16.2  15.5 99.0 99.00
2017 06 22 06 50 131  6.4  7.2 99.00 99.00 99.00 999 1010.2  18.7  16.0  15.6 99.0 99.00
2017 06 22 07 50 142  6.7  7.7  0.34  2.74  2.63 119 1009.8  18.7  15.9  15.6 99.0 99.00
2017 06 22 08 50 141  6.2  7.0  0.37  2.86  2.75 109 1009.5  18.7  15.8  16.3 99.0 99.00
2017 06 22 09 50 164  7.3  8.7  0.46  2.94  2.91 123 1008.7  19.0  15.9  17.2 99.0 99.00
2017 06 22 10 50 202  8.1  9.5  0.56  3.33  3.14 128 1008.9  19.1  15.9  17.7 99.0 99.00
2017 06 22 11 50 233  5.3  6.3  0.65  4.00  3.34 140 1010.6  19.1  15.8  17.5 99.0 99.00
2017 06 22 12 50 178  4.6  5.2  0.64  4.00  3.56 137 1010.9  18.5  15.9  17.3 99.0 99.00
2017 06 22 13 50 166  7.1  8.3  0.59  3.85  3.50 120 1010.0  18.5  15.9  17.2 99.0 99.00
2017 06 22 14 50 181  8.2  9.9  0.58  3.70  3.23 138 1009.0  19.3  15.9  17.5 99.0 99.00
2017 06 22 15 50 188  9.8 11.5  0.70  3.70  3.41 130 1008.4  19.3  15.9  17.6 99.0 99.00
2017 06 22 16 50 202  7.6  9.1  0.74  3.85  3.39 144 1009.0  19.0  15.9  17.8 99.0 99.00
2017 06 22 17 50 203  7.4  8.2  0.87  3.85  3.68 145 1008.8  19.1  15.9  17.7 99.0 99.00
2017 06 22 18 50 199  5.5  6.4  0.81  4.35  3.80 150 1008.9  19.4  15.9  17.6 99.0 99.00
2017 06 22 19 50 200  4.7  5.1  0.65  4.35  3.55 145 1008.6  19.1  16.1  17.8 99.0 99.00
2017 06 22 20 50 193  3.8  4.4  0.54  3.70  3.47 145 1008.3  19.3  16.2  17.9 99.0 99.00
2017 06 22 21 50 146  4.4  4.8  0.50  3.85  3.49 153 1006.9  19.4  16.2  18.1 99.0 99.00
2017 06 22 22 50 153  8.9 10.6  0.45  3.70  3.42 153 1006.0  20.4  16.3  18.5 99.0 99.00
2017 06 22 23 50 124  4.1  4.6  0.44  3.70  3.28 152 1006.0  18.9  16.3  18.3 99.0 99.00
2017 06 23 00 50 167  6.8  7.7  0.39  3.70  3.15 157 1005.7  19.7  16.2  18.2 99.0 99.00
2017 06 23 01 50 186  7.4  8.3  0.41  3.70  3.12 153 1005.3  20.1  16.2  18.8 99.0 99.00
2017 06 23 03 50 189  8.6 10.1  0.58  3.70  3.26 168 1005.0  19.7  16.2  18.7 99.0 99.00
2017 06 23 04 50 198  9.2 10.6  0.72  3.70  3.34 166 1004.2  19.8  16.1  18.7 99.0 99.00
2017 06 23 05 50 205 10.0 11.7  0.90  4.17  3.62 154 1003.3  19.1  16.1  18.6 99.0 99.00
2017 06 23 06 50 205  7.3  8.5  0.80  4.17  3.53 160 1003.6  18.7  16.1  18.3 99.0 99.00
2017 06 23 07 50 206  6.0  6.6  0.81  4.35  3.61 153 1003.0  18.2  16.1  18.1 99.0 99.00
2017 06 23 08 50  18  4.1  5.6  0.64  4.35  3.66 209 1003.5  17.2  16.2  17.2 99.0 99.00
2017 06 23 09 50  20  4.5  6.3  0.62  4.35  3.71 206 1003.8  17.0  16.2  17.0 99.0 99.00
2017 06 23 10 50   1  5.1  5.7  0.46  4.35  3.72 213 1003.7  16.8  16.2  16.8 99.0 99.00
2017 06 23 11 50 336  5.3  6.2  0.37  4.17  3.33 211 1004.4  16.7  16.2  16.7 99.0 99.00
2017 06 23 12 50 351  3.7  4.5  0.38  4.17  3.06 208 1004.2  16.5  16.2  16.5 99.0 99.00
2017 06 23 13 50 303  2.2  2.6  0.32  4.00  3.08 218 1004.8  16.6  16.1  16.3 99.0 99.00
2017 06 23 14 50 283  3.7  4.4  0.27  4.00  3.11 218 1005.1  16.8  16.2  16.5 99.0 99.00
2017 06 23 15 50 312  5.2  5.8  0.25 99.00  3.13 999 1004.9  17.1  16.2  16.6 99.0 99.00
2017 06 23 16 50 312  4.4  5.3  0.22 99.00  2.83 999 1005.1  17.3  16.2  16.3 99.0 99.00
2017 06 23 17 50 302  3.3  3.7  0.19 99.00  2.71 999 1005.3  17.5  16.3  16.4 99.0 99.00
2017 06 23 18 50 255  2.5  2.7  0.16 99.00  2.73 999 1005.6  17.8  16.8  16.4 99.0 99.00
2017 06 23 19 50 250  2.3  2.7  0.13 99.00  2.80 999 1005.3  18.4  17.2  16.5 99.0 99.00
2017 06 23 20 50 220  3.0  3.5  0.12 99.00  2.71 999 1005.2  18.5  17.5  16.8 99.0 99.00
2017 06 23 21 50 220  3.6  4.1  0.14 99.00  2.90 999 1005.3  18.8  17.5  16.8 99.0 99.00
2017 06 23 22 50 211  3.8  4.3  0.11 99.00  2.62 999 1005.1  18.8  17.5  16.9 99.0 99.00
2017 06 23 23 50 214  4.5  6.0  0.09 99.00  2.70 999 1005.3  18.9  17.4  17.0 99.0 99.00
2017 06 24 00 50 286  2.4  3.1  0.09 99.00  2.78 999 1005.8  20.1  17.4  15.0 99.0 99.00
2017 06 24 01 50 347  3.8  4.9  0.09 99.00  2.88 999 1006.8  19.5  17.3  15.2 99.0 99.00
2017 06 24 02 50 341  6.0  7.2  0.12 99.00  2.55 999 1007.6  18.9  17.2  15.0 99.0 99.00
2017 06 24 03 50 328  7.9  9.0  0.33  2.74  2.58 328 1008.4  18.9  17.0  14.4 99.0 99.00
2017 06 24 04 50 319  5.8  6.8  0.47  3.23  2.97 328 1008.8  18.2  16.7  14.8 99.0 99.00
2017 06 24 05 50 304  5.3  6.1  0.49  3.70  3.12 338 1009.4  17.9  16.6  15.0 99.0 99.00
2017 06 24 06 50 296  6.2  7.3  0.47  3.85  3.17 332 1009.7  17.7  16.6  14.5 99.0 99.00
2017 06 24 07 50 309  8.4  9.7  0.58  4.00  3.26 334 1009.6  17.5  16.5  14.4 99.0 99.00
2017 06 24 08 50 309  7.1  8.6  0.58  3.70  3.25 330 1010.1  17.2  16.3  14.5 99.0 99.00
2017 06 24 09 50 312  6.6  7.5  0.57  3.70  3.45 334 1010.7  16.8  16.2  14.4 99.0 99.00
2017 06 24 10 50 309  5.9  7.0  0.67  3.85  3.48 335 1011.1  16.6  16.3  14.2 99.0 99.00
2017 06 24 11 50 320  6.6  7.8  0.69  4.35  3.64 343 1011.2  16.6  16.2  13.7 99.0 99.00
2017 06 24 12 50 321  6.7  8.3  0.85  4.17  3.84 338 1011.4  16.3  16.2  13.7 99.0 99.00
2017 06 24 13 50 317  6.9  8.3  0.86  4.76  3.74 338 1012.5  16.4  16.2  13.6 99.0 99.00
2017 06 24 14 50 310  6.6  7.7  0.77  4.55  3.71 335 1013.0  16.5  16.2  13.7 99.0 99.00
2017 06 24 15 50 285  3.9  4.7  0.73  4.35  3.72 331 1013.7  16.6  16.3  14.4 99.0 99.00
2017 06 24 16 50 275  3.4  4.1  0.61  4.35  3.64 323 1014.4  16.8  16.5  14.8 99.0 99.00
2017 06 24 17 50 284  3.3  3.7  0.50  4.35  3.54 331 1014.7  17.1  16.8  15.0 99.0 99.00
2017 06 24 18 50 276  3.4  4.1  0.40  3.85  3.29 323 1014.8  17.5  17.0  14.8 99.0 99.00
2017 06 24 19 50 297  4.8  5.6  0.31  3.33  3.09 326 1014.8  18.1  17.1  12.9 99.0 99.00
2017 06 24 20 50 299  3.2  3.7  0.30  3.33  2.92 337 1014.8  18.0  17.0  12.9 99.0 99.00
2017 06 24 21 50 254  1.1  1.5  0.26  3.23  3.03 300 1014.7  17.9  17.3  14.1 99.0 99.00
2017 06 24 22 50 277  3.4  3.9  0.32  3.45  3.09 306 1014.6  18.1  17.2  13.0 99.0 99.00
2017 06 24 23 50 334  2.4  3.1  0.36  3.45  3.26 321 1015.1  18.1  17.1  12.8 99.0 99.00
2017 06 25 00 50 302  3.5  4.4  0.36  3.57  3.27 315 1015.6  18.0  17.0  13.2 99.0 99.00
2017 06 25 01 50 311  5.2  6.2  0.36  3.57  3.19 325 1015.9  17.9  16.9  13.1 99.0 99.00
2017 06 25 02 50 307  8.8 10.4  0.47  3.85  3.11 334 1016.2  17.1  16.8  11.6 99.0 99.00
2017 06 25 03 50 296  6.5  9.1  0.83  3.85  3.45 305 1015.9  16.4  16.6  10.8 99.0 99.00
2017 06 25 04 50 286  6.9  7.8  0.87  4.17  3.74 297 1016.0  16.3  16.5  11.3 99.0 99.00
2017 06 25 05 50 308 10.5 12.6  0.88  4.55  3.80 325 1015.8  16.6  16.4   9.1 99.0 99.00
2017 06 25 06 50 300  9.6 10.9  0.96  4.55  3.68 321 1016.1  15.2  16.3  10.4 99.0 99.00
2017 06 25 07 50 310  9.6 11.6  0.99  4.76  3.71 332 1016.0  14.5  16.2  10.2 99.0 99.00
2017 06 25 08 50 311  8.7 10.1  0.97  4.76  3.72 325 1015.8  14.1  16.2  10.4 99.0 99.00
2017 06 25 09 50 314  8.1  9.6  1.01  4.76  3.87 329 1016.1  14.1  16.1  10.7 99.0 99.00
2017 06 25 10 50 308  8.8 10.4  1.08  4.55  3.96 311 1016.5  14.2  16.1  10.9 99.0 99.00
2017 06 25 11 50 301  8.2 10.4  1.05  4.55  3.85 310 1016.7  14.4  16.0  11.0 99.0 99.00
2017 06 25 12 50 303  8.8 10.4  1.14  4.55  4.00 305 1017.2  14.3  16.0  11.1 99.0 99.00
2017 06 25 13 50 296  8.8 10.3  1.08  4.55  4.03 301 1017.6  14.6  16.0  11.3 99.0 99.00
2017 06 25 14 50 292  8.2  9.3  1.04  4.55  4.02 296 1018.0  15.1  16.0  11.4 99.0 99.00
2017 06 25 15 50 280  7.8  9.5  1.00  4.76  3.97 297 1018.0  15.6  16.1  11.5 99.0 99.00
2017 06 25 16 50 266  6.6  7.8  0.94  4.55  3.97 270 1018.3  16.1  16.2  11.9 99.0 99.00
2017 06 25 17 50 270  5.8  7.1  0.78  4.17  3.74 263 1018.2  16.6  16.2  12.3 99.0 99.00
2017 06 25 18 50 285  5.1  6.1  0.59  4.17  3.49 283 1018.2  16.9  16.3  12.4 99.0 99.00
2017 06 25 19 50 263  4.3  5.1  0.54  3.85  3.43 255 1017.9  17.1  16.4  12.7 99.0 99.00
2017 06 25 20 50 262  4.2  5.0  0.51  3.57  3.39 257 1017.8  17.2  16.6  13.3 99.0 99.00
2017 06 25 21 50 262  3.0  3.4  0.46  3.70  3.39 286 1017.4  17.5  16.6  13.5 99.0 99.00
2017 06 25 22 50 259  3.7  4.3  0.40  3.57  3.31 270 1017.2  17.3  16.6  13.9 99.0 99.00
2017 06 25 23 50 295  4.4  5.2  0.40  3.57  3.27 306 1017.4  17.6  16.6  13.1 99.0 99.00
2017 06 26 00 50 301  4.7  5.5  0.42  3.33  3.23 306 1017.8  17.5  16.5  13.3 99.0 99.00
2017 06 26 01 50 307  7.0  8.1  0.49  3.70  3.05 303 1017.7  17.3  16.4  12.6 99.0 99.00
2017 06 26 02 50 308  9.2 12.7  0.58  3.70  3.21 305 1017.8  17.1  16.4  12.3 99.0 99.00
2017 06 26 03 50 314  9.2 11.3  0.88  4.17  3.49 317 1017.7  15.8  16.3  12.0 99.0 99.00
2017 06 26 04 50 313  9.2 11.2  1.04  4.55  3.78 327 1017.9  15.5  16.2  12.5 99.0 99.00
2017 06 26 05 50 311  8.0  9.5  0.98  4.55  3.79 327 1017.8  15.5  16.2  12.7 99.0 99.00
2017 06 26 06 50 318  8.9 10.6  0.95  4.55  3.75 325 1017.5  15.5  16.1  12.0 99.0 99.00
2017 06 26 07 50 317  7.9  9.2  0.89  4.55  3.82 326 1017.4  15.5  16.1  11.6 99.0 99.00
2017 06 26 08 50 300  7.4  8.8  0.77  4.55  3.72 322 1017.6  15.4  16.1  12.0 99.0 99.00
2017 06 26 09 50 300  8.0  9.3  0.77  4.35  3.73 321 1017.8  15.4  16.1  11.3 99.0 99.00
2017 06 26 10 50 312  8.2  9.9  0.75  4.00  3.60 318 1018.2  15.4  16.0  10.2 99.0 99.00
2017 06 26 11 50 309  8.1  9.6  0.85  4.55  3.67 331 1018.6  15.0  16.0  10.1 99.0 99.00
2017 06 26 12 50 306  8.0 10.4  0.81  4.35  3.66 320 1018.6  15.2  16.0  10.4 99.0 99.00
2017 06 26 13 50 303  7.1  8.3  0.93  4.55  3.79 304 1018.5  15.2  16.0  10.6 99.0 99.00
2017 06 26 14 50 303  6.4  7.4  0.82  4.35  3.66 314 1018.4  15.3  16.1   9.5 99.0 99.00
2017 06 26 15 50 301  6.3  7.6  0.69  4.35  3.50 325 1018.4  15.5  16.1   9.6 99.0 99.00
2017 06 26 16 50 291  5.5  6.3  0.72  3.85  3.46 301 1018.0  16.0  16.2   9.5 99.0 99.00
2017 06 26 17 50 258  4.7  5.4  0.62  4.00  3.42 321 1017.8  16.0  16.3  10.7 99.0 99.00
2017 06 26 18 50 306  4.1  4.8  0.49  3.85  3.27 329 1017.5  16.6  16.4  10.5 99.0 99.00
2017 06 26 19 50 353  5.0  5.5  0.42  3.57  3.02 346 1017.3  16.2  16.4  10.0 99.0 99.00
2017 06 26 20 50 355  7.1  9.0  0.60  3.70  3.18 326 1017.2  14.2  16.2   9.8 99.0 99.00
2017 06 26 21 50 320  6.3  8.0  0.77  4.17  3.52 328 1016.9  14.8  16.2  10.3 99.0 99.00
2017 06 26 22 50 338  7.6  8.7  0.75  4.55  3.70 329 1016.5  15.8  16.2   9.3 99.0 99.00
2017 06 26 23 50 343  7.1  8.3  0.81  4.55  3.77 327 1016.5  15.7  16.1   9.3 99.0 99.00
2017 06 27 00 50 354  5.0  6.8  0.77  4.55  3.88 333 1017.0  15.5  16.1  11.1 99.0 99.00
2017 06 27 01 50 349  4.4  5.2  0.67  4.76  3.98 339 1016.9  15.2  16.1  10.6 99.0 99.00
2017 06 27 02 50 339  9.1 11.0  0.57  4.35  3.64 340 1017.2  15.2  16.1  10.7 99.0 99.00
2017 06 27 03 50 349  8.5 10.2  0.81  4.55  3.68 344 1017.6  14.8  16.1  11.3 99.0 99.00
2017 06 27 04 50 352  8.3  9.9  0.89  4.55  3.79 351 1018.1  14.7  16.1  11.4 99.0 99.00
2017 06 27 05 50 358  5.7  6.8  0.93  4.55  3.83 353 1018.4  14.4  16.0  11.3 99.0 99.00
2017 06 27 06 50 341  4.8  5.7  0.85  4.55  3.85  15 1018.5  14.5  16.0  10.6 99.0 99.00
2017 06 27 07 50 319  4.5  5.2  0.71  4.76  3.88  14 1018.4  14.6  16.0  11.0 99.0 99.00
2017 06 27 08 50 302  3.6  4.4  0.57  4.55  3.62  26 1018.3  14.8  16.0  10.3 99.0 99.00
2017 06 27 09 50 294  5.3  6.1  0.46  4.35  3.54  28 1018.6  15.0  15.9  11.4 99.0 99.00
2017 06 27 10 50 287  5.1  5.8  0.40  4.17  3.12  17 1018.6  15.3  15.9  10.4 99.0 99.00
2017 06 27 11 50 284  6.0  6.9  0.39  4.17  2.89  15 1018.8  15.5  15.9  11.0 99.0 99.00
2017 06 27 12 50 302  6.3  7.4  0.43  2.74  2.94 303 1019.3  15.5  15.9  10.8 99.0 99.00
2017 06 27 13 50 307  5.3  6.1  0.44  3.13  3.07 321 1019.7  15.3  15.9  11.5 99.0 99.00
2017 06 27 14 50 295  5.2  5.8  0.50  3.45  3.18 307 1019.8  15.3  15.9  11.6 99.0 99.00
2017 06 27 15 50 297  3.6  4.2  0.39  3.33  3.15 314 1019.9  15.5  16.0  11.2 99.0 99.00
2017 06 27 16 50 274  3.2  3.8  0.34  3.33  3.14 303 1019.7  16.0  16.2  11.6 99.0 99.00
2017 06 27 17 50 234  3.9  4.5  0.33  3.13  3.15 279 1019.6  16.4  16.4  12.0 99.0 99.00
2017 06 27 18 50 194  3.5  4.1  0.28  3.03  3.27 256 1019.2  16.7  16.6  12.3 99.0 99.00
2017 06 27 19 50 177  4.5  5.3  0.26  4.76  3.23 327 1018.9  16.9  16.7  12.7 99.0 99.00
2017 06 27 20 50 167  4.9  5.8  0.25 99.00  3.15 999 1018.3  17.2  16.7  12.0 99.0 99.00
2017 06 27 21 50 174  4.8  5.3  0.22 99.00  2.96 999 1017.9  17.3  16.7  12.8 99.0 99.00
2017 06 27 22 50 180  5.6  6.4  0.23 99.00  2.64 999 1017.3  17.3  16.7  13.8 99.0 99.00
2017 06 27 23 50 172  5.4  6.1  0.26  2.47  2.62 159 1016.9  17.3  16.6  13.9 99.0 99.00
2017 06 28 00 50 165  5.1  5.8  0.27  2.74  2.67 161 1016.7  17.3  16.5  14.1 99.0 99.00
2017 06 28 01 50 155  4.9  5.9 99.00 99.00 99.00 999 1016.4  17.3  16.4  14.5 99.0 99.00
2017 06 28 02 50 161  5.2  5.8  0.29  2.86  2.76 151 1016.8  17.5  16.3  14.0 99.0 99.00
2017 06 28 03 50 157  5.2  5.9  0.33  2.86  2.80 153 1016.9  17.7  16.3  14.1 99.0 99.00
2017 06 28 04 50 150  4.9  5.7  0.35  2.94  2.83 159 1017.1  17.8  16.3  14.0 99.0 99.00
2017 06 28 05 50 168  6.0  7.3  0.30  3.13  2.79 156 1017.1  17.7  16.2  14.8 99.0 99.00
2017 06 28 06 50 180  6.8  7.8  0.38  2.86  2.81 153 1017.0  17.8  16.2  13.8 99.0 99.00
2017 06 28 07 50 186  5.9  6.8  0.44  3.33  3.01 160 1016.3  17.5  16.2  14.1 99.0 99.00
2017 06 28 08 50 183  6.6  7.7  0.45  3.45  3.06 151 1015.7  17.4  16.2  14.1 99.0 99.00
2017 06 28 09 50 180  6.7  8.0  0.54  3.70  3.25 145 1015.7  17.3  16.2  14.1 99.0 99.00
2017 06 28 10 50 196  7.8  8.9  0.64  3.70  3.58 144 1016.0  17.5  16.2  13.5 99.0 99.00
2017 06 28 11 50 176  8.2 10.5  0.68  4.00  3.40 134 1015.1  17.5  16.1  13.5 99.0 99.00
2017 06 28 12 50 163  8.5 10.0  0.73  3.70  3.55 142 1015.5  17.5  16.1  13.7 99.0 99.00
2017 06 28 13 50 164  9.1 11.0  0.96  4.35  3.85 136 1015.8  17.7  16.1  13.4 99.0 99.00
2017 06 28 14 50 169  9.1 10.8  1.08  4.55  4.02 145 1015.3  17.5  16.1  13.4 99.0 99.00
2017 06 28 15 50 176  9.7 11.3  1.14  5.00  4.03 143 1014.8  17.6  16.1  13.9 99.0 99.00
2017 06 28 16 50 182  9.3 11.2  1.18  5.00  4.15 154 1014.4  17.8  16.0  14.2 99.0 99.00
2017 06 28 17 50 153 13.1 15.5  1.28  5.00  4.14 154 1011.3  17.9  15.9  14.4 99.0 99.00
2017 06 28 18 50 177  9.0 11.0  1.41  5.00  4.24 155 1012.1  18.4  15.8  14.6 99.0 99.00
2017 06 28 19 50 167  8.7 10.3  1.28  4.76  4.06 148 1010.9  18.4  15.8  14.8 99.0 99.00
2017 06 28 20 50 166 10.2 12.4  1.37  5.56  4.20 149 1010.4  18.7  15.7  15.1 99.0 99.00
2017 06 28 21 50 157  8.0  9.9  1.39  5.26  4.41 157 1010.1  18.5  15.7  15.5 99.0 99.00
2017 06 28 22 50 160 10.7 12.2  1.22  5.26  4.21 159 1008.1  18.7  15.6  15.7 99.0 99.00
2017 06 28 23 50 176  9.1 10.4  1.28  4.76  4.31 148 1007.8  19.4  15.7  15.6 99.0 99.00
2017 06 29 00 50 186  6.9  7.7  1.20  5.26  4.23 148 1008.0  18.8  15.6  15.8 99.0 99.00
2017 06 29 01 50 176  4.4  5.4  1.19  5.56  4.51 145 1007.9  18.4  15.5  16.0 99.0 99.00
2017 06 29 02 50 344 11.0 13.5  0.98  5.56  4.16 198 1010.4  17.3  15.4  16.7 99.0 99.00
2017 06 29 03 50 141  5.0  6.1  0.96  5.26  4.10 138 1010.4  16.7  15.3  16.5 99.0 99.00
2017 06 29 04 50 208  3.9  4.5  0.80  5.26  4.05 142 1010.8  16.2  15.3  16.2 99.0 99.00
2017 06 29 05 50 116  7.2  8.6  0.70  4.76  4.01 148 1008.0  16.6  15.4  16.6 99.0 99.00
2017 06 29 06 50 164 10.2 11.9  0.84  4.55  3.71 144 1008.1  16.8  15.4  16.8 99.0 99.00
2017 06 29 07 50 131  6.6  7.3  0.82  4.17  3.69 143 1007.5  17.0  15.5  17.0 99.0 99.00
2017 06 29 08 50 178  5.3  8.4  0.70  5.00  3.56 150 1006.1  18.6  15.5  17.1 99.0 99.00
2017 06 29 09 50 155  9.2 13.6  0.84  3.57  3.42 139 1005.5  18.6  15.5  17.0 99.0 99.00
2017 06 29 10 50 185  8.1  9.2  0.75  3.85  3.40 149 1006.0  18.3  15.5  16.8 99.0 99.00
2017 06 29 11 50 213  8.4 10.2  0.92  4.35  3.68 156 1006.5  18.5  15.5  16.7 99.0 99.00
2017 06 29 12 50 235  9.0 10.3  0.93  4.17  3.67 152 1006.7  19.0  15.5  16.0 99.0 99.00
2017 06 29 13 50 230  6.6  7.4  0.79  4.35  3.51 165 1007.1  18.0  15.6  16.0 99.0 99.00
2017 06 29 14 50 223  7.3  8.1  0.68  4.00  3.48 154 1007.0  18.1  15.5  15.8 99.0 99.00
2017 06 29 15 50 231  6.7  7.5  0.74  4.00  3.61 142 1007.8  17.8  15.4  15.7 99.0 99.00
2017 06 29 16 50 220  6.6  7.5  0.59  3.70  3.42 143 1008.4  17.5  15.3  15.8 99.0 99.00
2017 06 29 17 50 208  5.6  6.6  0.57  4.35  3.61 140 1008.9  17.5  15.2  15.9 99.0 99.00
2017 06 29 18 50 220  5.4  6.1  0.53  4.55  3.76 133 1009.3  17.7  15.1  16.2 99.0 99.00
2017 06 29 19 50 211  5.1  6.0  0.47  4.17  3.61 143 1008.9  17.7  15.1  16.4 99.0 99.00
2017 06 29 20 50 223  4.4  4.8  0.43  4.00  3.51 148 1009.2  17.9  15.2  16.7 99.0 99.00
2017 06 29 21 50 218  3.5  4.0  0.38  3.70  3.40 156 1009.3  17.9  15.3  16.9 99.0 99.00
2017 06 29 23 50 252  6.2  7.2  0.31  3.70  3.19 167 1009.5  19.0  15.3  17.0 99.0 99.00
2017 06 30 00 50 245  5.2  6.1 99.00 99.00 99.00 999 1008.8  17.9  15.3  16.6 99.0 99.00
2017 06 30 01 50 268  5.1  7.0  0.39  3.23  3.03 195 1009.5  18.0  15.3  16.8 99.0 99.00
2017 06 30 02 50 204  3.8  4.4  0.42  3.57  3.21 185 1010.0  17.8  15.4  16.8 99.0 99.00
2017 06 30 03 50 207  3.1  3.5  0.40  3.45  3.21 177 1010.1  17.1  15.4  16.2 99.0 99.00
2017 06 30 04 50 212  5.5  6.2  0.37  3.45  3.14 174 1010.5  17.3  15.3  16.2 99.0 99.00
2017 06 30 05 50 245  5.4  6.0  0.35  3.45  3.07 196 1010.4  17.9  15.3  16.5 99.0 99.00
2017 06 30 06 50 241  5.4  5.9  0.32  3.57  3.05 191 1010.5  17.4  15.4  16.9 99.0 99.00
2017 06 30 07 50 217  4.3  4.6  0.28  3.33  2.92 184 1009.8  16.7  15.4  16.6 99.0 99.00
2017 06 30 08 50 174  2.7  3.4  0.26  3.13  2.81 195 1008.7  16.5  15.4  16.5 99.0 99.00
2017 06 30 09 50 214  5.0  5.7  0.18 99.00  2.73 999 1008.8  16.6  15.2  16.6 99.0 99.00
2017 06 30 10 50 224  5.1  5.6  0.18 99.00  2.59 999 1009.2  17.0  15.2  16.8 99.0 99.00
2017 06 30 11 50 222  4.4  5.2  0.24 99.00  2.75 999 1010.0  16.9  15.3  16.9 99.0 99.00
2017 06 30 12 50 232  4.2  5.0  0.22 99.00  2.83 999 1010.1  17.0  15.3  17.0 99.0 99.00
2017 06 30 13 50 288  2.8  3.1  0.38  3.33  3.28 198 1011.2  16.8  15.4  16.8 99.0 99.00
2017 06 30 14 50 192  2.5  2.8  0.35  3.33  3.27 157 1011.2  16.6  15.4  16.6 99.0 99.00
2017 06 30 15 50 315  1.5  1.6  0.31  3.70  3.27 159 1011.0  16.9  15.7  16.7 99.0 99.00
2017 06 30 16 50 100  2.2  2.6  0.26  3.57  3.17 160 1010.8  16.8  15.9  16.6 99.0 99.00
2017 06 30 17 50 114  3.1  3.6  0.24 99.00  3.13 999 1010.4  17.1  16.0  17.0 99.0 99.00
2017 06 30 18 50 106  3.4  3.8  0.22 99.00  3.15 999 1010.3  17.4  16.0  17.2 99.0 99.00
2017 06 30 19 50 114  4.3  4.7  0.17 99.00  3.02 999 1009.6  17.5  16.0  17.3 99.0 99.00
2017 06 30 20 50 138  3.1  3.5  0.15 99.00  2.93 999 1009.2  17.7  16.2  17.4 99.0 99.00
2017 06 30 21 50 129  3.4  3.8  0.14 99.00  2.94 999 1008.9  17.9  16.3  17.6 99.0 99.00
2017 06 30 22 50 150  2.8  2.9  0.12 99.00  2.87 999 1008.8  18.2  16.5  17.7 99.0 99.00
2017 06 30 23 50 165  2.7  3.2  0.11 99.00  2.74 999 1008.9  18.5  16.8  17.6 99.0 99.00
2017 07 01 00 50 190  1.8  2.3  0.09 99.00  2.64 999 1009.1  18.4  16.6  18.1 99.0 99.00
2017 07 01 01 50 249  2.2  2.5  0.09 99.00  3.09 999 1009.2  18.1  16.6  17.9 99.0 99.00
2017 07 01 02 50 228  3.6  3.9  0.06 99.00  2.69 999 1009.4  17.9  16.4  17.9 99.0 99.00
2017 07 01 03 50 278  2.7  2.8  0.07 99.00  3.35 999 1009.2  17.7  16.1  17.1 99.0 99.00
2017 07 01 04 50 254  3.8  4.1  0.07 99.00  2.83 999 1009.0  17.6  16.1  17.1 99.0 99.00
2017 07 01 05 50 272  3.2  3.4  0.05 99.00  2.69 999 1009.0  17.8  16.2  17.5 99.0 99.00
2017 07 01 06 50 240  3.2  3.6  0.06 99.00  3.07 999 1009.2  17.8  16.2  17.7 99.0 99.00
2017 07 01 07 50 291  4.0  4.8  0.06 99.00  3.22 999 1008.8  18.1  16.1  17.5 99.0 99.00
2017 07 01 08 50 307  4.5  5.1  0.07 99.00  2.38 999 1008.4  17.6  16.0  16.9 99.0 99.00
2017 07 01 09 50 307  4.2  4.7  0.13 99.00  2.47 999 1009.3  17.3  15.9  16.3 99.0 99.00
2017 07 01 10 50 285  4.3  4.9  0.15 99.00  2.55 999 1010.0  17.2  15.8  16.1 99.0 99.00
2017 07 01 11 50 307  4.7  5.4  0.20 99.00  2.65 999 1010.8  17.2  15.7  15.9 99.0 99.00
2017 07 01 12 50 297  4.2  4.8  0.22 99.00  2.76 999 1011.7  16.9  15.7  16.0 99.0 99.00
2017 07 01 13 50 320  4.2  5.4  0.23 99.00  2.76 999 1012.6  16.7  15.7  15.8 99.0 99.00
2017 07 01 14 50 330  3.1  3.9  0.22 99.00  2.70 999 1013.1  16.4  15.8  15.8 99.0 99.00
2017 07 01 15 50 287  2.2  2.6  0.22 99.00  2.65 999 1013.3  16.4  16.1  16.0 99.0 99.00
2017 07 01 16 50 286  1.7  2.0  0.21 99.00  2.62 999 1013.6  16.8  16.7  16.4 99.0 99.00
2017 07 01 17 50 253  2.3  2.7  0.20 99.00  2.67 999 1013.6  17.4  17.5  16.7 99.0 99.00
2017 07 01 18 50 152  2.2  2.8  0.19 99.00  2.69 999 1013.6  18.0  18.1  16.8 99.0 99.00
2017 07 01 19 50 137  4.3  4.9  0.14 99.00  2.60 999 1013.2  18.2  17.8  17.3 99.0 99.00
2017 07 01 20 50 132  3.0  3.5  0.11 99.00  2.57 999 1013.0  18.4  17.6  17.3 99.0 99.00
2017 07 01 21 50 165  4.2  5.0  0.13 99.00  2.82 999 1012.7  18.5  17.4  17.4 99.0 99.00
2017 07 01 22 50 174  4.7  5.4  0.11 99.00  2.70 999 1012.7  18.5  17.2  17.6 99.0 99.00
2017 07 01 23 50 202  4.6  5.3  0.12 99.00  2.41 999 1012.7  18.7  17.1  17.0 99.0 99.00
2017 07 02 00 50 260  4.4  5.0  0.13 99.00  2.54 999 1013.0  19.2  16.9  16.2 99.0 99.00
2017 07 02 01 50 282  3.9  4.5  0.15 99.00  2.68 999 1013.6  19.1  16.8  15.3 99.0 99.00
2017 07 02 02 50 280  5.1  5.5  0.15 99.00  2.60 999 1014.4  19.3  16.7  15.1 99.0 99.00
2017 07 02 03 50 283  4.3  5.0  0.18 99.00  2.62 999 1014.8  18.7  16.6  15.3 99.0 99.00
2017 07 02 04 50 283  4.8  5.3  0.24 99.00  2.82 999 1015.2  18.7  16.4  15.1 99.0 99.00
2017 07 02 05 50 283  4.0  4.5  0.23 99.00  2.90 999 1015.2  18.1  16.3  15.4 99.0 99.00
2017 07 02 06 50 281  4.4  4.8  0.21 99.00  2.75 999 1015.1  18.0  16.3  15.1 99.0 99.00
2017 07 02 07 50 280  4.6  5.1  0.17 99.00  2.71 999 1015.0  17.8  16.3  15.1 99.0 99.00
2017 07 02 08 50 288  4.7  5.3  0.17 99.00  2.53 999 1014.9  17.6  16.3  15.1 99.0 99.00
2017 07 02 09 50 293  3.9  4.4  0.17 99.00  2.51 999 1015.2  17.2  16.2  15.3 99.0 99.00
2017 07 02 10 50 285  4.4  4.9  0.18 99.00  2.54 999 1015.9  17.2  16.3  15.5 99.0 99.00
2017 07 02 11 50 284  3.5  3.9  0.19 99.00  2.55 999 1016.5  17.2  16.3  15.3 99.0 99.00
2017 07 02 12 50 287  3.5  3.9  0.19 99.00  2.58 999 1016.9  17.3  16.3  15.4 99.0 99.00
2017 07 02 13 50 270  3.3  3.7  0.21 99.00  2.64 999 1017.0  17.4  16.3  15.4 99.0 99.00
2017 07 02 14 50 231  4.1  4.7  0.19 99.00  2.67 999 1017.2  17.3  16.5  15.9 99.0 99.00
2017 07 02 15 50 219  3.6  4.1  0.17 99.00  2.65 999 1017.5  17.5  16.6  15.8 99.0 99.00
2017 07 02 16 50 195  4.8  5.5  0.18 99.00  2.70 999 1017.0  17.8  16.7  15.7 99.0 99.00
2017 07 02 17 50 174  4.8  5.5  0.19 99.00  2.60 999 1016.7  18.5  16.9  15.3 99.0 99.00
2017 07 02 18 50 148  3.7  4.0  0.20 99.00  2.63 999 1016.7  18.8  17.1  15.7 99.0 99.00
2017 07 02 19 50  48  3.6  5.4  0.19 99.00  2.66 999 1017.6  19.2  17.1  15.5 99.0 99.00
2017 07 02 20 50 106  5.7  7.5  0.20 99.00  2.55 999 1016.4  18.4  17.0  15.9 99.0 99.00
2017 07 02 21 50 122  6.7  7.9  0.23 99.00  2.55 999 1015.2  18.3  16.9  16.4 99.0 99.00
2017 07 02 22 50 174  5.2  6.8  0.27  2.86  2.65 141 1015.2  18.4  16.7  16.3 99.0 99.00
2017 07 02 23 50  51  1.8  3.4  0.30  2.86  2.76 129 1015.4  18.7  16.7  16.1 99.0 99.00
2017 07 03 00 50  46  2.5  3.1  0.36  2.86  2.80 144 1015.5  18.6  16.7  16.2 99.0 99.00
2017 07 03 01 50  79  3.0  3.4  0.29  2.94  2.84 170 1015.8  17.8  16.7  16.7 99.0 99.00
2017 07 03 02 50 104  2.3  3.1  0.27  2.86  2.75 151 1016.4  18.1  16.8  16.9 99.0 99.00
2017 07 03 03 50  96  3.4  4.0  0.22 99.00  2.73 999 1016.3  18.4  16.8  17.1 99.0 99.00
2017 07 03 04 50  63  4.4  5.0 99.00 99.00 99.00 999 1016.6  17.6  16.8  17.1 99.0 99.00
2017 07 03 05 50  50  4.0  4.8  0.19 99.00  2.69 999 1016.5  17.5  16.8  17.1 99.0 99.00
2017 07 03 06 50  67  4.1  4.6  0.25  3.33  2.86 156 1016.2  17.8  16.7  17.0 99.0 99.00
2017 07 03 07 50  72  3.6  3.9  0.31  3.70  3.18 154 1016.5  17.9  16.7  16.8 99.0 99.00
2017 07 03 08 50  64  2.6  3.0  0.29  3.85  3.14 153 1016.7  17.6  16.7  17.1 99.0 99.00
2017 07 03 09 50  18  2.6  3.0  0.26  3.85  3.08 155 1017.1  17.4  16.7  17.1 99.0 99.00
2017 07 03 10 50  42  3.6  4.0  0.20 99.00  2.95 999 1017.2  17.2  16.7  17.0 99.0 99.00
2017 07 03 11 50  34  3.8  4.4  0.19 99.00  2.81 999 1017.7  17.3  16.7  16.8 99.0 99.00
2017 07 03 12 50  45  4.6  5.6  0.18 99.00  2.63 999 1018.3  17.6  16.7  16.9 99.0 99.00
2017 07 03 13 50  45  5.1  5.9  0.23 99.00  2.58 999 1018.8  17.7  16.8  16.5 99.0 99.00
2017 07 03 14 50  40  5.2  5.9  0.32  2.74  2.68  70 1019.2  17.5  16.8  16.5 99.0 99.00
2017 07 03 15 50  41  3.9  4.5  0.33  2.86  2.79  69 1019.1  17.7  17.0  16.7 99.0 99.00
2017 07 03 16 50  32  4.1  4.9  0.29  2.94  2.77  62 1019.0  17.8  17.1  16.8 99.0 99.00
2017 07 03 17 50  23  4.9  5.6  0.26  2.86  2.72  82 1018.8  18.2  17.2  16.7 99.0 99.00
2017 07 03 18 50  20  3.8  4.1  0.28  2.94  2.84  82 1018.8  18.2  17.3  16.7 99.0 99.00
2017 07 03 19 50  16  2.6  3.1  0.23 99.00  2.78 999 1018.7  18.3  17.6  16.6 99.0 99.00
2017 07 03 20 50  10  4.2  4.8  0.20 99.00  2.75 999 1018.4  18.5  17.8  16.4 99.0 99.00
2017 07 03 21 50  16  5.6  6.7  0.21 99.00  2.69 999 1017.8  18.6  17.7  15.6 99.0 99.00
2017 07 03 22 50  15  5.7  6.4  0.29  2.74  2.68  49 1018.1  18.6  17.6  15.3 99.0 99.00
2017 07 03 23 50  14  6.3  7.2  0.37  3.03  2.87  42 1018.2  18.5  17.5  14.7 99.0 99.00
2017 07 04 00 50  14  6.3  7.3  0.43  3.23  3.03  39 1017.9  18.2  17.4  14.7 99.0 99.00
2017 07 04 01 50  18  7.0  8.4  0.48  3.23  3.00  39 1018.1  18.1  17.3  14.5 99.0 99.00
2017 07 04 02 50  26  5.5  6.2  0.53  3.45  3.14  37 1018.3  18.1  17.2  14.6 99.0 99.00
2017 07 04 03 50  21  4.7  5.4  0.56  3.70  3.41  46 1018.4  18.1  17.2  15.0 99.0 99.00
2017 07 04 04 50  27  5.0  5.6  0.49  3.70  3.32  37 1018.3  18.3  17.1  15.4 99.0 99.00
2017 07 04 05 50  36  4.7  5.4  0.46  3.70  3.26  40 1018.1  18.0  17.1  16.1 99.0 99.00
2017 07 04 06 50  48  3.7  4.3  0.40  3.45  3.19  26 1018.3  18.1  17.1  16.9 99.0 99.00
2017 07 04 07 50  58  3.4  3.7  0.33  3.85  3.13  10 1018.2  18.4  17.0  16.8 99.0 99.00
2017 07 04 08 50  65  3.8  4.3  0.27  4.17  3.09 355 1018.0  18.7  17.1  16.6 99.0 99.00
2017 07 04 09 50  69  3.5  3.9  0.21 99.00  3.12 999 1018.4  18.5  17.2  16.4 99.0 99.00
2017 07 04 10 50  67  4.2  4.8  0.18 99.00  3.06 999 1018.8  18.5  17.2  17.0 99.0 99.00
2017 07 04 11 50  66  4.2  4.7  0.19 99.00  2.79 999 1019.5  18.4  17.1  16.9 99.0 99.00
2017 07 04 12 50  69  4.4  4.9  0.28  3.03  2.89  70 1019.6  18.4  17.2  16.8 99.0 99.00
2017 07 04 13 50  62  4.1  4.9  0.31  3.45  3.00  82 1019.8  18.5  17.5  17.1 99.0 99.00
2017 07 04 14 50  70  4.3  4.9  0.33  3.45  3.14  93 1019.8  18.8  17.6  17.3 99.0 99.00
2017 07 04 15 50  52  3.8  4.4  0.33  3.45  3.17  90 1019.8  18.5  17.8  17.4 99.0 99.00
2017 07 04 16 50  50  3.3  3.6  0.33  3.45  3.12  96 1020.1  19.0  18.0  17.3 99.0 99.00
2017 07 04 17 50  39  3.2  3.6  0.31  3.33  3.07  95 1020.0  19.1  18.2  17.5 99.0 99.00
2017 07 04 18 50  38  2.7  3.2  0.29  3.23  3.05 100 1019.8  19.5  18.4  17.4 99.0 99.00
2017 07 04 19 50  29  3.0  3.6  0.24 99.00  2.93 999 1019.9  19.7  18.7  17.8 99.0 99.00
2017 07 04 20 50  26  3.1  3.7  0.21 99.00  2.90 999 1019.4  19.9  18.8  18.1 99.0 99.00
2017 07 04 21 50  32  3.7  4.1  0.18 99.00  2.85 999 1018.6  20.2  18.9  18.1 99.0 99.00
2017 07 04 22 50  31  3.5  4.0  0.15 99.00  2.74 999 1018.4  20.2  18.9  18.0 99.0 99.00
2017 07 04 23 50  29  4.8  5.3  0.11 99.00  2.73 999 1018.7  19.9  18.9  18.3 99.0 99.00
2017 07 05 00 50  32  5.2  5.8  0.15 99.00  2.47 999 1018.8  19.7  18.8  17.7 99.0 99.00
2017 07 05 01 50  30  5.4  6.0  0.22 99.00  2.49 999 1019.1  19.6  18.6  17.2 99.0 99.00
2017 07 05 02 50  35  4.3  4.8  0.28  2.74  2.66  37 1019.5  19.5  18.5  17.1 99.0 99.00
2017 07 05 03 50  42  3.0  3.5  0.26  2.86  2.84  32 1019.6  19.5  18.4  17.7 99.0 99.00
2017 07 05 04 50  53  2.7  3.1  0.26  3.13  2.88  24 1019.4  19.5  18.3  17.9 99.0 99.00
2017 07 05 05 50  74  2.7  3.0  0.25  3.23  2.99  14 1019.2  19.4  18.2  18.1 99.0 99.00
2017 07 05 06 50  85  2.6  3.0  0.23 99.00  3.01 999 1019.5  19.6  18.4  18.3 99.0 99.00
2017 07 05 07 50 113  3.3  3.6  0.18 99.00  3.07 999 1019.3  19.9  18.4  18.3 99.0 99.00
2017 07 05 08 50 129  2.7  3.1  0.18 99.00  3.10 999 1019.7  19.5  18.4  18.3 99.0 99.00
2017 07 05 09 50 128  2.7  3.1  0.13 99.00  2.97 999 1020.2  19.5  18.4  18.0 99.0 99.00
2017 07 05 10 50 134  2.4  2.7  0.12 99.00  2.97 999 1020.6  19.4  18.4  17.6 99.0 99.00
2017 07 05 11 50 140  3.6  4.0  0.10 99.00  2.88 999 1020.4  19.6  18.4  16.9 99.0 99.00
2017 07 05 12 50 144  3.6  4.4  0.09 99.00  2.72 999 1020.4  19.8  18.5  16.0 99.0 99.00
2017 07 05 13 50 153  3.7  4.4  0.11 99.00  2.51 999 1020.4  19.7  18.5  15.9 99.0 99.00
2017 07 05 14 50 159  4.0  4.4  0.17 99.00  2.64 999 1020.4  19.7  18.6  16.1 99.0 99.00
2017 07 05 15 50 173  3.6  4.3  0.18 99.00  2.69 999 1020.5  19.7  18.7  16.2 99.0 99.00
2017 07 05 16 50 165  1.7  1.9  0.20 99.00  2.78 999 1020.5  19.8  19.0  16.8 99.0 99.00
2017 07 05 17 50 129  1.4  1.7  0.19 99.00  2.81 999 1020.0  20.3  19.7  17.1 99.0 99.00
2017 07 05 18 50 115  1.3  1.5  0.23 99.00  3.02 999 1019.5  21.0  20.0  16.9 99.0 99.00
2017 07 05 19 50 176  0.0  0.2  0.22 99.00  3.04 999 1019.6  22.7  19.8  16.4 99.0 99.00
2017 07 05 20 50 147  1.6  2.1  0.20 99.00  2.98 999 1019.3  22.7  21.3  15.4 99.0 99.00
2017 07 05 21 50 100  1.5  1.7  0.15 99.00  2.88 999 1018.9  22.7  21.7  17.3 99.0 99.00
2017 07 05 22 50  74  1.6  1.9  0.13 99.00  2.79 999 1018.2  22.5  21.6  18.6 99.0 99.00
2017 07 05 23 50 133  3.2  3.5  0.11 99.00  2.69 999 1017.5  22.6  21.2  17.8 99.0 99.00
2017 07 06 00 50 157  2.7  2.9  0.10 99.00  2.62 999 1017.6  22.1  20.6  18.3 99.0 99.00
2017 07 06 01 50 151  3.5  3.9  0.08 99.00  2.72 999 1017.2  21.8  20.5  18.8 99.0 99.00
2017 07 06 02 50 169  3.0  3.3  0.07 99.00  2.80 999 1017.0  21.8  20.4  18.0 99.0 99.00
2017 07 06 03 50 154  2.3  2.7  0.07 99.00  2.78 999 1016.7  21.4  20.2  18.2 99.0 99.00
2017 07 06 04 50 171  2.2  2.4  0.06 99.00  2.73 999 1016.9  21.3  20.2  18.6 99.0 99.00
2017 07 06 05 50 296  1.1  1.7  0.07 99.00  2.82 999 1016.7  20.7  20.0  19.1 99.0 99.00
2017 07 06 06 50 251  0.9  1.1  0.06 99.00  2.84 999 1016.5  20.8  20.2  18.5 99.0 99.00
2017 07 06 07 50  86  0.9  1.1  0.08 99.00  3.21 999 1016.3  20.5  19.9  18.7 99.0 99.00
2017 07 06 08 50 151  1.1  1.2  0.05 99.00  2.76 999 1015.9  20.7  19.5  18.5 99.0 99.00
2017 07 06 09 50 206  1.1  1.8  0.05 99.00  2.74 999 1016.4  20.6  20.0  18.6 99.0 99.00
2017 07 06 10 50 147  1.9  2.1  0.04 99.00  2.74 999 1016.6  20.3  19.9  19.1 99.0 99.00
2017 07 06 11 50 191  2.0  2.2  0.04 99.00  2.86 999 1016.2  20.6  19.8  19.3 99.0 99.00
2017 07 06 12 50 241  2.4  2.7  0.05 99.00  3.19 999 1016.0  20.5  19.6  19.2 99.0 99.00
2017 07 06 13 50 227  2.6  3.0  0.03 99.00  2.86 999 1016.6  20.4  19.8  19.4 99.0 99.00
2017 07 06 14 50 243  1.8  2.1  0.04 99.00  4.48 999 1016.6  20.6  20.1  19.7 99.0 99.00
2017 07 06 15 50 180  2.4  3.0  0.05 99.00  4.61 999 1015.2  20.9  20.7  20.0 99.0 99.00
2017 07 06 16 50 185  3.8  4.3  0.05 99.00  2.88 999 1014.9  21.0  20.8  20.3 99.0 99.00
2017 07 06 17 50 189  3.5  4.3  0.03 99.00  2.91 999 1014.9  21.3  21.0  20.1 99.0 99.00
2017 07 06 18 50 176  4.2  4.7  0.05 99.00  5.15 999 1014.9  21.7  20.9  20.4 99.0 99.00
2017 07 06 19 50 170  4.3  4.7  0.05 99.00  3.71 999 1013.9  22.0  20.9  20.2 99.0 99.00
2017 07 06 20 50 175  6.0  7.2  0.05 99.00  2.75 999 1012.8  22.1  20.9  20.3 99.0 99.00
2017 07 06 21 50 185  5.0  5.6  0.22 99.00  2.31 999 1012.7  22.2  20.6  19.9 99.0 99.00
2017 07 06 22 50 200  5.3  5.9  0.20 99.00  2.40 999 1012.2  22.3  20.7  19.9 99.0 99.00
2017 07 06 23 50 213  4.7  5.2  0.19 99.00  2.46 999 1011.8  22.3  20.4  20.1 99.0 99.00
2017 07 07 00 50 231  4.3  5.1  0.16 99.00  2.54 999 1011.7  22.1  20.2  19.9 99.0 99.00
2017 07 07 01 50 223  4.3  4.8  0.15 99.00  2.57 999 1011.0  22.2  20.3  19.8 99.0 99.00
2017 07 07 02 50 241  3.5  4.1  0.12 99.00  2.53 999 1011.6  21.8  20.0  19.4 99.0 99.00
2017 07 07 03 50 256  5.0  5.5  0.14 99.00  2.71 999 1011.4  22.6  19.9  20.0 99.0 99.00
2017 07 07 04 50 259  4.4  4.8  0.14 99.00  2.64 999 1011.3  22.2  19.8  20.2 99.0 99.00
2017 07 07 05 50 254  5.9  7.2  0.13 99.00  2.60 999 1010.1  22.6  19.6  20.4 99.0 99.00
2017 07 07 06 50 306  6.0  8.0  0.23 99.00  2.59 999 1010.7  22.5  19.4  17.6 99.0 99.00
2017 07 07 07 50  26  7.3 11.2  0.31  3.03  2.73 300 1010.6  21.5  19.3  17.5 99.0 99.00
2017 07 07 08 50  69  4.7  5.7  0.29  2.86  2.62 277 1010.4  19.7  19.1  18.2 99.0 99.00
2017 07 07 09 50  80  3.5  4.0  0.32  2.74  2.74 342 1011.0  19.6  19.1  18.4 99.0 99.00
2017 07 07 10 50 139  3.4  3.9  0.50  3.57  3.35 331 1011.0  19.6  19.1  18.8 99.0 99.00
2017 07 07 11 50 146  3.0  3.5  0.55  3.57  3.59 277 1010.5  20.2  19.1  19.0 99.0 99.00
2017 07 07 12 50 193  3.4  4.3  0.53  4.35  3.65 355 1010.5  20.3  19.2  19.2 99.0 99.00
2017 07 07 13 50 229  3.6  4.5  0.41  4.17  3.39 357 1010.4  20.6  19.3  18.7 99.0 99.00
2017 07 07 14 50 293  3.1  3.6  0.39  4.76  3.53 343 1010.6  20.1  19.5  19.2 99.0 99.00
2017 07 07 15 50 278  2.6  3.1  0.40  4.55  3.51 348 1011.0  20.4  19.8  18.5 99.0 99.00
2017 07 07 16 50 356  6.0  7.5  0.31  3.45  3.35  67 1010.8  20.0  19.9  18.1 99.0 99.00
2017 07 07 17 50  10  7.2  8.9  0.34  3.45  2.84  56 1011.0  19.2  19.8  17.9 99.0 99.00
2017 07 07 18 50  12  7.0  8.0  0.50  3.23  3.08  25 1011.1  18.9  19.7  17.9 99.0 99.00
2017 07 07 19 50  15  8.2  9.5  0.65  3.70  3.17  27 1011.0  18.5  19.5  17.5 99.0 99.00
2017 07 07 20 50   8  6.4  8.2  0.66  3.85  3.31  25 1011.3  18.9  19.5  17.1 99.0 99.00
2017 07 07 21 50   5  7.9  9.3  0.71  3.57  3.34  13 1011.0  18.7  19.4  16.8 99.0 99.00
2017 07 07 22 50   2  5.6  6.5  0.78  4.35  3.64   9 1010.8  18.8  19.2  16.7 99.0 99.00
2017 07 07 23 50 358  7.7  8.7  0.88  5.00  3.86  27 1011.1  19.0  19.2  16.6 99.0 99.00
2017 07 08 00 50   6  7.1  8.5  0.85  5.26  3.94  30 1011.2  19.1  19.1  16.8 99.0 99.00
2017 07 08 01 50   7 11.3 13.4  1.00  5.00  3.85  28 1013.0  18.8  18.8  15.9 99.0 99.00
2017 07 08 02 50  15  5.3  6.3  1.08  5.26  4.10  22 1012.8  19.0  18.6  14.7 99.0 99.00
2017 07 08 03 50 351  3.3  4.0  1.01  5.56  4.31  23 1012.7  18.5  18.6  16.1 99.0 99.00
2017 07 08 04 50 351  5.8  6.7  0.89  5.56  4.38  37 1012.7  18.3  18.6  16.0 99.0 99.00
2017 07 08 05 50 347  6.3  7.7  0.82  5.56  4.33  43 1012.9  18.4  18.6  15.8 99.0 99.00
2017 07 08 06 50 358  7.6  9.0  0.73  4.55  3.95  37 1013.4  18.1  18.7  14.7 99.0 99.00
2017 07 08 07 50   6  8.4 10.2  0.79  4.55  3.82  39 1013.5  17.7  18.7  14.6 99.0 99.00
2017 07 08 08 50   7  8.2  9.5  0.95  4.76  4.06  30 1013.9  17.4  18.7  14.3 99.0 99.00
2017 07 08 09 50  10  7.3  8.6  1.05  5.00  4.15  34 1014.5  17.2  18.7  14.1 99.0 99.00
2017 07 08 10 50  12  7.2  8.7  0.99  5.00  4.05  28 1014.7  17.4  18.8  13.6 99.0 99.00
2017 07 08 11 50   8  6.7  8.0  0.98  5.26  4.07  33 1015.5  17.4  18.8  13.3 99.0 99.00
2017 07 08 12 50   5  5.8  6.6  0.92  5.26  4.06  35 1016.0  17.2  18.8  13.3 99.0 99.00
2017 07 08 13 50   4  5.3  6.1  0.89  5.26  3.98  30 1016.8  17.2  18.7  13.0 99.0 99.00
2017 07 08 14 50 353  5.8  6.8  0.81  5.26  4.00  33 1017.1  17.3  18.8  12.6 99.0 99.00
2017 07 08 15 50 339  6.0  6.9  0.81  5.56  3.94  33 1017.5  17.4  18.7  13.0 99.0 99.00
2017 07 08 16 50 346  5.3  6.0  0.71  5.26  3.88  32 1017.7  17.5  18.8  13.0 99.0 99.00
2017 07 08 17 50 333  4.9  5.5  0.70  5.56  3.86  32 1017.9  17.7  18.8  12.9 99.0 99.00
2017 07 08 18 50 328  5.2  6.0  0.68  5.56  3.93  40 1017.8  18.0  18.9  13.2 99.0 99.00
2017 07 08 19 50 321  4.3  5.0  0.60  5.56  3.83  33 1017.6  18.4  19.0  12.8 99.0 99.00
2017 07 08 20 50 321  3.1  3.9  0.57  5.56  4.01  43 1017.4  18.9  19.0  11.2 99.0 99.00
2017 07 08 21 50 334  1.0  1.4  0.48  5.56  3.90  39 1017.1  19.3  19.1  10.3 99.0 99.00
2017 07 08 22 50 230  1.0  1.5  0.44  5.26  3.83   8 1016.7  19.6  19.4  10.6 99.0 99.00
2017 07 08 23 50 213  2.6  3.3  0.39  5.26  3.90 340 1016.7  19.6  19.4  12.0 99.0 99.00
2017 07 09 00 50 220  3.9  4.5  0.34  5.56  4.00 329 1016.7  19.5  19.3  12.3 99.0 99.00
2017 07 09 01 50 204  3.4  3.9  0.30  5.26  3.97 334 1016.7  19.3  19.2  13.9 99.0 99.00
2017 07 09 02 50 221  3.3  3.7  0.26  5.26  3.96 332 1017.0  19.3  19.2  15.4 99.0 99.00
2017 07 09 03 50 229  3.8  4.5  0.24 99.00  4.07 999 1017.1  19.3  19.2  15.8 99.0 99.00
2017 07 09 04 50 227  5.3  6.1  0.20 99.00  3.85 999 1017.0  19.5  19.1  15.8 99.0 99.00
2017 07 09 05 50 238  5.3  6.2  0.25 99.00  2.73 999 1016.8  19.5  19.1  16.6 99.0 99.00
2017 07 09 06 50 247  5.7  6.4  0.25  2.60  2.71 196 1016.6  19.8  19.1  16.2 99.0 99.00
2017 07 09 07 50 245  5.7  6.4  0.33  2.60  2.76 203 1016.4  19.8  19.1  16.8 99.0 99.00
2017 07 09 08 50 248  5.7  6.7  0.31  2.94  2.84 198 1016.5  19.8  19.1  16.4 99.0 99.00
2017 07 09 09 50 259  5.2  6.3  0.33  3.13  2.96 218 1016.2  19.5  19.0  16.7 99.0 99.00
2017 07 09 10 50 262  5.5  6.2  0.44  3.45  3.10 225 1016.4  19.6  19.0  16.2 99.0 99.00
2017 07 09 11 50 266  5.8  7.0  0.39  3.33  3.03 208 1016.7  19.7  18.9  15.7 99.0 99.00
2017 07 09 12 50 270  5.7  6.5  0.39  3.45  3.03 203 1017.0  19.5  18.9  16.0 99.0 99.00
2017 07 09 13 50 270  5.1  6.3  0.43  3.33  3.21 222 1017.2  19.6  19.0  15.7 99.0 99.00
2017 07 09 14 50 254  5.3  6.4  0.59  3.57  3.49 215 1017.0  19.7  19.0  15.7 99.0 99.00
2017 07 09 15 50 235  5.4  6.3  0.49  4.00  3.34 196 1016.9  19.8  19.1  16.2 99.0 99.00
2017 07 09 16 50 225  5.1  5.6  0.51  4.00  3.39 184 1016.9  20.2  19.2  16.7 99.0 99.00
2017 07 09 17 50 205  5.5  6.3  0.42  4.00  3.25 185 1016.3  20.6  19.3  16.8 99.0 99.00
2017 07 09 18 50 193  5.6  6.6  0.40  3.70  3.09 174 1015.8  20.6  19.4  17.3 99.0 99.00
2017 07 09 19 50 179  5.4  6.2  0.37  3.70  2.97 172 1015.3  20.8  19.5  17.7 99.0 99.00
2017 07 09 20 50 182  5.1  5.8  0.37  3.57  2.99 162 1015.0  21.3  19.6  17.2 99.0 99.00
2017 07 09 21 50 182  6.4  7.1  0.30  3.57  3.00 155 1014.1  21.6  19.7  16.9 99.0 99.00
2017 07 09 22 50 168  5.8  6.4  0.33  2.86  2.83 151 1013.3  21.8  19.7  16.4 99.0 99.00
2017 07 09 23 50 158  4.9  5.5  0.37  3.33  2.87 146 1013.1  21.8  19.7  16.4 99.0 99.00
2017 07 10 00 50 160  4.9  5.6  0.32  2.94  2.89 156 1012.7  21.5  19.6  17.6 99.0 99.00
2017 07 10 01 50 162  5.2  6.2  0.32  3.03  2.86 155 1012.5  21.5  19.6  18.7 99.0 99.00
2017 07 10 02 50 157  5.1  5.8  0.30  3.13  2.84 156 1012.9  21.5  19.6  18.9 99.0 99.00
2017 07 10 03 50 147  5.5  6.3  0.33  3.33  3.00 152 1012.3  21.6  19.6  18.4 99.0 99.00
2017 07 10 04 50 155  6.9  8.2  0.35  3.23  3.03 150 1011.4  21.6  19.5  18.3 99.0 99.00
2017 07 10 05 50 151  5.8  6.4  0.53  3.57  3.23 146 1011.2  21.2  19.5  19.0 99.0 99.00
2017 07 10 06 50 165  6.0  6.8  0.48  3.57  3.20 142 1010.5  21.1  19.5  19.4 99.0 99.00
2017 07 10 07 50 163  5.5  6.3  0.44  3.70  3.18 143 1010.0  21.1  19.5  19.7 99.0 99.00
2017 07 10 08 50 277  7.1  9.3  0.40  3.57  3.17 142 1010.2  21.6  19.5  20.1 99.0 99.00
2017 07 10 09 50 299  9.4 11.3  0.41  3.45  2.94 195 1010.7  22.0  19.5  16.6 99.0 99.00
2017 07 10 10 50 331  4.4  5.0  0.48  3.13  3.00 221 1011.4  19.5  19.4  18.1 99.0 99.00
2017 07 10 11 50 304  2.1  2.6  0.67  4.35  3.76 282 1011.7  19.5  19.4  18.9 99.0 99.00
2017 07 10 12 50  90  3.4  8.1  0.43  4.17  3.43 238 1009.0  19.7  19.4  18.6 99.0 99.00
2017 07 10 13 50 131  3.5  4.0  0.34  3.57  3.29 188 1008.7  19.5  19.4  18.7 99.0 99.00
2017 07 10 14 50 130  9.4 11.2  0.36  3.70  2.88 146 1009.3  19.8  19.4  19.0 99.0 99.00
2017 07 10 15 50 156  7.9  9.2  0.64  3.45  3.15 133 1009.9  19.9  19.4  18.9 99.0 99.00
2017 07 10 16 50 170  8.4  9.8  0.73  3.70  3.37 132 1010.1  20.2  19.5  19.0 99.0 99.00
2017 07 10 17 50 160  7.2  8.6  0.74  4.00  3.46 113 1010.4  20.3  19.5  19.2 99.0 99.00
2017 07 10 18 50 134  4.5  6.1  0.64  3.85  3.43 104 1010.1  20.5  19.6  19.4 99.0 99.00
2017 07 10 19 50 139  3.8  4.2  0.52  3.85  3.39  98 1010.0  20.6  19.9  19.7 99.0 99.00
2017 07 10 20 50 165  3.5  4.3  0.41  3.70  3.20 101 1010.0  20.9  20.0  19.8 99.0 99.00
2017 07 10 21 50 160  3.3  3.9  0.35  3.45  3.13 100 1009.9  21.1  20.1  19.5 99.0 99.00
2017 07 10 22 50 157  2.7  3.2  0.30  3.45  3.02 110 1009.9  21.1  20.2  19.4 99.0 99.00
2017 07 10 23 50 146  2.5  2.8  0.26  3.23  3.00 116 1009.8  21.5  20.2  19.2 99.0 99.00
2017 07 11 00 50 162  2.4  2.7  0.21 99.00  2.95 999 1009.4  21.1  20.1  19.5 99.0 99.00
2017 07 11 01 50 150  1.7  1.9  0.20 99.00  2.96 999 1009.3  21.0  20.0  19.6 99.0 99.00
2017 07 11 02 50  89  0.4  0.6  0.15 99.00  2.80 999 1010.1  21.2  19.9  19.4 99.0 99.00
2017 07 11 03 50 176  0.0  0.2  0.13 99.00  2.97 999 1010.4  20.4  19.9  19.7 99.0 99.00
2017 07 11 04 50  33  1.7  2.1  0.12 99.00  2.85 999 1010.3  20.6  19.8  19.4 99.0 99.00
2017 07 11 05 50  39  3.2  3.7  0.10 99.00  2.99 999 1010.3  20.2  19.8  19.7 99.0 99.00
2017 07 11 06 50  59  2.4  2.9  0.08 99.00  2.97 999 1010.8  20.2  19.7  19.7 99.0 99.00
2017 07 11 07 50  44  3.8  4.3  0.08 99.00  3.18 999 1010.3  20.1  19.7  19.5 99.0 99.00
2017 07 11 08 50  51  3.2  3.7  0.07 99.00  3.26 999 1010.2  20.1  19.7  19.3 99.0 99.00
2017 07 11 09 50  33  1.0  1.3  0.06 99.00  3.23 999 1010.8  19.9  19.7  19.2 99.0 99.00
2017 07 11 10 50   6  3.1  3.5  0.05 99.00  3.14 999 1011.0  19.8  19.7  19.2 99.0 99.00
2017 07 11 11 50  21  2.8  3.5  0.04 99.00  2.88 999 1010.9  20.0  19.8  19.0 99.0 99.00
2017 07 11 12 50  34  1.7  2.3  0.04 99.00  2.84 999 1011.6  20.2  19.8  19.2 99.0 99.00
2017 07 11 13 50  23  2.6  3.0  0.04 99.00  2.86 999 1011.6  20.3  20.0  19.1 99.0 99.00
2017 07 11 14 50  51  1.7  2.1  0.04 99.00  3.66 999 1011.8  20.6  20.3  19.5 99.0 99.00
2017 07 11 15 50   8  1.5  1.7  0.05 99.00  3.63 999 1012.0  20.5  20.6  19.6 99.0 99.00
2017 07 11 16 50  19  1.9  2.4  0.03 99.00  3.03 999 1011.7  20.6  20.7  19.5 99.0 99.00
2017 07 11 17 50  64  1.0  1.2  0.04 99.00  3.21 999 1012.1  21.2  20.9  19.5 99.0 99.00
2017 07 11 18 50 127  1.2  1.7  0.06 99.00  4.69 999 1012.6  21.5  22.4  19.5 99.0 99.00
2017 07 11 19 50 131  0.5  0.9  0.03 99.00  3.04 999 1012.0  22.2  23.8  19.1 99.0 99.00
2017 07 11 20 50 256  2.1  2.6  0.05 99.00  2.60 999 1012.1  22.3  22.5  19.5 99.0 99.00
2017 07 11 21 50 314  2.5  2.8  0.06 99.00  3.74 999 1011.9  22.2  22.2  19.9 99.0 99.00
2017 07 11 22 50 350  1.4  1.6  0.06 99.00  3.43 999 1012.0  21.9  21.8  20.3 99.0 99.00
2017 07 11 23 50 174  0.9  1.0  0.06 99.00  3.20 999 1011.9  21.8  21.7  20.8 99.0 99.00
2017 07 12 00 50 128  1.9  2.2  0.05 99.00  3.35 999 1011.6  21.7  21.7  21.0 99.0 99.00
2017 07 12 01 50 149  3.3  3.6  0.05 99.00  3.41 999 1011.5  21.9  21.7  21.3 99.0 99.00
2017 07 12 02 50 132  4.1  4.5  0.04 99.00  2.96 999 1011.9  22.0  21.6  21.7 99.0 99.00
2017 07 12 03 50 105  4.1  4.6  0.04 99.00  2.99 999 1011.9  22.0  21.3  22.0 99.0 99.00
2017 07 12 04 50 140  5.2  6.7  0.05 99.00  2.56 999 1012.7  22.0  20.8  22.0 99.0 99.00
2017 07 12 05 50 155  4.1  4.7  0.07 99.00  2.33 999 1012.0  22.0  20.5  21.7 99.0 99.00
2017 07 12 06 50 216  5.4  6.4  0.10 99.00  2.58 999 1011.9  22.0  20.4  20.5 99.0 99.00
2017 07 12 07 50 275  4.9  6.6  0.11 99.00  2.46 999 1012.1  21.5  20.4  19.7 99.0 99.00
2017 07 12 08 50 267  5.1  8.7  0.16 99.00  2.38 999 1012.6  21.4  20.4  20.1 99.0 99.00
2017 07 12 09 50 200  8.2 10.7  1.04  5.00  3.85 208 1012.4  21.1  20.2  20.4 99.0 99.00
2017 07 12 10 50 159 10.8 13.5  0.77  4.35  3.45 208 1011.0  21.6  20.2  19.3 99.0 99.00
2017 07 12 11 50 186  7.4  8.8  0.89  3.70  3.49 150 1010.8  21.4  20.0  20.3 99.0 99.00
2017 07 12 12 50 210  4.9  6.4  0.76  3.85  3.45 143 1011.9  21.2  19.9  20.5 99.0 99.00
2017 07 12 13 50 150  5.7  6.5  0.57  4.00  3.35 168 1011.1  20.4  19.8  19.7 99.0 99.00
2017 07 12 14 50 316  4.8  5.7  0.60  4.35  3.51 197 1014.7  19.8  19.8  19.8 99.0 99.00
2017 07 12 15 50 108 11.5 13.7  0.40  3.85  3.32 130 1009.0  19.7  19.7  19.7 99.0 99.00
2017 07 12 16 50 144  9.2 11.0  0.62  3.57  3.19 131 1010.1  20.4  19.7  19.5 99.0 99.00
2017 07 12 17 50 221 11.1 14.7  0.69  3.85  3.43 122 1011.6  20.7  19.7  19.9 99.0 99.00
2017 07 12 20 50 276  2.5  4.4  0.71  4.17  3.65 157 1010.3  21.8  19.8  20.1 99.0 99.00
2017 07 12 21 50 209  5.0  6.0  0.88  4.76  3.88 151 1011.3  21.2  19.8  20.1 99.0 99.00
2017 07 12 22 50 228  7.8  9.2  0.88  5.00  3.82 155 1011.8  21.9  19.8  20.5 99.0 99.00
2017 07 12 23 50 223  5.6  6.3  0.83  4.76  3.86 159 1012.1  21.9  19.8  20.5 99.0 99.00
2017 07 13 00 50 211  4.0  4.3  0.70  4.55  3.81 155 1012.4  21.4  19.8  20.7 99.0 99.00
2017 07 13 01 50 190  3.2  3.5  0.64  4.35  3.82 156 1011.9  21.4  19.7  20.8 99.0 99.00
2017 07 13 02 50 166  5.4  6.2  0.52  4.35  3.67 156 1011.9  21.2  19.7  20.8 99.0 99.00
2017 07 13 03 50 186  4.2  4.8  0.45  4.17  3.48 148 1011.6  21.1  19.7  20.7 99.0 99.00
2017 07 13 04 50 187  6.4  7.1  0.37  4.17  3.24 148 1011.3  21.7  19.7  21.2 99.0 99.00
2017 07 13 05 50 205  7.7 11.1  0.41  3.23  3.10 151 1010.8  22.8  19.7  22.1 99.0 99.00
2017 07 13 06 50 201  5.2  6.0  0.60  3.70  3.23 153 1010.8  22.3  19.7  21.8 99.0 99.00
2017 07 13 07 50 234  5.9  6.9  0.40  3.13  3.03 156 1011.1  21.7  19.7  21.0 99.0 99.00
2017 07 13 08 50 261  6.7  7.8  0.42  3.85  3.03 172 1011.1  22.1  19.7  20.7 99.0 99.00
2017 07 13 09 50 256  4.2  4.7  0.42  3.57  3.21 188 1011.8  21.5  19.7  20.7 99.0 99.00
2017 07 13 10 50 284  4.8  5.5  0.40  4.00  3.44 192 1012.1  21.2  19.7  20.6 99.0 99.00
2017 07 13 11 50 291  4.7  5.3  0.37  4.00  3.39 201 1012.6  20.9  19.7  20.6 99.0 99.00
2017 07 13 12 50 292  4.1  4.7  0.34  3.85  3.26 200 1013.2  20.9  19.7  20.5 99.0 99.00
2017 07 13 13 50 273  2.8  3.3  0.34  4.00  3.33 181 1013.9  20.5  19.7  20.1 99.0 99.00
2017 07 13 14 50 248  2.2  2.6  0.36  3.85  3.56 196 1014.5  20.4  19.8  20.1 99.0 99.00
2017 07 13 15 50  27  2.2  3.2  0.30  3.45  3.31 218 1015.0  20.2  19.9  19.9 99.0 99.00
2017 07 13 16 50  28  2.3  2.8  0.25  3.33  3.10 204 1014.8  20.1  20.3  20.0 99.0 99.00
2017 07 13 17 50  66  2.1  2.4  0.22 99.00  2.95 999 1014.8  20.2  20.3  20.1 99.0 99.00
2017 07 13 18 50  45  0.4  0.7  0.19 99.00  3.00 999 1015.5  20.4  20.3  19.9 99.0 99.00
2017 07 13 19 50 113  1.2  1.8  0.22 99.00  3.05 999 1015.6  20.7  20.7  19.9 99.0 99.00
2017 07 13 20 50 128  2.2  2.7  0.23 99.00  3.03 999 1015.5  20.7  20.7  20.0 99.0 99.00
2017 07 13 21 50  73  1.8  2.1  0.22 99.00  3.08 999 1015.5  20.8  20.9  20.0 99.0 99.00
2017 07 13 22 50  84  1.7  2.1  0.18 99.00  3.07 999 1015.2  20.9  21.0  20.0 99.0 99.00
2017 07 13 23 50  55  1.3  1.7  0.17 99.00  3.18 999 1015.3  20.9  21.0  20.2 99.0 99.00
2017 07 14 00 50  31  2.2  2.8  0.18 99.00  3.33 999 1015.7  20.9  20.8  20.1 99.0 99.00
2017 07 14 01 50  42  2.2  2.6  0.18 99.00  3.42 999 1015.9  20.6  20.6  19.9 99.0 99.00
2017 07 14 02 50  34  3.0  3.5  0.18 99.00  3.64 999 1016.5  20.1  20.5  19.4 99.0 99.00
2017 07 14 03 50  27  3.3  3.8  0.21 99.00  3.80 999 1016.4  19.9  20.5  19.3 99.0 99.00
2017 07 14 04 50  23  4.2  4.8  0.31  4.55  3.81  22 1016.8  19.6  20.4  18.9 99.0 99.00
2017 07 14 05 50  16  3.2  3.6  0.37  4.17  3.55  24 1016.9  19.3  20.3  18.5 99.0 99.00
2017 07 14 06 50   6  4.0  4.7  0.42  5.26  3.79  15 1017.1  19.1  20.2  18.4 99.0 99.00
2017 07 14 07 50 351  2.7  3.2  0.45  4.17  3.63  26 1017.3  19.0  20.1  18.2 99.0 99.00
2017 07 14 08 50 351  3.0  3.4  0.44  5.00  3.69  18 1017.4  19.0  20.0  17.8 99.0 99.00
2017 07 14 09 50 351  2.2  2.5  0.44  3.85  3.67  24 1017.6  19.2  20.0  17.8 99.0 99.00
2017 07 14 10 50 336  6.0  6.8  0.41  4.17  3.62  28 1017.9  18.8  19.9  16.0 99.0 99.00
2017 07 14 11 50 334  7.2  8.2  0.47  2.60  3.10 360 1018.1  18.1  19.9  15.6 99.0 99.00
2017 07 14 12 50 333  6.2  7.5  0.64  3.70  3.55 327 1018.4  17.9  19.8  15.4 99.0 99.00
2017 07 14 13 50 326  6.4  7.8  0.65  3.70  3.52 344 1018.7  17.9  19.8  15.8 99.0 99.00
2017 07 14 14 50 321  3.8  5.6  0.66  4.17  3.58 357 1018.7  18.3  19.9  16.7 99.0 99.00
2017 07 14 15 50   4  8.4  9.8  0.78  4.17  3.47 347 1018.9  18.1  20.0  16.1 99.0 99.00
2017 07 14 16 50 356  7.6  8.7  0.85  4.17  3.70   3 1019.2  18.2  20.0  15.3 99.0 99.00
2017 07 14 17 50 359  7.9  9.3  0.85  4.55  3.80  16 1019.4  18.1  20.0  15.0 99.0 99.00
2017 07 14 18 50 357  6.9  8.4  0.83  4.76  3.77  19 1019.8  18.1  20.0  15.2 99.0 99.00
2017 07 14 19 50 350  6.9  7.9  0.92  4.55  3.94  22 1020.0  18.1  20.0  15.2 99.0 99.00
2017 07 14 20 50 353  6.8  8.0  0.83  4.76  3.85  18 1019.8  18.3  20.0  15.5 99.0 99.00
2017 07 14 21 50 349  6.1  7.2  0.80  4.76  3.83  31 1020.0  18.3  20.0  15.8 99.0 99.00
2017 07 14 22 50 360  6.6  7.5  0.71  4.76  3.76  27 1019.9  18.4  20.0  15.4 99.0 99.00
2017 07 14 23 50   4  6.6  7.7  0.70  4.76  3.68  18 1020.0  18.4  20.0  15.7 99.0 99.00
2017 07 15 00 50 360  5.2  6.0  0.75  4.55  3.71  29 1020.0  18.4  19.9  15.3 99.0 99.00
2017 07 15 01 50 349  3.2  4.0  0.63  5.00  3.75  19 1020.1  18.2  19.9  15.6 99.0 99.00
2017 07 15 02 50 354  2.4  3.0  0.56  4.35  3.78  27 1020.3  18.3  19.9  15.4 99.0 99.00
2017 07 15 03 50 346  1.8  2.4  0.55  4.55  3.78  30 1020.3  18.3  19.9  15.6 99.0 99.00
2017 07 15 04 50 300  1.4  1.8  0.56  4.76  3.94  43 1020.5  18.4  19.8  15.9 99.0 99.00
2017 07 15 05 50 285  3.4  4.1  0.55  5.00  4.03  30 1020.7  18.5  19.8  16.1 99.0 99.00
2017 07 15 06 50 300  3.6  4.1  0.48  5.00  3.87  43 1020.7  18.8  19.8  16.7 99.0 99.00
2017 07 15 07 50 299  4.0  4.6  0.50  4.55  3.98  30 1020.5  19.0  19.8  17.0 99.0 99.00
2017 07 15 08 50 293  4.1  4.9  0.48  5.26  4.14  25 1020.3  19.1  19.8  17.0 99.0 99.00
2017 07 15 09 50 312  4.2  4.8  0.44  5.26  3.91  30 1020.4  19.0  19.7  17.4 99.0 99.00
2017 07 15 10 50 333  3.8  4.6  0.43  5.26  3.86  38 1020.8  19.3  19.7  17.2 99.0 99.00
2017 07 15 11 50 337  3.9  4.5  0.37  5.26  3.64  34 1021.1  19.4  19.7  16.8 99.0 99.00
2017 07 15 12 50 331  3.9  4.6  0.35  5.26  3.57  34 1021.1  19.4  19.7  16.7 99.0 99.00
2017 07 15 13 50 335  3.1  3.7  0.33  4.76  3.62  29 1021.1  19.4  19.8  16.8 99.0 99.00
2017 07 15 14 50 320  3.2  3.8  0.30  4.76  3.53  26 1021.2  19.3  19.9  16.9 99.0 99.00
2017 07 15 15 50 290  1.8  2.3  0.29  5.00  3.48  17 1021.0  19.4  20.2  17.1 99.0 99.00
2017 07 15 16 50 240  2.8  3.3  0.26  4.35  3.41 333 1020.5  19.5  20.4  17.3 99.0 99.00
2017 07 15 17 50 231  4.0  4.4  0.24 99.00  3.27 999 1020.1  19.8  20.5  17.3 99.0 99.00
2017 07 15 18 50 206  4.0  4.4  0.22 99.00  3.30 999 1019.7  20.0  20.6  17.3 99.0 99.00
2017 07 15 19 50 180  5.1  6.0  0.17 99.00  3.14 999 1018.7  20.4  20.7  16.6 99.0 99.00
2017 07 15 20 50 179  5.8  6.6  0.18 99.00  2.84 999 1017.9  20.6  20.7  16.8 99.0 99.00
2017 07 15 21 50 178  6.0  6.8  0.28  2.47  2.53 157 1017.0  20.9  20.6  17.0 99.0 99.00
2017 07 15 22 50 178  6.0  6.9  0.32  2.60  2.64 156 1016.4  21.0  20.6  17.6 99.0 99.00
2017 07 15 23 50 187  5.7  6.7  0.34  2.86  2.70 155 1015.9  21.2  20.5  18.2 99.0 99.00
2017 07 16 00 50 193  5.1  5.9  0.29  2.60  2.61 156 1015.4  21.1  20.5  18.9 99.0 99.00
2017 07 16 01 50 206  4.6  5.7  0.26  2.74  2.65 159 1015.4  21.2  20.4  19.5 99.0 99.00
2017 07 16 02 50 210  3.9  4.8  0.22 99.00  2.71 999 1015.6  21.2  20.3  19.7 99.0 99.00
2017 07 16 03 50 203  4.5  6.0  0.21 99.00  2.82 999 1015.0  21.3  20.2  19.7 99.0 99.00
2017 07 16 04 50 233  5.7  6.8  0.19 99.00  2.78 999 1014.5  21.2  20.1  19.6 99.0 99.00
2017 07 16 05 50 241 12.1 14.8  0.25  2.74  2.62 209 1011.4  21.5  20.1  19.4 99.0 99.00
2017 07 16 06 50 345  7.4 10.5  1.09  3.85  3.71 227 1013.2  23.6  20.0  19.2 99.0 99.00
2017 07 16 07 50 351  6.9  8.2  0.82  5.00  3.85 243 1013.6  21.8  20.0  18.6 99.0 99.00
2017 07 16 08 50 357  8.2  9.7  0.76  4.55  3.56 255 1014.0  20.0  20.1  18.9 99.0 99.00
2017 07 16 09 50   5  9.8 11.4  0.89  3.85  3.51 329 1014.1  19.5  20.1  18.2 99.0 99.00
2017 07 16 10 50   2  8.1  9.5  0.82  4.17  3.58 353 1014.6  19.5  20.0  18.0 99.0 99.00
2017 07 16 11 50   9  9.3 10.9  1.01  4.55  3.85 355 1014.6  19.2  20.0  17.6 99.0 99.00
2017 07 16 12 50  10 10.1 11.7  1.19  4.76  4.02  10 1015.3  18.9  20.0  17.6 99.0 99.00
2017 07 16 13 50   7 11.7 13.7  1.30  5.26  4.19  18 1015.8  18.5  19.9  17.2 99.0 99.00
2017 07 16 14 50   6  9.3 11.3  1.50  5.26  4.53  17 1016.3  18.3  19.9  17.1 99.0 99.00
2017 07 16 15 50  12  9.9 11.7  1.94  5.56  4.97  18 1016.4  18.1  19.8  16.9 99.0 99.00
2017 07 16 16 50  10  9.6 11.3  1.61  5.88  4.76  21 1016.8  17.8  19.8  16.6 99.0 99.00
2017 07 16 17 50   7  9.2 11.2  1.61  6.25  4.95  24 1016.7  17.9  19.8  16.4 99.0 99.00
2017 07 16 18 50   7  9.2 10.9  1.58  6.25  4.84  27 1016.9  17.7  19.8  15.7 99.0 99.00
2017 07 16 19 50   3  9.0 10.3  1.60  6.67  4.98  25 1017.0  17.5  19.9  15.4 99.0 99.00
2017 07 16 20 50   4 10.1 11.6  1.58  6.67  5.01  22 1016.9  17.6  19.9  15.5 99.0 99.00
2017 07 16 21 50   7  9.3 11.0  1.75  6.67  5.13  20 1016.9  17.5  19.9  14.8 99.0 99.00
2017 07 16 22 50   7  9.3 10.8  1.64  6.67  5.04  29 1016.6  17.7  19.9  15.1 99.0 99.00
2017 07 16 23 50   1  8.7 10.1  1.68  6.67  5.09  26 1016.6  17.9  19.9  14.9 99.0 99.00
2017 07 17 00 50   3  9.7 11.6  1.59  6.25  4.86  29 1016.4  18.1  19.8  14.3 99.0 99.00
2017 07 17 01 50   8  8.6 10.0  1.48  6.67  4.77  29 1016.5  17.9  19.8  15.2 99.0 99.00
2017 07 17 02 50  14  9.4 11.0  1.51  6.67  4.79  30 1016.5  17.8  19.7  15.5 99.0 99.00
2017 07 17 03 50  13  8.8 10.2  1.62  5.88  4.58  33 1016.8  17.9  19.7  15.3 99.0 99.00
2017 07 17 04 50  19  7.8  9.1  1.30  5.88  4.36  24 1017.1  18.1  19.7  15.7 99.0 99.00
2017 07 17 05 50  21  6.7  7.8  1.22  6.25  4.34  20 1016.8  18.3  19.6  15.7 99.0 99.00
2017 07 17 06 50  16  6.6  7.4  1.04  5.88  4.25  25 1016.6  18.3  19.6  15.6 99.0 99.00
2017 07 17 07 50  10  6.1  7.1  0.99  5.56  4.31  21 1016.6  18.2  19.6  15.4 99.0 99.00
2017 07 17 08 50  17  5.7  6.7  1.00  5.88  4.38  22 1016.3  18.1  19.6  15.6 99.0 99.00
2017 07 17 09 50  23  4.6  5.8  0.81  5.56  4.20  13 1016.6  18.1  19.5  16.1 99.0 99.00
2017 07 17 10 50  22  4.4  5.1  0.68  5.88  4.14   7 1016.7  18.2  19.5  16.3 99.0 99.00
2017 07 17 11 50  19  4.2  4.8  0.61  5.56  4.10   5 1017.2  18.5  19.5  16.7 99.0 99.00
2017 07 17 12 50  41  3.6  5.1  0.57  5.56  4.14 358 1017.6  18.7  19.6  16.3 99.0 99.00
2017 07 17 13 50  52  3.8  4.7  0.52  5.56  4.01 353 1018.0  18.5  19.6  16.5 99.0 99.00
2017 07 17 14 50  49  2.6  3.3  0.51  5.00  4.03 352 1018.4  18.3  19.7  16.2 99.0 99.00
2017 07 17 15 50  34  2.4  3.5  0.49  5.00  3.91   4 1018.4  18.1  19.9  15.9 99.0 99.00
2017 07 17 16 50  32  2.6  3.4  0.46  5.00  3.78  12 1018.6  18.3  20.0  16.2 99.0 99.00
2017 07 17 17 50  42  2.5  3.4  0.43  4.76  3.72   1 1018.5  18.7  20.0  16.1 99.0 99.00
2017 07 17 18 50  21  2.7  3.9  0.43  4.55  3.64  16 1018.1  18.9  20.2  16.1 99.0 99.00
2017 07 17 19 50  22  3.3  4.0  0.42  4.55  3.64  17 1017.5  18.9  20.4  16.6 99.0 99.00
2017 07 17 20 50  15  2.2  2.6  0.45  4.35  3.73  11 1017.4  18.9  20.5  16.6 99.0 99.00
2017 07 17 21 50   8  2.8  3.6  0.44  4.35  3.76  29 1017.4  19.0  20.7  16.7 99.0 99.00
2017 07 17 22 50  24  2.6  3.7  0.44  4.55  3.69  22 1017.1  19.2  20.6  16.8 99.0 99.00
2017 07 17 23 50  13  2.1  2.8  0.44  4.35  3.67  14 1017.1  19.2  20.5  16.6 99.0 99.00
2017 07 18 00 50   2  2.1  2.6  0.38  4.55  3.63  25 1017.1  19.3  20.4  16.8 99.0 99.00
2017 07 18 01 50  42  2.1  2.5  0.39  4.76  3.67  14 1016.8  19.0  20.4  16.8 99.0 99.00
2017 07 18 02 50  60  2.2  2.7  0.33  4.76  3.75 357 1017.0  19.2  20.3  16.4 99.0 99.00
2017 07 18 03 50  35  0.9  1.3  0.31  5.00  3.82 356 1017.7  19.2  20.3  16.3 99.0 99.00
2017 07 18 04 50  48  1.7  2.1  0.28  5.00  3.75   7 1017.8  19.2  20.3  16.6 99.0 99.00
2017 07 18 05 50 115  0.6  1.1  0.23 99.00  3.61 999 1017.8  19.2  20.2  16.7 99.0 99.00
2017 07 18 06 50 177  1.2  1.5  0.18 99.00  3.66 999 1017.8  19.2  20.1  16.7 99.0 99.00
2017 07 18 07 50 258  2.5  2.8  0.20 99.00  3.50 999 1017.8  19.1  20.1  17.0 99.0 99.00
2017 07 18 08 50 237  2.9  3.4  0.17 99.00  3.52 999 1017.4  19.0  20.0  17.3 99.0 99.00
2017 07 18 09 50 284  3.5  4.0  0.16 99.00  3.51 999 1017.5  18.9  20.0  17.7 99.0 99.00
2017 07 18 10 50 261  2.2  2.6  0.16 99.00  3.53 999 1017.6  18.9  19.9  17.7 99.0 99.00
2017 07 18 11 50 248  2.1  2.4  0.15 99.00  3.49 999 1017.7  19.3  19.9  17.8 99.0 99.00
2017 07 18 12 50 255  2.1  2.5  0.13 99.00  3.50 999 1017.8  19.4  20.0  17.8 99.0 99.00
2017 07 18 13 50 273  1.7  1.9  0.13 99.00  3.39 999 1018.6  19.6  20.2  17.8 99.0 99.00
2017 07 18 14 50 347  0.2  0.7  0.13 99.00  3.56 999 1019.0  19.7  20.6  18.2 99.0 99.00
2017 07 18 15 50 149  1.2  1.6  0.12 99.00  3.52 999 1019.0  20.4  21.2  16.6 99.0 99.00
2017 07 18 16 50 149  2.1  2.5  0.11 99.00  3.43 999 1019.0  20.6  21.2  16.7 99.0 99.00
2017 07 18 17 50 186  2.3  2.7  0.09 99.00  3.54 999 1018.9  21.0  21.4  16.4 99.0 99.00
2017 07 18 18 50 166  3.1  3.5  0.09 99.00  3.73 999 1018.3  21.2  21.4  17.4 99.0 99.00
2017 07 18 19 50 139  4.8  5.3  0.08 99.00  3.47 999 1017.7  21.5  21.4  17.9 99.0 99.00
2017 07 18 20 50 149  3.5  4.3  0.08 99.00  2.96 999 1017.4  21.9  21.4  18.2 99.0 99.00
2017 07 18 21 50 141  4.1  4.7  0.11 99.00  2.83 999 1017.1  22.1  21.4  18.5 99.0 99.00
2017 07 18 22 50 145  4.9  5.5  0.14 99.00  2.63 999 1016.7  22.2  21.4  18.9 99.0 99.00
2017 07 18 23 50 151  4.7  5.5  0.13 99.00  2.39 999 1016.3  22.2  21.2  19.6 99.0 99.00
2017 07 19 00 50 151  4.2  4.8  0.14 99.00  2.33 999 1016.3  22.4  21.1  19.2 99.0 99.00
2017 07 19 01 50 167  3.7  4.0  0.15 99.00  2.44 999 1017.0  22.3  20.9  19.6 99.0 99.00
2017 07 19 02 50 168  3.6  4.1  0.14 99.00  2.41 999 1017.2  22.5  20.9  19.2 99.0 99.00
2017 07 19 03 50 174  3.9  4.4  0.12 99.00  2.47 999 1016.8  22.5  20.9  19.1 99.0 99.00
2017 07 19 04 50 210  4.6  5.2  0.11 99.00  2.51 999 1016.9  22.9  21.0  19.2 99.0 99.00
2017 07 19 05 50 278  3.2  3.6  0.14 99.00  2.47 999 1017.3  22.5  20.9  19.9 99.0 99.00
2017 07 19 06 50 268  3.4  3.8  0.14 99.00  2.58 999 1017.1  22.7  20.9  20.2 99.0 99.00
2017 07 19 07 50 252  3.6  4.2  0.12 99.00  2.69 999 1016.7  22.3  20.8  20.5 99.0 99.00
2017 07 19 08 50 285  3.4  3.7  0.12 99.00  2.65 999 1016.7  21.9  20.8  20.9 99.0 99.00
2017 07 19 09 50 268  2.6  3.0  0.11 99.00  2.64 999 1017.1  21.4  20.7  20.8 99.0 99.00
2017 07 19 10 50 283  2.4  2.7  0.13 99.00  2.68 999 1017.4  21.0  20.7  20.7 99.0 99.00
2017 07 19 11 50 335  2.6  2.9  0.11 99.00  2.68 999 1017.9  21.0  20.7  20.9 99.0 99.00
2017 07 19 12 50 336  2.5  3.0  0.13 99.00  2.64 999 1018.6  21.0  20.7  20.5 99.0 99.00
2017 07 19 13 50 350  3.0  3.5  0.12 99.00  2.59 999 1019.0  21.0  20.8  20.2 99.0 99.00
2017 07 19 14 50 350  3.3  4.0  0.09 99.00  2.51 999 1019.3  21.1  20.9  20.3 99.0 99.00
2017 07 19 15 50 359  2.3  2.7  0.07 99.00  2.48 999 1019.5  21.1  21.1  20.2 99.0 99.00
2017 07 19 16 50 358  3.8  4.3  0.07 99.00  2.42 999 1019.2  20.8  21.2  20.2 99.0 99.00
2017 07 19 17 50 349  3.4  4.2  0.09 99.00  2.36 999 1019.5  20.9  21.3  20.4 99.0 99.00
2017 07 19 18 50   9  4.0  4.8  0.13 99.00  2.52 999 1019.0  20.8  21.4  20.2 99.0 99.00
2017 07 19 19 50   4  4.4  5.3  0.18 99.00  2.50 999 1019.2  21.1  21.4  20.4 99.0 99.00
2017 07 19 20 50  10  4.1  4.8  0.21 99.00  2.54 999 1019.2  20.9  21.4  20.0 99.0 99.00
2017 07 19 21 50  22  2.7  3.2  0.22 99.00  2.57 999 1018.4  21.1  21.6  19.6 99.0 99.00
2017 07 19 22 50  25  3.0  3.3  0.26  2.94  2.78  21 1017.7  21.4  21.6  18.8 99.0 99.00
2017 07 19 23 50  31  2.3  2.7  0.29  3.03  2.87  13 1017.6  21.7  21.6  18.2 99.0 99.00
2017 07 20 00 50  34  2.2  2.6  0.24 99.00  2.73 999 1017.9  21.5  21.5  17.9 99.0 99.00
2017 07 20 01 50  53  1.5  1.9  0.22 99.00  2.67 999 1017.5  21.4  21.5  18.0 99.0 99.00
2017 07 20 02 50 132  0.9  1.1  0.24 99.00  2.79 999 1018.0  21.3  21.4  18.8 99.0 99.00
2017 07 20 03 50 187  5.1  7.8  0.18 99.00  2.90 999 1016.7  21.6  21.4  19.6 99.0 99.00
2017 07 20 04 50 276 11.4 13.1  0.28  2.60  2.62 232 1016.3  21.0  21.3  20.0 99.0 99.00
2017 07 20 05 50 189 11.1 13.3  0.79  3.57  3.28 187 1009.1  21.9  20.9  19.8 99.0 99.00
2017 07 20 06 50 274 13.5 16.5  0.98  4.00  3.59 204 1012.2  21.4  20.6  19.6 99.0 99.00
2017 07 20 07 50 333  5.2  7.8  0.97  4.55  3.83 260 1015.5  20.7  20.4  19.5 99.0 99.00
2017 07 20 08 50 271  3.6  4.4  0.86  4.35  3.77 207 1015.5  20.5  20.4  19.8 99.0 99.00
2017 07 20 09 50 278  3.8  4.5  0.78  4.35  3.74 224 1015.4  20.4  20.4  19.8 99.0 99.00
2017 07 20 10 50 275  5.2  6.4  0.62  4.17  3.62 209 1016.6  20.7  20.3  19.8 99.0 99.00
2017 07 20 11 50 288  5.6  6.7  0.64  4.17  3.24 241 1017.0  20.8  20.4  19.4 99.0 99.00
2017 07 20 12 50 207  9.5 10.7  0.45  4.17  3.19 218 1014.2  20.2  20.4  19.5 99.0 99.00
2017 07 20 13 50 192  7.0  8.1  0.46  4.00  3.02 171 1014.1  21.2  20.3  19.3 99.0 99.00
2017 07 20 14 50 211  6.8  8.8  0.51  3.45  3.13 167 1014.2  21.1  20.3  19.6 99.0 99.00
2017 07 20 15 50 256  5.2  6.5  0.56  3.85  3.34 175 1014.8  21.1  20.4  20.1 99.0 99.00
2017 07 20 16 50 344  1.0  1.5  0.69  4.55  3.73 207 1015.0  21.0  20.5  20.3 99.0 99.00
2017 07 20 17 50  69  1.1  1.5  0.73  4.76  3.99 199 1015.0  21.5  21.6  20.3 99.0 99.00
2017 07 20 18 50  89  1.8  2.2  0.68  4.76  4.05 151 1014.7  21.5  21.7  20.5 99.0 99.00
2017 07 20 19 50 106  2.5  3.0  0.71  4.76  4.12 159 1014.6  21.8  21.9  20.8 99.0 99.00
2017 07 20 20 50 133  2.0  2.3  0.73  5.26  4.21 158 1014.8  22.2  22.0  21.2 99.0 99.00
2017 07 20 21 50 107  1.5  2.0  0.62  4.76  3.97 159 1014.5  22.5  22.3  21.4 99.0 99.00
2017 07 20 22 50 133  2.5  2.7  0.52  4.76  3.72 150 1014.2  22.6  22.2  21.3 99.0 99.00
2017 07 20 23 50 124  1.8  2.1  0.43  3.70  3.52 161 1014.3  22.6  22.3  21.3 99.0 99.00
2017 07 21 00 50 145  1.6  1.7  0.35  4.00  3.29 157 1014.3  22.7  22.2  21.3 99.0 99.00
2017 07 21 01 50 214  2.1  2.4  0.26  3.70  3.20 156 1014.6  22.2  22.1  21.7 99.0 99.00
2017 07 21 02 50 253  1.8  2.4  0.20 99.00  3.07 999 1014.4  22.1  21.9  21.7 99.0 99.00
2017 07 21 03 50 309  1.8  2.0  0.16 99.00  2.97 999 1014.5  21.7  21.7  21.4 99.0 99.00
2017 07 21 04 50 317  1.7  1.9  0.12 99.00  2.93 999 1014.8  21.5  21.5  21.4 99.0 99.00
2017 07 21 05 50  13  1.4  1.5  0.11 99.00  3.03 999 1014.7  21.4  21.4  21.4 99.0 99.00
2017 07 21 06 50 342  2.0  2.1  0.08 99.00  2.91 999 1014.6  21.3  21.3  21.3 99.0 99.00
2017 07 21 07 50 323  3.1  3.5  0.07 99.00  3.14 999 1014.7  21.5  21.2  21.2 99.0 99.00
2017 07 21 08 50 308  2.8  3.0  0.07 99.00  3.18 999 1015.2  21.9  21.1  21.0 99.0 99.00
2017 07 21 09 50 311  3.4  3.7  0.06 99.00  3.23 999 1015.1  21.9  21.0  20.9 99.0 99.00
2017 07 21 10 50 327  3.2  3.7  0.05 99.00  3.08 999 1015.6  22.0  21.0  20.9 99.0 99.00
2017 07 21 11 50 291  1.4  1.9  0.05 99.00  3.02 999 1015.6  21.8  21.0  20.8 99.0 99.00
2017 07 21 12 50 289  0.7  1.2  0.04 99.00  3.09 999 1015.2  21.6  21.1  20.7 99.0 99.00
2017 07 21 13 50  75  2.8  3.4  0.03 99.00  3.13 999 1014.9  21.7  21.3  20.9 99.0 99.00
2017 07 21 14 50  53  2.8  3.1  0.05 99.00  4.26 999 1014.8  21.9  21.5  21.2 99.0 99.00
2017 07 21 15 50 197  1.9  2.3  0.06 99.00  3.02 999 1016.2  22.2  21.7  21.5 99.0 99.00
2017 07 21 16 50 183  1.9  2.3  0.03 99.00  3.05 999 1016.0  22.2  21.9  21.8 99.0 99.00
2017 07 21 17 50 171  2.6  2.9  0.06 99.00  3.40 999 1015.6  22.7  22.6  22.0 99.0 99.00
2017 07 21 18 50  95  3.2  3.7  0.06 99.00  2.82 999 1014.5  22.9  22.8  21.9 99.0 99.00
2017 07 21 19 50 192  2.3  2.5  0.06 99.00  3.07 999 1014.9  22.9  22.4  22.3 99.0 99.00
2017 07 21 20 50 213  1.1  1.2  0.07 99.00  2.83 999 1014.5  23.3  23.2  22.4 99.0 99.00
2017 07 21 21 50 358  1.3  1.6  0.07 99.00  2.70 999 1014.3  23.2  23.2  22.8 99.0 99.00
2017 07 21 22 50  58  4.6  5.4  0.07 99.00  2.76 999 1013.1  22.8  23.0  22.4 99.0 99.00
2017 07 21 23 50  56  3.2  3.7  0.06 99.00  2.78 999 1013.2  23.0  22.4  21.7 99.0 99.00
2017 07 22 00 50  39  3.6  4.2  0.06 99.00  3.04 999 1012.7  22.9  22.3  21.6 99.0 99.00
2017 07 22 01 50  83  3.7  4.4  0.07 99.00  2.85 999 1012.0  22.7  21.8  21.5 99.0 99.00
2017 07 22 02 50 108  4.4  5.5  0.07 99.00  2.50 999 1012.2  22.4  21.7  21.5 99.0 99.00
2017 07 22 03 50 121  6.7  7.8  0.12 99.00  2.44 999 1011.4  22.9  21.5  21.1 99.0 99.00
2017 07 22 04 50 101  5.7  6.9  0.33  2.60  2.57 106 1010.7  22.6  21.4  21.7 99.0 99.00
2017 07 22 05 50 102  5.9  6.9  0.36  2.94  2.77 109 1010.3  22.3  21.3  20.9 99.0 99.00
2017 07 22 06 50 101  6.9  8.0  0.48  3.23  3.04 111 1010.2  22.2  21.2  21.5 99.0 99.00
2017 07 22 07 50 145  6.4  7.6  0.67  3.57  3.31 104 1009.3  22.2  21.1  21.7 99.0 99.00
2017 07 22 09 50 205  4.2  4.8  0.63  3.85  3.37  95 1008.0  21.6  21.0  18.7 99.0 99.00
2017 07 22 10 50 215  3.6  4.8  0.64  4.00  3.54 106 1008.0  21.5  21.0  18.6 99.0 99.00
2017 07 22 11 50 227  3.8  4.8  0.81  4.55  3.90 138 1008.4  21.6  21.0  18.4 99.0 99.00
2017 07 22 12 50 318  2.6  3.1  0.72  4.76  3.91 190 1008.5  21.8  20.9  18.0 99.0 99.00
2017 07 22 13 50 338  3.2  4.0  0.61  4.76  4.02 211 1009.0  21.4  21.0  17.7 99.0 99.00
2017 07 22 14 50 331  3.1  3.7  0.48  4.76  3.92 213 1009.1  21.3  21.0  17.5 99.0 99.00
2017 07 22 15 50 309  4.3  4.9  0.43  4.55  3.86 212 1010.0  21.4  21.0  17.5 99.0 99.00
2017 07 22 16 50 315  2.1  2.4  0.49  5.56  4.41 205 1009.5  21.5  21.2  17.5 99.0 99.00
2017 07 22 17 50 334  3.3  4.3  0.46  5.00  4.29 212 1009.8  21.4  21.2  17.9 99.0 99.00
2017 07 22 18 50 316  3.5  4.0  0.38  4.76  3.90 215 1009.6  21.2  21.1  17.9 99.0 99.00
2017 07 22 19 50 321  4.2  4.7  0.35  4.55  3.64 217 1009.5  21.3  21.2  18.2 99.0 99.00
2017 07 22 20 50 348  4.0  4.6  0.33  4.17  3.30 217 1009.2  21.2  21.3  19.0 99.0 99.00
2017 07 22 21 50 356  2.7  3.5  0.30  4.00  3.16 217 1009.5  21.2  21.5  18.5 99.0 99.00
2017 07 22 22 50  13  3.9  4.3  0.24 99.00  2.98 999 1009.2  20.7  21.4  18.2 99.0 99.00
2017 07 22 23 50  25  2.2  2.8  0.21 99.00  2.75 999 1009.0  20.7  21.3 999.0 99.0 99.00
2017 07 23 00 50  11  1.4  1.7  0.17 99.00  2.75 999 1009.1  20.9  21.3 999.0 99.0 99.00
2017 07 23 01 50 180  2.8  3.4  0.14 99.00  2.69 999 1009.9  20.8  21.3 999.0 99.0 99.00
2017 07 23 02 50 180  1.2  1.5  0.13 99.00  2.77 999 1010.1  21.1  21.2 999.0 99.0 99.00
2017 07 23 03 50 121  1.5  1.7  0.12 99.00  2.83 999 1009.2  21.0  21.2 999.0 99.0 99.00
2017 07 23 04 50  64  1.1  1.3  0.12 99.00  2.90 999 1009.0  21.1  21.2 999.0 99.0 99.00
2017 07 23 05 50 274  0.3  0.7  0.10 99.00  2.86 999 1008.8  20.9  21.2 999.0 99.0 99.00
2017 07 23 06 50 295  0.7  0.9  0.09 99.00  2.81 999 1009.3  20.9  21.3 999.0 99.0 99.00
2017 07 23 07 50 360  0.4  0.7  0.09 99.00  2.95 999 1008.8  20.9  21.3 999.0 99.0 99.00
2017 07 23 08 50 120  1.3  1.6  0.08 99.00  2.84 999 1008.5  20.9  21.3 999.0 99.0 99.00
2017 07 23 09 50  75  1.8  2.1  0.07 99.00  2.81 999 1008.7  21.0  21.2 999.0 99.0 99.00
2017 07 23 10 50  56  3.6  4.7  0.07 99.00  2.89 999 1009.0  20.9  21.2 999.0 99.0 99.00
2017 07 23 11 50  69  4.0  4.8  0.09 99.00  2.44 999 1009.0  20.5  21.1 999.0 99.0 99.00
2017 07 23 12 50 105  3.7  4.4  0.11 99.00  2.37 999 1008.8  21.2  21.1 999.0 99.0 99.00
2017 07 23 13 50 159  4.7  5.6  0.08 99.00  2.47 999 1008.4  21.4  21.1 999.0 99.0 99.00
2017 07 23 14 50 184  4.7  5.4  0.09 99.00  2.45 999 1008.4  21.7  21.2 999.0 99.0 99.00
2017 07 23 15 50 238  4.5  5.4  0.13 99.00  2.37 999 1008.8  22.1  21.4 999.0 99.0 99.00
2017 07 23 16 50 266  4.3  5.0  0.15 99.00  2.37 999 1008.7  22.2  21.5 999.0 99.0 99.00
2017 07 23 17 50 270  3.2  4.1  0.17 99.00  2.44 999 1008.8  22.3  21.6 999.0 99.0 99.00
2017 07 23 18 50 283  2.0  2.6  0.18 99.00  2.44 999 1008.6  22.7  21.8 999.0 99.0 99.00
2017 07 23 19 50 283  1.8  2.0  0.17 99.00  2.39 999 1008.7  23.2  22.0 999.0 99.0 99.00
2017 07 23 20 50   2  2.4  2.8  0.11 99.00  2.51 999 1008.4  23.1  22.0 999.0 99.0 99.00
2017 07 23 21 50   5  3.2  3.7  0.12 99.00  3.19 999 1008.5  22.8  21.9 999.0 99.0 99.00
2017 07 23 22 50  23  2.8  3.5  0.08 99.00  2.82 999 1008.5  22.5  21.9 999.0 99.0 99.00
2017 07 23 23 50  23  3.5  4.0  0.09 99.00  2.88 999 1008.6  22.3  22.0 999.0 99.0 99.00
2017 07 24 00 50  23  4.7  5.6  0.08 99.00  2.83 999 1009.2  22.0  21.9 999.0 99.0 99.00
2017 07 24 01 50  19  8.5 10.8  0.27  2.47  2.47  21 1009.7  21.3  21.7 999.0 99.0 99.00
2017 07 24 02 50  13  9.6 11.7  0.46  3.13  2.90  35 1010.2  20.9  21.4 999.0 99.0 99.00
2017 07 24 03 50  10 11.4 13.6  0.92  3.85  3.49  28 1010.7  20.2  21.2 999.0 99.0 99.00
2017 07 24 04 50  15  9.5 10.7  1.12  4.76  3.79  41 1011.5  19.7  21.0 999.0 99.0 99.00
2017 07 24 05 50  10  9.5 10.9  1.23  5.00  4.14  33 1011.8  19.6  20.9 999.0 99.0 99.00
2017 07 24 06 50   5  9.2 10.6  1.37  5.26  4.33  29 1012.3  19.5  20.9 999.0 99.0 99.00
2017 07 24 07 50   1  8.7 10.1  1.62  5.88  4.71  27 1012.6  19.2  20.9 999.0 99.0 99.00
2017 07 24 08 50   2  8.1  9.8  1.61  6.25  4.95  22 1012.9  19.1  20.9 999.0 99.0 99.00
2017 07 24 09 50   8  8.6 10.5  1.48  6.25  4.68  28 1013.3  19.7  20.8 999.0 99.0 99.00
2017 07 24 10 50  13  8.7 10.6  1.37  6.67  4.68  18 1014.0  19.5  20.9 999.0 99.0 99.00
2017 07 24 11 50   7  9.6 11.2  1.41  6.25  4.63  14 1014.6  19.3  20.9 999.0 99.0 99.00
2017 07 24 12 50  20  8.1 10.1  1.53  6.67  4.92  10 1015.4  19.2  20.8 999.0 99.0 99.00
2017 07 24 13 50  22  8.7 10.5  1.34  6.67  4.76  12 1015.9  18.7  20.9 999.0 99.0 99.00
2017 07 24 14 50  27  8.5 10.3  1.30  5.26  4.74   5 1016.1  18.8  21.1 999.0 99.0 99.00
2017 07 24 15 50  18  7.2  8.5  1.31  6.67  4.84   5 1016.7  18.7  21.2 999.0 99.0 99.00
2017 07 24 16 50  17  5.8  7.4  1.31  6.67  4.90   6 1017.1  18.6  21.2 999.0 99.0 99.00
2017 07 24 17 50  18  6.2  8.1  1.21  6.67  4.88  12 1017.4  18.7  21.3 999.0 99.0 99.00
2017 07 24 18 50   6  6.2  7.6  1.15  6.25  4.75  21 1017.7  19.0  21.3 999.0 99.0 99.00
2017 07 24 19 50  10  6.4  7.4  1.28  6.67  4.95  13 1017.6  19.2  21.2 999.0 99.0 99.00
2017 07 24 20 50   8  6.8  8.0  1.27  6.25  4.87  20 1017.5  19.3  21.1 999.0 99.0 99.00
2017 07 24 21 50   1  6.7  7.6  1.34  6.25  4.80  20 1017.8  19.4  21.0 999.0 99.0 99.00
2017 07 24 22 50   2  6.8  7.7  1.29  6.25  4.64  19 1018.1  19.5  21.0 999.0 99.0 99.00
2017 07 24 23 50   2  7.1  8.1  1.36  6.25  4.82  32 1018.2  19.7  21.0 999.0 99.0 99.00
2017 07 25 00 50   9  6.9  7.8  1.33  6.25  4.57  22 1018.5  19.7  20.9 999.0 99.0 99.00
2017 07 25 01 50  16  6.4  7.4  1.19  5.88  4.50  24 1018.6  19.7  21.1 999.0 99.0 99.00
2017 07 25 02 50  18  5.8  6.6  1.01  5.88  4.27  18 1019.3  19.9  21.1 999.0 99.0 99.00
2017 07 25 03 50  22  5.6  6.4  0.98  6.25  4.41  14 1019.6  20.0  21.2 999.0 99.0 99.00
2017 07 25 04 50  35  5.3  6.2  0.86  5.56  4.28   6 1019.7  20.2  21.2 999.0 99.0 99.00
2017 07 25 05 50  33  4.3  5.2  0.72  5.88  4.17   6 1020.5  20.5  21.3 999.0 99.0 99.00
2017 07 25 06 50  43  3.3  3.8  0.61  5.88  4.21 358 1020.3  20.7  21.4 999.0 99.0 99.00
2017 07 25 07 50  42  3.1  3.5  0.62  5.56  4.45 359 1020.2  21.0  21.5 999.0 99.0 99.00
2017 07 25 08 50  40  1.8  2.4  0.61  5.26  4.49 360 1021.0  20.9  21.5 999.0 99.0 99.00
2017 07 25 09 50  79  1.4  1.8  0.53  5.00  4.35 340 1021.4  20.8  21.5 999.0 99.0 99.00
2017 07 25 10 50 110  3.2  3.6  0.46  5.56  4.35 332 1021.9  20.9  21.5 999.0 99.0 99.00
2017 07 25 11 50 141  4.6  5.4  0.41  5.00  4.14 321 1022.0  21.1  21.5 999.0 99.0 99.00
2017 07 25 12 50 164  4.9  5.7  0.33  5.00  3.76 321 1022.6  21.3  21.5 999.0 99.0 99.00
2017 07 25 13 50 167  5.0  5.9  0.35  4.76  3.40 323 1023.1  21.4  21.4 999.0 99.0 99.00
2017 07 25 14 50 159  6.3  7.2  0.38  2.86  3.08 121 1022.9  21.2  21.4 999.0 99.0 99.00
2017 07 25 15 50 163  6.4  7.3  0.44  3.23  3.18 121 1023.1  21.1  21.4 999.0 99.0 99.00
2017 07 25 16 50 184  6.7  7.7  0.60  4.00  3.48  98 1023.2  21.2  21.3 999.0 99.0 99.00
2017 07 25 17 50 187  5.1  6.2  0.56  4.17  3.46 112 1023.6  21.3  21.2 999.0 99.0 99.00
2017 07 25 18 50 187  4.2  5.3  0.54  4.17  3.51 121 1023.4  21.4  21.2 999.0 99.0 99.00
2017 07 25 19 50 175  2.1  2.6  0.50  3.85  3.50 131 1023.3  21.6  21.3 999.0 99.0 99.00
2017 07 25 20 50 162  2.5  2.9  0.38  3.57  3.29 139 1022.7  21.7  21.5 999.0 99.0 99.00
2017 07 25 21 50 125  4.7  5.5  0.35  3.57  3.27 143 1021.4  21.7  21.6 999.0 99.0 99.00
2017 07 25 22 50 116  5.5  6.4  0.29  3.45  3.07 156 1020.5  21.9  21.7 999.0 99.0 99.00
2017 07 25 23 50 132  4.7  5.4  0.25  3.13  2.82 154 1020.3  22.2  21.7 999.0 99.0 99.00
2017 07 26 00 50 136  3.4  4.3  0.25 99.00  2.74 999 1020.4  22.2  21.7 999.0 99.0 99.00
2017 07 26 01 50 138  3.0  3.4  0.21 99.00  2.74 999 1020.9  22.3  21.8 999.0 99.0 99.00
2017 07 26 02 50 136  3.9  4.7  0.17 99.00  2.65 999 1021.0  22.2  21.8 999.0 99.0 99.00
2017 07 26 03 50 156  5.2  5.9  0.17 99.00  2.63 999 1020.6  22.3  21.8 999.0 99.0 99.00
2017 07 26 04 50 184  4.4  5.7  0.23 99.00  2.61 999 1020.7  22.7  21.8 999.0 99.0 99.00
2017 07 26 05 50 159  6.1  7.0  0.26  2.74  2.63 138 1019.7  22.6  21.7 999.0 99.0 99.00
2017 07 26 06 50 174  5.8  7.4  0.35  3.03  2.78 143 1020.1  22.5  21.7 999.0 99.0 99.00
2017 07 26 07 50 190  6.5  7.4  0.43  3.57  2.99 145 1020.1  22.3  21.5 999.0 99.0 99.00
2017 07 26 08 50 183  9.1 10.9  0.57  3.57  3.22 136 1018.4  22.1  21.4 999.0 99.0 99.00
2017 07 26 09 50 204  7.5  9.2  0.76  4.00  3.61 138 1019.1  21.9  21.2 999.0 99.0 99.00
2017 07 26 10 50 195  7.1  8.3  0.81  4.55  3.79 145 1018.5  21.7  21.0 999.0 99.0 99.00
2017 07 26 11 50 194  7.7  9.0  0.83  4.55  3.95 148 1018.1  21.6  21.0 999.0 99.0 99.00
2017 07 26 12 50 216  7.1  8.9  0.90  4.76  4.05 149 1018.7  21.6  20.9 999.0 99.0 99.00
2017 07 26 13 50 200  6.4  7.5  0.87  5.00  3.96 143 1018.5  21.5  21.0 999.0 99.0 99.00
2017 07 26 14 50 197  5.6  6.8  0.82  4.76  4.00 147 1018.3  21.5  21.1 999.0 99.0 99.00
2017 07 26 15 50 191  6.2  7.2  0.81  5.00  3.90 141 1018.0  21.5  21.1 999.0 99.0 99.00
2017 07 26 16 50 185  7.1  8.3  0.78  4.55  3.84 150 1017.2  21.6  21.3 999.0 99.0 99.00
2017 07 26 17 50 180  4.9  5.6  0.69  4.55  3.62 139 1017.6  21.8  21.4 999.0 99.0 99.00
2017 07 26 18 50 150  4.2  4.8  0.67  4.55  3.63 148 1017.4  22.1  21.6 999.0 99.0 99.00
2017 07 26 19 50 146  5.6  6.4  0.55  4.00  3.42 153 1016.8  22.4  21.6 999.0 99.0 99.00
2017 07 26 20 50 143  4.9  5.6  0.48  4.00  3.25 148 1016.4  22.7  21.7 999.0 99.0 99.00
2017 07 26 21 50 141  4.7  5.3  0.43  3.85  3.15 151 1015.7  22.9  21.7 999.0 99.0 99.00
2017 07 26 22 50 131  3.6  4.1  0.34  3.57  3.19 147 1015.3  23.0  21.7 999.0 99.0 99.00
2017 07 26 23 50 108  2.7  3.0  0.28  3.57  3.03 149 1015.5  22.8  21.6 999.0 99.0 99.00
2017 07 27 00 50 120  3.6  3.9  0.21 99.00  2.95 999 1015.0  22.8  21.4 999.0 99.0 99.00
2017 07 27 01 50 126  3.8  4.2  0.21 99.00  2.93 999 1014.8  23.0  21.3 999.0 99.0 99.00
2017 07 27 02 50 130  3.6  4.3  0.16 99.00  2.79 999 1014.9  22.7  21.3 999.0 99.0 99.00
2017 07 27 03 50 147  4.8  5.4  0.18 99.00  2.83 999 1014.5  23.0  21.3 999.0 99.0 99.00
2017 07 27 04 50 151  3.4  3.8  0.17 99.00  2.64 999 1014.2  22.7  21.3 999.0 99.0 99.00
2017 07 27 05 50 169  3.5  4.0  0.15 99.00  2.59 999 1013.6  22.6  21.3 999.0 99.0 99.00
2017 07 27 06 50 171  3.9  4.4  0.15 99.00  2.59 999 1013.1  22.5  21.3 999.0 99.0 99.00
2017 07 27 07 50 241  1.6  2.0  0.18 99.00  2.70 999 1013.1  22.1  21.3 999.0 99.0 99.00
2017 07 27 08 50 349  4.4  6.0  0.14 99.00  2.57 999 1013.1  21.9  21.4 999.0 99.0 99.00
2017 07 27 09 50  27  5.0  6.0  0.12 99.00  2.56 999 1013.2  21.5  21.5 999.0 99.0 99.00
2017 07 27 10 50  61  3.6  4.4  0.09 99.00  2.48 999 1013.2  21.8  21.4 999.0 99.0 99.00
2017 07 27 11 50  11  2.4  3.0  0.10 99.00  2.29 999 1013.7  21.8  21.5 999.0 99.0 99.00
2017 07 27 12 50  22  4.2  4.7  0.10 99.00  2.39 999 1013.6  21.7  21.4 999.0 99.0 99.00
2017 07 27 13 50  14  4.3  5.0  0.10 99.00  2.36 999 1013.7  21.6  21.4 999.0 99.0 99.00
2017 07 27 14 50  12  5.6  6.5  0.16 99.00  2.38 999 1013.9  21.3  21.4 999.0 99.0 99.00
2017 07 27 15 50  13  5.5  6.5  0.26  2.74  2.76  23 1014.1  21.3  21.5 999.0 99.0 99.00
2017 07 27 16 50  13  6.6  7.4  0.38  3.13  2.87  14 1014.3  21.5  21.6 999.0 99.0 99.00
2017 07 27 17 50   6  5.7  6.6  0.47  3.33  3.08  15 1014.3  21.2  21.6 999.0 99.0 99.00
2017 07 27 18 50   5  7.3  8.6  0.44  3.33  3.02  26 1014.0  21.3  21.6 999.0 99.0 99.00
2017 07 27 19 50   6  8.1  9.5  0.59  3.45  3.10  31 1013.8  21.2  21.6 999.0 99.0 99.00
2017 07 27 20 50   5  9.1 10.7  0.82  3.85  3.50  12 1013.6  21.2  21.6 999.0 99.0 99.00
2017 07 27 21 50   7  9.6 11.4  1.06  4.55  3.79   7 1013.4  21.3  21.6 999.0 99.0 99.00
2017 07 27 22 50   6  9.9 11.8  1.19  4.76  3.95  12 1013.1  21.2  21.7 999.0 99.0 99.00
2017 07 27 23 50   7 10.0 11.9  1.30  5.26  4.16  17 1013.2  21.4  21.7 999.0 99.0 99.00
2017 07 28 00 50  10  9.7 11.4  1.27  5.00  4.16  13 1013.1  21.7  21.7 999.0 99.0 99.00
2017 07 28 01 50  15  9.3 11.4  1.45  5.56  4.53  13 1012.9  22.0  21.7 999.0 99.0 99.00
2017 07 28 02 50  20  8.9 10.6  1.38  5.88  4.47  15 1013.2  22.1  21.7 999.0 99.0 99.00
2017 07 28 03 50  32  7.2  9.0  1.35  5.88  4.55   8 1013.5  22.1  21.8 999.0 99.0 99.00
2017 07 28 04 50  30  6.8  7.9  1.23  6.25  4.65  11 1013.8  22.4  21.8 999.0 99.0 99.00
2017 07 28 05 50  21  6.9  8.1  1.04  6.25  4.55   1 1014.0  21.9  21.9 999.0 99.0 99.00
2017 07 28 06 50  28  7.1  8.2  1.08  5.56  4.49   2 1014.0  21.5  21.9 999.0 99.0 99.00
2017 07 28 07 50  35  5.7  6.7  1.03  5.88  4.56 359 1014.3  21.4  22.0 999.0 99.0 99.00
2017 07 28 08 50  56  5.2  6.1  0.90  5.88  4.40 354 1014.1  21.8  22.0 999.0 99.0 99.00
2017 07 28 09 50  39  5.9  6.9  0.80  5.26  4.20 353 1014.3  21.7  22.1 999.0 99.0 99.00
2017 07 28 10 50  32  6.2  7.5  0.80  5.26  4.06 360 1014.7  21.2  22.1 999.0 99.0 99.00
2017 07 28 11 50  40  6.8  7.7  0.79  5.26  3.89 360 1015.3  21.0  22.1 999.0 99.0 99.00
2017 07 28 12 50  43  5.6  6.7  0.81  4.76  3.81   6 1015.6  20.5  22.0 999.0 99.0 99.00
2017 07 28 13 50  40  5.6  6.9  0.81  4.55  3.75   4 1015.8  20.5  22.0 999.0 99.0 99.00
2017 07 28 14 50  30  6.0  7.2  0.74  4.55  3.71  14 1016.2  20.5  21.9 999.0 99.0 99.00
2017 07 28 15 50  27  6.2  7.4  0.75  4.76  3.61  15 1016.2  20.7  21.8 999.0 99.0 99.00
2017 07 28 16 50  29  6.1  7.0  0.74  4.76  3.63   8 1016.3  21.1  21.7 999.0 99.0 99.00
2017 07 28 17 50   4  6.0  6.8  0.74  4.76  3.61  14 1016.5  21.2  21.7 999.0 99.0 99.00
2017 07 28 18 50 360  7.9  9.0  0.67  4.76  3.40  16 1016.2  20.6  21.8 999.0 99.0 99.00
2017 07 28 19 50 358  7.8  9.4  0.75  4.17  3.51  20 1016.2  20.9  21.9 999.0 99.0 99.00
2017 07 28 20 50   6  9.7 11.2  0.90  4.35  3.68  17 1016.1  20.9  22.0 999.0 99.0 99.00
2017 07 28 21 50   3  9.4 11.3  1.08  4.76  4.07  24 1015.9  21.0  22.1 999.0 99.0 99.00
2017 07 28 22 50   5  9.8 11.6  1.11  5.00  4.15  16 1015.7  21.1  22.2 999.0 99.0 99.00
2017 07 28 23 50   8 10.0 11.5  1.05  5.26  4.08   4 1015.6  21.2  22.3 999.0 99.0 99.00
2017 07 29 00 50  13  8.5 10.3  1.18  5.26  4.38  12 1015.8  21.5  22.2 999.0 99.0 99.00
2017 07 29 01 50  22  9.0 10.4  1.20  5.56  4.50  25 1015.7  21.9  22.2 999.0 99.0 99.00
2017 07 29 02 50  35  5.8  6.9  1.27  5.56  4.65   8 1016.2  21.8  22.1 999.0 99.0 99.00
2017 07 29 03 50  54  7.8  9.2  1.20  5.88  4.70 353 1016.6  22.6  22.1 999.0 99.0 99.00
2017 07 29 04 50  69  8.9 10.5  1.06  5.56  4.35 350 1017.1  21.2  22.2 999.0 99.0 99.00
2017 07 29 05 50  55  8.4 10.2  1.06  5.56  4.04 346 1017.5  21.2  22.2 999.0 99.0 99.00
2017 07 29 06 50  62  9.0 10.7  1.08  5.56  4.08 352 1017.6  20.5  22.1 999.0 99.0 99.00
2017 07 29 07 50  64  8.6  9.7  1.17  4.55  4.23  48 1018.0  20.1  22.1 999.0 99.0 99.00
2017 07 29 08 50  60  7.9  9.9  1.14  4.17  4.19  62 1018.4  20.0  22.0 999.0 99.0 99.00
2017 07 29 09 50  54  7.7  9.2  0.99  4.35  4.05  68 1019.0  20.0  22.0 999.0 99.0 99.00
2017 07 29 10 50  43  7.7  9.0  0.88  4.17  3.85  68 1019.5  20.0  22.0 999.0 99.0 99.00
2017 07 29 11 50  40  7.3  8.2  0.82  4.00  3.73  58 1020.0  20.5  21.9 999.0 99.0 99.00
2017 07 29 12 50  39  6.5  7.7  0.78  4.00  3.60  66 1020.4  20.6  21.9 999.0 99.0 99.00
2017 07 29 13 50  37  6.2  7.3  0.73  3.85  3.51  47 1020.8  20.5  21.9 999.0 99.0 99.00
2017 07 29 14 50  35  6.3  7.4  0.69  3.85  3.39  38 1021.1  20.6  22.0 999.0 99.0 99.00
2017 07 29 15 50  22  5.4  6.5  0.62  3.45  3.41  52 1021.3  20.5  22.0 999.0 99.0 99.00
2017 07 29 16 50  16  5.2  6.1  0.54  3.57  3.38  48 1021.1  20.5  22.1 999.0 99.0 99.00
2017 07 29 17 50   3  5.4  6.3  0.50  3.57  3.35  42 1021.0  20.4  22.1 999.0 99.0 99.00
2017 07 29 18 50   7  6.5  7.3  0.50  3.70  3.29  33 1020.9  20.7  22.1 999.0 99.0 99.00
2017 07 29 19 50   1  7.0  8.1  0.54  3.45  3.28  26 1020.7  20.9  22.1 999.0 99.0 99.00
2017 07 29 20 50   3  6.8  8.0  0.60  3.85  3.40  21 1020.6  21.1  22.1 999.0 99.0 99.00
2017 07 29 21 50   6  7.5  8.5  0.68  3.85  3.53  21 1020.5  21.2  22.1 999.0 99.0 99.00
2017 07 29 22 50  11  7.8  9.0  0.75  4.35  3.65  18 1020.1  21.3  22.1 999.0 99.0 99.00
2017 07 29 23 50  12  7.1  8.4  0.81  4.35  3.70  26 1020.1  21.5  22.1 999.0 99.0 99.00
2017 07 30 00 50  13  6.8  7.8  0.81  4.35  3.71  25 1020.0  21.5  22.1 999.0 99.0 99.00
2017 07 30 01 50  17  6.9  8.2  0.89  4.35  3.82  31 1019.9  21.6  22.1 999.0 99.0 99.00
2017 07 30 02 50  19  7.0  8.2  0.79  4.35  3.69  31 1020.2  21.8  22.0 999.0 99.0 99.00
2017 07 30 03 50  23  6.0  7.3  0.74  4.35  3.62  35 1020.3  22.0  22.0 999.0 99.0 99.00
2017 07 30 04 50  21  5.7  7.0  0.64  4.55  3.54  35 1020.5  22.0  22.0 999.0 99.0 99.00
2017 07 30 05 50  18  5.5  6.4  0.52  4.00  3.44  35 1020.9  22.0  22.0 999.0 99.0 99.00
2017 07 30 06 50  22  4.7  5.5  0.51  4.17  3.40  37 1021.0  22.1  21.9 999.0 99.0 99.00
2017 07 30 07 50  35  4.9  5.8  0.47  3.85  3.23  24 1021.0  21.8  21.9 999.0 99.0 99.00
2017 07 30 08 50  29  4.3  5.0  0.43  3.70  3.23  25 1021.6  21.4  21.8 999.0 99.0 99.00
2017 07 30 09 50  25  3.6  4.2  0.37  3.70  3.16  27 1022.0  21.2  21.8 999.0 99.0 99.00
2017 07 30 10 50  48  2.8  3.2  0.30  3.70  2.99  16 1022.3  21.1  21.8 999.0 99.0 99.00
2017 07 30 11 50  37  1.9  2.4  0.25 99.00  3.02 999 1022.5  21.3  21.8 999.0 99.0 99.00
2017 07 30 12 50  36  1.7  2.0  0.22 99.00  3.06 999 1023.0  21.4  21.9 999.0 99.0 99.00
2017 07 30 13 50  49  0.7  1.1  0.18 99.00  3.14 999 1023.1  21.6  22.0 999.0 99.0 99.00
2017 07 30 14 50  16  0.7  1.1  0.17 99.00  3.22 999 1023.2  21.4  22.3 999.0 99.0 99.00
2017 07 30 15 50   2  2.1  2.7  0.16 99.00  3.39 999 1023.2  21.2  22.6 999.0 99.0 99.00
2017 07 30 17 50  14  2.4  2.9  0.15 99.00  3.09 999 1023.4  21.3  22.8 999.0 99.0 99.00
2017 07 30 18 50 359  1.9  2.4  0.15 99.00  3.11 999 1023.5  21.7  23.2 999.0 99.0 99.00
2017 07 30 19 50 347  1.6  2.1  0.14 99.00  3.12 999 1023.4  22.0  23.4 999.0 99.0 99.00
2017 07 30 20 50   6  0.8  1.2  0.15 99.00  3.11 999 1022.8  22.4  24.1 999.0 99.0 99.00
2017 07 30 21 50 111  1.4  1.9  0.14 99.00  3.31 999 1022.3  22.9  24.5 999.0 99.0 99.00
2017 07 30 22 50 122  2.7  2.9  0.11 99.00  3.07 999 1021.8  23.3  23.8 999.0 99.0 99.00
2017 07 30 23 50 136  2.7  2.9  0.10 99.00  3.11 999 1021.7  23.4  23.4 999.0 99.0 99.00
2017 07 31 00 50 153  2.5  2.8  0.10 99.00  3.16 999 1021.4  23.1  23.1 999.0 99.0 99.00
2017 07 31 01 50 172  1.8  2.0  0.10 99.00  3.31 999 1021.5  23.0  22.9 999.0 99.0 99.00
2017 07 31 02 50 180  1.5  1.7  0.09 99.00  3.08 999 1021.8  22.7  22.8 999.0 99.0 99.00
2017 07 31 03 50 216  1.6  1.9  0.11 99.00  2.98 999 1022.0  22.5  22.8 999.0 99.0 99.00
2017 07 31 04 50 225  2.2  2.5  0.08 99.00  3.05 999 1022.0  22.4  22.7 999.0 99.0 99.00
2017 07 31 05 50 265  3.2  3.7  0.09 99.00  3.07 999 1021.9  22.2  22.6 999.0 99.0 99.00
2017 07 31 06 50 259  3.4  3.7  0.07 99.00  3.06 999 1021.7  22.0  22.5 999.0 99.0 99.00
2017 07 31 07 50 268  3.4  3.8  0.09 99.00  3.55 999 1021.6  21.9  22.4 999.0 99.0 99.00
2017 07 31 08 50 266  4.2  4.9  0.06 99.00  2.91 999 1021.8  22.2  22.4 999.0 99.0 99.00
2017 07 31 09 50 318  3.5  4.1  0.06 99.00  2.71 999 1021.9  22.1  22.4 999.0 99.0 99.00
2017 07 31 10 50 307  3.8  4.3  0.06 99.00  2.59 999 1022.1  22.2  22.3 999.0 99.0 99.00
2017 07 31 11 50 315  2.5  3.1  0.07 99.00  2.35 999 1022.4  22.0  22.3 999.0 99.0 99.00
2017 07 31 12 50 309  2.6  3.1  0.09 99.00  2.33 999 1022.6  22.1  22.3 999.0 99.0 99.00
2017 07 31 13 50 308  2.7  3.1  0.10 99.00  2.41 999 1022.7  22.0  22.3 999.0 99.0 99.00
2017 07 31 14 50 294  2.3  3.2  0.10 99.00  2.49 999 1022.8  21.9  22.4 999.0 99.0 99.00
2017 07 31 15 50 266  2.3  2.7  0.09 99.00  2.56 999 1023.0  22.0  22.6 999.0 99.0 99.00
2017 07 31 16 50 242  2.5  2.9  0.08 99.00  2.48 999 1023.0  22.3  22.8 999.0 99.0 99.00
2017 07 31 17 50 223  2.0  2.4  0.11 99.00  2.79 999 1022.8  22.7  23.1 999.0 99.0 99.00
2017 07 31 18 50 196  2.5  3.0  0.11 99.00  2.78 999 1022.2  22.9  23.3 999.0 99.0 99.00
2017 07 31 19 50 176  3.3  3.9  0.11 99.00  2.72 999 1021.7  23.2  23.4 999.0 99.0 99.00
2017 07 31 20 50 166  3.6  4.1  0.10 99.00  2.71 999 1021.1  23.5  23.4 999.0 99.0 99.00
2017 07 31 21 50 159  3.9  4.5  0.09 99.00  2.81 999 1020.7  23.7  23.5 999.0 99.0 99.00
2017 07 31 22 50 153  4.1  4.7  0.07 99.00  2.61 999 1020.5  23.7  23.5 999.0 99.0 99.00
2017 07 31 23 50 162  4.5  5.4  0.06 99.00  2.64 999 1020.0  23.8  23.4 999.0 99.0 99.00
2017 08 01 00 50 169  4.2  4.7  0.09 99.00  2.42 999 1019.7  23.7  23.2 999.0 99.0 99.00
2017 08 01 01 50 174  3.6  4.1  0.12 99.00  2.53 999 1020.0  23.5  23.0 999.0 99.0 99.00
2017 08 01 02 50 159  3.0  3.4  0.10 99.00  2.45 999 1020.3  23.4  23.0 999.0 99.0 99.00
2017 08 01 03 50 174  2.5  2.8  0.09 99.00  2.48 999 1019.9  23.2  22.9 999.0 99.0 99.00
2017 08 01 04 50 182  2.4  2.8  0.07 99.00  2.41 999 1019.8  23.2  22.9 999.0 99.0 99.00
2017 08 01 05 50 196  2.1  2.4  0.06 99.00  2.39 999 1020.0  23.1  22.8 999.0 99.0 99.00
2017 08 01 06 50 203  2.1  2.5  0.08 99.00  2.71 999 1019.6  23.0  22.8 999.0 99.0 99.00
2017 08 01 07 50 238  2.9  3.5  0.06 99.00  2.87 999 1019.2  22.9  22.7 999.0 99.0 99.00
2017 08 01 08 50 243  2.9  3.3  0.04 99.00  2.60 999 1019.0  22.7  22.6 999.0 99.0 99.00
2017 08 01 09 50 211  2.0  2.3  0.05 99.00  2.58 999 1018.9  22.7  22.6 999.0 99.0 99.00
2017 08 01 10 50 242  1.6  1.8  0.06 99.00  2.40 999 1019.1  22.4  22.6 999.0 99.0 99.00
2017 08 01 11 50 233  1.2  1.5  0.09 99.00  2.36 999 1019.2  22.5  22.6 999.0 99.0 99.00
2017 08 01 12 50 274  2.2  2.6  0.12 99.00  2.44 999 1019.7  22.5  22.7 999.0 99.0 99.00
2017 08 01 13 50 284  2.2  2.5  0.16 99.00  2.58 999 1019.7  22.5  22.8 999.0 99.0 99.00
2017 08 01 14 50 315  2.4  2.7  0.14 99.00  2.64 999 1019.4  22.7  22.9 999.0 99.0 99.00
2017 08 01 15 50 291  0.7  1.0  0.13 99.00  2.62 999 1019.4  22.8  23.0 999.0 99.0 99.00
2017 08 01 16 50 162  0.7  1.3  0.11 99.00  2.56 999 1019.1  23.3  23.9 999.0 99.0 99.00
2017 08 01 17 50 136  2.4  2.9  0.11 99.00  2.61 999 1018.4  23.3  24.3 999.0 99.0 99.00
2017 08 01 18 50 141  2.4  3.0  0.11 99.00  2.86 999 1018.2  23.5  24.3 999.0 99.0 99.00
2017 08 01 19 50 126  2.7  3.3  0.09 99.00  2.69 999 1017.3  23.7  24.2 999.0 99.0 99.00
2017 08 01 20 50 140  3.4  3.9  0.09 99.00  2.60 999 1016.6  23.9  24.0 999.0 99.0 99.00
2017 08 01 21 50 147  3.7  4.2  0.11 99.00  2.99 999 1016.3  23.8  23.9 999.0 99.0 99.00
2017 08 01 22 50 145  3.7  4.2  0.12 99.00  2.58 999 1016.0  24.0  23.7 999.0 99.0 99.00
2017 08 01 23 50 155  3.6  4.0  0.14 99.00  2.48 999 1016.2  23.9  23.6 999.0 99.0 99.00
2017 08 02 00 50 163  3.0  3.4  0.12 99.00  2.55 999 1016.3  23.7  23.4 999.0 99.0 99.00
2017 08 02 01 50 167  2.5  3.0  0.11 99.00  2.53 999 1016.4  23.5  23.3 999.0 99.0 99.00
2017 08 02 02 50 182  2.7  3.2  0.08 99.00  2.44 999 1016.3  23.4  23.3 999.0 99.0 99.00
2017 08 02 03 50 197  3.7  4.4  0.07 99.00  2.43 999 1016.2  23.4  23.2 999.0 99.0 99.00
2017 08 02 04 50 226  4.4  5.2  0.07 99.00  2.39 999 1016.2  23.3  23.2 999.0 99.0 99.00
2017 08 02 05 50 219  4.3  4.9  0.14 99.00  2.34 999 1016.0  23.1  23.1 999.0 99.0 99.00
2017 08 02 06 50 229  3.3  3.8  0.18 99.00  2.44 999 1015.4  23.2  23.1 999.0 99.0 99.00
2017 08 02 07 50 272  4.7  5.4  0.18 99.00  2.58 999 1015.4  23.4  23.1 999.0 99.0 99.00
2017 08 02 08 50 288  4.2  4.9  0.22 99.00  2.64 999 1015.7  23.0  23.0 999.0 99.0 99.00
2017 08 02 09 50 280  4.1  4.7  0.28  3.03  2.91 197 1016.0  23.0  23.0 999.0 99.0 99.00
2017 08 02 10 50 274  4.1  4.7  0.27  3.45  3.06 177 1016.0  22.9  22.9 999.0 99.0 99.00
2017 08 02 11 50 260  3.9  4.7  0.30  3.70  3.11 167 1016.2  22.8  22.9 999.0 99.0 99.00
2017 08 02 12 50 275  4.4  5.0  0.32  3.70  3.05 174 1016.1  22.7  22.9 999.0 99.0 99.00
2017 08 02 13 50 268  3.9  4.6  0.31  3.13  3.03 177 1016.5  22.7  22.9 999.0 99.0 99.00
2017 08 02 14 50 283  4.0  4.4  0.28  3.70  2.95 178 1016.7  22.6  23.0 999.0 99.0 99.00
2017 08 02 15 50 302  3.3  3.8  0.26  3.45  2.97 203 1017.0  22.7  23.0 999.0 99.0 99.00
2017 08 02 16 50 245  1.8  2.1  0.26  3.45  2.92 177 1016.9  22.8  23.3 999.0 99.0 99.00
2017 08 02 17 50 294  2.5  2.9  0.25  2.86  2.90 215 1016.9  22.9  23.6 999.0 99.0 99.00
2017 08 02 18 50 261  1.7  2.1  0.25 99.00  2.92 999 1016.5  23.1  23.9 999.0 99.0 99.00
2017 08 02 19 50 345  2.6  3.2  0.22 99.00  2.87 999 1016.3  23.1  24.2 999.0 99.0 99.00
2017 08 02 20 50   6  4.6  5.3  0.18 99.00  2.83 999 1016.3  22.3  23.9 999.0 99.0 99.00
2017 08 02 21 50  15  5.3  6.0  0.19 99.00  2.75 999 1016.5  22.2  23.6 999.0 99.0 99.00
2017 08 02 22 50  18  7.1  8.0  0.33  2.74  2.60  14 1016.2  21.8  23.4 999.0 99.0 99.00
2017 08 02 23 50  17  4.8  6.2  0.42  3.13  2.88  20 1016.2  21.4  23.4 999.0 99.0 99.00
2017 08 03 00 50  17  5.0  5.8  0.44  3.57  3.17   7 1016.0  21.2  23.3 999.0 99.0 99.00
2017 08 03 01 50 359  3.7  4.8  0.48  3.70  3.34  11 1016.8  21.1  23.2 999.0 99.0 99.00
2017 08 03 02 50  10  5.3  6.2  0.65  4.00  3.87  21 1017.2  21.3  23.2 999.0 99.0 99.00
2017 08 03 03 50  21  2.6  3.4  0.86  5.26  4.35  21 1017.1  21.5  23.2 999.0 99.0 99.00
2017 08 03 04 50 353  3.3  3.9  0.91  5.26  4.52  34 1017.1  21.8  23.2 999.0 99.0 99.00
2017 08 03 05 50   8  2.4  2.9  0.98  5.56  4.83  30 1016.7  21.8  23.2 999.0 99.0 99.00
2017 08 03 06 50  13  1.0  1.4  0.98  5.88  4.78  13 1016.2  21.9  23.2 999.0 99.0 99.00
2017 08 03 07 50 346  1.0  1.3  1.06  6.25  5.01  20 1016.3  21.9  23.2 999.0 99.0 99.00
2017 08 03 08 50  14  1.8  2.3  0.86  6.25  4.74  24 1016.0  22.0  23.1 999.0 99.0 99.00
2017 08 03 09 50  37  5.3  6.1  0.91  6.25  4.75 359 1016.0  21.6  23.1 999.0 99.0 99.00
2017 08 03 10 50  53  4.3  4.9  0.95  6.25  4.65 356 1015.8  21.8  23.1 999.0 99.0 99.00
2017 08 03 11 50 130  3.6  4.2  1.03  6.25  4.91 331 1015.9  22.2  23.1 999.0 99.0 99.00
2017 08 03 12 50 148  3.0  3.7  1.11  6.67  5.19 319 1016.0  22.4  23.1 999.0 99.0 99.00
2017 08 03 13 50 157  3.5  4.3  1.03  6.67  5.35 324 1015.7  22.4  23.1 999.0 99.0 99.00
2017 08 03 14 50 158  4.5  5.1  0.85  6.67  5.15 322 1015.3  22.5  23.2 999.0 99.0 99.00
2017 08 03 15 50 139  4.3  5.2  0.86  6.67  5.47 329 1015.0  22.6  23.2 999.0 99.0 99.00
2017 08 03 16 50 141  5.6  6.6  0.76  6.67  5.01 331 1014.6  22.7  23.3 999.0 99.0 99.00
2017 08 03 17 50 135  5.1  6.0  0.77  6.25  4.70 326 1013.3  22.9  23.4 999.0 99.0 99.00
2017 08 03 18 50 145  5.6  6.8  0.71  5.88  4.01 329 1011.6  23.6  23.4 999.0 99.0 99.00
2017 08 03 19 50 154  5.6  7.2  0.66  5.88  3.88 322 1010.7  23.9  23.4 999.0 99.0 99.00
2017 08 03 20 50 165  7.2  8.7  0.60  6.25  3.80 326 1010.7  24.1  23.4 999.0 99.0 99.00
2017 08 03 21 50 213  6.1  8.0  0.65  3.03  3.49 141 1010.7  23.9  23.4 999.0 99.0 99.00
2017 08 03 22 50 205 10.4 12.8  0.67  3.45  3.39 151 1009.8  23.1  23.3 999.0 99.0 99.00
2017 08 03 23 50 177  7.5  9.5  0.96  4.00  3.70 154 1008.8  23.1  23.2 999.0 99.0 99.00
2017 08 04 00 50 210 11.5 14.3  1.17  4.55  4.03 159 1009.2  22.6  23.2 999.0 99.0 99.00
2017 08 04 01 50 174  9.6 11.3  1.24  5.00  4.10 152 1008.3  21.7  23.0 999.0 99.0 99.00
2017 08 04 02 50 192  9.2 11.2  1.05  5.00  4.04 154 1008.4  22.7  23.0 999.0 99.0 99.00
2017 08 04 03 50 214 10.7 12.6  1.16  4.76  4.07 145 1007.1  22.8  22.9 999.0 99.0 99.00
2017 08 04 04 50 279  9.6 11.6  1.11  5.00  3.97 174 1007.2  22.1  22.8 999.0 99.0 99.00
2017 08 04 05 50 271  9.8 11.8  1.06  5.26  4.05 185 1007.7  21.2  22.8 999.0 99.0 99.00
2017 08 04 06 50 290 10.8 13.1  1.18  5.56  3.94 202 1008.1  18.6  22.7 999.0 99.0 99.00
2017 08 04 07 50 285 10.8 12.8  1.43  4.35  4.18 237 1008.3  17.0  22.5 999.0 99.0 99.00
2017 08 04 08 50 297  9.9 12.4  1.55  5.26  4.37 247 1008.1  16.7  22.4 999.0 99.0 99.00
2017 08 04 09 50 284  9.3 11.6  1.40  5.00  4.34 270 1007.9  16.5  22.3 999.0 99.0 99.00
2017 08 04 10 50 278 11.1 13.9  1.51  5.56  4.43 240 1007.6  16.1  22.1 999.0 99.0 99.00
2017 08 04 11 50 276 11.3 14.1  1.55  5.56  4.56 249 1007.5  15.6  21.9 999.0 99.0 99.00
2017 08 04 12 50 279 11.0 13.3  1.78  5.56  4.70 248 1007.7  15.2  21.8 999.0 99.0 99.00
2017 08 04 13 50 284 11.6 17.1  1.80  5.56  4.88 258 1007.8  15.4  21.7 999.0 99.0 99.00
2017 08 04 14 50 288 11.7 13.8  1.88  6.25  4.99 237 1007.6  15.7  21.7 999.0 99.0 99.00
2017 08 04 15 50 290 11.2 13.8  1.86  5.56  4.87 253 1008.1  16.2  21.7 999.0 99.0 99.00
2017 08 04 16 50 298 12.0 13.9  1.81  5.88  4.86 274 1008.2  16.1  21.6 999.0 99.0 99.00
2017 08 04 17 50 312 11.9 14.4  1.79  5.88  4.71 274 1008.5  16.9  21.6 999.0 99.0 99.00
2017 08 04 18 50 320 12.7 15.5  1.83  5.88  4.76 285 1008.9  16.9  21.6 999.0 99.0 99.00
2017 08 04 19 50 328 12.5 15.5  1.92  5.88  4.78 319 1009.6  16.9  21.5 999.0 99.0 99.00
2017 08 04 20 50 334 13.3 16.2  2.05  6.25  4.88 333 1010.3  17.2  21.4 999.0 99.0 99.00
2017 08 04 21 50 337 12.9 15.8  2.38  6.25  5.37 349 1011.0  17.7  21.3 999.0 99.0 99.00
2017 08 04 22 50 333 13.1 15.8  2.25  6.67  5.18   3 1011.4  18.4  21.2 999.0 99.0 99.00
2017 08 04 23 50 335 11.9 14.6  2.41  6.67  5.35   8 1011.9  18.8  21.1 999.0 99.0 99.00
2017 08 05 00 50 338 10.6 12.8  2.23  7.14  5.30  28 1012.7  19.2  21.1 999.0 99.0 99.00
2017 08 05 01 50 329  9.8 11.5  2.10  7.69  5.45  37 1013.2  19.6  21.1 999.0 99.0 99.00
2017 08 05 02 50 308  7.7 10.0  1.81  7.69  5.41  42 1013.7  19.5  21.1 999.0 99.0 99.00
2017 08 05 03 50 297  8.2  9.7  1.77  7.69  5.47  44 1013.5  19.7  21.1 999.0 99.0 99.00
2017 08 05 04 50 298  9.2 11.9  1.60  7.14  5.35  27 1013.3  20.1  21.1 999.0 99.0 99.00
2017 08 05 05 50 319  9.3 11.3  1.62  7.69  5.17  47 1013.7  19.8  21.1 999.0 99.0 99.00
2017 08 05 06 50 325  8.6 10.1  1.51  6.67  4.83  32 1013.7  19.6  21.1 999.0 99.0 99.00
2017 08 05 07 50 325  8.6 10.6  1.54  7.69  4.83  38 1014.0  19.5  21.1 999.0 99.0 99.00
2017 08 05 08 50 326  8.8 10.4  1.54  4.35  4.64 319 1014.4  19.2  21.1 999.0 99.0 99.00
2017 08 05 09 50 333  7.6  8.7  1.47  4.00  4.55 320 1014.8  19.0  21.1 999.0 99.0 99.00
2017 08 05 10 50 333  6.6  7.6  1.32  6.67  4.50  25 1015.5  18.8  21.0 999.0 99.0 99.00
2017 08 05 11 50 333  6.0  6.9  1.20  7.69  4.42  30 1015.9  18.4  21.0 999.0 99.0 99.00
2017 08 05 12 50 338  5.4  6.5  1.02  7.14  4.31  28 1016.4  18.2  21.0 999.0 99.0 99.00
2017 08 05 13 50 338  3.3  4.2  0.92  5.26  4.26  29 1016.7  18.1  20.9 999.0 99.0 99.00
2017 08 05 14 50 347  1.5  2.2  0.87  6.67  4.45  32 1016.8  18.2  20.9 999.0 99.0 99.00
2017 08 05 15 50 277  1.5  2.1  0.78  6.67  4.68  28 1017.6  18.4  21.3 999.0 99.0 99.00
2017 08 05 16 50 261  2.2  2.7  0.67  6.25  4.40  28 1017.6  18.6  21.6 999.0 99.0 99.00
2017 08 05 17 50 254  4.8  5.8  0.59  6.67  4.35   1 1018.0  19.0  21.5 999.0 99.0 99.00
2017 08 05 18 50 244  2.9  3.7  0.58  6.67  4.41 354 1017.6  19.4  21.4 999.0 99.0 99.00
2017 08 05 19 50 170  1.5  2.2  0.57  5.88  4.30 334 1017.2  20.2  21.6 999.0 99.0 99.00
2017 08 05 20 50 135  2.3  2.9  0.51  5.56  4.43 335 1017.1  20.6  21.8 999.0 99.0 99.00
2017 08 05 21 50 150  4.5  5.4  0.43  5.00  4.41 335 1016.9  20.9  21.8 999.0 99.0 99.00
2017 08 05 22 50 159  4.8  6.0  0.37  5.56  3.97 334 1016.4  21.2  21.7 999.0 99.0 99.00
2017 08 05 23 50 149  4.9  5.7  0.33  5.26  3.70 337 1016.4  21.3  21.7 999.0 99.0 99.00
2017 08 06 00 50 154  5.0  5.8  0.30  4.76  3.36 336 1016.3  21.5  21.6 999.0 99.0 99.00
2017 08 06 01 50 172  4.5  5.1  0.28  4.35  3.13 331 1016.6  21.5  21.6 999.0 99.0 99.00
2017 08 06 02 50 184  3.7  4.5  0.26  4.55  2.97 326 1016.7  21.8  21.5 999.0 99.0 99.00
2017 08 06 03 50 198  3.6  4.0  0.23 99.00  3.01 999 1016.4  21.6  21.4 999.0 99.0 99.00
2017 08 06 04 50 203  2.9  3.3  0.23 99.00  2.92 999 1016.2  21.5  21.4 999.0 99.0 99.00
2017 08 06 05 50 256  3.0  3.5  0.19 99.00  3.05 999 1016.4  21.5  21.3 999.0 99.0 99.00
2017 08 06 06 50 274  3.9  4.6  0.16 99.00  3.09 999 1016.6  21.3  21.2 999.0 99.0 99.00
2017 08 06 07 50 260  3.1  3.5  0.15 99.00  3.04 999 1016.2  21.1  21.1 999.0 99.0 99.00
2017 08 06 08 50 260  2.8  3.3  0.13 99.00  3.11 999 1016.2  21.0  21.2 999.0 99.0 99.00
2017 08 06 09 50 277  4.5  5.2  0.13 99.00  2.85 999 1016.3  20.8  21.2 999.0 99.0 99.00
2017 08 06 10 50 287  4.3  4.8  0.15 99.00  2.75 999 1016.6  20.9  21.1 999.0 99.0 99.00
2017 08 06 11 50 298  3.1  3.5  0.17 99.00  2.79 999 1016.7  20.7  21.1 999.0 99.0 99.00
2017 08 06 12 50 270  2.2  2.7  0.19 99.00  2.87 999 1017.0  20.8  21.1 999.0 99.0 99.00
2017 08 06 13 50 233  2.6  3.0  0.19 99.00  2.77 999 1017.4  20.7  21.1 999.0 99.0 99.00
2017 08 06 14 50 271  1.4  1.7  0.17 99.00  2.73 999 1017.3  20.7  21.1 999.0 99.0 99.00
2017 08 06 15 50 204  1.7  2.1  0.17 99.00  2.71 999 1017.3  20.8  21.2 999.0 99.0 99.00
2017 08 06 16 50 212  1.6  2.0  0.15 99.00  2.67 999 1017.5  21.1  21.2 999.0 99.0 99.00
2017 08 06 17 50 201  2.4  2.7  0.15 99.00  2.57 999 1017.4  21.2  21.4 999.0 99.0 99.00
2017 08 06 18 50 215  3.4  4.1  0.17 99.00  2.61 999 1017.3  21.3  21.6 999.0 99.0 99.00
2017 08 06 19 50 211  4.0  4.7  0.17 99.00  2.69 999 1016.9  21.3  21.7 999.0 99.0 99.00
2017 08 06 20 50 218  5.0  6.0  0.16 99.00  2.60 999 1016.5  21.7  21.8 999.0 99.0 99.00
2017 08 06 21 50 227  5.8  6.7  0.24 99.00  2.57 999 1016.1  21.6  21.7 999.0 99.0 99.00
2017 08 06 22 50 227  4.6  5.4  0.26  2.94  2.70 149 1016.1  21.7  21.6 999.0 99.0 99.00
2017 08 06 23 50 231  4.5  5.2  0.27  3.13  2.82 147 1016.2  21.6  21.5 999.0 99.0 99.00
2017 08 07 00 50 200  4.1  4.8  0.28  3.33  2.96 142 1016.0  21.5  21.4 999.0 99.0 99.00
2017 08 07 01 50 209  2.6  3.1  0.22 99.00  3.02 999 1016.6  21.5  21.4 999.0 99.0 99.00
2017 08 07 02 50 199  2.5  2.9  0.22 99.00  3.12 999 1016.9  21.4  21.3 999.0 99.0 99.00
2017 08 07 03 50 174  2.4  2.9  0.23 99.00  3.22 999 1016.8  21.5  21.3 999.0 99.0 99.00
2017 08 07 04 50 192  2.4  3.1  0.22 99.00  3.17 999 1016.8  21.5  21.3 999.0 99.0 99.00
2017 08 07 05 50 220  3.0  3.5  0.21 99.00  3.05 999 1016.8  21.3  21.2 999.0 99.0 99.00
2017 08 07 06 50 285  4.0  5.3  0.22 99.00  2.96 999 1016.5  20.6  21.2 999.0 99.0 99.00
2017 08 07 07 50 280  1.2  2.2  0.21 99.00  2.86 999 1016.3  20.3  21.2 999.0 99.0 99.00
2017 08 07 08 50  34  1.8  2.6  0.17 99.00  2.76 999 1016.1  19.9  21.2 999.0 99.0 99.00
2017 08 07 09 50   6  2.5  3.1  0.16 99.00  2.81 999 1016.0  20.2  21.2 999.0 99.0 99.00
2017 08 07 10 50  16  8.0  9.5  0.33  3.85  3.39 336 1016.0  20.0  21.2 999.0 99.0 99.00
2017 08 07 11 50  29  7.0  8.3  0.39  3.70  3.22 316 1016.7  19.5  21.3 999.0 99.0 99.00
2017 08 07 12 50  36  5.4  6.5  0.45  3.70  3.20 325 1017.2  19.4  21.3 999.0 99.0 99.00
2017 08 07 13 50  40  4.3  5.5  0.43  3.57  3.15 345 1017.4  19.7  21.3 999.0 99.0 99.00
2017 08 07 14 50  37  4.1  5.0  0.38  3.45  3.13  14 1017.7  19.4  21.3 999.0 99.0 99.00
2017 08 07 15 50  23  4.5  5.9  0.35  3.03  3.02  27 1017.9  19.3  21.3 999.0 99.0 99.00
2017 08 07 16 50  25  3.4  5.1  0.32  3.23  2.97  34 1018.2  19.7  21.3 999.0 99.0 99.00
2017 08 07 17 50 359  4.7  5.5  0.30  3.23  2.86  36 1018.4  19.4  21.4 999.0 99.0 99.00
2017 08 07 18 50   3  5.8  7.2  0.33  3.03  2.74  29 1018.5  19.6  21.4 999.0 99.0 99.00
2017 08 07 19 50 357  7.9  9.1  0.55  3.70  3.15   4 1018.4  20.0  21.3 999.0 99.0 99.00
2017 08 07 20 50 358  8.4 10.0  0.80  4.00  3.39  13 1018.4  19.8  21.3 999.0 99.0 99.00
2017 08 07 21 50 356  8.7 10.3  0.90  4.35  3.67  15 1018.3  20.0  21.3 999.0 99.0 99.00
2017 08 07 22 50 354  8.8 10.4  0.90  4.76  3.74  22 1017.9  20.1  21.3 999.0 99.0 99.00
2017 08 07 23 50 357  8.1  9.5  0.89  4.55  3.77  30 1018.2  20.3  21.2 999.0 99.0 99.00
2017 08 08 00 50 356  6.7  7.8  0.87  4.76  3.82  27 1018.6  20.3  21.2 999.0 99.0 99.00
2017 08 08 01 50   3  5.6  6.3  0.77  4.55  3.93  21 1019.2  20.4  21.2 999.0 99.0 99.00
2017 08 08 02 50   2  4.3  5.1  0.74  4.76  4.01  29 1019.6  20.4  21.3 999.0 99.0 99.00
2017 08 08 03 50 352  2.6  3.1  0.57  4.76  3.92  24 1019.8  20.5  21.3 999.0 99.0 99.00
2017 08 08 04 50 331  2.1  2.6  0.51  5.26  4.07  46 1020.1  20.4  21.3 999.0 99.0 99.00
2017 08 08 05 50 308  3.5  4.0  0.43  4.00  3.92  32 1020.2  20.3  21.3 999.0 99.0 99.00
2017 08 08 06 50 296  4.5  5.3  0.37  4.55  3.76  22 1019.9  20.4  21.3 999.0 99.0 99.00
2017 08 08 07 50 288  5.9  6.8  0.34  4.17  3.46  18 1019.8  20.9  21.2 999.0 99.0 99.00
2017 08 08 08 50 296  5.8  6.5  0.33  4.00  2.99  24 1019.6  20.7  21.2 999.0 99.0 99.00
2017 08 08 09 50 310  6.9  8.1  0.38  2.60  2.79 316 1019.8  20.9  21.2 999.0 99.0 99.00
2017 08 08 10 50 317  6.3  7.3  0.41  2.74  2.77 326 1020.1  20.5  21.2 999.0 99.0 99.00
2017 08 08 11 50 325  6.0  6.7  0.40  3.03  2.92 319 1020.5  20.6  21.1 999.0 99.0 99.00
2017 08 08 12 50 333  5.7  6.5  0.44  3.33  3.03 321 1020.7  20.5  21.1 999.0 99.0 99.00
2017 08 08 13 50 332  6.0  6.8  0.46  3.45  3.13 316 1021.1  20.4  21.0 999.0 99.0 99.00
2017 08 08 14 50 331  5.1  6.0  0.58  4.00  3.45 345 1021.4  20.3  21.1 999.0 99.0 99.00
2017 08 08 15 50 327  4.9  5.8  0.52  4.17  3.46 354 1021.7  20.4  21.2 999.0 99.0 99.00
2017 08 08 16 50 322  4.6  5.4  0.49  4.17  3.42 346 1021.7  20.8  21.3 999.0 99.0 99.00
2017 08 08 17 50 322  3.5  4.3  0.45  4.17  3.52 354 1021.6  21.3  21.3 999.0 99.0 99.00
2017 08 08 18 50 282  2.4  2.8  0.42  4.17  3.60 353 1021.4  21.6  21.5 999.0 99.0 99.00
2017 08 08 19 50 239  2.9  3.7  0.38  4.00  3.60 294 1021.2  21.9  21.8 999.0 99.0 99.00
2017 08 08 20 50 224  2.2  2.5  0.32  4.17  3.48 291 1020.9  22.4  22.0 999.0 99.0 99.00
2017 08 08 21 50 182  3.0  3.3  0.28  3.85  3.43 285 1020.4  22.4  22.2 999.0 99.0 99.00
2017 08 08 22 50 192  3.6  3.9  0.24 99.00  3.30 999 1020.1  22.6  22.2 999.0 99.0 99.00
2017 08 08 23 50 192  3.6  4.2  0.20 99.00  3.31 999 1020.1  22.6  22.2 999.0 99.0 99.00
2017 08 09 00 50 207  3.6  4.1  0.17 99.00  3.20 999 1020.1  22.4  22.1 999.0 99.0 99.00
2017 08 09 01 50 222  4.6  5.3  0.14 99.00  3.10 999 1020.3  22.3  22.0 999.0 99.0 99.00
2017 08 09 02 50 238  5.7  6.4  0.16 99.00  2.51 999 1020.5  21.9  21.8 999.0 99.0 99.00
2017 08 09 03 50 239  4.9  5.6  0.23 99.00  2.53 999 1020.5  22.1  21.7 999.0 99.0 99.00
2017 08 09 04 50 249  4.8  5.4  0.22 99.00  2.57 999 1021.0  21.9  21.6 999.0 99.0 99.00
2017 08 09 05 50 254  5.1  6.1  0.22 99.00  2.63 999 1021.2  21.9  21.5 999.0 99.0 99.00
2017 08 09 06 50 265  3.8  4.4  0.21 99.00  2.72 999 1021.0  21.7  21.4 999.0 99.0 99.00
2017 08 09 07 50 270  3.2  3.7  0.19 99.00  2.75 999 1021.1  21.6  21.3 999.0 99.0 99.00
2017 08 09 08 50 271  4.0  4.7  0.17 99.00  2.75 999 1021.3  21.4  21.3 999.0 99.0 99.00
2017 08 09 09 50 285  4.1  4.8  0.18 99.00  2.72 999 1021.5  21.2  21.3 999.0 99.0 99.00
2017 08 09 10 50 289  3.7  4.4  0.18 99.00  2.69 999 1021.6  21.0  21.3 999.0 99.0 99.00
2017 08 09 11 50 297  3.0  3.8  0.19 99.00  2.64 999 1021.8  21.1  21.2 999.0 99.0 99.00
2017 08 09 12 50 269  3.4  4.1  0.18 99.00  2.77 999 1022.1  21.2  21.3 999.0 99.0 99.00
2017 08 09 13 50 281  2.9  3.4  0.19 99.00  2.68 999 1022.5  21.2  21.4 999.0 99.0 99.00
2017 08 09 14 50 265  2.9  3.6  0.20 99.00  2.65 999 1022.6  21.4  21.5 999.0 99.0 99.00
2017 08 09 15 50 275  3.1  3.6  0.20 99.00  2.75 999 1022.8  21.3  21.7 999.0 99.0 99.00
2017 08 09 17 50 239  2.2  2.6  0.17 99.00  2.63 999 1022.2  21.9  22.2 999.0 99.0 99.00
2017 08 09 18 50 193  3.3  3.7  0.17 99.00  2.55 999 1022.0  22.1  22.3 999.0 99.0 99.00
2017 08 09 19 50 165  3.3  3.7  0.16 99.00  2.59 999 1021.6  22.4  22.4 999.0 99.0 99.00
2017 08 09 20 50 160  2.2  2.5  0.10 99.00  2.63 999 1021.1  22.6  22.5 999.0 99.0 99.00
2017 08 09 21 50 136  2.4  2.9  0.11 99.00  2.98 999 1020.9  22.6  22.4 999.0 99.0 99.00
2017 08 09 22 50 134  3.0  3.5  0.07 99.00  2.62 999 1020.4  22.7  22.2 999.0 99.0 99.00
2017 08 09 23 50 124  2.6  3.1  0.06 99.00  2.84 999 1020.3  22.7  22.1 999.0 99.0 99.00
2017 08 10 00 50 110  3.1  3.8  0.08 99.00  2.91 999 1020.1  22.4  21.9 999.0 99.0 99.00
2017 08 10 01 50  99  3.0  3.4  0.07 99.00  2.51 999 1020.2  22.3  21.9 999.0 99.0 99.00
2017 08 10 02 50 101  3.9  4.4  0.08 99.00  3.41 999 1020.2  22.1  21.9 999.0 99.0 99.00
2017 08 10 03 50 108  4.1  4.8  0.09 99.00  2.73 999 1019.9  22.4  21.9 999.0 99.0 99.00
2017 08 10 04 50 131  6.1  7.1  0.21 99.00  2.38 999 1019.8  22.6  21.8 999.0 99.0 99.00
2017 08 10 05 50 142  6.0  6.8  0.29  2.47  2.55 126 1019.5  22.5  21.7 999.0 99.0 99.00
2017 08 10 06 50 177  4.7  5.4  0.27  2.47  2.55 111 1019.6  22.5  21.7 999.0 99.0 99.00
2017 08 10 07 50 175  4.3  4.9  0.27  2.60  2.56 125 1019.4  22.1  21.7 999.0 99.0 99.00
2017 08 10 08 50 207  4.4  5.0  0.24 99.00  2.53 999 1019.1  22.2  21.7 999.0 99.0 99.00
2017 08 10 09 50 209  3.6  4.1  0.23 99.00  2.51 999 1018.7  22.0  21.6 999.0 99.0 99.00
2017 08 10 10 50 197  4.7  5.4  0.18 99.00  2.56 999 1019.0  22.1  21.6 999.0 99.0 99.00
2017 08 10 11 50 194  4.7  5.5  0.21 99.00  2.57 999 1018.9  21.9  21.6 999.0 99.0 99.00
2017 08 10 12 50 188  6.0  6.9  0.23 99.00  2.60 999 1018.9  22.0  21.6 999.0 99.0 99.00
2017 08 10 13 50 204  5.8  6.8  0.28  2.60  2.65 149 1018.5  21.9  21.6 999.0 99.0 99.00
2017 08 10 14 50 201  5.4  6.3  0.34  3.03  2.87 142 1018.4  21.7  21.5 999.0 99.0 99.00
2017 08 10 15 50 207  5.2  6.2  0.35  3.23  2.97 149 1018.4  21.7  21.4 999.0 99.0 99.00
2017 08 10 16 50 204  4.9  6.1  0.35  3.33  3.09 157 1018.4  21.8  21.3 999.0 99.0 99.00
2017 08 10 17 50 175  6.1  7.3  0.39  3.70  3.20 150 1017.8  21.9  21.4 999.0 99.0 99.00
2017 08 10 18 50 150  6.1  7.1  0.46  3.70  3.28 153 1017.2  22.3  21.6 999.0 99.0 99.00
2017 08 10 19 50 139  6.7  7.8  0.49  3.70  3.26 136 1016.3  22.6  21.7 999.0 99.0 99.00
2017 08 10 20 50 136  7.4  8.5  0.55  3.70  3.20 146 1015.2  22.8  21.7 999.0 99.0 99.00
2017 08 10 21 50 136  6.0  7.0  0.62  3.57  3.27 147 1015.0  23.0  21.7 999.0 99.0 99.00
2017 08 10 22 50 135  6.9  7.7  0.54  3.70  3.17 146 1014.1  23.1  21.6 999.0 99.0 99.00
2017 08 10 23 50 165  7.9  8.9  0.56  3.70  3.10 157 1013.9  23.3  21.6 999.0 99.0 99.00
2017 08 11 00 50 244  6.5  7.5  0.60  3.57  3.11 170 1014.4  22.3  21.6 999.0 99.0 99.00
2017 08 11 01 50 216  7.4  8.5  0.64  3.57  3.13 165 1013.7  22.2  21.6 999.0 99.0 99.00
2017 08 11 02 50 219  8.7 12.8  0.78  4.35  3.41 166 1013.8  22.4  21.6 999.0 99.0 99.00
2017 08 11 03 50 252  6.7  8.0  0.83  4.17  3.39 165 1013.9  22.9  21.6 999.0 99.0 99.00
2017 08 11 04 50 258  6.4  7.3  0.68  4.00  3.30 204 1013.5  21.5  21.5 999.0 99.0 99.00
2017 08 11 05 50 213  5.4  6.3  0.47  3.33  3.04 177 1014.1  21.6  21.4 999.0 99.0 99.00
2017 08 11 06 50 265  5.1  5.8  0.38  3.23  2.92 190 1013.7  21.6  21.3 999.0 99.0 99.00
2017 08 11 07 50 271  6.0  7.1  0.35  3.13  2.93 207 1013.7  21.2  21.2 999.0 99.0 99.00
2017 08 11 08 50 286  5.4  6.2  0.41  3.45  3.01 201 1013.2  20.7  21.1 999.0 99.0 99.00
2017 08 11 09 50 295  5.2  6.1  0.42  3.23  3.07 230 1013.4  20.5  21.0 999.0 99.0 99.00
2017 08 11 10 50 318  4.7  5.7  0.41  3.23  3.21 253 1013.6  20.4  21.1 999.0 99.0 99.00
2017 08 11 11 50 325  5.3  6.2  0.39  3.33  3.28 256 1013.6  20.6  21.2 999.0 99.0 99.00
2017 08 11 12 50 317  3.4  4.1  0.39  3.45  3.35 245 1014.1  20.6  21.3 999.0 99.0 99.00
2017 08 11 13 50 325  5.0  5.8  0.41  3.85  3.25 239 1014.3  20.3  21.3 999.0 99.0 99.00
2017 08 11 14 50 320  5.2  6.0  0.43  3.57  3.38 266 1014.5  20.1  21.3 999.0 99.0 99.00
2017 08 11 15 50 336  5.6  6.6  0.42  3.57  3.25 274 1014.7  19.9  21.4 999.0 99.0 99.00
2017 08 11 16 50 329  5.8  6.6  0.44  3.57  3.13 305 1015.3  20.0  21.5 999.0 99.0 99.00
2017 08 11 18 50 354  6.9  8.1  0.57  4.00  3.33 338 1015.1  19.5  21.5 999.0 99.0 99.00
2017 08 11 19 50 350  6.1  7.4  0.60  4.00  3.41 344 1015.2  19.6  21.5 999.0 99.0 99.00
2017 08 11 20 50 351  5.5  6.4  0.49  4.00  3.31 348 1015.3  19.8  21.5 999.0 99.0 99.00
2017 08 11 21 50   2  6.2  7.4  0.44  3.85  3.21 355 1015.1  20.0  21.6 999.0 99.0 99.00
2017 08 11 22 50 360  5.9  6.9  0.50  4.17  3.27  10 1015.1  20.0  21.5 999.0 99.0 99.00
2017 08 11 23 50 357  6.0  7.3  0.51  3.85  3.26  13 1015.0  20.2  21.4 999.0 99.0 99.00
2017 08 12 00 50 356  6.6  7.5  0.59  3.85  3.37  19 1015.3  20.2  21.3 999.0 99.0 99.00
2017 08 12 01 50   4  7.4  8.3  0.69  4.00  3.32  17 1015.6  20.2  21.2 999.0 99.0 99.00
2017 08 12 02 50 360  6.1  7.2  0.72  4.55  3.53  27 1015.9  20.1  21.2 999.0 99.0 99.00
2017 08 12 03 50   8  5.8  7.4  0.72  4.55  3.49  23 1015.6  20.1  21.2 999.0 99.0 99.00
2017 08 12 04 50 360  7.2  8.7  0.69  4.35  3.43  25 1015.4  19.8  21.2 999.0 99.0 99.00
2017 08 12 05 50   1  6.6  7.8  0.71  3.85  3.47  23 1015.2  19.8  21.3 999.0 99.0 99.00
2017 08 12 06 50 349  7.6  8.7  0.73  4.35  3.58  16 1015.4  19.8  21.4 999.0 99.0 99.00
2017 08 12 07 50 354  7.3  8.7  0.75  4.55  3.58  26 1015.6  19.6  21.3 999.0 99.0 99.00
2017 08 12 08 50 357  7.3  8.4  0.87  5.00  3.92  12 1015.6  19.3  21.3 999.0 99.0 99.00
2017 08 12 09 50 355  7.0  8.6  0.92  5.26  4.17  22 1015.7  19.1  21.3 999.0 99.0 99.00
2017 08 12 10 50 348  6.5  8.1  0.99  5.56  4.35  20 1015.9  19.0  21.3 999.0 99.0 99.00
2017 08 12 11 50 355  6.6  8.3  1.04  5.88  4.53  23 1016.4  19.1  21.3 999.0 99.0 99.00
2017 08 12 12 50 349  7.7  9.3  0.98  5.88  4.63  29 1016.8  18.6  21.3 999.0 99.0 99.00
2017 08 12 13 50 357  6.9  8.5  1.03  5.56  4.44  29 1017.1  18.8  21.4 999.0 99.0 99.00
2017 08 12 14 50 351  7.1  8.2  1.05  6.25  4.56  27 1017.7  18.7  21.4 999.0 99.0 99.00
2017 08 12 15 50 351  6.8  8.3  1.03  5.88  4.31  31 1018.0  18.9  21.5 999.0 99.0 99.00
2017 08 12 16 50 357  7.2  8.7  1.12  5.00  4.42  26 1018.1  19.0  21.5 999.0 99.0 99.00
2017 08 12 17 50 358  7.0  8.6  1.13  5.26  4.35  33 1018.0  19.3  21.5 999.0 99.0 99.00
2017 08 12 18 50 349  6.6  7.8  1.12  5.56  4.37  34 1018.3  19.1  21.4 999.0 99.0 99.00
2017 08 12 19 50 344  6.3  7.9  1.00  5.56  4.18  30 1018.2  19.3  21.2 999.0 99.0 99.00
2017 08 12 20 50 343  6.5  7.5  0.87  5.26  3.97  37 1017.9  19.6  21.3 999.0 99.0 99.00
2017 08 12 21 50 347  6.8  8.2  0.80  5.88  3.87  36 1017.5  20.0  21.3 999.0 99.0 99.00
2017 08 12 22 50 359  6.3  7.4  0.74  5.26  3.80  31 1017.5  20.4  21.4 999.0 99.0 99.00
2017 08 12 23 50   5  5.4  6.2  0.71  4.35  3.76  24 1017.3  20.6  21.4 999.0 99.0 99.00
2017 08 13 00 50   9  5.1  6.3  0.66  4.55  3.87  25 1017.1  20.5  21.4 999.0 99.0 99.00
2017 08 13 01 50   6  3.8  4.6  0.66  5.88  4.03  21 1017.4  20.4  21.4 999.0 99.0 99.00
2017 08 13 02 50 359  3.2  3.8  0.56  4.17  4.11  19 1017.6  20.5  21.4 999.0 99.0 99.00
2017 08 13 03 50 341  2.2  2.5  0.52  6.25  4.29  21 1017.8  20.5  21.4 999.0 99.0 99.00
2017 08 13 04 50 339  2.1  2.7  0.50  5.56  4.29  22 1017.8  20.5  21.4 999.0 99.0 99.00
2017 08 13 05 50 336  1.8  2.3  0.45  4.55  4.41  29 1017.9  20.4  21.5 999.0 99.0 99.00
2017 08 13 06 50 321  2.3  2.8  0.43  5.26  4.34  19 1018.1  20.2  21.5 999.0 99.0 99.00
2017 08 13 07 50 317  2.4  3.1  0.44  5.88  4.33  19 1018.2  20.1  21.5 999.0 99.0 99.00
2017 08 13 08 50 331  3.0  3.5  0.37  5.56  4.01  16 1018.2  20.2  21.5 999.0 99.0 99.00
2017 08 13 09 50 345  2.7  3.3  0.34  4.76  3.86  24 1018.0  20.1  21.5 999.0 99.0 99.00
2017 08 13 10 50   3  2.6  3.4  0.33  5.00  3.66  27 1018.3  19.9  21.4 999.0 99.0 99.00
2017 08 13 11 50  32  1.7  2.2  0.29  4.76  3.62  32 1018.6  19.9  21.3 999.0 99.0 99.00
2017 08 13 12 50  49  1.3  1.8  0.27  4.17  3.36  33 1018.8  20.1  21.2 999.0 99.0 99.00
2017 08 13 13 50  81  1.5  2.1  0.24 99.00  3.11 999 1018.8  20.2  21.1 999.0 99.0 99.00
2017 08 13 14 50  82  1.8  2.5  0.22 99.00  3.07 999 1019.0  20.3  21.3 999.0 99.0 99.00
2017 08 13 15 50 106  1.8  2.5  0.20 99.00  3.08 999 1019.0  20.2  21.6 999.0 99.0 99.00
2017 08 13 16 50  95  1.9  2.4  0.16 99.00  3.15 999 1018.7  20.1  21.8 999.0 99.0 99.00
2017 08 13 17 50 179  1.1  1.8  0.15 99.00  3.01 999 1018.8  20.7  22.3 999.0 99.0 99.00
2017 08 13 18 50 135  0.6  1.0  0.15 99.00  3.12 999 1018.5  20.7  23.4 999.0 99.0 99.00
2017 08 13 19 50 117  0.8  1.3  0.13 99.00  3.17 999 1018.0  20.6  23.4 999.0 99.0 99.00
2017 08 13 20 50 115  0.9  1.4  0.13 99.00  3.07 999 1017.6  20.9  23.3 999.0 99.0 99.00
2017 08 13 21 50 205  0.6  1.1  0.14 99.00  3.22 999 1017.1  21.1  23.5 999.0 99.0 99.00
2017 08 13 22 50 129  1.0  1.5  0.11 99.00  3.18 999 1016.6  20.9  23.5 999.0 99.0 99.00
2017 08 13 23 50 141  1.4  2.0  0.11 99.00  3.14 999 1016.0  20.8  23.1 999.0 99.0 99.00
2017 08 14 00 50 164  1.2  1.7  0.10 99.00  3.24 999 1015.6  20.8  23.0 999.0 99.0 99.00
2017 08 14 01 50 174  1.9  2.6  0.12 99.00  3.85 999 1015.5  20.9  22.8 999.0 99.0 99.00
2017 08 14 02 50 124  2.2  2.8  0.09 99.00  3.33 999 1015.3  21.0  22.3 999.0 99.0 99.00
2017 08 14 03 50 133  1.7  2.4  0.09 99.00  3.41 999 1015.5  21.1  22.1 999.0 99.0 99.00
2017 08 14 04 50 127  1.7  2.4  0.09 99.00  3.32 999 1015.4  21.1  21.8 999.0 99.0 99.00
2017 08 14 05 50 128  1.2  1.7  0.07 99.00  3.01 999 1015.2  21.1  21.6 999.0 99.0 99.00
2017 08 14 06 50 106  1.4  1.8  0.08 99.00  2.90 999 1014.8  21.2  21.3 999.0 99.0 99.00
2017 08 14 07 50 111  2.6  3.0  0.08 99.00  2.87 999 1014.2  21.2  21.5 999.0 99.0 99.00
2017 08 14 08 50 112  1.9  2.3  0.06 99.00  2.79 999 1014.0  21.3  21.4 999.0 99.0 99.00
2017 08 14 09 50 102  1.5  1.7  0.05 99.00  2.89 999 1013.9  21.4  21.4 999.0 99.0 99.00
2017 08 14 10 50 106  1.4  1.7  0.05 99.00  2.77 999 1013.9  21.3  21.4 999.0 99.0 99.00
2017 08 14 11 50 104  2.3  2.6  0.07 99.00  3.38 999 1013.5  21.3  21.4 999.0 99.0 99.00
2017 08 14 12 50 127  2.2  2.5  0.06 99.00  2.69 999 1013.4  21.1  21.4 999.0 99.0 99.00
2017 08 14 13 50 110  2.5  2.9  0.07 99.00  2.42 999 1012.9  21.2  21.7 999.0 99.0 99.00
2017 08 14 14 50 101  2.8  3.1  0.10 99.00  2.51 999 1012.7  21.2  21.9 999.0 99.0 99.00
2017 08 14 15 50 122  2.8  3.3  0.08 99.00  2.64 999 1012.7  21.4  22.1 999.0 99.0 99.00
2017 08 14 16 50 153  2.2  2.5  0.09 99.00  2.55 999 1012.6  21.8  22.5 999.0 99.0 99.00
2017 08 14 17 50 135  3.0  3.5  0.10 99.00  2.50 999 1012.0  21.9  22.7 999.0 99.0 99.00
2017 08 14 18 50 140  3.6  4.1  0.14 99.00  3.00 999 1011.5  22.0  22.4 999.0 99.0 99.00
2017 08 14 19 50 136  3.3  3.7  0.12 99.00  2.67 999 1010.9  22.1  22.3 999.0 99.0 99.00
2017 08 14 20 50 144  2.0  2.3  0.10 99.00  2.69 999 1010.7  22.3  22.3 999.0 99.0 99.00
2017 08 14 21 50 134  1.5  1.8  0.11 99.00  2.94 999 1010.4  22.4  22.4 999.0 99.0 99.00
2017 08 14 22 50  81  1.6  1.9  0.09 99.00  2.74 999 1010.0  22.4  22.5 999.0 99.0 99.00
2017 08 14 23 50  86  1.9  2.2  0.08 99.00  2.68 999 1010.0  22.4  22.3 999.0 99.0 99.00
2017 08 15 00 50 103  2.1  2.3  0.07 99.00  3.30 999 1010.0  22.1  22.1 999.0 99.0 99.00
2017 08 15 01 50  91  2.5  2.9  0.06 99.00  2.86 999 1010.0  22.1  22.1 999.0 99.0 99.00
2017 08 15 02 50 102  3.4  4.1  0.06 99.00  2.78 999 1009.9  22.1  22.2 999.0 99.0 99.00
2017 08 15 03 50 118  3.4  3.7  0.06 99.00  2.78 999 1009.8  22.2  22.1 999.0 99.0 99.00
2017 08 15 04 50 115  3.3  4.3  0.07 99.00  2.75 999 1009.7  22.2  22.1 999.0 99.0 99.00
2017 08 15 05 50  37  2.9  6.5  0.05 99.00  2.56 999 1009.7  22.2  22.0 999.0 99.0 99.00
2017 08 15 06 50  49  3.7  4.3  0.08 99.00  2.64 999 1009.4  21.4  21.9 999.0 99.0 99.00
2017 08 15 07 50  77  3.8  4.4  0.05 99.00  2.65 999 1009.5  21.5  21.9 999.0 99.0 99.00
2017 08 15 08 50  82  2.4  2.6  0.06 99.00  2.77 999 1010.0  21.6  21.9 999.0 99.0 99.00
2017 08 15 09 50  85  1.8  2.2  0.05 99.00  2.39 999 1010.4  21.6  22.0 999.0 99.0 99.00
2017 08 15 10 50 113  0.9  1.2  0.05 99.00  2.47 999 1010.7  21.5  21.9 999.0 99.0 99.00
2017 08 15 11 50  36  3.5  4.4  0.06 99.00  2.37 999 1011.5  21.5  21.9 999.0 99.0 99.00
2017 08 15 12 50  52  5.6  6.5  0.10 99.00  2.40 999 1011.4  21.2  21.9 999.0 99.0 99.00
2017 08 15 13 50  61  4.3  5.0  0.21 99.00  2.61 999 1012.4  21.2  21.8 999.0 99.0 99.00
2017 08 15 14 50  64  3.4  4.0  0.27  2.74  2.81  60 1012.9  21.2  21.9 999.0 99.0 99.00
2017 08 15 15 50  70  1.3  1.8  0.32  3.23  3.07  58 1013.4  21.6  22.0 999.0 99.0 99.00
2017 08 15 16 50  11  5.8  6.5  0.45  3.85  3.34  44 1014.0  21.1  22.3 999.0 99.0 99.00
2017 08 15 17 50  29  5.2  6.0  0.48  4.17  3.14  30 1014.1  20.5  22.1 999.0 99.0 99.00
2017 08 15 18 50  17  5.3  6.0  0.45  4.17  3.12  20 1014.5  21.0  22.1 999.0 99.0 99.00
2017 08 15 19 50   8  7.1  7.9  0.51  3.33  3.01  36 1014.5  20.5  22.1 999.0 99.0 99.00
2017 08 15 20 50   7  6.7  7.6  0.66  4.17  3.27  15 1014.6  20.5  22.1 999.0 99.0 99.00
2017 08 15 21 50  13  7.8  9.0  0.73  4.35  3.46  20 1014.3  20.5  22.1 999.0 99.0 99.00
2017 08 15 22 50  16  7.4  8.8  0.72  4.35  3.53  18 1014.2  20.6  22.0 999.0 99.0 99.00
2017 08 15 23 50  17  6.7  8.0  0.68  4.35  3.54  24 1014.0  20.8  21.9 999.0 99.0 99.00
2017 08 16 00 50  16  6.2  7.3  0.71  4.35  3.70  23 1014.1  20.9  21.8 999.0 99.0 99.00
2017 08 16 01 50  25  6.0  6.8  0.64  4.55  3.75  36 1014.7  20.8  21.8 999.0 99.0 99.00
2017 08 16 02 50  27  5.7  6.6  0.61  4.55  3.66  32 1015.2  20.8  21.9 999.0 99.0 99.00
2017 08 16 04 50  33  4.9  5.9  0.68  4.76  3.93  21 1015.8  20.9  22.0 999.0 99.0 99.00
2017 08 16 05 50  45  4.0  4.6  0.64  4.55  3.98  22 1015.9  21.0  21.9 999.0 99.0 99.00
2017 08 16 06 50  53  3.0  3.6  0.62  4.76  3.89  13 1015.8  21.0  21.9 999.0 99.0 99.00
2017 08 16 07 50  50  2.6  3.1  0.52  4.55  3.78  11 1015.7  21.1  21.8 999.0 99.0 99.00
2017 08 16 08 50  49  3.2  3.8  0.45  4.17  3.50  20 1015.6  21.1  21.7 999.0 99.0 99.00
2017 08 16 09 50  52  2.9  3.4  0.39  4.00  3.35  13 1015.9  21.0  21.6 999.0 99.0 99.00
2017 08 16 10 50  57  1.5  2.2  0.36  3.85  3.27  14 1016.4  20.9  21.6 999.0 99.0 99.00
2017 08 16 11 50  66  1.5  1.9  0.28  3.70  3.19  18 1016.7  20.9  21.5 999.0 99.0 99.00
2017 08 16 12 50  72  1.9  2.3  0.26  3.85  3.10   3 1016.8  21.2  21.4 999.0 99.0 99.00
2017 08 16 13 50  71  2.1  2.5  0.26  3.85  3.16  10 1016.7  21.3  21.5 999.0 99.0 99.00
2017 08 16 14 50  75  3.1  3.5  0.23 99.00  3.16 999 1016.6  21.5  21.7 999.0 99.0 99.00
2017 08 16 15 50  79  2.9  3.3  0.23 99.00  3.28 999 1016.4  21.7  21.9 999.0 99.0 99.00
2017 08 16 16 50  82  2.8  3.2  0.24 99.00  3.24 999 1016.2  22.1  22.1 999.0 99.0 99.00
2017 08 16 17 50  70  3.3  3.8  0.22 99.00  3.22 999 1015.7  22.2  22.3 999.0 99.0 99.00
2017 08 16 18 50  58  3.6  4.1  0.21 99.00  3.47 999 1015.3  22.4  22.6 999.0 99.0 99.00
2017 08 16 19 50  47  3.7  4.1  0.19 99.00  3.39 999 1014.5  22.7  22.8 999.0 99.0 99.00
2017 08 16 20 50  50  4.0  4.4  0.16 99.00  3.32 999 1013.6  23.0  22.9 999.0 99.0 99.00
2017 08 16 21 50  53  4.6  5.5  0.17 99.00  3.08 999 1012.9  23.3  23.0 999.0 99.0 99.00
2017 08 16 22 50  56  4.4  5.0  0.19 99.00  2.72 999 1012.4  23.6  22.9 999.0 99.0 99.00
2017 08 16 23 50  65  4.6  5.3  0.19 99.00  2.69 999 1012.0  23.6  22.8 999.0 99.0 99.00
2017 08 17 00 50  67  4.5  5.2  0.22 99.00  2.69 999 1011.7  23.8  22.7 999.0 99.0 99.00
2017 08 17 01 50  85  3.8  4.5  0.20 99.00  2.91 999 1011.9  24.1  22.7 999.0 99.0 99.00
2017 08 17 02 50 104  5.9  6.9  0.18 99.00  2.78 999 1011.3  24.6  22.6 999.0 99.0 99.00
2017 08 17 03 50 123  8.5 10.4  0.27  2.60  2.70  80 1010.4  23.8  22.4 999.0 99.0 99.00
2017 08 17 04 50 111  6.4  7.3  0.41  3.13  2.93 106 1009.4  23.9  22.2 999.0 99.0 99.00
2017 08 17 05 50 230  6.5 11.7  0.44  3.45  3.03  99 1010.0  23.3  22.1 999.0 99.0 99.00
2017 08 17 06 50 146  7.2  8.5  0.52  3.70  3.17 132 1008.6  24.0  22.1 999.0 99.0 99.00
2017 08 17 07 50 170  7.3  8.4  0.66  3.85  3.35 132 1008.0  23.7  21.9 999.0 99.0 99.00
2017 08 17 08 50 176  6.7  7.9  0.64  4.17  3.39 140 1007.7  23.4  21.9 999.0 99.0 99.00
2017 08 17 09 50 157  7.5  8.4  0.70  4.35  3.50 144 1007.4  23.2  21.9 999.0 99.0 99.00
2017 08 17 10 50 181  8.3  9.8  0.73  4.35  3.43 140 1007.7  23.1  21.8 999.0 99.0 99.00
2017 08 17 11 50 190  7.8  9.2  0.99  4.00  3.66 140 1007.6  22.9  21.8 999.0 99.0 99.00
2017 08 17 12 50 203  9.2 10.9  0.97  4.76  3.66 154 1007.9  22.5  21.8 999.0 99.0 99.00
2017 08 17 13 50 198  8.7 10.5  1.12  5.00  3.95 156 1007.3  22.1  21.9 999.0 99.0 99.00
2017 08 17 14 50 194  9.0 10.9  1.12  5.00  3.84 154 1006.6  22.5  22.0 999.0 99.0 99.00
2017 08 17 15 50 211  9.6 11.0  1.06  5.00  3.82 154 1006.6  22.5  22.0 999.0 99.0 99.00
2017 08 17 16 50 226  8.5 10.1  1.09  5.00  3.89 160 1006.6  22.4  22.0 999.0 99.0 99.00
2017 08 17 17 50 209  6.8  7.8  1.00  5.00  4.05 156 1005.8  22.6  22.0 999.0 99.0 99.00
2017 08 17 18 50 200  8.5 10.1  0.89  5.00  3.97 151 1005.4  22.7  22.0 999.0 99.0 99.00
2017 08 17 19 50 209 10.2 12.1  1.00  5.00  3.95 142 1004.9  22.7  22.0 999.0 99.0 99.00
2017 08 17 20 50 232  6.1  7.6  0.88  4.76  3.86 154 1005.0  23.1  21.9 999.0 99.0 99.00
2017 08 17 21 50 263  7.7  9.6  0.70  4.76  3.74 172 1004.9  23.7  21.9 999.0 99.0 99.00
2017 08 17 22 50 235  7.0  8.3  0.66  5.00  3.71 161 1004.8  23.5  21.9 999.0 99.0 99.00
2017 08 17 23 50 292  5.6  7.0  0.68  4.55  3.60 167 1005.3  22.0  21.8 999.0 99.0 99.00
2017 08 18 00 50 296  6.4  7.8  0.79  4.55  3.76 226 1005.4  22.7  21.8 999.0 99.0 99.00
2017 08 18 01 50 266  6.3  7.3  0.79  4.00  3.71 234 1005.7  23.1  21.8 999.0 99.0 99.00
2017 08 18 02 50 269 10.3 11.9  0.91  4.55  3.80 221 1005.5  23.0  21.8 999.0 99.0 99.00
2017 08 18 03 50 292 10.2 12.8  1.36  4.35  4.14 267 1005.8  22.1  21.8 999.0 99.0 99.00
2017 08 18 04 50 307 11.3 13.4  1.42  5.00  4.26 263 1005.9  21.5  21.8 999.0 99.0 99.00
2017 08 18 05 50 304 10.9 13.2  1.43  5.00  4.28 287 1006.0  21.4  21.8 999.0 99.0 99.00
2017 08 18 06 50 300  9.7 11.6  1.60  5.00  4.56 275 1005.8  21.3  21.7 999.0 99.0 99.00
2017 08 18 07 50 309  9.8 11.8  1.28  5.00  4.23 289 1006.1  20.9  21.7 999.0 99.0 99.00
2017 08 18 08 50 309  9.7 11.3  1.23  4.76  4.14 294 1006.5  20.7  21.6 999.0 99.0 99.00
2017 08 18 09 50 312  9.8 11.4  1.20  4.76  4.04 320 1006.6  20.7  21.6 999.0 99.0 99.00
2017 08 18 10 50 315  8.5 11.1  1.15  4.55  4.02 292 1007.2  20.7  21.6 999.0 99.0 99.00
2017 08 18 11 50 322  9.6 12.6  1.11  5.00  4.09 325 1007.8  20.9  21.6 999.0 99.0 99.00
2017 08 18 12 50 324  9.0 10.7  1.26  5.00  4.12 344 1008.5  20.7  21.5 999.0 99.0 99.00
2017 08 18 13 50 324  8.4  9.8  1.15  5.00  4.01 343 1009.1  20.6  21.5 999.0 99.0 99.00
2017 08 18 14 50 321  8.6 10.3  1.21  5.00  4.04 346 1009.5  20.5  21.5 999.0 99.0 99.00
2017 08 18 15 50 307  8.6  9.8  1.27  5.00  4.20 345 1010.4  20.4  21.5 999.0 99.0 99.00
2017 08 18 16 50 313  8.4  9.7  1.02  5.00  4.02 348 1010.4  20.5  21.5 999.0 99.0 99.00
2017 08 18 17 50 306  6.4  8.1  0.96  5.26  4.02 357 1010.7  20.6  21.5 999.0 99.0 99.00
2017 08 18 18 50 286  5.7  6.9  0.81  4.76  3.95 336 1010.8  20.7  21.5 999.0 99.0 99.00
2017 08 18 19 50 312  4.0  4.6  0.79  5.00  4.01 358 1010.4  21.1  21.6 999.0 99.0 99.00
2017 08 18 20 50 294  3.2  3.9  0.74  5.00  3.98   1 1010.7  21.4  21.7 999.0 99.0 99.00
2017 08 18 21 50 259  1.1  1.5  0.60  5.26  3.89 344 1010.5  21.7  21.7 999.0 99.0 99.00
2017 08 18 22 50  57  0.6  0.9  0.55  4.35  3.87   4 1010.7  21.6  21.8 999.0 99.0 99.00
2017 08 18 23 50  91  1.9  2.3  0.48  4.00  3.78 301 1010.6  21.2  21.8 999.0 99.0 99.00
2017 08 19 00 50 122  2.9  3.3  0.41  4.55  3.83 309 1010.6  21.2  21.8 999.0 99.0 99.00
2017 08 19 01 50 140  3.0  3.4  0.38  4.76  3.90 307 1011.0  21.6  21.7 999.0 99.0 99.00
2017 08 19 02 50 189  3.2  3.7  0.33  4.35  3.78 307 1011.1  21.8  21.7 999.0 99.0 99.00
2017 08 19 03 50 257  3.5  4.3  0.28  4.17  3.75 314 1011.2  22.1  21.7 999.0 99.0 99.00
2017 08 19 04 50 322  5.9  7.4  0.29  4.17  3.70  18 1011.3  21.9  21.6 999.0 99.0 99.00
2017 08 19 05 50 344  6.6  7.6  0.33  4.00  2.97  24 1011.2  21.8  21.6 999.0 99.0 99.00
2017 08 19 06 50 355  6.8  7.9  0.44  2.60  2.83 321 1011.4  21.3  21.6 999.0 99.0 99.00
2017 08 19 07 50 347  6.8  7.8  0.51  3.13  3.00 339 1011.6  21.1  21.5 999.0 99.0 99.00
2017 08 19 08 50 350  5.6  6.8  0.59  3.57  3.17 331 1011.7  20.6  21.5 999.0 99.0 99.00
2017 08 19 09 50 346  5.5  6.9  0.58  3.70  3.19 344 1011.9  20.3  21.5 999.0 99.0 99.00
2017 08 19 10 50 348  4.9  5.7  0.51  3.85  3.34 352 1012.2  20.3  21.5 999.0 99.0 99.00
2017 08 19 11 50 353  4.6  5.4  0.47  3.70  3.30 357 1013.1  20.5  21.5 999.0 99.0 99.00
2017 08 19 12 50 349  2.5  3.0  0.38  3.45  3.17 344 1013.6  20.6  21.5 999.0 99.0 99.00
2017 08 19 13 50 338  3.1  3.6  0.31  3.45  3.24 351 1013.9  20.2  21.5 999.0 99.0 99.00
2017 08 19 14 50 331  1.7  2.3  0.29  3.45  3.23 357 1014.2  20.2  21.6 999.0 99.0 99.00
2017 08 19 15 50 326  2.2  2.8  0.25 99.00  3.27 999 1014.7  20.4  21.7 999.0 99.0 99.00
2017 08 19 16 50 307  1.9  2.7  0.23 99.00  3.37 999 1014.7  20.4  22.0 999.0 99.0 99.00
2017 08 19 17 50 285  2.6  3.1  0.23 99.00  3.32 999 1014.6  20.6  22.2 999.0 99.0 99.00
2017 08 19 18 50 256  3.0  3.4  0.25  5.00  3.66 344 1014.7  20.8  22.4 999.0 99.0 99.00
2017 08 19 19 50 235  3.1  3.7  0.26  5.00  3.67 338 1014.6  21.3  22.6 999.0 99.0 99.00
2017 08 19 20 50 211  3.2  3.8  0.25  4.35  3.66 336 1014.5  21.7  22.7 999.0 99.0 99.00
2017 08 19 21 50 213  3.0  3.5  0.24 99.00  3.51 999 1014.4  22.2  22.6 999.0 99.0 99.00
2017 08 19 22 50 167  3.7  4.2  0.22 99.00  3.38 999 1014.3  22.4  22.6 999.0 99.0 99.00
2017 08 19 23 50 169  4.4  5.2  0.19 99.00  3.30 999 1014.1  22.5  22.5 999.0 99.0 99.00
2017 08 20 00 50 171  4.5  5.0  0.19 99.00  2.75 999 1014.1  22.3  22.2 999.0 99.0 99.00
2017 08 20 01 50 166  3.5  4.0  0.22 99.00  2.70 999 1014.5  22.3  22.1 999.0 99.0 99.00
2017 08 20 02 50 190  3.4  3.8  0.17 99.00  2.73 999 1015.0  22.2  22.0 999.0 99.0 99.00
2017 08 20 03 50 189  3.1  3.5  0.18 99.00  2.81 999 1015.3  22.1  21.9 999.0 99.0 99.00
2017 08 20 04 50 170  2.9  3.4  0.17 99.00  2.78 999 1015.6  22.1  21.8 999.0 99.0 99.00
2017 08 20 05 50 171  3.3  3.7  0.18 99.00  2.76 999 1015.8  22.1  21.8 999.0 99.0 99.00
2017 08 20 06 50 170  4.1  4.7  0.17 99.00  2.70 999 1015.8  22.1  21.8 999.0 99.0 99.00
2017 08 20 07 50 158  3.0  3.4  0.20 99.00  2.65 999 1015.8  22.0  21.7 999.0 99.0 99.00
2017 08 20 08 50 165  3.6  4.1  0.19 99.00  2.62 999 1015.7  22.1  21.8 999.0 99.0 99.00
2017 08 20 09 50 178  3.7  4.3  0.19 99.00  2.54 999 1016.2  22.1  21.7 999.0 99.0 99.00
2017 08 20 10 50 180  4.1  4.6  0.20 99.00  2.53 999 1016.6  22.1  21.7 999.0 99.0 99.00
2017 08 20 11 50 187  5.0  5.8  0.23 99.00  2.54 999 1017.0  22.2  21.7 999.0 99.0 99.00
2017 08 20 12 50 180  4.4  5.0  0.27  2.60  2.63 144 1017.0  22.3  21.7 999.0 99.0 99.00
2017 08 20 13 50 172  4.9  5.9  0.28  3.03  2.79 133 1017.0  22.3  21.7 999.0 99.0 99.00
2017 08 20 14 50 185  5.0  5.8  0.33  3.23  2.93 126 1017.8  22.3  21.8 999.0 99.0 99.00
2017 08 20 15 50 180  4.7  5.4  0.35  3.13  2.96 136 1018.1  22.3  21.9 999.0 99.0 99.00
2017 08 20 16 50 162  4.8  5.5  0.34  3.33  3.04 128 1017.6  22.5  21.9 999.0 99.0 99.00
2017 08 20 17 50 155  4.6  5.4  0.32  3.57  3.12 123 1017.3  22.5  21.9 999.0 99.0 99.00
2017 08 20 18 50 147  3.5  4.0  0.36  3.70  3.16 141 1017.0  22.6  22.0 999.0 99.0 99.00
2017 08 20 19 50 128  3.4  4.1  0.34  3.57  3.19 139 1016.6  22.8  22.2 999.0 99.0 99.00
2017 08 20 20 50 126  3.3  3.8  0.31  3.45  3.18 143 1016.6  22.9  22.2 999.0 99.0 99.00
2017 08 20 21 50 114  2.9  3.3  0.26  3.45  3.16 140 1016.3  23.1  22.2 999.0 99.0 99.00
2017 08 20 22 50 113  2.7  3.0  0.22 99.00  3.09 999 1016.2  23.1  22.2 999.0 99.0 99.00
2017 08 20 23 50 116  3.5  3.9  0.20 99.00  2.93 999 1016.1  23.3  22.3 999.0 99.0 99.00
2017 08 21 00 50 110  3.3  3.7  0.18 99.00  2.85 999 1016.2  23.4  22.2 999.0 99.0 99.00
2017 08 21 01 50 130  4.5  5.0  0.13 99.00  2.80 999 1016.7  23.7  22.2 999.0 99.0 99.00
2017 08 21 02 50 147  3.3  3.8  0.12 99.00  2.77 999 1016.9  23.6  22.2 999.0 99.0 99.00
2017 08 21 03 50 179  3.5  3.9  0.12 99.00  2.73 999 1017.1  23.4  22.2 999.0 99.0 99.00
2017 08 21 04 50 200  3.2  3.6  0.12 99.00  2.64 999 1017.3  23.5  22.2 999.0 99.0 99.00
2017 08 21 05 50 216  3.0  3.5  0.15 99.00  2.82 999 1017.4  24.5  22.1 999.0 99.0 99.00
2017 08 21 06 50 127  2.5  3.0  0.21 99.00  2.58 999 1017.3  23.4  22.2 999.0 99.0 99.00
2017 08 21 07 50 129  3.7  5.2  0.15 99.00  2.64 999 1016.8  23.3  22.2 999.0 99.0 99.00
2017 08 21 08 50 187  6.7  7.6  0.16 99.00  2.36 999 1016.1  23.7  22.1 999.0 99.0 99.00
2017 08 21 09 50 195  5.5  6.4  0.28  2.60  2.55 147 1016.7  23.3  22.1 999.0 99.0 99.00
2017 08 21 10 50 209  6.9  7.9  0.39  3.03  2.87 141 1017.5  22.9  22.0 999.0 99.0 99.00
2017 08 21 11 50 205  3.2  3.7  0.30  3.23  2.92 141 1017.6  22.7  21.9 999.0 99.0 99.00
2017 08 21 12 50 223  2.9  3.4  0.25  3.23  3.01 138 1017.8  22.5  21.9 999.0 99.0 99.00
2017 08 21 13 50 219  2.2  2.5  0.20 99.00  2.95 999 1017.5  22.5  22.0 999.0 99.0 99.00
2017 08 21 14 50 202  2.7  3.3  0.20 99.00  2.93 999 1017.6  22.5  22.1 999.0 99.0 99.00
2017 08 21 15 50 225  3.0  3.8  0.19 99.00  2.87 999 1018.1  22.5  22.2 999.0 99.0 99.00
2017 08 21 16 50 269  2.6  3.4  0.30  3.85  3.15 183 1018.3  22.6  22.3 999.0 99.0 99.00
2017 08 21 17 50 283  2.9  3.5  0.31  3.57  3.18 193 1018.1  22.6  22.4 999.0 99.0 99.00
2017 08 21 18 50 125  1.8  2.4  0.31  3.85  3.31 169 1016.5  22.4  22.3 999.0 99.0 99.00
2017 08 21 19 50 190  5.2  5.9  0.28  3.57  3.14 145 1016.0  22.6  22.4 999.0 99.0 99.00
2017 08 21 20 50 100  3.6  4.3  0.28  3.57  2.92 150 1014.7  22.7  22.4 999.0 99.0 99.00
2017 08 21 21 50 158  5.5  6.4  0.25  3.45  2.81 151 1014.4  22.9  22.4 999.0 99.0 99.00
2017 08 21 22 50 195  4.2  4.7  0.23 99.00  2.62 999 1015.1  23.1  22.4 999.0 99.0 99.00
2017 08 21 23 50 184  6.3  7.5  0.23 99.00  2.57 999 1014.8  23.2  22.4 999.0 99.0 99.00
2017 08 22 00 50 158  6.3  7.7  0.33  2.74  2.62 143 1014.2  23.6  22.4 999.0 99.0 99.00
2017 08 22 01 50 196  5.9  6.8  0.31  2.86  2.66 146 1013.5  23.8  22.4 999.0 99.0 99.00
2017 08 22 02 50 245  7.1  8.4  0.38  2.94  2.86 148 1013.0  24.2  22.3 999.0 99.0 99.00
2017 08 22 03 50 216  5.7  6.4  0.38  3.23  2.96 154 1012.0  23.3  22.2 999.0 99.0 99.00
2017 08 22 04 50 230  4.3  4.7  0.31  3.45  3.00 154 1011.1  23.1  22.1 999.0 99.0 99.00
2017 08 22 05 50 231  4.0  5.1  0.37  3.70  3.32 147 1010.5  23.1  22.1 999.0 99.0 99.00
2017 08 22 06 50 227  8.8 10.8  0.39  4.00  3.20 147 1009.2  22.9  22.1 999.0 99.0 99.00
2017 08 22 07 50 237  8.8 10.5  0.85  4.17  3.71 176 1009.7  22.6  22.0 999.0 99.0 99.00
2017 08 22 08 50 238  8.1 10.1  1.09  5.26  4.26 149 1009.2  22.7  22.0 999.0 99.0 99.00
2017 08 22 09 50 247  8.2 10.5  1.11  5.56  4.32 155 1009.1  22.7  22.0 999.0 99.0 99.00
2017 08 22 10 50 292  9.3 11.0  1.02  5.26  4.10 197 1008.9  22.8  22.0 999.0 99.0 99.00
2017 08 22 11 50 297  9.0 10.6  1.17  5.56  4.36 194 1009.1  22.4  21.9 999.0 99.0 99.00
2017 08 22 12 50 293  8.5  9.9  1.04  5.56  4.02 202 1009.4  22.1  21.9 999.0 99.0 99.00
2017 08 22 13 50 292  9.5 11.2  0.99  5.00  3.96 201 1009.7  21.8  21.9 999.0 99.0 99.00
2017 08 22 14 50 304  9.9 12.1  1.20  4.35  4.02 273 1009.8  21.2  21.8 999.0 99.0 99.00
2017 08 22 15 50 305  9.6 11.3  1.30  4.76  4.15 286 1010.1  21.1  21.8 999.0 99.0 99.00
2017 08 22 16 50 314  8.7  9.9  1.20  4.55  3.98 293 1010.6  21.3  21.8 999.0 99.0 99.00
2017 08 22 17 50 308  5.9  6.9  1.02  4.55  3.84 273 1010.9  21.6  21.9 999.0 99.0 99.00
2017 08 22 18 50 346  9.2 10.7  0.92  4.35  3.83 300 1011.2  22.1  22.0 999.0 99.0 99.00
2017 08 22 20 50 348  7.6  9.1  0.99  4.55  3.82 328 1011.9  21.8  22.0 999.0 99.0 99.00
2017 08 22 21 50 348  7.0  8.2  1.01  4.76  3.93 346 1012.3  22.0  22.0 999.0 99.0 99.00
2017 08 22 22 50 345  6.8  7.6  1.04  5.00  4.20 355 1012.6  22.2  21.9 999.0 99.0 99.00
2017 08 22 23 50 345  9.7 11.3  0.98  5.00  4.07 355 1012.7  22.3  21.9 999.0 99.0 99.00
2017 08 23 00 50 340  7.8  9.2  1.13  5.26  4.19   6 1013.1  22.2  21.8 999.0 99.0 99.00
2017 08 23 01 50 333  8.4 10.3  1.06  5.26  4.21   7 1013.5  22.1  21.8 999.0 99.0 99.00
2017 08 23 02 50 328  8.1  9.9  1.08  5.88  4.29  17 1013.7  22.0  21.8 999.0 99.0 99.00
2017 08 23 03 50 319  8.4 10.3  1.08  5.00  4.26  12 1013.9  21.9  21.8 999.0 99.0 99.00
2017 08 23 04 50 314  9.1 11.1  1.08  5.56  4.26  23 1014.2  21.3  21.8 999.0 99.0 99.00
2017 08 23 05 50 318  8.6 10.4  1.06  5.56  4.16  32 1014.5  20.9  21.8 999.0 99.0 99.00
2017 08 23 06 50 326  8.3 10.2  1.10  5.00  4.13  21 1014.5  20.8  21.7 999.0 99.0 99.00
2017 08 23 07 50 317  7.8  9.0  1.06  4.55  4.03 360 1014.7  20.2  21.7 999.0 99.0 99.00
2017 08 23 08 50 316  7.4  8.4  1.12  4.35  4.03 352 1014.8  20.0  21.7 999.0 99.0 99.00
2017 08 23 09 50 319  8.5 10.2  1.04  5.00  3.89  20 1014.4  19.9  21.6 999.0 99.0 99.00
2017 08 23 10 50 325  9.2 11.0  1.07  4.35  3.88 337 1014.7  19.7  21.6 999.0 99.0 99.00
2017 08 23 11 50 325  8.5 10.5  1.18  4.55  4.05 359 1015.1  19.5  21.6 999.0 99.0 99.00
2017 08 23 12 50 333  8.7 10.4  1.23  4.35  4.04 337 1015.5  18.9  21.5 999.0 99.0 99.00
2017 08 23 13 50 340  7.5  8.8  1.27  5.00  4.20  11 1015.9  18.6  21.5 999.0 99.0 99.00
2017 08 23 14 50 343  6.6  8.0  1.12  5.00  4.09   5 1016.3  18.4  21.5 999.0 99.0 99.00
2017 08 23 15 50 349  6.6  8.2  1.06  5.00  4.15   2 1016.7  18.3  21.5 999.0 99.0 99.00
2017 08 23 16 50 337  5.6  7.2  0.90  4.35  3.97 341 1017.0  18.3  21.5 999.0 99.0 99.00
2017 08 23 17 50 335  6.0  7.1  0.79  4.76  3.94   5 1017.2  18.4  21.5 999.0 99.0 99.00
2017 08 23 18 50 354  5.9  7.3  0.76  4.55  3.92 354 1017.1  18.7  21.5 999.0 99.0 99.00
2017 08 23 19 50  15  4.8  6.2  0.72  4.76  3.86 356 1016.7  18.8  21.6 999.0 99.0 99.00
2017 08 23 20 50  16  4.1  4.9  0.63  4.76  3.85 359 1016.6  19.0  21.7 999.0 99.0 99.00
2017 08 23 21 50  12  2.2  3.3  0.55  4.76  3.98 355 1016.5  19.1  21.8 999.0 99.0 99.00
2017 08 23 22 50  38  2.0  2.9  0.53  5.88  4.22   9 1016.3  19.3  21.8 999.0 99.0 99.00
2017 08 23 23 50  37  1.4  1.9  0.53  5.88  4.26 359 1016.3  19.2  21.8 999.0 99.0 99.00
2017 08 24 00 50  51  1.3  1.7  0.59  5.88  4.59 347 1016.2  19.1  21.7 999.0 99.0 99.00
2017 08 24 01 50  99  1.4  2.1  0.59  5.56  4.48 341 1016.7  19.2  21.7 999.0 99.0 99.00
2017 08 24 02 50  66  1.3  2.2  0.52  5.56  4.28 357 1016.9  19.2  21.7 999.0 99.0 99.00
2017 08 24 03 50 169  0.8  1.7  0.50  5.26  4.25  25 1017.0  19.2  21.6 999.0 99.0 99.00
2017 08 24 04 50 162  0.7  1.3  0.46  4.76  4.03  25 1017.0  19.1  21.6 999.0 99.0 99.00
2017 08 24 05 50 149  1.3  2.4  0.45  4.35  3.91  16 1017.1  19.2  21.6 999.0 99.0 99.00
2017 08 24 06 50 139  2.0  2.8  0.39  4.55  3.74 346 1017.0  19.3  21.6 999.0 99.0 99.00
2017 08 24 07 50 122  2.7  3.2  0.35  4.55  3.74 344 1017.2  19.5  21.6 999.0 99.0 99.00
2017 08 24 08 50  94  3.1  3.8  0.33  4.76  3.71 344 1017.1  19.4  21.6 999.0 99.0 99.00
2017 08 24 09 50 100  6.7  8.3  0.28  4.35  3.77 337 1016.4  19.4  21.5 999.0 99.0 99.00
2017 08 24 10 50  68  7.8  8.9  0.31  4.76  3.16   7 1017.5  16.8  21.5 999.0 99.0 99.00
2017 08 24 11 50  89  7.1  8.0  0.32  2.47  2.82  92 1018.1  17.6  21.4 999.0 99.0 99.00
2017 08 24 12 50  95  6.1  7.3  0.46  2.86  2.88  90 1018.6  17.3  21.4 999.0 99.0 99.00
2017 08 24 13 50 130  6.1  7.2  0.54  3.13  3.05  91 1018.7  17.6  21.5 999.0 99.0 99.00
2017 08 24 14 50  74  6.5  7.7  0.59  3.33  3.21  95 1019.5  16.6  21.5 999.0 99.0 99.00
2017 08 24 15 50  70  6.7  8.3  0.72  3.85  3.43  79 1019.8  17.0  21.5 999.0 99.0 99.00
2017 08 24 16 50  58  4.3  5.9  0.64  3.85  3.48  60 1020.1  17.2  21.6 999.0 99.0 99.00
2017 08 24 17 50  44  6.7  8.0  0.63  4.00  3.55 106 1020.2  16.6  21.6 999.0 99.0 99.00
2017 08 24 18 50  43  6.1  7.4  0.69  4.00  3.65 121 1020.6  16.9  21.6 999.0 99.0 99.00
2017 08 24 19 50  32  6.1  7.4  0.68  3.85  3.58 139 1020.5  17.2  21.6 999.0 99.0 99.00
2017 08 24 20 50  29  5.1  6.8  0.75  3.45  3.67  62 1020.7  17.2  21.6 999.0 99.0 99.00
2017 08 24 21 50  19  6.7  8.6  0.69  4.76  3.64  24 1020.5  17.5  21.6 999.0 99.0 99.00
2017 08 24 22 50  10  6.5  8.0  0.65  3.70  3.41  37 1020.7  17.5  21.5 999.0 99.0 99.00
2017 08 24 23 50  11  5.7  7.9  0.66  4.00  3.46  25 1020.6  17.5  21.5 999.0 99.0 99.00
2017 08 25 00 50   8  6.4  8.3  0.67  4.17  3.61  13 1020.5  17.4  21.4 999.0 99.0 99.00
2017 08 25 01 50   9  6.1  7.7  0.69  4.55  3.57  14 1021.1  17.2  21.4 999.0 99.0 99.00
2017 08 25 02 50   8  5.0  7.0  0.76  5.00  3.68  14 1021.5  17.2  21.4 999.0 99.0 99.00
2017 08 25 03 50  30  5.0  6.6  0.70  5.00  3.77   6 1021.3  17.6  21.3 999.0 99.0 99.00
2017 08 25 04 50  34  5.6  7.7  0.67  5.00  3.99   3 1021.4  17.8  21.3 999.0 99.0 99.00
2017 08 25 05 50  31  4.7  6.4  0.68  5.56  3.79   1 1021.9  17.8  21.3 999.0 99.0 99.00
2017 08 25 06 50  45  5.3  6.9  0.70  5.26  4.00 360 1022.1  17.7  21.3 999.0 99.0 99.00
2017 08 25 07 50  33  5.4  7.4  0.70  5.56  3.97   4 1022.3  17.7  21.4 999.0 99.0 99.00
2017 08 25 08 50  37  4.7  6.6  0.74  5.26  4.16 358 1023.0  17.6  21.4 999.0 99.0 99.00
2017 08 25 09 50  47  5.1  6.4  0.70  5.26  3.98 355 1023.2  17.7  21.5 999.0 99.0 99.00
2017 08 25 10 50  46  4.3  5.7  0.66  4.76  3.91 358 1023.8  17.6  21.5 999.0 99.0 99.00
2017 08 25 11 50  49  4.4  5.7  0.66  4.76  3.94   2 1024.1  17.8  21.4 999.0 99.0 99.00
2017 08 25 12 50  44  4.3  6.1  0.58  5.00  3.87   9 1024.5  17.7  21.4 999.0 99.0 99.00
2017 08 25 13 50  50  4.5  5.6  0.54  4.55  3.65   9 1024.9  17.8  21.4 999.0 99.0 99.00
2017 08 25 14 50  53  4.8  5.9  0.48  3.85  3.40  15 1024.9  17.8  21.4 999.0 99.0 99.00
2017 08 25 15 50  44  3.7  5.1  0.46  3.70  3.28  24 1025.4  17.9  21.4 999.0 99.0 99.00
2017 08 25 16 50  60  3.5  4.5  0.45  3.13  3.23  69 1025.6  18.0  21.4 999.0 99.0 99.00
2017 08 25 17 50  52  3.5  4.5  0.42  3.13  3.24  63 1025.6  18.1  21.5 999.0 99.0 99.00
2017 08 25 18 50  64  2.9  4.0  0.40  3.13  3.17  47 1025.3  18.3  21.6 999.0 99.0 99.00
2017 08 25 19 50  60  3.0  4.1  0.36  2.94  3.08  85 1025.0  18.3  21.7 999.0 99.0 99.00
2017 08 25 20 50  65  2.2  3.6  0.32  3.13  3.02  91 1025.1  18.5  21.8 999.0 99.0 99.00
2017 08 25 21 50  90  1.6  2.9  0.28  2.86  3.01 119 1025.1  18.6  21.9 999.0 99.0 99.00
2017 08 25 22 50  26  2.2  3.4  0.23 99.00  3.08 999 1024.9  18.7  21.9 999.0 99.0 99.00
2017 08 25 23 50  30  3.5  4.3  0.18 99.00  2.96 999 1024.5  18.7  21.8 999.0 99.0 99.00
2017 08 26 00 50  26  3.5  4.2  0.17 99.00  3.19 999 1024.6  18.9  21.7 999.0 99.0 99.00
2017 08 26 01 50  34  4.3  5.6  0.18 99.00  3.22 999 1024.8  19.0  21.7 999.0 99.0 99.00
2017 08 26 02 50  52  5.0  6.3  0.21 99.00  2.95 999 1024.8  19.0  21.6 999.0 99.0 99.00
2017 08 26 03 50  58  4.7  6.0  0.23 99.00  2.80 999 1025.3  19.1  21.6 999.0 99.0 99.00
2017 08 26 04 50  67  4.8  6.5  0.27  2.74  2.85  15 1025.1  19.4  21.5 999.0 99.0 99.00
2017 08 26 05 50  81  4.0  5.1  0.26  2.74  2.72  33 1025.6  19.6  21.5 999.0 99.0 99.00
2017 08 26 06 50  88  5.3  6.3  0.29  2.74  2.69  43 1024.9  19.3  21.5 999.0 99.0 99.00
2017 08 26 07 50  83  5.2  6.2  0.29  2.74  2.78  54 1024.9  19.2  21.5 999.0 99.0 99.00
2017 08 26 08 50 100  6.2  7.3  0.39  2.86  2.81  53 1024.7  19.3  21.5 999.0 99.0 99.00
2017 08 26 09 50 109  6.3  7.7  0.44  3.13  2.96  58 1025.1  19.4  21.4 999.0 99.0 99.00
2017 08 26 10 50 120  5.6  6.9  0.47  3.57  3.11  55 1025.4  19.6  21.4 999.0 99.0 99.00
2017 08 26 11 50 125  5.4  6.7  0.54  3.23  3.12  68 1025.8  19.4  21.4 999.0 99.0 99.00
2017 08 26 12 50 160  4.6  5.6  0.52  3.45  3.16  68 1026.1  19.8  21.3 999.0 99.0 99.00
2017 08 26 13 50 164  4.9  5.9  0.50  3.85  3.22  75 1026.2  19.8  21.3 999.0 99.0 99.00
2017 08 26 14 50 150  5.0  6.4  0.47  3.45  3.18  64 1026.0  19.8  21.4 999.0 99.0 99.00
2017 08 26 15 50 147  5.1  5.8  0.46  3.70  3.13  88 1026.1  19.9  21.4 999.0 99.0 99.00
2017 08 26 16 50 135  5.5  6.7  0.44  3.45  3.10 104 1025.9  19.8  21.5 999.0 99.0 99.00
2017 08 26 17 50 123  5.6  6.6  0.45  3.45  3.04 128 1025.3  19.7  21.5 999.0 99.0 99.00
2017 08 26 18 50 133  4.9  6.5  0.41  3.70  3.17 150 1025.2  20.0  21.6 999.0 99.0 99.00
2017 08 26 19 50 120  2.9  4.1  0.41  3.57  3.25 145 1025.0  20.2  21.7 999.0 99.0 99.00
2017 08 26 20 50 113  1.9  2.6  0.40  3.85  3.27 154 1024.5  20.4  21.8 999.0 99.0 99.00
2017 08 26 21 50 102  2.4  3.2  0.40  4.17  3.38 169 1024.1  20.4  21.8 999.0 99.0 99.00
2017 08 26 22 50  82  3.5  4.5  0.32  3.57  3.18 167 1023.8  20.5  21.8 999.0 99.0 99.00
2017 08 26 23 50  79  3.2  3.7  0.27  3.57  3.17 168 1023.6  20.6  21.8 999.0 99.0 99.00
2017 08 27 00 50  78  4.2  5.0  0.21 99.00  3.06 999 1023.2  20.9  21.7 999.0 99.0 99.00
2017 08 27 01 50  80  6.4  7.4  0.21 99.00  2.86 999 1022.8  20.9  21.7 999.0 99.0 99.00
2017 08 27 02 50  86  6.1  7.5  0.29  2.47  2.66  87 1022.9  21.0  21.6 999.0 99.0 99.00
2017 08 27 03 50 106  6.1  7.2  0.40  2.86  2.77 100 1022.6  21.5  21.6 999.0 99.0 99.00
2017 08 27 04 50 132  6.2  7.2  0.41  2.86  2.83  97 1022.4  21.7  21.5 999.0 99.0 99.00
2017 08 27 05 50 139  6.5  7.4  0.44  2.94  2.90  95 1022.3  21.7  21.5 999.0 99.0 99.00
2017 08 27 06 50 140  6.8  8.2  0.54  3.23  3.03 101 1021.9  21.5  21.5 999.0 99.0 99.00
2017 08 27 07 50 129  7.6  9.1  0.64  3.33  3.21 107 1021.6  21.0  21.5 999.0 99.0 99.00
2017 08 27 08 50 152  9.2 10.7  0.83  4.00  3.50 111 1021.2  20.7  21.5 999.0 99.0 99.00
2017 08 27 09 50 147  9.4 10.8  0.92  4.35  3.69 127 1021.0  20.7  21.5 999.0 99.0 99.00
2017 08 27 10 50 143  9.3 10.7  1.09  4.76  3.83 128 1020.7  20.4  21.6 999.0 99.0 99.00
2017 08 27 11 50 129  9.0 10.9  0.99  4.35  3.88 135 1020.6  20.2  21.5 999.0 99.0 99.00
2017 08 27 12 50 138  9.2 10.9  1.01  4.55  3.77 130 1020.5  20.3  21.5 999.0 99.0 99.00
2017 08 27 13 50 141  8.5 10.2  1.06  4.76  3.94 131 1021.1  20.0  21.4 999.0 99.0 99.00
2017 08 27 14 50 163  8.2  9.6  1.13  5.00  4.03 131 1021.3  20.1  21.3 999.0 99.0 99.00
2017 08 27 15 50 155  7.4  8.9  1.18  5.00  4.12 128 1021.0  20.2  21.4 999.0 99.0 99.00
2017 08 27 16 50 152  8.3  9.8  1.11  4.76  4.12 133 1020.1  20.2  21.4 999.0 99.0 99.00
2017 08 27 17 50 156  8.3  9.4  1.01  4.76  4.01 138 1019.4  20.3  21.3 999.0 99.0 99.00
2017 08 27 18 50 178  7.0  8.1  0.93  5.00  3.78 142 1019.0  20.5  21.3 999.0 99.0 99.00
2017 08 27 19 50 174  6.1  7.0  0.82  4.76  3.95 144 1018.7  20.9  21.3 999.0 99.0 99.00
2017 08 27 20 50 147  6.3  7.5  0.75  4.55  3.84 147 1018.4  21.3  21.4 999.0 99.0 99.00
2017 08 27 21 50 128  6.0  6.9  0.67  4.35  3.65 153 1018.0  21.5  21.4 999.0 99.0 99.00
2017 08 27 22 50 118  6.2  7.2  0.55  3.85  3.41 141 1017.8  21.6  21.4 999.0 99.0 99.00
2017 08 27 23 50 112  6.4  7.6  0.53  4.00  3.32 151 1017.6  21.5  21.4 999.0 99.0 99.00
2017 08 28 00 50 106  7.2  8.4  0.49  3.57  3.17 142 1017.3  21.2  21.3 999.0 99.0 99.00
2017 08 28 01 50 110  7.2  8.2  0.60  3.57  3.26 133 1017.4  21.6  21.3 999.0 99.0 99.00
2017 08 28 02 50 108  7.6  8.8  0.58  3.23  3.11 107 1017.4  21.5  21.3 999.0 99.0 99.00
2017 08 28 03 50 111  8.4 10.0  0.61  3.57  3.21 132 1017.2  21.1  21.4 999.0 99.0 99.00
2017 08 28 04 50 114  7.2  8.8  0.66  3.57  3.22 110 1017.3  19.3  21.2 999.0 99.0 99.00
2017 08 28 05 50 184  7.0  8.3  0.67  3.70  3.32 127 1017.5  18.9  21.2 999.0 99.0 99.00
2017 08 28 06 50 198  5.1  6.5  0.63  4.00  3.37 139 1017.2  18.5  21.2 999.0 99.0 99.00
2017 08 28 07 50 158  5.8  7.0  0.62  3.85  3.25 136 1017.2  18.5  21.2 999.0 99.0 99.00
2017 08 28 08 50 103  4.1  4.9  0.54  3.70  3.38 132 1017.2  18.3  21.2 999.0 99.0 99.00
2017 08 28 09 50  76  5.3  6.7  0.36  3.70  3.17 141 1017.4  18.3  21.2 999.0 99.0 99.00
2017 08 28 10 50  68  5.0  6.1  0.36  3.45  3.09 143 1017.4  18.9  21.2 999.0 99.0 99.00
2017 08 28 11 50  65  4.9  6.0  0.34  3.45  3.07 131 1018.1  18.2  21.2 999.0 99.0 99.00
2017 08 28 12 50 114  7.6  8.8  0.36  3.13  2.97 112 1017.8  18.8  21.2 999.0 99.0 99.00
2017 08 28 13 50  98  5.7  6.9  0.41  3.45  3.11 130 1017.8  19.1  21.2 999.0 99.0 99.00
2017 08 28 14 50 152  8.2  9.3  0.56  3.70  3.33 125 1016.8  19.7  21.2 999.0 99.0 99.00
2017 08 28 15 50 142  7.5  8.8  0.65  4.17  3.52 124 1016.9  19.9  21.2 999.0 99.0 99.00
2017 08 28 16 50 141  6.6  7.8  0.74  3.85  3.58 125 1017.1  20.0  21.3 999.0 99.0 99.00
2017 08 28 17 50 121  6.1  7.4  0.66  4.00  3.45 134 1017.1  20.1  21.3 999.0 99.0 99.00
2017 08 28 18 50 105  6.0  6.9  0.62  3.85  3.42 131 1017.3  20.1  21.3 999.0 99.0 99.00
2017 08 28 19 50  90  6.0  6.9  0.62  3.85  3.34 140 1017.0  20.2  21.3 999.0 99.0 99.00
2017 08 28 20 50  81  6.4  7.3  0.51  3.85  3.19 145 1016.8  20.4  21.4 999.0 99.0 99.00
2017 08 28 21 50  83  5.8  6.7  0.53  3.57  3.16 142 1016.6  20.7  21.4 999.0 99.0 99.00
2017 08 28 22 50  75  4.9  5.9  0.49  3.70  3.09 158 1016.5  21.1  21.4 999.0 99.0 99.00
2017 08 28 23 50  65  4.7  5.3  0.37  3.45  3.03 146 1016.8  21.2  21.3 999.0 99.0 99.00
2017 08 29 00 50  52  5.0  5.7  0.36  2.86  2.92  94 1016.9  21.2  21.3 999.0 99.0 99.00
2017 08 29 01 50  58  5.3  6.0  0.33  3.03  2.86 109 1017.2  21.3  21.2 999.0 99.0 99.00
2017 08 29 02 50  58  5.1  6.0  0.32  2.86  2.79  83 1017.1  21.4  21.2 999.0 99.0 99.00
2017 08 29 03 50  65  6.9  8.0  0.36  3.03  2.79  81 1016.9  20.8  21.2 999.0 99.0 99.00
2017 08 29 04 50  70  7.1  8.3  0.50  3.23  3.06  75 1017.0  20.3  21.2 999.0 99.0 99.00
2017 08 29 05 50  76  5.8  6.7  0.63  3.70  3.33  72 1016.9  20.3  21.2 999.0 99.0 99.00
2017 08 29 06 50  81  5.6  6.4  0.65  4.17  3.54  74 1016.8  20.2  21.2 999.0 99.0 99.00
2017 08 29 07 50  73  4.7  5.5  0.63  4.17  3.47  65 1017.0  20.0  21.2 999.0 99.0 99.00
2017 08 29 08 50  75  3.8  4.5  0.52  3.70  3.37  76 1016.9  19.8  21.2 999.0 99.0 99.00
2017 08 29 09 50  59  4.1  5.0  0.50  4.00  3.44  69 1017.0  19.7  21.1 999.0 99.0 99.00
2017 08 29 10 50  84  3.9  4.5  0.42  3.70  3.18  55 1017.4  19.3  21.1 999.0 99.0 99.00
2017 08 29 11 50  79  2.2  2.6  0.35  3.45  3.06  78 1017.8  19.6  21.1 999.0 99.0 99.00
2017 08 29 12 50  41  3.6  4.4  0.30  3.13  2.93  89 1018.1  19.6  21.1 999.0 99.0 99.00
2017 08 29 13 50  41  3.3  3.8  0.25  3.03  2.81  85 1018.1  19.7  21.1 999.0 99.0 99.00
2017 08 29 14 50  25  4.6  5.6  0.20 99.00  2.75 999 1018.2  19.5  21.2 999.0 99.0 99.00
2017 08 29 15 50  25  4.5  5.4  0.22 99.00  2.74 999 1018.6  19.3  21.2 999.0 99.0 99.00
2017 08 29 16 50  34  4.5  5.3  0.22 99.00  2.62 999 1018.5  19.3  21.3 999.0 99.0 99.00
2017 08 29 17 50  28  4.3  5.1  0.21 99.00  2.56 999 1018.2  19.4  21.3 999.0 99.0 99.00
2017 08 29 18 50  19  4.4  5.3  0.21 99.00  2.64 999 1018.2  19.4  21.4 999.0 99.0 99.00
2017 08 29 19 50  12  4.7  5.8  0.19 99.00  2.58 999 1017.9  19.5  21.4 999.0 99.0 99.00
2017 08 29 20 50   7  4.5  5.4  0.22 99.00  2.63 999 1017.8  19.7  21.4 999.0 99.0 99.00
2017 08 29 21 50  16  3.9  4.5  0.22 99.00  2.64 999 1017.5  19.8  21.5 999.0 99.0 99.00
2017 08 29 22 50   3  4.4  5.2  0.20 99.00  2.61 999 1017.5  19.8  21.5 999.0 99.0 99.00
2017 08 29 23 50  11  4.5  5.0  0.23 99.00  2.60 999 1017.0  19.9  21.4 999.0 99.0 99.00
2017 08 30 00 50   2  4.1  5.0  0.24 99.00  2.63 999 1017.2  19.7  21.4 999.0 99.0 99.00
2017 08 30 01 50   2  4.2  4.9  0.24 99.00  2.66 999 1017.3  19.7  21.3 999.0 99.0 99.00
2017 08 30 02 50   1  3.6  4.4  0.26  2.74  2.69  20 1017.4  19.6  21.3 999.0 99.0 99.00
2017 08 30 03 50 357  3.2  4.0  0.25  3.03  2.79  33 1017.4  19.5  21.2 999.0 99.0 99.00
2017 08 30 04 50 354  2.9  3.8  0.24 99.00  2.90 999 1017.2  19.4  21.2 999.0 99.0 99.00
2017 08 30 05 50 341  2.8  3.4  0.21 99.00  2.87 999 1017.3  19.4  21.2 999.0 99.0 99.00
2017 08 30 06 50 342  2.8  3.9  0.18 99.00  2.85 999 1017.0  19.4  21.2 999.0 99.0 99.00
2017 08 30 07 50 344  3.7  4.7  0.15 99.00  2.79 999 1017.0  19.4  21.1 999.0 99.0 99.00
2017 08 30 08 50 348  3.7  4.4  0.14 99.00  2.79 999 1017.0  19.4  21.1 999.0 99.0 99.00
2017 08 30 09 50 355  3.4  4.3  0.15 99.00  2.68 999 1017.2  19.4  21.1 999.0 99.0 99.00
2017 08 30 10 50 358  2.8  3.5  0.17 99.00  2.60 999 1017.5  19.5  21.1 999.0 99.0 99.00
2017 08 30 11 50 349  3.0  4.0  0.18 99.00  2.64 999 1018.1  19.7  21.1 999.0 99.0 99.00
2017 08 30 12 50 342  2.8  3.6  0.18 99.00  2.64 999 1018.6  19.9  21.1 999.0 99.0 99.00
2017 08 30 13 50 331  2.0  2.5  0.19 99.00  2.72 999 1018.6  19.8  21.1 999.0 99.0 99.00
2017 08 30 14 50 312  1.5  2.2  0.19 99.00  2.75 999 1018.6  20.2  21.2 999.0 99.0 99.00
2017 08 30 15 50 288  2.4  2.8  0.18 99.00  2.71 999 1018.4  20.2  21.4 999.0 99.0 99.00
2017 08 30 16 50 286  2.4  2.8  0.16 99.00  2.68 999 1018.4  20.4  21.6 999.0 99.0 99.00
2017 08 30 17 50 285  3.0  3.7  0.16 99.00  2.58 999 1018.1  20.4  21.7 999.0 99.0 99.00
2017 08 30 18 50 268  2.8  3.2  0.13 99.00  2.70 999 1018.0  20.7  21.9 999.0 99.0 99.00
2017 08 30 19 50 251  1.8  2.5  0.11 99.00  2.61 999 1017.4  21.1  22.0 999.0 99.0 99.00
2017 08 30 20 50 215  1.4  1.7  0.11 99.00  2.56 999 1017.4  21.5  22.3 999.0 99.0 99.00
2017 08 30 21 50 162  2.1  2.7  0.11 99.00  2.94 999 1017.3  21.6  22.3 999.0 99.0 99.00
2017 08 30 22 50 159  3.0  3.3  0.09 99.00  2.64 999 1017.2  21.7  22.3 999.0 99.0 99.00
2017 08 30 23 50 198  3.2  3.6  0.08 99.00  2.91 999 1017.3  21.9  22.2 999.0 99.0 99.00
2017 08 31 00 50 240  5.4  6.5  0.08 99.00  2.94 999 1016.9  21.8  22.1 999.0 99.0 99.00
2017 08 31 01 50 248  5.9  6.8  0.20 99.00  2.37 999 1016.7  21.8  21.8 999.0 99.0 99.00
2017 08 31 02 50 352  8.0 10.3  0.25 99.00  2.52 999 1017.9  21.1  21.6 999.0 99.0 99.00
2017 08 31 03 50   3 10.8 13.0  0.55  3.33  2.94   6 1017.6  20.3  21.5 999.0 99.0 99.00
2017 08 31 04 50  10  8.6 10.3  0.90  4.17  3.63 360 1018.1  20.3  21.3 999.0 99.0 99.00
2017 08 31 05 50  11  9.2 11.1  0.92  4.55  3.72  14 1017.9  20.0  21.2 999.0 99.0 99.00
2017 08 31 06 50  12  8.8 10.4  1.19  5.00  4.05  15 1017.9  19.8  21.2 999.0 99.0 99.00
2017 08 31 07 50  16  9.5 10.9  1.35  5.26  4.33  15 1018.4  19.5  21.2 999.0 99.0 99.00
2017 08 31 08 50  14  9.5 11.8  1.48  5.88  4.58   8 1018.6  19.1  21.2 999.0 99.0 99.00
2017 08 31 09 50  17  9.7 11.7  1.61  6.25  4.79   6 1019.3  18.5  21.2 999.0 99.0 99.00
2017 08 31 10 50  20  8.5 10.0  1.69  6.67  4.91  19 1020.2  18.4  21.2 999.0 99.0 99.00
2017 08 31 11 50  22  8.3  9.5  1.66  7.14  5.19   7 1020.7  18.5  21.3 999.0 99.0 99.00
2017 08 31 12 50  22  8.9 10.2  1.55  6.67  4.96   8 1021.0  18.2  21.4 999.0 99.0 99.00
2017 08 31 13 50  32  9.4 10.9  1.44  6.25  4.77 360 1021.5  17.6  21.5 999.0 99.0 99.00
2017 08 31 14 50  35  9.4 10.9  1.39  7.14  4.67   1 1021.8  17.6  21.4 999.0 99.0 99.00
2017 08 31 15 50  31  9.2 11.2  1.35  6.67  4.69   6 1022.0  17.8  21.4 999.0 99.0 99.00
2017 08 31 16 50  36  8.6 10.4  1.39  7.14  4.68  10 1022.4  18.2  21.4 999.0 99.0 99.00
2017 08 31 17 50  31  8.6 10.4  1.33  7.14  4.65   4 1021.9  18.3  21.4 999.0 99.0 99.00
2017 08 31 18 50  31  8.3 10.3  1.30  6.67  4.57   4 1022.1  18.3  21.4 999.0 99.0 99.00
2017 08 31 19 50  26  8.5 10.1  1.12  6.67  4.40   6 1021.7  18.5  21.3 999.0 99.0 99.00
2017 08 31 20 50  20  7.9  9.5  1.09  6.67  4.42  15 1021.5  18.5  21.2 999.0 99.0 99.00
2017 08 31 21 50  21  8.1  9.8  1.09  6.25  4.28  14 1021.3  18.7  21.2 999.0 99.0 99.00
2017 08 31 22 50  18  8.9 10.9  1.16  6.25  4.20  18 1021.0  18.7  21.1 999.0 99.0 99.00
2017 08 31 23 50  15  9.1 10.7  1.28  5.26  4.38  16 1020.9  18.7  21.1 999.0 99.0 99.00
2017 09 01 00 50  17  9.5 11.6  1.83  6.25  5.11  15 1020.8  18.9  21.0 999.0 99.0 99.00
2017 09 01 01 50  22  9.7 11.0  1.78  6.67  5.04  10 1020.9  19.3  21.1 999.0 99.0 99.00
2017 09 01 02 50  53  7.3  8.7  1.76  6.67  4.93  11 1021.2  20.5  21.2 999.0 99.0 99.00
2017 09 01 03 50  58  9.1 12.8  1.64  6.25  4.88   3 1021.4  20.0  21.2 999.0 99.0 99.00
2017 09 01 04 50  68  9.6 11.2  1.44  5.88  4.50 350 1021.5  18.5  21.2 999.0 99.0 99.00
2017 09 01 05 50  64 11.6 13.6  1.44  6.25  4.28 351 1021.8  17.6  21.2 999.0 99.0 99.00
2017 09 01 06 50  66 11.6 13.8  1.73  4.76  4.48  66 1022.2  16.5  21.1 999.0 99.0 99.00
2017 09 01 07 50  65 12.0 14.0  1.74  5.00  4.59  68 1022.5  15.6  20.9 999.0 99.0 99.00
2017 09 01 08 50  72 11.9 14.6  1.82  5.26  4.66  64 1022.7  15.1  20.6 999.0 99.0 99.00
2017 09 01 09 50  74 10.9 13.3  1.70  5.26  4.65  66 1022.9  14.9  20.6 999.0 99.0 99.00
2017 09 01 10 50  73 10.1 12.3  1.70  5.26  4.65  69 1023.1  15.0  20.6 999.0 99.0 99.00
2017 09 01 11 50  69  9.6 11.8  1.37  5.26  4.50  65 1023.6  15.0  20.6 999.0 99.0 99.00
2017 09 01 12 50  74 10.2 12.2  1.33  5.00  4.51  68 1023.8  14.8  20.6 999.0 99.0 99.00
2017 09 01 13 50  70  9.9 12.0  1.36  5.56  4.56  60 1023.9  15.2  20.5 999.0 99.0 99.00
2017 09 01 14 50  69  9.1 11.1  1.26  5.00  4.42  81 1024.0  15.2  20.5 999.0 99.0 99.00
2017 09 01 15 50  67  8.8 11.4  1.19  5.26  4.33  75 1023.5  15.2  20.6 999.0 99.0 99.00
2017 09 01 16 50  60  7.5  9.5  1.04  4.35  4.17  81 1023.4  15.2  20.6 999.0 99.0 99.00
2017 09 01 17 50  54  6.9  8.4  0.90  4.17  4.01  81 1022.9  15.9  20.5 999.0 99.0 99.00
2017 09 01 18 50  54  7.4  9.4  0.82  4.35  3.85  78 1022.3  16.9  20.5 999.0 99.0 99.00
2017 09 01 19 50  55  5.6  8.3  0.81  4.00  3.75  70 1022.0  17.6  20.4 999.0 99.0 99.00
2017 09 01 20 50  48  6.5  7.8  0.75  3.70  3.69  69 1021.3  18.4  20.4 999.0 99.0 99.00
2017 09 01 21 50  54  6.5  8.4  0.75  3.85  3.41  65 1021.1  18.9  20.4 999.0 99.0 99.00
2017 09 01 22 50  50  6.1  7.6  0.65  3.45  3.31  63 1020.6  19.2  20.4 999.0 99.0 99.00
2017 09 01 23 50  53  4.6  5.7  0.52  3.33  3.19  57 1020.6  19.3  20.4 999.0 99.0 99.00
2017 09 02 00 50  21  5.6  6.9  0.43  3.33  3.15  64 1020.5  18.4  20.4 999.0 99.0 99.00
2017 09 02 01 50  25  5.7  6.6  0.44  3.03  3.03  58 1020.7  18.6  20.4 999.0 99.0 99.00
2017 09 02 02 50  74  6.0  7.4  0.46  2.94  3.06  43 1020.5  19.4  20.5 999.0 99.0 99.00
2017 09 02 03 50  69  7.4  9.1  0.58  3.13  3.15  61 1020.1  19.2  20.6 999.0 99.0 99.00
2017 09 02 04 50  86  7.5  9.2  0.64  3.70  3.27  55 1019.7  18.9  20.7 999.0 99.0 99.00
2017 09 02 05 50  81  7.6  8.8  0.77  4.00  3.56  63 1019.7  17.9  20.7 999.0 99.0 99.00
2017 09 02 06 50  86  6.9  8.4  0.82  4.55  3.78  71 1019.7  17.4  20.7 999.0 99.0 99.00
2017 09 02 07 50  97  6.4  7.4  0.86  4.76  3.86  60 1019.4  16.7  20.7 999.0 99.0 99.00
2017 09 02 08 50  87  7.5  9.1  0.90  4.76  4.00  72 1018.5  16.3  20.7 999.0 99.0 99.00
2017 09 02 09 50  89  5.4  7.3  0.78  4.76  3.84  62 1018.8  15.9  20.6 999.0 99.0 99.00
2017 09 02 10 50  94  5.2  6.3  0.77  4.55  3.89  67 1018.7  16.1  20.6 999.0 99.0 99.00
2017 09 02 11 50 111  3.5  5.3  0.61  4.35  3.65  63 1018.9  16.3  20.5 999.0 99.0 99.00
2017 09 02 12 50  99  3.0  4.3  0.54  4.17  3.58  74 1018.8  16.3  20.4 999.0 99.0 99.00
2017 09 02 13 50  79  2.2  3.1  0.49  3.70  3.46  80 1019.2  16.1  20.4 999.0 99.0 99.00
2017 09 02 14 50  66  0.8  1.4  0.49  3.85  3.50  89 1018.7  16.2  20.3 999.0 99.0 99.00
2017 09 02 15 50 227  0.4  1.0  0.45  3.57  3.32  91 1018.4  16.8  20.5 999.0 99.0 99.00
2017 09 02 16 50 348  0.5  1.1  0.37  3.57  3.16  78 1017.9  16.5  21.0 999.0 99.0 99.00
2017 09 02 17 50 257  1.2  2.2  0.32  3.33  3.06  93 1017.0  16.8  21.2 999.0 99.0 99.00
2017 09 02 18 50 247  2.1  3.2  0.24 99.00  2.98 999 1016.4  17.1  21.1 999.0 99.0 99.00
2017 09 02 19 50 288  2.4  3.4  0.19 99.00  3.15 999 1015.5  17.5  21.0 999.0 99.0 99.00
2017 09 02 20 50 197  2.3  3.2  0.19 99.00  3.12 999 1014.8  17.8  21.0 999.0 99.0 99.00
2017 09 02 21 50 146  1.4  2.0  0.14 99.00  3.19 999 1014.7  18.1  21.0 999.0 99.0 99.00
2017 09 02 22 50  90  1.4  2.0  0.12 99.00  3.25 999 1014.8  18.3  21.0 999.0 99.0 99.00
2017 09 02 23 50  20  3.6  4.6  0.11 99.00  3.13 999 1015.2  18.2  21.0 999.0 99.0 99.00
2017 09 03 00 50  49  1.7  2.6  0.10 99.00  3.24 999 1015.3  16.1  20.9 999.0 99.0 99.00
2017 09 03 01 50 130  3.5  4.6  0.09 99.00  3.55 999 1015.0  16.5  20.9 999.0 99.0 99.00
2017 09 03 02 50 160  5.7  7.0  0.08 99.00  3.32 999 1014.4  16.9  20.8 999.0 99.0 99.00
2017 09 03 03 50 198  5.8  7.8  0.18 99.00  2.48 999 1014.2  17.7  20.8 999.0 99.0 99.00
2017 09 03 04 50 225  6.9  8.1  0.29  2.74  2.61 133 1013.5  18.3  20.7 999.0 99.0 99.00
2017 09 03 05 50 264  6.1  7.6  0.47  3.13  2.97 175 1013.1  19.1  20.6 999.0 99.0 99.00
2017 09 03 06 50 298  7.4  8.7  0.51  3.57  3.23 226 1013.2  19.0  20.5 999.0 99.0 99.00
2017 09 03 07 50 305  6.6  7.6  0.54  3.70  3.19 226 1013.2  18.7  20.4 999.0 99.0 99.00
2017 09 03 08 50 304  6.0  7.3  0.45  3.85  3.12 231 1013.4  18.5  20.3 999.0 99.0 99.00
2017 09 03 09 50 319  5.7  6.8  0.42  3.57  3.10 250 1013.6  18.2  20.2 999.0 99.0 99.00
2017 09 03 10 50 313  5.6  6.7  0.38  3.45  3.08 256 1014.0  18.2  20.2 999.0 99.0 99.00
2017 09 03 11 50 311  5.8  6.8  0.42  3.33  3.05 256 1014.7  18.1  20.2 999.0 99.0 99.00
2017 09 03 12 50 325  6.3  7.3  0.42  3.13  3.03 280 1014.7  18.6  20.2 999.0 99.0 99.00
2017 09 03 13 50 326  6.5  7.6  0.46  3.33  3.12 309 1015.2  18.5  20.3 999.0 99.0 99.00
2017 09 03 14 50 331  5.1  6.1  0.61  3.85  3.37 331 1015.5  18.8  20.3 999.0 99.0 99.00
2017 09 03 15 50 309  3.8  4.5  0.55  3.85  3.43 318 1015.6  19.0  20.5 999.0 99.0 99.00
2017 09 03 16 50 299  2.7  3.3  0.45  3.57  3.34 314 1015.9  19.3  20.7 999.0 99.0 99.00
2017 09 03 17 50 284  4.0  4.7  0.36  3.70  3.18 337 1016.0  19.4  20.9 999.0 99.0 99.00
2017 09 03 18 50 244  3.3  4.0  0.32  3.45  3.11 308 1015.7  20.0  21.0 999.0 99.0 99.00
2017 09 03 19 50 208  3.1  3.6  0.27  3.23  3.04 289 1015.2  20.6  21.0 999.0 99.0 99.00
2017 09 03 20 50 193  4.5  5.0  0.24 99.00  3.03 999 1014.8  20.9  21.1 999.0 99.0 99.00
2017 09 03 21 50 201  6.0  7.1  0.23 99.00  2.86 999 1014.3  21.2  21.1 999.0 99.0 99.00
2017 09 03 22 50 203  6.1  7.1  0.34  2.74  2.63 157 1014.2  21.4  20.9 999.0 99.0 99.00
2017 09 03 23 50 202  5.8  6.9  0.40  2.94  2.86 160 1013.8  21.6  20.8 999.0 99.0 99.00
2017 09 04 00 50 202  5.3  6.2  0.41  3.33  3.07 159 1013.4  21.5  20.7 999.0 99.0 99.00
2017 09 04 01 50 216  6.5  7.6  0.42  3.45  3.14 161 1013.3  21.7  20.6 999.0 99.0 99.00
2017 09 04 02 50 228  7.2  8.2  0.45  3.33  3.10 168 1012.9  22.0  20.5 999.0 99.0 99.00
2017 09 04 03 50 234  6.8  8.0  0.50  3.57  3.19 168 1012.4  22.0  20.4 999.0 99.0 99.00
2017 09 04 04 50 237  8.3  9.7  0.63  3.57  3.33 170 1011.3  22.1  20.4 999.0 99.0 99.00
2017 09 04 05 50 235  9.0 10.3  0.77  4.00  3.47 181 1010.7  22.0  20.3 999.0 99.0 99.00
2017 09 04 06 50 230  9.3 10.8  0.79  4.17  3.55 175 1010.0  22.0  20.3 999.0 99.0 99.00
2017 09 04 07 50 237  9.6 11.9  0.91  4.17  3.68 177 1009.5  22.1  20.3 999.0 99.0 99.00
2017 09 04 08 50 228  9.2 10.8  0.93  4.55  3.73 174 1008.8  21.7  20.4 999.0 99.0 99.00
2017 09 04 09 50 218 10.7 12.7  0.94  4.17  3.67 176 1007.6  21.9  20.4 999.0 99.0 99.00
2017 09 04 10 50 242  9.5 10.9  1.21  4.55  3.95 175 1007.9  21.6  20.4 999.0 99.0 99.00
2017 09 04 11 50 242 10.4 12.9  1.13  4.76  3.88 179 1007.1  21.8  20.4 999.0 99.0 99.00
2017 09 04 12 50 246 11.8 13.4  1.35  5.26  4.16 168 1006.2  21.8  20.4 999.0 99.0 99.00
2017 09 04 13 50 255  9.2 11.8  1.49  5.56  4.33 173 1005.7  21.6  20.3 999.0 99.0 99.00
2017 09 04 14 50 254 10.0 11.9  1.52  5.26  4.46 181 1005.3  21.5  20.2 999.0 99.0 99.00
2017 09 04 15 50 233  6.9  7.9  1.51  5.56  4.68 185 1004.8  21.3  20.1 999.0 99.0 99.00
2017 09 04 16 50 243  4.6  5.2  1.13  5.88  4.50 160 1004.9  21.2  20.1 999.0 99.0 99.00
2017 09 04 17 50 266  3.8  4.6  1.06  5.88  4.58 182 1004.7  21.4  20.1 999.0 99.0 99.00
2017 09 04 18 50 326  9.1 11.1  1.04  5.88  4.34 215 1005.3  19.6  20.1 999.0 99.0 99.00
2017 09 04 19 50 313  6.3  7.4  1.00  5.56  4.21 219 1005.8  20.4  20.0 999.0 99.0 99.00
2017 09 04 20 50   4  7.2  8.4  0.87  5.26  3.89 209 1006.4  19.4  20.0 999.0 99.0 99.00
2017 09 04 21 50  10  5.5  6.4  0.72  3.85  3.66 298 1006.7  19.3  20.2 999.0 99.0 99.00
2017 09 04 22 50   8  4.3  4.9  0.74  4.55  3.84 302 1006.9  19.3  20.2 999.0 99.0 99.00
2017 09 04 23 50 350  4.1  4.8  0.57  4.35  3.70 307 1006.8  19.3  20.1 999.0 99.0 99.00
2017 09 05 00 50 322  3.4  4.4  0.48  3.85  3.51 338 1007.8  19.4  20.0 999.0 99.0 99.00
2017 09 05 01 50 284  2.9  3.5  0.46  4.00  3.48 323 1008.0  19.5  20.1 999.0 99.0 99.00
2017 09 05 02 50 303  5.7  6.7  0.47  4.17  3.64  12 1008.0  20.1  20.2 999.0 99.0 99.00
2017 09 05 03 50 297  5.2  6.6  0.54  4.55  3.81  19 1008.1  20.2  20.2 999.0 99.0 99.00
2017 09 05 04 50 295  7.8  8.8  0.53  5.56  3.62  23 1008.0  19.8  20.2 999.0 99.0 99.00
2017 09 05 05 50 306  8.1  9.6  0.62  4.76  3.38  19 1007.5  19.5  20.2 999.0 99.0 99.00
2017 09 05 06 50 340 11.2 13.1  0.89  3.33  3.39 330 1007.2  18.1  20.1 999.0 99.0 99.00
2017 09 05 07 50 348 11.5 13.8  1.25  4.55  3.93 358 1008.4  16.8  19.9 999.0 99.0 99.00
2017 09 05 08 50 336  9.3 11.4  1.45  5.26  4.12 353 1008.8  16.4  19.9 999.0 99.0 99.00
2017 09 05 09 50 322  8.7 10.4  1.37  5.00  4.16   1 1009.2  15.9  19.8 999.0 99.0 99.00
2017 09 05 10 50 320  9.0 11.0  1.43  5.00  4.23 358 1009.3  15.6  19.7 999.0 99.0 99.00
2017 09 05 11 50 325  8.7 10.4  1.27  5.00  4.14 351 1009.8  15.0  19.7 999.0 99.0 99.00
2017 09 05 12 50 317  8.4 10.4  1.20  5.56  4.28  11 1010.1  14.7  19.9 999.0 99.0 99.00
2017 09 05 13 50 319  8.2 10.5  1.17  5.26  4.27   8 1010.3  15.1  19.9 999.0 99.0 99.00
2017 09 05 14 50 315  8.4 10.2  1.21  4.76  4.36 345 1010.5  14.9  19.9 999.0 99.0 99.00
2017 09 05 15 50 317  8.0 10.6  1.17  5.56  4.35 358 1010.9  15.1  19.9 999.0 99.0 99.00
2017 09 05 16 50 317  8.4 10.0  1.29  5.88  4.53   3 1010.9  15.3  19.8 999.0 99.0 99.00
2017 09 05 17 50 320  7.9  9.3  1.39  5.56  4.66 347 1011.1  15.9  19.8 999.0 99.0 99.00
2017 09 05 18 50 328  8.3 10.9  1.22  5.26  4.45 346 1011.2  16.5  19.8 999.0 99.0 99.00
2017 09 05 19 50 329  9.5 11.5  1.18  5.56  4.29   4 1011.1  16.9  19.8 999.0 99.0 99.00
2017 09 05 20 50 328  8.1 10.3  1.23  5.88  4.49   5 1011.2  17.0  19.9 999.0 99.0 99.00
2017 09 05 21 50 315 10.1 12.4  1.27  5.88  4.41  13 1011.3  17.0  19.9 999.0 99.0 99.00
2017 09 05 22 50 328  7.6 10.0  1.22  5.26  4.20   6 1011.5  16.6  19.8 999.0 99.0 99.00
2017 09 05 23 50 352 10.5 13.8  1.15  5.00  4.04 350 1011.4  16.1  19.7 999.0 99.0 99.00
2017 09 06 00 50 348  9.7 11.5  1.10  5.26  4.13   6 1011.8  16.2  19.6 999.0 99.0 99.00
2017 09 06 01 50 302  8.5 10.4  1.25  5.26  4.05   9 1012.7  14.9  19.5 999.0 99.0 99.00
2017 09 06 02 50 342  9.7 12.2  1.32  5.26  4.16  14 1012.5  15.9  19.5 999.0 99.0 99.00
2017 09 06 03 50  18  8.1  9.2  1.21  5.56  4.11   7 1012.7  14.9  19.6 999.0 99.0 99.00
2017 09 06 04 50  25  5.5  6.6  1.10  5.00  4.06 351 1012.8  15.0  19.6 999.0 99.0 99.00
2017 09 06 05 50 352  8.6 10.3  1.28  5.26  4.26 360 1012.7  15.7  19.6 999.0 99.0 99.00
2017 09 06 06 50  12  8.6 10.8  1.11  5.00  4.06   8 1012.9  14.2  19.6 999.0 99.0 99.00
2017 09 06 07 50  11  5.0  8.3  1.07  5.00  4.15   1 1013.1  14.7  19.5 999.0 99.0 99.00
2017 09 06 08 50 353  8.7 10.4  1.07  5.26  4.28  10 1012.7  15.3  19.5 999.0 99.0 99.00
2017 09 06 09 50 353  8.2 10.5  1.06  5.26  4.15  16 1012.9  15.2  19.5 999.0 99.0 99.00
2017 09 06 10 50 352  8.5 10.3  1.10  5.56  4.25  17 1013.2  15.2  19.6 999.0 99.0 99.00
2017 09 06 11 50 352  8.7 10.5  1.02  5.88  4.25  16 1013.8  14.9  19.6 999.0 99.0 99.00
2017 09 06 12 50 352  8.4 11.3  1.12  5.56  4.24   3 1014.2  14.9  19.6 999.0 99.0 99.00
2017 09 06 13 50 347  8.3  9.9  1.07  5.26  4.32  11 1014.5  14.7  19.6 999.0 99.0 99.00
2017 09 06 14 50 356  8.0  9.4  1.17  5.56  4.43  11 1014.9  14.9  19.7 999.0 99.0 99.00
2017 09 06 15 50 352  7.7  9.6  1.19  5.56  4.31  15 1015.2  14.7  19.7 999.0 99.0 99.00
2017 09 06 16 50 345  7.5  9.0  1.24  5.88  4.39  26 1015.4  14.8  19.6 999.0 99.0 99.00
2017 09 06 17 50 347  8.5 10.4  1.14  5.88  4.28  30 1015.4  14.9  19.6 999.0 99.0 99.00
2017 09 06 18 50 339  8.5 10.3  1.11  5.88  4.14  34 1015.6  15.1  19.6 999.0 99.0 99.00
2017 09 06 19 50 342  8.6 11.8  1.18  5.56  4.03  31 1015.4  15.5  19.6 999.0 99.0 99.00
2017 09 06 20 50 354  8.9 11.0  1.10  5.00  4.07  26 1015.3  15.7  19.5 999.0 99.0 99.00
2017 09 06 21 50 357  6.5  8.6  1.07  4.76  3.96  22 1015.4  15.4  19.5 999.0 99.0 99.00
2017 09 06 22 50 333  6.1  7.4  1.07  5.56  4.04  23 1015.8  15.2  19.4 999.0 99.0 99.00
2017 09 06 23 50 340  4.8  6.3  0.87  5.26  4.12  28 1015.7  15.8  19.4 999.0 99.0 99.00
2017 09 07 00 50 339  4.9  6.3  0.89  5.88  4.16  29 1015.8  16.1  19.5 999.0 99.0 99.00
2017 09 07 01 50 333  6.8  8.0  0.84  5.88  4.13  36 1015.8  16.5  19.5 999.0 99.0 99.00
2017 09 07 02 50 338 11.4 14.0  0.77  5.56  4.10  33 1015.6  15.6  19.5 999.0 99.0 99.00
2017 09 07 03 50 347  4.8  5.8  0.89  6.25  4.13  23 1016.0  15.2  19.6 999.0 99.0 99.00
2017 09 07 04 50 334  7.4  8.9  0.83  6.25  4.26  33 1015.5  16.0  19.6 999.0 99.0 99.00
2017 09 07 05 50 338  6.5  8.1  0.79  5.88  4.14  32 1015.6  16.0  19.7 999.0 99.0 99.00
2017 09 07 06 50 345  7.3  9.0  0.90  5.88  4.16  35 1015.2  15.9  19.7 999.0 99.0 99.00
2017 09 07 07 50 346  7.3  8.7  0.91  4.55  4.04  10 1015.1  16.0  19.8 999.0 99.0 99.00
2017 09 07 08 50 355  5.0  6.1  0.88  5.00  3.98  13 1015.1  15.6  19.8 999.0 99.0 99.00
2017 09 07 09 50 358  5.4  7.0  0.92  5.26  4.09  30 1015.4  15.4  19.8 999.0 99.0 99.00
2017 09 07 10 50 342  3.2  4.4  0.85  5.00  4.01  21 1015.3  15.4  19.8 999.0 99.0 99.00
2017 09 07 11 50 344  4.7  6.0  0.75  5.00  3.94  34 1015.6  15.8  19.7 999.0 99.0 99.00
2017 09 07 12 50 333  4.7  6.6  0.70  4.55  3.75  29 1016.1  15.4  19.6 999.0 99.0 99.00
2017 09 07 13 50 327  7.9 11.0  0.68  4.76  3.71  26 1015.9  15.7  19.4 999.0 99.0 99.00
2017 09 07 14 50 325  7.3  8.5  0.72  4.76  3.52  30 1016.3  15.8  19.4 999.0 99.0 99.00
2017 09 07 15 50 327  7.0  8.8  0.85  3.70  3.61 346 1016.7  15.7  19.4 999.0 99.0 99.00
2017 09 07 16 50 325  6.3  7.4  0.95  5.88  4.04  42 1016.7  15.6  19.4 999.0 99.0 99.00
2017 09 07 17 50 323  5.1  6.5  0.88  5.88  4.04  33 1016.7  15.7  19.4 999.0 99.0 99.00
2017 09 07 18 50 325  4.8  5.8  0.79  5.88  4.01  33 1016.5  16.0  19.3 999.0 99.0 99.00
2017 09 07 19 50 360  0.8  2.2  0.79  6.67  3.98  25 1016.6  14.2  19.3 999.0 99.0 99.00
2017 09 07 20 50 301  2.1  2.8  0.63  5.26  4.23  32 1016.3  15.8  19.4 999.0 99.0 99.00
2017 09 07 21 50 318  1.4  2.4  0.58  5.56  4.40  30 1016.4  15.9  19.6 999.0 99.0 99.00
2017 09 07 22 50 352  2.4  3.8  0.52  4.76  4.05  26 1016.5  14.7  19.6 999.0 99.0 99.00
2017 09 07 23 50 315  1.5  2.2  0.51  5.00  4.07  30 1016.5  15.6  19.7 999.0 99.0 99.00
2017 09 08 00 50 305  4.1  5.5  0.49  5.00  3.99  31 1016.7  16.6  19.7 999.0 99.0 99.00
2017 09 08 01 50 325  7.3  9.3  0.46  4.55  3.70  28 1016.9  17.9  19.7 999.0 99.0 99.00
2017 09 08 02 50 313  7.7  9.2  0.64  3.33  3.30 318 1016.9  17.9  19.7 999.0 99.0 99.00
2017 09 08 03 50 317  6.3  7.6  0.86  3.70  3.64 328 1017.5  17.9  19.7 999.0 99.0 99.00
2017 09 08 04 50 331  6.0  7.7  0.81  4.55  3.63  12 1017.8  17.9  19.7 999.0 99.0 99.00
2017 09 08 05 50 320  7.4  8.9  0.67  4.00  3.46   5 1018.2  17.8  19.6 999.0 99.0 99.00
2017 09 08 06 50 336  5.3  6.2  0.63  3.57  3.39   6 1018.6  17.5  19.5 999.0 99.0 99.00
2017 09 08 07 50 352  5.1  6.1  0.55  3.70  3.25   6 1019.0  17.0  19.3 999.0 99.0 99.00
2017 09 08 08 50 353  5.3  6.5  0.56  4.17  3.22  19 1019.8  16.1  19.3 999.0 99.0 99.00
2017 09 08 09 50 354  4.7  6.2  0.51  3.45  3.21 343 1020.3  15.8  19.2 999.0 99.0 99.00
2017 09 08 10 50 322  2.4  3.3  0.44  3.85  3.25 356 1020.8  15.3  19.1 999.0 99.0 99.00
2017 09 08 11 50 335  2.1  3.0  0.41  3.70  3.42 352 1021.4  15.7  19.1 999.0 99.0 99.00
2017 09 08 12 50 356  2.1  3.0  0.40  4.17  3.53   6 1022.2  16.2  19.2 999.0 99.0 99.00
2017 09 08 13 50  36  7.1  8.4  0.38  4.17  3.13 347 1022.7  15.7  19.4 999.0 99.0 99.00
2017 09 08 14 50  34  7.1  8.5  0.50  2.94  3.18  23 1023.5  15.4  19.5 999.0 99.0 99.00
2017 09 08 15 50  38  6.7  8.0  0.64  3.70  3.41   7 1024.0  15.3  19.6 999.0 99.0 99.00
2017 09 08 16 50  35  6.2  7.4  0.64  4.76  3.57   2 1024.7  15.4  19.6 999.0 99.0 99.00
2017 09 08 17 50  34  5.1  6.7  0.58  4.35  3.64   1 1025.1  15.8  19.7 999.0 99.0 99.00
2017 09 08 18 50  27  4.5  6.1  0.62  4.35  3.71   7 1025.3  15.8  19.8 999.0 99.0 99.00
2017 09 08 19 50  18  5.3  6.9  0.58  4.17  3.72  14 1025.2  15.8  19.8 999.0 99.0 99.00
2017 09 08 20 50  26  5.6  6.9  0.62  4.17  3.70  13 1025.1  16.1  19.8 999.0 99.0 99.00
2017 09 08 21 50  27  5.4  7.5  0.61  4.17  3.75   9 1025.0  16.5  19.8 999.0 99.0 99.00
2017 09 08 22 50  26  5.7  7.1  0.58  4.17  3.60  15 1025.2  16.9  19.8 999.0 99.0 99.00
2017 09 08 23 50  22  6.2  7.6  0.62  4.35  3.57  15 1025.0  17.0  19.7 999.0 99.0 99.00
2017 09 09 00 50  21  6.9  8.1  0.60  4.76  3.35  18 1025.3  17.0  19.5 999.0 99.0 99.00
2017 09 09 01 50  24  7.4  8.7  0.65  3.23  3.31  23 1026.0  17.1  19.4 999.0 99.0 99.00
2017 09 09 02 50  24  8.0  9.6  0.72  3.85  3.41  23 1026.0  17.0  19.3 999.0 99.0 99.00
2017 09 09 03 50  39  7.4  8.6  0.84  4.35  3.64   9 1026.6  17.3  19.2 999.0 99.0 99.00
2017 09 09 04 50  47  6.0  6.8  0.97  5.26  3.97   5 1027.0  17.6  19.1 999.0 99.0 99.00
2017 09 09 05 50  61  5.2  6.3  0.98  5.56  4.26 356 1027.2  17.9  19.2 999.0 99.0 99.00
2017 09 09 06 50  96  7.3  8.5  0.94  5.88  4.38 346 1027.4  17.4  19.4 999.0 99.0 99.00
2017 09 09 07 50  82  8.7 10.4  0.91  5.88  3.92 351 1027.9  16.7  19.5 999.0 99.0 99.00
2017 09 09 08 50  95  8.8 10.3  1.02  3.57  3.75  93 1028.3  16.0  19.5 999.0 99.0 99.00
2017 09 09 09 50  98  8.8 10.7  1.11  4.17  3.84  76 1029.0  15.4  19.6 999.0 99.0 99.00
2017 09 09 10 50  95  7.5  9.3  1.06  4.55  3.89  73 1029.6  15.0  19.6 999.0 99.0 99.00
2017 09 09 11 50 103  8.5 10.1  1.19  4.55  4.08  97 1030.0  15.2  19.5 999.0 99.0 99.00
2017 09 09 12 50 102  8.4 10.0  1.09  4.76  3.95  70 1030.5  15.3  19.5 999.0 99.0 99.00
2017 09 09 13 50 102  7.9  9.6  1.09  4.55  4.14  90 1030.9  15.6  19.5 999.0 99.0 99.00
2017 09 09 14 50  97  7.2  8.8  0.99  4.76  4.13  99 1031.5  15.8  19.5 999.0 99.0 99.00
2017 09 09 15 50  97  6.3  7.2  0.93  5.00  4.16 111 1031.7  16.0  19.3 999.0 99.0 99.00
2017 09 09 16 50  92  5.4  6.3  0.82  4.76  4.17  99 1031.7  16.2  19.2 999.0 99.0 99.00
2017 09 09 17 50  87  4.9  5.8  0.83  4.55  4.15 102 1031.5  16.2  19.1 999.0 99.0 99.00
2017 09 09 18 50  76  4.5  5.5  0.72  4.76  3.99 119 1031.2  16.2  19.1 999.0 99.0 99.00
2017 09 09 19 50  71  4.5  5.5  0.54  4.17  3.68 120 1030.5  16.5  19.1 999.0 99.0 99.00
2017 09 09 20 50  55  4.3  5.6  0.46  4.35  3.51 152 1029.9  16.9  19.2 999.0 99.0 99.00
2017 09 09 21 50  49  4.5  6.0  0.39  3.57  3.36 130 1029.6  17.2  19.3 999.0 99.0 99.00
2017 09 09 22 50  41  3.6  4.6  0.30  3.23  3.23 131 1029.8  17.5  19.4 999.0 99.0 99.00
2017 09 09 23 50  46  3.8  5.0  0.24 99.00  3.11 999 1029.4  17.7  19.4 999.0 99.0 99.00
2017 09 10 00 50  36  4.6  5.5  0.20 99.00  3.16 999 1029.4  17.6  19.4 999.0 99.0 99.00
2017 09 10 01 50  39  5.1  6.0  0.21 99.00  2.69 999 1029.7  17.6  19.5 999.0 99.0 99.00
2017 09 10 02 50  50  5.5  6.7  0.28  2.60  2.66  55 1029.8  17.6  19.5 999.0 99.0 99.00
2017 09 10 03 50  75  5.2  6.4  0.27  2.86  2.80  36 1029.7  18.1  19.6 999.0 99.0 99.00
2017 09 10 04 50  90  5.8  6.8  0.26  3.23  2.85 355 1029.7  18.2  19.5 999.0 99.0 99.00
2017 09 10 05 50  95  7.4  8.8  0.34  2.60  2.77  92 1029.5  18.0  19.5 999.0 99.0 99.00
2017 09 10 06 50 118  6.7  8.6  0.57  3.70  3.22  68 1029.7  17.8  19.5 999.0 99.0 99.00
2017 09 10 07 50 137  7.1  8.6  0.68  3.85  3.48  79 1030.0  17.2  19.3 999.0 99.0 99.00
2017 09 10 08 50 138  6.7  7.7  0.63  4.17  3.56  79 1030.1  17.0  19.2 999.0 99.0 99.00
2017 09 10 09 50 130  6.7  7.9  0.64  4.35  3.70  82 1030.3  16.9  19.1 999.0 99.0 99.00
2017 09 10 10 50 137  6.4  8.0  0.73  4.76  3.93  97 1031.0  16.7  19.0 999.0 99.0 99.00
2017 09 10 11 50 133  6.3  7.4  0.88  4.76  4.19 103 1031.6  16.5  18.9 999.0 99.0 99.00
2017 09 10 12 50 149  5.4  6.4  0.85  5.00  4.21 123 1032.2  16.4  18.8 999.0 99.0 99.00
2017 09 10 13 50 119  4.8  5.9  0.73  5.00  4.06 133 1032.2  16.4  18.8 999.0 99.0 99.00
2017 09 10 14 50 109  4.9  6.0  0.66  5.00  3.93 144 1032.6  16.4  18.9 999.0 99.0 99.00
2017 09 10 15 50 104  5.0  6.1  0.59  4.76  3.70 150 1032.3  16.3  19.0 999.0 99.0 99.00
2017 09 10 16 50 100  4.8  6.1  0.52  4.17  3.41 158 1032.0  16.4  19.1 999.0 99.0 99.00
2017 09 10 17 50  90  4.6  5.9  0.47  4.00  3.32 154 1031.6  16.3  19.3 999.0 99.0 99.00
2017 09 10 18 50  88  4.9  6.1  0.41  3.45  3.05 148 1031.1  16.5  19.5 999.0 99.0 99.00
2017 09 10 19 50  79  3.5  4.7  0.40  3.13  3.08 137 1030.4  16.6  19.6 999.0 99.0 99.00
2017 09 10 20 50  74  1.6  2.5  0.32  2.94  2.97 139 1029.9  16.8  19.7 999.0 99.0 99.00
2017 09 10 21 50  52  1.9  2.8  0.25  2.86  2.87 138 1029.3  17.0  19.7 999.0 99.0 99.00
2017 09 10 22 50  15  1.6  2.5  0.18 99.00  2.88 999 1029.2  17.4  19.7 999.0 99.0 99.00
2017 09 10 23 50  30  2.3  3.0  0.14 99.00  2.86 999 1028.8  17.5  19.6 999.0 99.0 99.00
2017 09 11 00 50  41  2.9  3.6  0.12 99.00  2.85 999 1028.8  17.7  19.4 999.0 99.0 99.00
2017 09 11 01 50  57  5.0  6.0  0.14 99.00  2.86 999 1028.6  17.9  19.3 999.0 99.0 99.00
2017 09 11 02 50  65  5.8  6.9  0.22 99.00  2.82 999 1028.1  18.0  19.2 999.0 99.0 99.00
2017 09 11 03 50  68  6.3  7.3  0.30  3.13  3.00  84 1028.0  18.2  19.1 999.0 99.0 99.00
2017 09 11 04 50  98  4.9  5.9  0.41  3.23  3.25  66 1027.7  18.8  19.0 999.0 99.0 99.00
2017 09 11 05 50 138  4.9  5.7  0.41  3.33  3.20  71 1027.4  18.8  18.9 999.0 99.0 99.00
2017 09 11 06 50 125  6.7  8.8  0.44  3.70  3.14  81 1027.0  18.2  18.9 999.0 99.0 99.00
2017 09 11 07 50 136  5.6  6.6  0.50  3.45  3.10  89 1026.8  17.7  18.9 999.0 99.0 99.00
2017 09 11 08 50 130  4.4  5.1  0.47  3.45  3.17  92 1026.7  17.8  19.0 999.0 99.0 99.00
2017 09 11 09 50 130  3.7  4.7  0.62  3.70  3.48 109 1026.6  17.4  19.1 999.0 99.0 99.00
2017 09 11 10 50 140  4.2  5.0  0.62  3.85  3.58 115 1026.6  17.3  19.2 999.0 99.0 99.00
2017 09 11 11 50 155  3.4  4.1  0.48  3.85  3.28 121 1027.1  17.2  19.2 999.0 99.0 99.00
2017 09 11 12 50 161  3.1  3.6  0.44  3.70  3.21 122 1027.0  17.2  19.3 999.0 99.0 99.00
2017 09 11 13 50 152  2.7  3.6  0.36  3.45  3.02 128 1026.7  17.3  19.3 999.0 99.0 99.00
2017 09 11 14 50 157  3.0  4.1  0.33  3.23  2.92 126 1026.8  17.3  19.3 999.0 99.0 99.00
2017 09 11 15 50 167  1.9  2.8  0.32  3.13  2.87 132 1026.5  17.2  19.4 999.0 99.0 99.00
2017 09 11 16 50 143  1.1  1.7  0.29  3.45  2.93 133 1026.1  17.5  19.8 999.0 99.0 99.00
2017 09 11 17 50 176  0.1  0.6  0.29  3.23  3.04 126 1025.2  18.0  20.2 999.0 99.0 99.00
2017 09 11 18 50 152  0.9  1.6  0.23 99.00  3.04 999 1024.8  17.8  20.7 999.0 99.0 99.00
2017 09 11 19 50  96  0.9  1.5  0.19 99.00  3.10 999 1024.0  18.0  21.2 999.0 99.0 99.00
2017 09 11 20 50  88  2.5  3.2  0.20 99.00  3.16 999 1022.7  17.8  20.4 999.0 99.0 99.00
2017 09 11 21 50  59  1.4  1.8  0.20 99.00  3.23 999 1022.2  18.1  20.1 999.0 99.0 99.00
2017 09 11 22 50  64  1.3  1.8  0.16 99.00  3.08 999 1021.6  18.1  19.9 999.0 99.0 99.00
2017 09 11 23 50  69  1.8  2.3  0.14 99.00  2.95 999 1021.2  18.3  19.8 999.0 99.0 99.00
2017 09 12 00 50  35  1.3  1.6  0.12 99.00  3.08 999 1020.9  18.5  19.6 999.0 99.0 99.00
2017 09 12 01 50  62  1.2  1.4  0.09 99.00  3.00 999 1020.9  18.6  19.6 999.0 99.0 99.00
2017 09 12 02 50 107  0.7  0.8  0.07 99.00  2.95 999 1020.5  18.7  19.5 999.0 99.0 99.00
2017 09 12 03 50  37  0.2  0.5  0.06 99.00  2.93 999 1020.4  18.7  19.5 999.0 99.0 99.00
2017 09 12 04 50  56  0.9  1.1  0.05 99.00  2.90 999 1020.0  18.8  19.6 999.0 99.0 99.00
2017 09 12 05 50  75  1.4  1.6  0.04 99.00  2.93 999 1019.5  18.8  19.5 999.0 99.0 99.00
2017 09 12 06 50  57  0.3  0.5  0.04 99.00  3.04 999 1019.0  18.7  19.5 999.0 99.0 99.00
2017 09 12 07 50  18  0.9  1.1  0.04 99.00  2.86 999 1018.7  18.7  19.5 999.0 99.0 99.00
2017 09 12 08 50  32  1.5  1.8  0.04 99.00  2.89 999 1018.3  18.7  19.4 999.0 99.0 99.00
2017 09 12 09 50  43  2.2  2.6  0.05 99.00  3.06 999 1018.0  18.5  19.3 999.0 99.0 99.00
2017 09 12 10 50  47  2.1  2.5  0.04 99.00  2.76 999 1017.9  18.2  19.2 999.0 99.0 99.00
2017 09 12 11 50  52  2.0  2.5  0.03 99.00  2.81 999 1017.9  18.3  19.1 999.0 99.0 99.00
2017 09 12 12 50  58  2.3  2.7  0.03 99.00  2.71 999 1017.7  18.6  19.1 999.0 99.0 99.00
2017 09 12 13 50  60  2.2  2.6  0.06 99.00  2.37 999 1017.3  18.5  19.1 999.0 99.0 99.00
2017 09 12 14 50  48  2.5  2.8  0.09 99.00  2.92 999 1017.3  18.5  19.1 999.0 99.0 99.00
2017 09 12 15 50  59  2.7  3.3  0.09 99.00  2.48 999 1017.3  18.7  19.2 999.0 99.0 99.00
2017 09 12 16 50  73  2.2  2.8  0.09 99.00  2.40 999 1016.7  18.6  19.3 999.0 99.0 99.00
2017 09 12 17 50  71  1.5  1.9  0.09 99.00  2.35 999 1016.1  18.6  19.7 999.0 99.0 99.00
2017 09 12 18 50  18  2.9  3.4  0.08 99.00  2.70 999 1015.2  18.9  20.0 999.0 99.0 99.00
2017 09 12 19 50  12  4.5  5.0  0.05 99.00  2.35 999 1014.3  19.0  20.1 999.0 99.0 99.00
2017 09 12 20 50  11  4.0  4.8  0.05 99.00  2.52 999 1013.4  19.5  20.1 999.0 99.0 99.00
2017 09 12 21 50 360  4.3  4.8  0.05 99.00  2.78 999 1012.7  19.5  20.1 999.0 99.0 99.00
2017 09 12 22 50   1  4.0  4.6  0.11 99.00  2.32 999 1012.3  19.6  20.1 999.0 99.0 99.00
2017 09 12 23 50   6  5.0  5.8  0.18 99.00  2.41 999 1012.0  19.5  20.0 999.0 99.0 99.00
2017 09 13 00 50  17  5.5  6.3  0.24 99.00  2.74 999 1011.9  19.5  19.8 999.0 99.0 99.00
2017 09 13 01 50  23  5.4  6.6  0.32  3.03  2.94  24 1011.9  19.3  19.7 999.0 99.0 99.00
2017 09 13 02 50  28  5.9  7.1  0.40  3.33  3.13  22 1011.3  19.3  19.6 999.0 99.0 99.00
2017 09 13 03 50  25  5.8  7.4  0.47  3.70  3.23  42 1010.8  19.5  19.5 999.0 99.0 99.00
2017 09 13 04 50  35  5.1  6.0  0.47  3.85  3.26  44 1010.5  19.6  19.4 999.0 99.0 99.00
2017 09 13 05 50  57  4.1  5.0  0.44  3.57  3.25  31 1010.5  19.4  19.3 999.0 99.0 99.00
2017 09 13 06 50  77  3.4  3.9  0.42  3.70  3.25  25 1010.3  19.7  19.2 999.0 99.0 99.00
2017 09 13 07 50  78  2.3  2.7  0.31  3.57  3.11  20 1009.7  19.5  19.2 999.0 99.0 99.00
2017 09 13 08 50  62  2.7  3.2  0.26  3.23  2.93  22 1009.5  19.3  19.1 999.0 99.0 99.00
2017 09 13 09 50  78  2.8  3.4  0.23 99.00  2.81 999 1009.5  19.2  19.1 999.0 99.0 99.00
2017 09 13 10 50  63  2.6  3.0  0.18 99.00  2.67 999 1009.5  19.1  19.0 999.0 99.0 99.00
2017 09 13 11 50  49  3.8  4.4  0.16 99.00  2.61 999 1009.4  19.0  19.0 999.0 99.0 99.00
2017 09 13 12 50  57  4.2  4.9  0.15 99.00  2.61 999 1009.3  19.0  19.1 999.0 99.0 99.00
2017 09 13 13 50  64  4.4  5.0  0.16 99.00  2.41 999 1009.5  18.6  19.1 999.0 99.0 99.00
2017 09 13 14 50  44  3.8  4.4  0.18 99.00  2.47 999 1009.1  18.5  19.3 999.0 99.0 99.00
2017 09 13 15 50  73  3.1  3.7  0.22 99.00  2.52 999 1008.9  18.3  19.5 999.0 99.0 99.00
2017 09 13 16 50 101  3.3  3.9  0.23 99.00  2.61 999 1008.7  18.4  19.6 999.0 99.0 99.00
2017 09 13 17 50 123  1.5  2.3  0.23 99.00  2.66 999 1008.5  18.6  19.7 999.0 99.0 99.00
2017 09 13 18 50  98  0.3  0.6  0.21 99.00  2.75 999 1008.2  19.5  20.3 999.0 99.0 99.00
2017 09 13 19 50 171  2.1  2.8  0.17 99.00  2.76 999 1007.9  19.0  20.2 999.0 99.0 99.00
2017 09 13 20 50 174  2.0  2.5  0.14 99.00  2.77 999 1008.0  19.0  19.8 999.0 99.0 99.00
2017 09 13 21 50 199  2.1  2.4  0.14 99.00  3.02 999 1008.0  19.0  19.7 999.0 99.0 99.00
2017 09 13 22 50 199  1.8  2.1  0.11 99.00  2.89 999 1008.2  19.3  19.7 999.0 99.0 99.00
2017 09 13 23 50 223  1.2  1.6  0.11 99.00  2.93 999 1008.3  18.9  19.7 999.0 99.0 99.00
2017 09 14 00 50 227  1.9  2.2  0.10 99.00  2.98 999 1008.6  18.9  19.6 999.0 99.0 99.00
2017 09 14 01 50 146  2.8  3.1  0.10 99.00  2.76 999 1009.1  18.9  19.6 999.0 99.0 99.00
2017 09 14 02 50 130  3.1  3.4  0.10 99.00  2.53 999 1008.9  18.9  19.5 999.0 99.0 99.00
2017 09 14 03 50 131  3.1  3.7  0.09 99.00  2.53 999 1009.2  19.0  19.4 999.0 99.0 99.00
2017 09 14 04 50 131  3.5  4.0  0.10 99.00  2.84 999 1009.3  19.0  19.2 999.0 99.0 99.00
2017 09 14 05 50 147  3.6  4.3  0.08 99.00  2.71 999 1009.3  19.0  19.2 999.0 99.0 99.00
2017 09 14 06 50 169  3.8  4.3  0.10 99.00  2.47 999 1009.5  19.1  19.2 999.0 99.0 99.00
2017 09 14 07 50 193  3.7  4.5  0.12 99.00  2.39 999 1009.6  19.0  19.2 999.0 99.0 99.00
2017 09 14 08 50 213  3.7  4.1  0.12 99.00  2.34 999 1010.1  19.0  19.3 999.0 99.0 99.00
2017 09 14 09 50 242  3.5  4.1  0.13 99.00  2.34 999 1010.3  19.0  19.3 999.0 99.0 99.00
2017 09 14 10 50 239  2.8  3.4  0.12 99.00  2.32 999 1010.6  18.9  19.4 999.0 99.0 99.00
2017 09 14 11 50 219  2.0  2.4  0.13 99.00  2.32 999 1011.2  18.8  19.3 999.0 99.0 99.00
2017 09 14 12 50 197  2.1  2.5  0.12 99.00  2.36 999 1011.9  19.1  19.3 999.0 99.0 99.00
2017 09 14 13 50 207  3.1  3.6  0.13 99.00  2.41 999 1012.5  19.0  19.3 999.0 99.0 99.00
2017 09 14 14 50 220  4.1  4.7  0.13 99.00  2.41 999 1012.9  19.1  19.4 999.0 99.0 99.00
2017 09 14 15 50 219  4.0  4.5  0.11 99.00  2.47 999 1013.0  19.1  19.5 999.0 99.0 99.00
2017 09 14 16 50 192  4.8  5.5  0.13 99.00  2.37 999 1012.8  19.1  19.6 999.0 99.0 99.00
2017 09 14 17 50 199  5.1  5.9  0.20 99.00  2.43 999 1012.7  19.2  19.7 999.0 99.0 99.00
2017 09 14 18 50 216  5.1  6.3  0.26  2.74  2.59 164 1012.8  19.1  19.7 999.0 99.0 99.00
2017 09 14 19 50 194  4.5  5.4  0.23 99.00  2.60 999 1012.8  18.9  19.7 999.0 99.0 99.00
2017 09 14 20 50 158  4.3  4.9  0.24 99.00  2.71 999 1012.4  19.0  19.6 999.0 99.0 99.00
2017 09 14 21 50 135  5.1  5.8  0.26  3.13  2.89 140 1012.3  19.4  19.5 999.0 99.0 99.00
2017 09 14 22 50 126  4.4  5.1  0.30  3.13  2.87 137 1012.5  19.9  19.5 999.0 99.0 99.00
2017 09 14 23 50 133  4.0  4.6  0.27  2.94  2.86 142 1012.9  20.0  19.4 999.0 99.0 99.00
2017 09 15 00 50 123  3.9  4.5  0.23 99.00  2.86 999 1013.2  20.2  19.4 999.0 99.0 99.00
2017 09 15 01 50 133  3.5  3.9  0.21 99.00  2.74 999 1013.6  20.3  19.5 999.0 99.0 99.00
2017 09 15 02 50 141  4.8  5.8  0.17 99.00  2.66 999 1013.7  20.5  19.5 999.0 99.0 99.00
2017 09 15 03 50 153  5.8  6.5  0.20 99.00  2.54 999 1013.8  20.6  19.5 999.0 99.0 99.00
2017 09 15 04 50 162  5.8  6.7  0.30  2.47  2.52 151 1014.2  20.4  19.4 999.0 99.0 99.00
2017 09 15 05 50 159  5.8  6.8  0.31  2.60  2.66 155 1014.0  20.2  19.4 999.0 99.0 99.00
2017 09 15 06 50 174  6.1  7.1  0.37  2.74  2.73 140 1014.2  20.3  19.5 999.0 99.0 99.00
2017 09 15 07 50 196  5.3  6.1  0.42  2.94  2.89 144 1014.6  20.3  19.5 999.0 99.0 99.00
2017 09 15 08 50 209  6.2  7.1  0.42  3.23  2.94 147 1015.1  20.1  19.5 999.0 99.0 99.00
2017 09 15 09 50 179  5.6  6.6  0.42  3.33  3.02 150 1015.3  20.0  19.5 999.0 99.0 99.00
2017 09 15 10 50 177  5.1  6.2  0.36  3.33  2.98 153 1015.9  20.0  19.4 999.0 99.0 99.00
2017 09 15 11 50 166  5.7  6.5  0.39  3.57  3.02 153 1016.5  19.9  19.4 999.0 99.0 99.00
2017 09 15 12 50 167  4.7  5.7  0.40  3.57  3.14 144 1017.0  19.7  19.3 999.0 99.0 99.00
2017 09 15 13 50 167  5.9  6.8  0.42  3.57  3.22 145 1017.1  19.7  19.2 999.0 99.0 99.00
2017 09 15 14 50 160  5.3  6.5  0.46  3.85  3.25 143 1017.4  19.6  19.2 999.0 99.0 99.00
2017 09 15 15 50 152  5.6  6.7  0.49  3.70  3.30 145 1017.3  19.6  19.3 999.0 99.0 99.00
2017 09 15 16 50 139  6.3  7.6  0.47  3.85  3.27 151 1016.9  19.6  19.3 999.0 99.0 99.00
2017 09 15 17 50 136  6.5  7.7  0.58  3.85  3.31 145 1016.7  19.9  19.4 999.0 99.0 99.00
2017 09 15 18 50 131  5.6  6.8  0.54  3.85  3.28 148 1016.5  20.5  19.5 999.0 99.0 99.00
2017 09 15 19 50 124  5.9  6.7  0.48  3.70  3.29 153 1016.3  20.9  19.6 999.0 99.0 99.00
2017 09 15 20 50 126  4.9  5.3  0.41  3.45  3.01 153 1016.1  21.3  19.6 999.0 99.0 99.00
2017 09 15 21 50 110  4.7  5.2  0.35  3.57  2.99 164 1016.1  21.5  19.7 999.0 99.0 99.00
2017 09 15 22 50  97  5.0  5.7  0.29  3.45  2.88 166 1016.2  21.5  19.7 999.0 99.0 99.00
2017 09 15 23 50  97  4.4  4.8  0.26  3.23  2.75 169 1016.5  21.5  19.7 999.0 99.0 99.00
2017 09 16 00 50 107  5.4  5.9  0.23 99.00  2.70 999 1016.4  21.7  19.7 999.0 99.0 99.00
2017 09 16 01 50 110  6.2  7.3  0.24 99.00  2.55 999 1016.9  21.9  19.7 999.0 99.0 99.00
2017 09 16 02 50 123  7.2  8.5  0.34  2.86  2.65 130 1017.1  22.0  19.7 999.0 99.0 99.00
2017 09 16 03 50 130  7.3  8.5  0.51  3.03  2.94 121 1017.2  21.6  19.6 999.0 99.0 99.00
2017 09 16 04 50 139  6.8  7.7  0.55  3.70  3.25 112 1017.5  21.3  19.6 999.0 99.0 99.00
2017 09 16 05 50 148  7.0  7.9  0.58  3.85  3.32 110 1017.5  21.1  19.6 999.0 99.0 99.00
2017 09 16 06 50 156  7.4  8.8  0.66  3.70  3.45 121 1017.5  21.0  19.5 999.0 99.0 99.00
2017 09 16 07 50 156  6.6  7.9  0.63  4.00  3.47 126 1017.5  20.8  19.5 999.0 99.0 99.00
2017 09 16 08 50 159  6.3  7.3  0.67  4.00  3.52 127 1017.6  20.6  19.5 999.0 99.0 99.00
2017 09 16 09 50 151  6.6  7.4  0.60  3.85  3.41 124 1017.6  20.4  19.4 999.0 99.0 99.00
2017 09 16 10 50 156  6.7  7.8  0.64  3.85  3.45 131 1017.8  20.4  19.4 999.0 99.0 99.00
2017 09 16 11 50 169  6.2  7.3  0.62  4.00  3.35 128 1018.4  20.1  19.4 999.0 99.0 99.00
2017 09 16 12 50 167  7.1  8.2  0.65  3.85  3.33 131 1018.6  20.4  19.4 999.0 99.0 99.00
2017 09 16 13 50 171  6.7  8.2  0.56  4.00  3.27 140 1019.2  20.1  19.4 999.0 99.0 99.00
2017 09 16 14 50 178  6.0  6.9  0.56  3.85  3.23 134 1019.9  20.0  19.4 999.0 99.0 99.00
2017 09 16 15 50 161  6.4  7.4  0.54  3.85  3.19 135 1019.6  20.0  19.5 999.0 99.0 99.00
2017 09 16 16 50 160  6.5  7.5  0.51  3.70  3.21 142 1019.2  20.1  19.6 999.0 99.0 99.00
2017 09 16 17 50 151  6.7  7.8  0.55  4.00  3.17 144 1018.7  20.4  19.7 999.0 99.0 99.00
2017 09 16 18 50 148  6.2  7.0  0.50  3.85  3.20 151 1018.3  20.8  19.7 999.0 99.0 99.00
2017 09 16 19 50 143  5.7  6.6  0.47  3.85  3.12 144 1017.9  21.3  19.8 999.0 99.0 99.00
2017 09 16 20 50 135  5.0  5.6  0.42  3.57  3.04 148 1017.8  21.6  19.8 999.0 99.0 99.00
2017 09 16 21 50 125  4.9  5.4  0.35  3.57  2.98 158 1017.2  22.0  19.8 999.0 99.0 99.00
2017 09 16 22 50 116  5.0  5.4  0.31  3.45  3.01 157 1016.8  22.3  19.8 999.0 99.0 99.00
2017 09 16 23 50 113  4.1  4.7  0.26  3.33  2.87 152 1016.9  21.9  19.8 999.0 99.0 99.00
2017 09 17 00 50 111  5.2  5.7  0.23 99.00  2.85 999 1016.6  22.1  19.8 999.0 99.0 99.00
2017 09 17 01 50 110  5.5  6.2  0.21 99.00  2.70 999 1016.6  22.0  19.8 999.0 99.0 99.00
2017 09 17 02 50 125  5.1  5.6  0.23 99.00  2.58 999 1017.1  22.0  19.7 999.0 99.0 99.00
2017 09 17 03 50 146  5.6  6.3  0.27  2.74  2.62 139 1017.7  21.9  19.7 999.0 99.0 99.00
2017 09 17 04 50 146  5.5  6.2  0.27  2.86  2.64 151 1017.5  21.5  19.7 999.0 99.0 99.00
2017 09 17 05 50 148  5.8  6.6  0.33  2.60  2.67 126 1017.3  21.2  19.7 999.0 99.0 99.00
2017 09 17 06 50 140  6.3  7.1  0.36  2.86  2.76 129 1016.9  21.2  19.7 999.0 99.0 99.00
2017 09 17 07 50 145  7.3  8.5  0.42  3.13  2.88 126 1016.1  21.3  19.7 999.0 99.0 99.00
2017 09 17 08 50 158  7.4  8.7  0.52  3.23  3.01 123 1016.1  21.3  19.7 999.0 99.0 99.00
2017 09 17 09 50 170  7.4  8.5  0.58  3.45  3.15 129 1016.4  21.0  19.7 999.0 99.0 99.00
2017 09 17 10 50 172  7.6  9.1  0.52  3.57  3.14 126 1016.3  20.9  19.8 999.0 99.0 99.00
2017 09 17 11 50 197  6.6  7.5  0.61  3.70  3.20 130 1017.1  20.6  19.8 999.0 99.0 99.00
2017 09 17 12 50 207  6.6  7.6  0.54  3.45  3.27 139 1017.2  20.8  19.8 999.0 99.0 99.00
2017 09 17 13 50 214  5.6  6.7  0.60  3.70  3.34 140 1017.2  20.7  19.8 999.0 99.0 99.00
2017 09 17 14 50 223  5.8  6.9  0.54  4.00  3.28 142 1017.4  20.7  19.8 999.0 99.0 99.00
2017 09 17 15 50 217  4.3  4.8  0.58  4.00  3.45 144 1017.0  20.7  19.8 999.0 99.0 99.00
2017 09 17 16 50 215  3.6  4.3  0.42  3.85  3.34 143 1017.0  20.5  19.9 999.0 99.0 99.00
2017 09 17 17 50 264  3.7  4.3  0.37  4.00  3.27 157 1017.3  20.6  20.0 999.0 99.0 99.00
2017 09 17 18 50 264  2.5  3.1  0.37  3.57  3.33 163 1017.3  20.6  20.0 999.0 99.0 99.00
2017 09 17 19 50 189  1.1  1.4  0.29  3.85  3.28 149 1016.9  21.1  20.3 999.0 99.0 99.00
2017 09 17 20 50 331  1.6  2.3  0.28  3.85  3.29 210 1016.9  21.0  20.5 999.0 99.0 99.00
2017 09 17 21 50 324  1.8  2.1  0.26  3.70  3.18 218 1017.1  21.0  20.5 999.0 99.0 99.00
2017 09 17 22 50 337  3.2  3.6  0.19 99.00  3.10 999 1017.2  21.0  20.4 999.0 99.0 99.00
2017 09 17 23 50 331  2.8  3.2  0.15 99.00  2.99 999 1017.5  20.8  20.2 999.0 99.0 99.00
2017 09 18 00 50 348  6.5  7.7  0.13 99.00  3.00 999 1018.1  20.8  20.2 999.0 99.0 99.00
2017 09 18 01 50 343  7.1  8.5  0.25 99.00  2.54 999 1018.9  19.8  20.0 999.0 99.0 99.00
2017 09 18 02 50 349  7.2  8.3  0.50  3.13  3.00 359 1019.4  19.6  19.9 999.0 99.0 99.00
2017 09 18 03 50 352  7.0  8.1  0.69  3.70  3.46 341 1019.6  19.4  19.8 999.0 99.0 99.00
2017 09 18 04 50 355  6.6  7.6  0.73  4.17  3.61 337 1019.7  19.3  19.8 999.0 99.0 99.00
2017 09 18 05 50   1  6.3  7.2  0.69  4.17  3.53 344 1019.3  19.2  19.8 999.0 99.0 99.00
2017 09 18 06 50   8  5.7  6.6  0.71  4.17  3.57 350 1019.1  19.0  19.7 999.0 99.0 99.00
2017 09 18 07 50   8  5.4  6.4  0.64  4.35  3.60   1 1019.0  18.9  19.7 999.0 99.0 99.00
2017 09 18 08 50   5  5.4  6.3  0.61  4.35  3.55   9 1018.8  18.7  19.7 999.0 99.0 99.00
2017 09 18 09 50  11  5.7  6.6  0.61  4.35  3.48  13 1018.7  18.4  19.7 999.0 99.0 99.00
2017 09 18 10 50  13  4.8  6.0  0.59  4.00  3.44  12 1019.3  18.4  19.6 999.0 99.0 99.00
2017 09 18 11 50  29  4.0  4.7  0.51  4.00  3.36   3 1019.5  18.5  19.6 999.0 99.0 99.00
2017 09 18 12 50  43  2.6  3.4  0.46  4.00  3.43   8 1019.8  18.8  19.6 999.0 99.0 99.00
2017 09 18 13 50  45  3.4  4.2  0.45  4.00  3.42 359 1019.6  18.8  19.6 999.0 99.0 99.00
2017 09 18 14 50  39  4.5  5.4  0.47  4.17  3.59 357 1019.8  18.5  19.7 999.0 99.0 99.00
2017 09 18 15 50  29  4.6  5.5  0.47  4.55  3.49 355 1020.6  16.8  19.7 999.0 99.0 99.00
2017 09 18 16 50  53  3.2  3.9  0.48  4.55  3.43 348 1020.6  16.6  19.8 999.0 99.0 99.00
2017 09 18 17 50  38  2.9  3.7  0.44  4.55  3.53 353 1019.9  16.7  19.9 999.0 99.0 99.00
2017 09 18 18 50  53  2.8  3.6  0.43  4.17  3.51 345 1018.7  16.9  20.1 999.0 99.0 99.00
2017 09 18 19 50  46  2.5  3.3  0.39  4.17  3.53 343 1018.4  17.2  20.3 999.0 99.0 99.00
2017 09 18 20 50   4  2.5  3.0  0.37  4.35  3.62   9 1017.9  17.5  20.4 999.0 99.0 99.00
2017 09 18 21 50  12  3.4  4.0  0.45  5.26  4.15  13 1017.2  17.9  20.4 999.0 99.0 99.00
2017 09 18 22 50  19  3.5  4.4  0.46  5.00  4.18  12 1017.1  18.2  20.4 999.0 99.0 99.00
2017 09 18 23 50  25  5.1  6.0  0.42  5.00  3.75  16 1016.8  18.4  20.3 999.0 99.0 99.00
2017 09 19 00 50  33  5.6  6.2  0.46  4.76  3.47   5 1016.3  18.9  20.3 999.0 99.0 99.00
2017 09 19 01 50  31  4.2  5.0  0.49  4.76  3.43   9 1016.7  19.3  20.2 999.0 99.0 99.00
2017 09 19 02 50  37  3.8  4.3  0.52  4.55  3.51   4 1016.4  19.4  20.2 999.0 99.0 99.00
2017 09 19 03 50  50  3.0  3.5  0.49  3.85  3.36   1 1016.2  19.5  20.1 999.0 99.0 99.00
2017 09 19 04 50  57  4.0  4.8  0.46  3.85  3.40   5 1015.4  19.7  20.1 999.0 99.0 99.00
2017 09 19 05 50  61  3.3  4.1  0.47  3.85  3.49  13 1015.3  19.9  20.1 999.0 99.0 99.00
2017 09 19 06 50  82  4.1  4.9  0.44  4.55  3.52 355 1014.9  20.2  20.0 999.0 99.0 99.00
2017 09 19 07 50  82  6.1  7.2  0.49  4.55  3.40 348 1014.1  19.9  20.0 999.0 99.0 99.00
2017 09 19 08 50  84  6.2  7.3  0.55  4.76  3.31 341 1014.1  19.6  20.0 999.0 99.0 99.00
2017 09 19 09 50  86  5.6  6.3  0.60  3.23  3.31  67 1014.3  19.3  20.0 999.0 99.0 99.00
2017 09 19 10 50  87  5.3  6.1  0.59  3.70  3.50  72 1014.2  19.4  20.0 999.0 99.0 99.00
2017 09 19 11 50  86  6.5  7.3  0.56  4.00  3.51  67 1014.3  19.4  20.1 999.0 99.0 99.00
2017 09 19 12 50  78  5.7  6.6  0.55  3.70  3.42  76 1014.7  19.6  20.1 999.0 99.0 99.00
2017 09 19 13 50  73  4.4  5.0  0.50  3.57  3.33  85 1014.7  19.5  20.1 999.0 99.0 99.00
2017 09 19 14 50  77  4.6  5.5  0.45  3.45  3.31  84 1014.9  19.6  20.1 999.0 99.0 99.00
2017 09 19 15 50  71  5.0  6.2  0.42  3.57  3.18  74 1015.3  19.0  20.1 999.0 99.0 99.00
2017 09 19 16 50  60  3.7  4.6  0.38  3.57  3.16  87 1015.5  18.6  20.1 999.0 99.0 99.00
2017 09 19 17 50  61  3.5  4.1  0.37  3.45  3.18  79 1015.4  18.7  20.2 999.0 99.0 99.00
2017 09 19 18 50  61  3.3  3.9  0.42  3.70  3.36  50 1014.7  19.2  20.3 999.0 99.0 99.00
2017 09 19 19 50  36  2.5  3.0  0.42  3.85  3.44  46 1014.2  19.5  20.4 999.0 99.0 99.00
2017 09 19 20 50  47  3.0  3.4  0.36  3.70  3.29  54 1014.2  19.8  20.5 999.0 99.0 99.00
2017 09 19 21 50  20  2.8  3.2  0.30  3.70  3.21  51 1013.7  20.0  20.6 999.0 99.0 99.00
2017 09 19 22 50  20  3.1  3.4  0.25  3.23  3.00  67 1013.8  20.1  20.5 999.0 99.0 99.00
2017 09 19 23 50  23  2.6  3.0  0.21 99.00  2.95 999 1013.2  20.0  20.5 999.0 99.0 99.00
2017 09 20 00 50  22  2.1  2.5  0.18 99.00  2.92 999 1013.5  20.1  20.4 999.0 99.0 99.00
2017 09 20 01 50  40  2.8  3.6  0.14 99.00  2.76 999 1013.5  20.3  20.4 999.0 99.0 99.00
2017 09 20 02 50  40  4.3  5.0  0.13 99.00  2.74 999 1013.6  20.0  20.3 999.0 99.0 99.00
2017 09 20 03 50  74  4.5  5.3  0.15 99.00  2.50 999 1013.7  20.5  20.3 999.0 99.0 99.00
2017 09 20 04 50  90  5.2  5.9  0.15 99.00  2.51 999 1013.4  20.4  20.3 999.0 99.0 99.00
2017 09 20 05 50  96  4.8  5.5  0.19 99.00  2.53 999 1013.2  20.3  20.3 999.0 99.0 99.00
2017 09 20 06 50 104  4.4  5.4  0.22 99.00  2.59 999 1012.9  20.2  20.3 999.0 99.0 99.00
2017 09 20 07 50 126  3.2  3.6  0.27  2.94  2.87  49 1012.8  20.2  20.2 999.0 99.0 99.00
2017 09 20 08 50 183  1.6  2.1  0.22 99.00  2.89 999 1013.6  20.0  20.2 999.0 99.0 99.00
2017 09 20 09 50 140  1.2  1.4  0.21 99.00  2.96 999 1013.7  19.8  20.2 999.0 99.0 99.00
2017 09 20 10 50  99  3.4  4.0  0.17 99.00  2.95 999 1013.6  19.8  20.2 999.0 99.0 99.00
2017 09 20 11 50 109  4.8  5.6  0.17 99.00  2.91 999 1013.9  19.8  20.2 999.0 99.0 99.00
2017 09 20 12 50 114  5.5  6.4  0.19 99.00  2.58 999 1013.9  19.9  20.2 999.0 99.0 99.00
2017 09 20 13 50 103  7.3  8.4  0.36  2.74  2.61  82 1013.7  19.0  20.2 999.0 99.0 99.00
2017 09 20 14 50 103  8.0  9.2  0.45  3.03  2.86 107 1013.5  19.0  20.2 999.0 99.0 99.00
2017 09 20 15 50 100  7.8  8.9  0.59  3.57  3.15 100 1013.4  19.4  20.2 999.0 99.0 99.00
2017 09 20 16 50 111  5.5  6.6  0.64  3.70  3.31 106 1014.2  20.4  20.3 999.0 99.0 99.00
2017 09 20 17 50 100  6.3  6.9  0.62  3.85  3.34 116 1013.5  20.9  20.4 999.0 99.0 99.00
2017 09 20 18 50 107  6.4  7.4  0.50  3.57  3.20 113 1012.8  21.6  20.4 999.0 99.0 99.00
2017 09 20 19 50 118  6.8  7.9  0.46  3.33  3.05  96 1012.0  22.1  20.5 999.0 99.0 99.00
2017 09 20 20 50 123  6.4  7.0  0.45  3.33  2.98 124 1011.6  22.5  20.5 999.0 99.0 99.00
2017 09 20 21 50 119  7.1  8.0  0.42  3.03  2.88 116 1011.0  22.9  20.5 999.0 99.0 99.00
2017 09 20 22 50 129  6.5  7.5  0.37  3.13  2.75 129 1011.0  23.1  20.5 999.0 99.0 99.00
2017 09 20 23 50 137  7.2  8.0  0.36  2.94  2.74 127 1010.8  23.2  20.4 999.0 99.0 99.00
2017 09 21 00 50 140  6.9  7.6  0.39  3.13  2.90 137 1010.6  23.1  20.4 999.0 99.0 99.00
2017 09 21 01 50 147  6.4  7.1  0.43  3.13  2.94 132 1011.1  22.9  20.4 999.0 99.0 99.00
2017 09 21 02 50 147  5.3  6.0  0.34  3.13  2.93 139 1012.1  22.8  20.4 999.0 99.0 99.00
2017 09 21 03 50 155  4.7  5.3  0.34  3.23  2.93 141 1013.6  22.5  20.3 999.0 99.0 99.00
2017 09 21 04 50 155  4.9  5.7  0.33  3.23  2.99 139 1013.7  22.3  20.3 999.0 99.0 99.00
2017 09 21 05 50  19  4.8  7.7  0.36  3.23  3.02 143 1014.4  22.0  20.3 999.0 99.0 99.00
2017 09 21 06 50  38  3.0  4.0  0.34  3.23  3.15 191 1015.1  22.4  20.3 999.0 99.0 99.00
2017 09 21 07 50  81  4.9  5.4  0.31  3.33  3.16 164 1013.5  22.0  20.3 999.0 99.0 99.00
2017 09 21 08 50 156  3.7  4.3  0.31  3.45  3.06 153 1013.5  21.6  20.3 999.0 99.0 99.00
2017 09 21 09 50 205  4.0  4.7  0.29  3.33  2.95 146 1014.1  21.3  20.3 999.0 99.0 99.00
2017 09 21 10 50 200  3.9  4.6  0.27  3.23  2.86 168 1014.7  21.4  20.3 999.0 99.0 99.00
2017 09 21 11 50 200  4.3  4.9  0.32  3.33  2.98 159 1015.0  21.2  20.3 999.0 99.0 99.00
2017 09 21 12 50 190  4.7  5.4  0.36  3.33  3.17 154 1015.4  21.4  20.4 999.0 99.0 99.00
2017 09 21 13 50 269  3.9  5.4  0.39  3.03  3.01 142 1016.2  21.4  20.4 999.0 99.0 99.00
2017 09 21 14 50 241  4.2  5.0  0.32  3.23  2.97 149 1016.9  21.6  20.5 999.0 99.0 99.00
2017 09 21 15 50 292  2.0  2.3  0.30  3.13  2.95 173 1017.1  21.5  20.7 999.0 99.0 99.00
2017 09 21 16 50  54  0.7  1.6  0.25  3.03  2.91 143 1017.0  21.8  21.4 999.0 99.0 99.00
2017 09 21 17 50  61  1.1  1.9  0.26  3.13  2.92 137 1016.9  22.7  22.0 999.0 99.0 99.00
2017 09 21 18 50 106  2.7  3.4  0.21 99.00  2.88 999 1016.9  22.5  22.1 999.0 99.0 99.00
2017 09 21 19 50 117  2.7  3.2  0.18 99.00  2.84 999 1016.4  22.2  21.8 999.0 99.0 99.00
2017 09 21 20 50 136  2.8  3.3  0.15 99.00  2.75 999 1015.9  22.2  21.7 999.0 99.0 99.00
2017 09 21 21 50 109  1.3  1.4  0.14 99.00  2.74 999 1015.6  22.6  21.8 999.0 99.0 99.00
2017 09 21 22 50  87  2.6  2.9  0.11 99.00  2.69 999 1015.4  22.6  21.8 999.0 99.0 99.00
2017 09 21 23 50  71  3.8  4.2  0.11 99.00  2.67 999 1015.7  22.6  21.6 999.0 99.0 99.00
2017 09 22 00 50  70  5.0  5.6  0.10 99.00  2.89 999 1016.0  22.6  21.3 999.0 99.0 99.00
2017 09 22 01 50  81  3.6  4.0  0.09 99.00  2.43 999 1016.2  22.2  21.1 999.0 99.0 99.00
2017 09 22 02 50  96  4.5  5.0  0.08 99.00  2.36 999 1016.3  22.7  21.1 999.0 99.0 99.00
2017 09 22 03 50 102  6.5  7.3  0.10 99.00  2.30 999 1016.5  23.5  21.0 999.0 99.0 99.00
2017 09 22 04 50 118  5.5  6.3  0.26  2.35  2.43 109 1016.5  22.9  20.9 999.0 99.0 99.00
2017 09 22 05 50 107  5.1  6.0  0.26  2.60  2.54  97 1016.5  22.2  20.8 999.0 99.0 99.00
2017 09 22 06 50 137  5.4  6.0  0.30  2.74  2.63  89 1016.7  22.4  20.7 999.0 99.0 99.00
2017 09 22 07 50 145  4.8  5.3  0.25 99.00  2.71 999 1016.7  22.3  20.6 999.0 99.0 99.00
2017 09 22 08 50 159  4.6  5.3  0.23 99.00  2.58 999 1016.8  22.2  20.6 999.0 99.0 99.00
2017 09 22 09 50 187  3.8  4.2  0.21 99.00  2.54 999 1017.4  22.1  20.5 999.0 99.0 99.00
2017 09 22 10 50 201  3.2  3.6  0.19 99.00  2.60 999 1017.6  21.9  20.5 999.0 99.0 99.00
2017 09 22 11 50 216  3.2  3.5  0.15 99.00  2.52 999 1017.8  21.7  20.5 999.0 99.0 99.00
2017 09 22 12 50 144  4.1  4.5  0.16 99.00  2.52 999 1018.1  21.6  20.5 999.0 99.0 99.00
2017 09 22 13 50 152  4.8  5.4  0.16 99.00  2.53 999 1018.2  21.7  20.5 999.0 99.0 99.00
2017 09 22 14 50 172  4.8  5.4  0.21 99.00  2.55 999 1018.4  21.9  20.6 999.0 99.0 99.00
2017 09 22 15 50 183  4.1  4.6  0.20 99.00  2.54 999 1018.6  22.1  20.7 999.0 99.0 99.00
2017 09 22 16 50 162  3.8  4.3  0.16 99.00  2.55 999 1018.4  22.0  20.9 999.0 99.0 99.00
2017 09 22 17 50 148  4.6  5.3  0.19 99.00  2.58 999 1018.0  22.2  21.0 999.0 99.0 99.00
2017 09 22 18 50 148  3.6  4.1  0.17 99.00  2.60 999 1017.9  22.3  21.1 999.0 99.0 99.00
2017 09 22 19 50 133  2.9  3.1  0.14 99.00  2.51 999 1017.8  22.5  21.3 999.0 99.0 99.00
2017 09 22 20 50 119  3.4  3.7  0.12 99.00  2.46 999 1017.4  22.7  21.5 999.0 99.0 99.00
2017 09 22 21 50 111  3.6  3.9  0.11 99.00  2.67 999 1017.1  23.0  21.5 999.0 99.0 99.00
2017 09 22 22 50  98  3.4  3.7  0.09 99.00  2.50 999 1017.2  23.3  21.5 999.0 99.0 99.00
2017 09 22 23 50 107  3.5  3.8  0.09 99.00  2.45 999 1016.8  23.2  21.4 999.0 99.0 99.00
2017 09 23 00 50 119  4.5  4.7  0.08 99.00  2.52 999 1016.6  23.8  21.3 999.0 99.0 99.00
2017 09 23 01 50 134  4.4  4.8  0.06 99.00  2.48 999 1016.7  24.0  21.2 999.0 99.0 99.00
2017 09 23 02 50 124  4.5  5.0  0.06 99.00  2.56 999 1016.9  23.5  21.1 999.0 99.0 99.00
2017 09 23 03 50 141  3.9  4.2  0.06 99.00  2.65 999 1016.9  22.9  21.1 999.0 99.0 99.00
2017 09 23 04 50 153  3.6  3.9  0.06 99.00  2.51 999 1017.0  23.3  21.1 999.0 99.0 99.00
2017 09 23 05 50 157  4.2  4.4  0.07 99.00  2.40 999 1016.8  23.1  21.1 999.0 99.0 99.00
2017 09 23 06 50 163  4.5  4.9  0.09 99.00  2.28 999 1016.7  23.2  21.2 999.0 99.0 99.00
2017 09 23 07 50 163  4.1  4.5  0.09 99.00  2.27 999 1016.6  22.7  21.1 999.0 99.0 99.00
2017 09 23 08 50 184  4.4  4.9  0.10 99.00  2.33 999 1016.7  22.7  21.0 999.0 99.0 99.00
2017 09 23 09 50 149  3.0  3.4  0.11 99.00  2.37 999 1017.3  22.1  20.9 999.0 99.0 99.00
2017 09 23 10 50 137  2.7  3.0  0.10 99.00  2.40 999 1018.0  22.0  20.9 999.0 99.0 99.00
2017 09 23 11 50 128  3.4  3.7  0.10 99.00  2.35 999 1018.7  22.0  20.9 999.0 99.0 99.00
2017 09 23 12 50 134  3.4  3.8  0.11 99.00  2.40 999 1019.1  22.1  20.9 999.0 99.0 99.00
2017 09 23 13 50 128  4.0  4.4  0.08 99.00  2.38 999 1019.4  22.1  20.9 999.0 99.0 99.00
2017 09 23 14 50 135  4.3  4.7  0.08 99.00  2.31 999 1019.5  22.5  21.0 999.0 99.0 99.00
2017 09 23 15 50 151  2.3  2.5  0.07 99.00  2.51 999 1019.7  22.4  21.2 999.0 99.0 99.00
2017 09 23 16 50 139  2.1  2.4  0.05 99.00  2.29 999 1019.9  22.4  21.6 999.0 99.0 99.00
2017 09 23 17 50 137  2.6  2.9  0.07 99.00  3.01 999 1019.6  22.7  22.0 999.0 99.0 99.00
2017 09 23 18 50 123  2.5  2.7  0.07 99.00  2.86 999 1019.1  22.9  22.1 999.0 99.0 99.00
2017 09 23 19 50 117  2.7  3.0  0.05 99.00  2.63 999 1018.6  23.3  22.4 999.0 99.0 99.00
2017 09 23 20 50 104  2.2  2.4  0.07 99.00  2.94 999 1018.1  23.3  22.5 999.0 99.0 99.00
2017 09 23 21 50 165  0.8  0.9  0.06 99.00  3.09 999 1017.7  24.4  22.9 999.0 99.0 99.00
2017 09 23 22 50 136  1.6  1.8  0.06 99.00  2.93 999 1017.5  24.6  22.8 999.0 99.0 99.00
2017 09 23 23 50 121  1.1  1.2  0.06 99.00  3.18 999 1017.4  24.2  22.6 999.0 99.0 99.00
2017 09 24 00 50  95  2.1  2.2  0.06 99.00  3.27 999 1017.6  24.4  22.4 999.0 99.0 99.00
2017 09 24 01 50  86  2.9  3.1  0.07 99.00  3.25 999 1017.8  23.6  22.2 999.0 99.0 99.00
2017 09 24 02 50  83  3.4  3.9  0.06 99.00  3.09 999 1018.0  23.6  22.0 999.0 99.0 99.00
2017 09 24 03 50  92  4.0  4.4  0.06 99.00  2.95 999 1018.3  23.3  21.9 999.0 99.0 99.00
2017 09 24 04 50 103  3.8  4.4  0.07 99.00  2.92 999 1018.3  23.2  21.7 999.0 99.0 99.00
2017 09 24 05 50  89  3.5  3.8  0.08 99.00  2.88 999 1018.4  23.3  21.4 999.0 99.0 99.00
2017 09 24 06 50 102  3.5  3.8  0.07 99.00  2.58 999 1018.5  23.0  21.3 999.0 99.0 99.00
2017 09 24 07 50 115  2.9  3.1  0.07 99.00  2.53 999 1018.7  22.7  21.3 999.0 99.0 99.00
2017 09 24 08 50 119  4.0  4.4  0.06 99.00  2.56 999 1018.6  22.8  21.3 999.0 99.0 99.00
2017 09 24 09 50 108  4.2  4.8  0.06 99.00  2.42 999 1018.6  22.4  21.5 999.0 99.0 99.00
2017 09 24 10 50 120  5.0  5.5  0.10 99.00  2.28 999 1018.7  22.4  21.4 999.0 99.0 99.00
2017 09 24 11 50 123  5.8  6.7  0.18 99.00  2.30 999 1018.8  22.3  21.4 999.0 99.0 99.00
2017 09 24 12 50 129  5.7  6.6  0.22 99.00  2.36 999 1018.8  22.2  21.3 999.0 99.0 99.00
2017 09 24 13 50 161  4.6  5.1  0.30  2.60  2.53 104 1019.0  22.1  21.3 999.0 99.0 99.00
2017 09 24 14 50 182  3.8  4.5  0.25  2.60  2.59 110 1019.5  22.0  21.4 999.0 99.0 99.00
2017 09 24 15 50 169  2.7  3.2  0.25  2.86  2.67 100 1019.4  22.0  21.4 999.0 99.0 99.00
2017 09 24 16 50 179  3.3  3.7  0.24 99.00  2.78 999 1019.1  22.4  21.6 999.0 99.0 99.00
2017 09 24 17 50 163  3.5  3.9  0.23 99.00  2.85 999 1018.9  22.7  21.7 999.0 99.0 99.00
2017 09 24 18 50 137  3.0  3.4  0.22 99.00  2.91 999 1018.4  22.8  21.9 999.0 99.0 99.00
2017 09 24 19 50 135  2.9  3.3  0.19 99.00  2.93 999 1017.8  22.9  22.1 999.0 99.0 99.00
2017 09 24 20 50 152  1.8  2.0  0.16 99.00  2.91 999 1017.1  23.6  22.3 999.0 99.0 99.00
2017 09 24 21 50 123  1.2  1.5  0.15 99.00  2.87 999 1016.8  24.1  22.4 999.0 99.0 99.00
2017 09 24 22 50 162  0.9  1.1  0.13 99.00  2.83 999 1016.6  25.4  22.4 999.0 99.0 99.00
2017 09 24 23 50  97  1.5  2.1  0.11 99.00  2.90 999 1016.4  25.1  22.3 999.0 99.0 99.00
2017 09 25 00 50  82  4.0  4.8  0.12 99.00  3.07 999 1016.6  24.2  22.1 999.0 99.0 99.00
2017 09 25 01 50  87  4.5  4.9  0.11 99.00  2.99 999 1016.7  23.4  22.1 999.0 99.0 99.00
2017 09 25 02 50  82  3.9  4.3  0.09 99.00  2.69 999 1016.7  23.0  21.8 999.0 99.0 99.00
2017 09 25 03 50  88  4.3  4.8  0.09 99.00  2.49 999 1016.3  23.3  21.8 999.0 99.0 99.00
2017 09 25 04 50 111  3.6  3.9  0.09 99.00  2.62 999 1016.1  23.4  21.7 999.0 99.0 99.00
2017 09 25 05 50 134  3.2  3.5  0.07 99.00  2.57 999 1015.9  23.3  21.7 999.0 99.0 99.00
2017 09 25 06 50 136  4.0  4.6  0.08 99.00  2.48 999 1015.9  23.1  21.6 999.0 99.0 99.00
2017 09 25 07 50 139  4.8  5.5  0.20 99.00  2.44 999 1015.8  22.9  21.6 999.0 99.0 99.00
2017 09 25 08 50 135  4.0  4.4  0.19 99.00  2.46 999 1015.8  22.5  21.6 999.0 99.0 99.00
2017 09 25 09 50 156  4.2  4.8  0.17 99.00  2.52 999 1015.9  22.2  21.4 999.0 99.0 99.00
2017 09 25 10 50 158  4.3  4.9  0.19 99.00  2.64 999 1016.1  22.2  21.4 999.0 99.0 99.00
2017 09 25 11 50 151  4.4  5.0  0.20 99.00  2.72 999 1016.4  22.0  21.4 999.0 99.0 99.00
2017 09 25 12 50 160  3.9  4.5  0.20 99.00  2.70 999 1016.5  22.0  21.4 999.0 99.0 99.00
2017 09 25 13 50 158  4.4  5.2  0.21 99.00  2.75 999 1016.7  22.1  21.4 999.0 99.0 99.00
2017 09 25 14 50 151  5.1  5.9  0.25  3.23  2.95  93 1016.8  22.1  21.5 999.0 99.0 99.00
2017 09 25 15 50 153  4.4  5.2  0.25  3.23  2.83 101 1016.6  22.1  21.5 999.0 99.0 99.00
2017 09 25 16 50 138  4.6  5.3  0.28  3.03  2.82 113 1016.4  22.2  21.6 999.0 99.0 99.00
2017 09 25 17 50 129  5.1  6.0  0.27  3.33  2.84 115 1015.8  22.2  21.7 999.0 99.0 99.00
2017 09 25 18 50 136  4.1  4.7  0.27  3.03  2.84 120 1015.3  22.7  21.8 999.0 99.0 99.00
2017 09 25 19 50 138  3.3  3.9  0.25 99.00  2.74 999 1014.8  22.8  21.9 999.0 99.0 99.00
2017 09 25 20 50 128  4.1  4.6  0.20 99.00  2.71 999 1014.1  23.5  21.9 999.0 99.0 99.00
2017 09 25 21 50 130  2.9  3.3  0.18 99.00  2.71 999 1013.8  23.6  21.9 999.0 99.0 99.00
2017 09 25 22 50 141  1.9  2.2  0.17 99.00  2.71 999 1014.0  23.4  22.0 999.0 99.0 99.00
2017 09 25 23 50 106  2.7  3.2  0.15 99.00  2.64 999 1013.8  23.4  21.9 999.0 99.0 99.00
2017 09 26 00 50 101  2.9  3.3  0.13 99.00  2.64 999 1013.8  23.5  21.9 999.0 99.0 99.00
2017 09 26 01 50 146  1.8  2.1  0.12 99.00  2.70 999 1014.1  23.8  21.8 999.0 99.0 99.00
2017 09 26 02 50 117  2.9  3.2  0.09 99.00  2.60 999 1013.9  23.6  21.7 999.0 99.0 99.00
2017 09 26 03 50 111  3.3  3.5  0.08 99.00  2.64 999 1013.8  23.1  21.8 999.0 99.0 99.00
2017 09 26 04 50 121  3.9  4.3  0.09 99.00  3.02 999 1013.6  23.2  21.8 999.0 99.0 99.00
2017 09 26 05 50 130  3.6  4.0  0.06 99.00  2.62 999 1013.7  23.2  21.7 999.0 99.0 99.00
2017 09 26 06 50 151  4.2  4.5  0.08 99.00  2.41 999 1013.6  23.3  21.7 999.0 99.0 99.00
2017 09 26 07 50 171  4.5  5.2  0.11 99.00  2.32 999 1013.5  23.2  21.6 999.0 99.0 99.00
2017 09 26 08 50 162  3.9  4.5  0.12 99.00  2.33 999 1013.4  22.8  21.6 999.0 99.0 99.00
2017 09 26 09 50 153  3.8  4.4  0.14 99.00  2.38 999 1013.3  22.6  21.6 999.0 99.0 99.00
2017 09 26 10 50 156  4.0  4.6  0.11 99.00  2.43 999 1013.3  22.5  21.6 999.0 99.0 99.00
2017 09 26 11 50 203  3.1  3.8  0.14 99.00  2.36 999 1013.8  22.3  21.5 999.0 99.0 99.00
2017 09 26 12 50 182  3.7  4.3  0.15 99.00  2.42 999 1013.9  22.5  21.6 999.0 99.0 99.00
2017 09 26 13 50 174  3.9  4.3  0.18 99.00  2.48 999 1014.1  22.2  21.6 999.0 99.0 99.00
2017 09 26 14 50 169  4.5  5.2  0.17 99.00  2.50 999 1014.0  22.3  21.6 999.0 99.0 99.00
2017 09 26 15 50 175  4.5  4.9  0.20 99.00  2.59 999 1014.1  22.4  21.7 999.0 99.0 99.00
2017 09 26 16 50 157  4.0  4.7  0.20 99.00  2.58 999 1014.1  22.4  21.8 999.0 99.0 99.00
2017 09 26 17 50 159  5.3  6.1  0.18 99.00  2.62 999 1013.7  22.7  21.8 999.0 99.0 99.00
2017 09 26 18 50 162  5.3  5.9  0.24 99.00  2.65 999 1013.1  23.0  21.9 999.0 99.0 99.00
2017 09 26 19 50 166  4.7  5.4  0.22 99.00  2.63 999 1012.8  23.3  21.9 999.0 99.0 99.00
2017 09 26 20 50 172  5.0  5.7  0.23 99.00  2.70 999 1012.3  24.0  22.0 999.0 99.0 99.00
2017 09 26 21 50 166  3.5  3.8  0.25 99.00  2.88 999 1012.0  23.7  22.0 999.0 99.0 99.00
2017 09 26 22 50 182  4.0  4.5  0.27  3.13  2.92 143 1011.8  23.9  22.0 999.0 99.0 99.00
2017 09 26 23 50 286  4.9  5.7  0.24 99.00  2.88 999 1012.5  23.6  21.9 999.0 99.0 99.00
2017 09 27 00 50 350  2.0  2.6  0.20 99.00  2.86 999 1012.9  22.5  21.9 999.0 99.0 99.00
2017 09 27 01 50 309  2.9  3.5  0.17 99.00  2.85 999 1013.5  22.3  21.8 999.0 99.0 99.00
2017 09 27 02 50 326  7.0  8.4  0.19 99.00  2.46 999 1013.5  22.6  21.8 999.0 99.0 99.00
2017 09 27 03 50 331  4.8  5.6  0.33  2.60  2.64 325 1013.9  22.3  21.7 999.0 99.0 99.00
2017 09 27 04 50 334  5.9  7.0  0.33  2.86  2.70 317 1014.1  22.3  21.7 999.0 99.0 99.00
2017 09 27 05 50 345 11.0 13.5  0.42  3.23  2.81 331 1014.3  20.9  21.7 999.0 99.0 99.00
2017 09 27 06 50 343 10.3 11.9  0.86  4.00  3.43 333 1015.1  19.9  21.6 999.0 99.0 99.00
2017 09 27 07 50 352  9.3 11.0  1.15  4.55  3.89 340 1015.6  19.4  21.5 999.0 99.0 99.00
2017 09 27 08 50 345  8.5  9.7  1.19  5.26  4.29 347 1016.1  19.0  21.4 999.0 99.0 99.00
2017 09 27 09 50 354  8.5 10.2  1.26  5.26  4.38 352 1016.7  18.8  21.3 999.0 99.0 99.00
2017 09 27 10 50 349  8.2 10.7  1.26  5.56  4.36 352 1016.8  18.4  21.3 999.0 99.0 99.00
2017 09 27 11 50 351  8.6 10.2  1.20  5.56  4.40   5 1017.2  18.1  21.2 999.0 99.0 99.00
2017 09 27 12 50 354  7.6  8.9  1.14  5.88  4.37   6 1017.7  17.9  21.2 999.0 99.0 99.00
2017 09 27 13 50 347  8.1 10.0  1.20  5.56  4.49  22 1018.0  17.8  21.1 999.0 99.0 99.00
2017 09 27 14 50 354  7.8 10.0  1.25  5.88  4.46  21 1018.3  17.6  21.1 999.0 99.0 99.00
2017 09 27 15 50 345  6.8  8.9  1.11  5.88  4.41  28 1018.9  17.3  21.0 999.0 99.0 99.00
2017 09 27 16 50 349  6.5  8.3  1.07  5.88  4.22  20 1018.8  17.2  21.0 999.0 99.0 99.00
2017 09 27 17 50 341  7.8  9.4  0.98  5.26  4.19  28 1018.7  17.2  21.0 999.0 99.0 99.00
2017 09 27 18 50 346  7.3  8.9  1.06  5.56  4.18  23 1018.7  17.3  21.0 999.0 99.0 99.00
2017 09 27 19 50 341  7.0  8.7  0.92  5.00  3.93  29 1018.8  17.6  21.0 999.0 99.0 99.00
2017 09 27 20 50 347  7.4  9.7  0.97  5.26  4.04  24 1018.7  17.8  21.0 999.0 99.0 99.00
2017 09 27 21 50 351  7.9 10.3  0.92  5.56  3.88  27 1018.9  17.7  21.0 999.0 99.0 99.00
2017 09 27 22 50 352  7.1  8.9  0.98  4.76  3.85  26 1019.4  17.7  21.0 999.0 99.0 99.00
2017 09 27 23 50 353  7.7  9.4  0.95  5.00  4.00  26 1019.8  17.8  21.0 999.0 99.0 99.00
2017 09 28 00 50 352  8.1 10.0  0.97  5.00  3.97  31 1020.1  17.6  20.9 999.0 99.0 99.00
2017 09 28 01 50 350  7.8  9.2  1.01  5.00  4.08  31 1020.4  17.5  20.9 999.0 99.0 99.00
2017 09 28 02 50 350  8.6 10.4  1.06  4.76  4.08  22 1020.2  17.3  20.8 999.0 99.0 99.00
2017 09 28 03 50 350  8.7 10.7  1.08  4.76  4.04  24 1020.3  16.9  20.8 999.0 99.0 99.00
2017 09 28 04 50 351  7.5  9.7  1.11  4.76  4.12   9 1020.6  16.6  20.7 999.0 99.0 99.00
2017 09 28 05 50 352  6.5  8.3  1.03  4.76  4.17  24 1020.8  16.5  20.7 999.0 99.0 99.00
2017 09 28 06 50 353  7.1  8.6  1.00  5.56  4.20  34 1020.8  16.2  20.7 999.0 99.0 99.00
2017 09 28 07 50   9  6.2  8.2  0.99  4.76  4.17  25 1021.2  16.3  20.7 999.0 99.0 99.00
2017 09 28 08 50 359  7.1  9.0  0.99  5.26  4.30  23 1021.1  16.5  20.7 999.0 99.0 99.00
2017 09 28 09 50 360  5.7  7.5  0.93  5.56  4.21  28 1021.4  16.4  20.7 999.0 99.0 99.00
2017 09 28 10 50 354  6.0  7.9  0.94  5.56  4.19  30 1021.6  16.4  20.7 999.0 99.0 99.00
2017 09 28 11 50 360  5.3  6.7  0.90  5.56  4.13  25 1022.1  16.3  20.6 999.0 99.0 99.00
2017 09 28 12 50 359  5.6  7.6  0.76  5.56  3.98  32 1022.4  16.5  20.6 999.0 99.0 99.00
2017 09 28 13 50   1  4.5  6.2  0.89  5.26  4.14  30 1022.5  16.4  20.6 999.0 99.0 99.00
2017 09 28 14 50 342  4.2  5.5  0.82  5.26  4.20  36 1022.8  16.5  20.6 999.0 99.0 99.00
2017 09 28 15 50 330  4.5  7.0  0.75  4.55  4.04  36 1022.8  16.4  20.6 999.0 99.0 99.00
2017 09 28 16 50 307  4.6  6.4  0.71  5.56  4.01  42 1022.5  16.4  20.6 999.0 99.0 99.00
2017 09 28 17 50 292  4.7  6.0  0.68  5.26  3.93  31 1022.2  16.6  20.7 999.0 99.0 99.00
2017 09 28 18 50 310  3.8  5.6  0.65  5.26  3.91  39 1021.7  16.9  20.7 999.0 99.0 99.00
2017 09 28 19 50 299  3.3  4.2  0.55  5.26  3.62  44 1021.2  17.5  20.7 999.0 99.0 99.00
2017 09 28 20 50 254  1.6  2.6  0.51  5.00  3.68  25 1020.7  18.2  20.8 999.0 99.0 99.00
2017 09 28 21 50 140  2.5  3.3  0.44  4.76  3.58 331 1020.2  18.1  20.7 999.0 99.0 99.00
2017 09 28 22 50 158  3.6  4.7  0.37  4.00  3.66 326 1019.7  18.2  20.8 999.0 99.0 99.00
2017 09 28 23 50 165  5.8  6.8  0.32  5.00  3.68 327 1019.1  18.3  20.7 999.0 99.0 99.00
2017 09 29 00 50 178  6.7  7.6  0.34  4.55  2.89 333 1019.1  18.6  20.7 999.0 99.0 99.00
2017 09 29 01 50 215  7.5  8.8  0.42  2.86  2.93 156 1019.0  19.1  20.7 999.0 99.0 99.00
2017 09 29 02 50 235  8.4 10.2  0.53  3.33  3.01 166 1018.6  19.3  20.7 999.0 99.0 99.00
2017 09 29 03 50 236  8.8 10.5  0.65  3.45  3.20 170 1018.1  19.7  20.7 999.0 99.0 99.00
2017 09 29 04 50 257  9.7 11.1  0.80  4.17  3.42 191 1017.6  20.1  20.7 999.0 99.0 99.00
2017 09 29 05 50 266  9.7 11.8  0.97  4.00  3.66 198 1017.1  20.2  20.6 999.0 99.0 99.00
2017 09 29 06 50 291 10.8 13.8  1.04  4.17  3.79 229 1017.1  20.2  20.6 999.0 99.0 99.00
2017 09 29 07 50 317 10.9 12.8  1.17  4.55  3.92 259 1017.3  19.2  20.5 999.0 99.0 99.00
2017 09 29 08 50 321  9.4 10.9  1.15  4.17  3.85 286 1017.5  18.8  20.4 999.0 99.0 99.00
2017 09 29 09 50 334  8.9 10.6  1.10  4.55  3.97 285 1017.9  18.7  20.4 999.0 99.0 99.00
2017 09 29 10 50 339 10.0 11.6  1.02  4.55  3.75 276 1018.5  17.7  20.4 999.0 99.0 99.00
2017 09 29 11 50 344  9.9 12.2  1.15  4.35  3.92 330 1019.4  16.7  20.3 999.0 99.0 99.00
2017 09 29 12 50 344 10.4 12.2  1.29  4.76  3.99 338 1020.3  16.1  20.2 999.0 99.0 99.00
2017 09 29 13 50 345  9.3 11.4  1.37  5.26  4.33 354 1021.2  15.8  20.1 999.0 99.0 99.00
2017 09 29 14 50 345  9.4 11.2  1.36  5.56  4.41   8 1021.7  15.6  20.1 999.0 99.0 99.00
2017 09 29 15 50 355  9.9 12.7  1.46  5.56  4.51 360 1022.2  15.6  20.0 999.0 99.0 99.00
2017 09 29 16 50 359  9.4 11.2  1.51  6.25  4.70  22 1022.6  15.6  20.0 999.0 99.0 99.00
2017 09 29 17 50 356  9.2 10.8  1.52  5.88  4.81  18 1023.1  15.8  20.1 999.0 99.0 99.00
2017 09 29 18 50 354  9.2 10.9  1.54  6.25  4.96  26 1023.3  16.1  20.1 999.0 99.0 99.00
2017 09 29 19 50 354  9.7 11.8  1.77  6.67  5.25  32 1023.5  16.2  20.2 999.0 99.0 99.00
2017 09 29 20 50 359  9.9 11.9  1.74  7.14  5.27  34 1023.8  16.6  20.2 999.0 99.0 99.00
2017 09 29 21 50   3  9.9 12.6  1.88  7.14  5.22  28 1024.0  16.7  20.2 999.0 99.0 99.00
2017 09 29 22 50 360 10.0 12.2  1.76  6.25  5.10  20 1024.5  16.8  20.2 999.0 99.0 99.00
2017 09 29 23 50  12 10.7 12.8  1.97  6.67  5.23  26 1024.9  16.7  20.2 999.0 99.0 99.00
2017 09 30 00 50  15 10.8 13.1  1.85  6.67  5.14  24 1025.4  16.7  20.1 999.0 99.0 99.00
2017 09 30 01 50  22  9.3 11.6  1.99  7.14  5.17  21 1026.1  16.5  20.1 999.0 99.0 99.00
2017 09 30 02 50  29 10.0 12.0  1.90  6.67  5.14  18 1026.7  16.1  20.0 999.0 99.0 99.00
2017 09 30 03 50  30  9.1 11.9  1.89  7.14  5.04  16 1027.4  15.8  20.0 999.0 99.0 99.00
2017 09 30 04 50  33 10.1 12.7  1.61  5.56  4.94  19 1027.4  15.4  19.9 999.0 99.0 99.00
2017 09 30 05 50  37 10.0 12.2  1.63  6.67  4.79   9 1027.3  15.0  19.9 999.0 99.0 99.00
2017 09 30 06 50  44  9.2 11.4  1.39  6.67  4.65 359 1027.7  14.7  19.9 999.0 99.0 99.00
2017 09 30 07 50  45  7.8 10.2  1.39  7.14  4.72 358 1028.1  14.3  19.8 999.0 99.0 99.00
2017 09 30 08 50  49  7.2  9.9  1.36  7.14  4.73   1 1028.6  14.1  19.8 999.0 99.0 99.00
2017 09 30 09 50  51  6.2  8.7  1.20  6.67  4.50 357 1029.3  13.7  19.8 999.0 99.0 99.00
2017 09 30 10 50  60  5.6  7.1  1.19  7.14  4.58 351 1030.0  13.3  19.8 999.0 99.0 99.00
2017 09 30 11 50  67  4.4  6.4  1.06  6.67  4.53 351 1030.7  13.1  19.8 999.0 99.0 99.00
2017 09 30 12 50  69  3.1  4.8  1.10  6.67  4.72 342 1031.1  13.5  19.8 999.0 99.0 99.00
2017 09 30 13 50  96  2.9  4.0  0.89  7.14  4.58 335 1031.6  13.3  19.8 999.0 99.0 99.00
2017 09 30 14 50  96  2.1  3.4  0.82  6.67  4.54 331 1032.1  13.5  19.9 999.0 99.0 99.00
2017 09 30 15 50  88  2.3  4.2  0.70  6.25  4.39 344 1032.2  13.4  19.9 999.0 99.0 99.00
2017 09 30 16 50  78  4.2  5.1  0.69  5.88  4.37 336 1031.8  13.5  19.9 999.0 99.0 99.00
2017 09 30 17 50  83  3.9  5.1  0.56  5.56  4.07 342 1031.6  13.6  20.0 999.0 99.0 99.00
2017 09 30 18 50  73  3.2  4.8  0.54  5.88  3.90 347 1030.9  13.7  20.0 999.0 99.0 99.00
2017 09 30 19 50  53  2.6  3.9  0.47  4.17  3.85 351 1030.2  13.8  20.1 999.0 99.0 99.00
2017 09 30 20 50  62  2.8  3.7  0.42  4.76  3.65 356 1029.6  14.2  20.1 999.0 99.0 99.00
2017 09 30 21 50  56  2.2  3.3  0.35  5.56  3.74 338 1029.0  14.6  20.1 999.0 99.0 99.00
2017 09 30 22 50  76  1.2  1.7  0.29  5.00  3.67 339 1028.5  15.0  20.0 999.0 99.0 99.00
2017 09 30 23 50  79  2.7  3.4  0.25  5.00  3.74 336 1028.0  15.3  19.9 999.0 99.0 99.00
2017 10 01 00 50  72  3.5  4.3  0.26  5.00  4.03 336 1027.8  15.8  19.9 999.0 99.0 99.00
2017 10 01 01 50  69  4.3  5.5  0.22 99.00  3.99 999 1028.0  16.1  19.9 999.0 99.0 99.00
2017 10 01 02 50  81  5.1  6.6  0.21 99.00  3.61 999 1027.7  16.6  19.9 999.0 99.0 99.00
2017 10 01 03 50  96  5.9  7.6  0.27  2.35  2.78  82 1027.4  16.8  19.9 999.0 99.0 99.00
2017 10 01 04 50 105  6.5  8.2  0.36  2.60  2.84  82 1027.2  16.9  19.9 999.0 99.0 99.00
2017 10 01 05 50 124  6.7  8.0  0.37  2.74  2.79  73 1027.0  17.1  19.8 999.0 99.0 99.00
2017 10 01 06 50 125  7.0  9.1  0.35  2.94  2.78  82 1026.5  17.0  19.8 999.0 99.0 99.00
2017 10 01 07 50 162  7.1  8.7  0.43  3.33  2.87  55 1026.3  17.1  19.7 999.0 99.0 99.00
2017 10 01 08 50 150  7.9  9.1  0.52  3.23  2.89  73 1026.3  16.8  19.7 999.0 99.0 99.00
2017 10 01 09 50 152  8.5  9.9  0.83  3.57  3.34 112 1026.0  16.2  19.7 999.0 99.0 99.00
2017 10 01 10 50 140  7.8  9.3  0.98  4.55  3.80 123 1025.9  15.8  19.7 999.0 99.0 99.00
2017 10 01 11 50 136  9.3 10.9  1.18  4.55  4.12 135 1025.5  15.4  19.7 999.0 99.0 99.00
2017 10 01 12 50 143  8.4 10.5  1.28  5.56  4.48 117 1025.9  15.4  19.6 999.0 99.0 99.00
2017 10 01 13 50 133  9.2 10.8  1.40  5.56  4.59 116 1025.8  15.3  19.7 999.0 99.0 99.00
2017 10 01 14 50 140  8.7 10.4  1.35  5.88  4.65 130 1025.9  15.7  19.6 999.0 99.0 99.00
2017 10 01 15 50 140  8.0  9.6  1.33  5.88  4.62 128 1025.6  16.2  19.6 999.0 99.0 99.00
2017 10 01 16 50 139  7.5  9.0  1.26  5.56  4.60 131 1024.8  16.4  19.6 999.0 99.0 99.00
2017 10 01 17 50 136  7.5  8.9  1.08  5.26  4.24 127 1024.0  16.4  19.6 999.0 99.0 99.00
2017 10 01 18 50 136  6.6  8.2  0.93  5.26  3.98 141 1023.3  16.8  19.6 999.0 99.0 99.00
2017 10 01 19 50 117  5.8  7.7  0.80  4.55  3.79 139 1022.6  16.9  19.6 999.0 99.0 99.00
2017 10 01 20 50  98  5.0  6.5  0.68  4.55  3.66 151 1021.9  17.1  19.6 999.0 99.0 99.00
2017 10 01 21 50  84  3.6  5.2  0.56  4.35  3.48 160 1021.6  17.2  19.7 999.0 99.0 99.00
2017 10 01 22 50  76  3.3  4.4  0.47  4.00  3.41 166 1021.7  17.5  19.7 999.0 99.0 99.00
2017 10 01 23 50  81  5.3  6.2  0.37  3.85  3.28 173 1021.2  18.1  19.7 999.0 99.0 99.00
2017 10 02 00 50  97  6.3  7.4  0.31  3.70  2.88 169 1021.1  18.8  19.6 999.0 99.0 99.00
2017 10 02 01 50 105  8.0  9.4  0.39  3.03  2.72 131 1020.8  19.2  19.6 999.0 99.0 99.00
2017 10 02 02 50 105  9.3 10.9  0.61  3.13  3.16 116 1020.2  19.0  19.6 999.0 99.0 99.00
2017 10 02 03 50 116  9.8 11.4  0.81  4.00  3.43 134 1019.9  18.8  19.6 999.0 99.0 99.00
2017 10 02 04 50 129 10.1 12.2  1.03  4.35  3.82 126 1020.0  18.9  19.5 999.0 99.0 99.00
2017 10 02 05 50 139  9.4 10.8  1.22  5.00  4.15 121 1020.1  18.8  19.5 999.0 99.0 99.00
2017 10 02 06 50 134  8.9 10.3  1.24  5.00  4.30 127 1020.4  18.2  19.5 999.0 99.0 99.00
2017 10 02 07 50 144  8.4  9.9  1.29  5.00  4.40 125 1020.5  18.4  19.5 999.0 99.0 99.00
2017 10 02 08 50 139  8.3  9.7  1.22  5.56  4.42 118 1020.7  18.5  19.5 999.0 99.0 99.00
2017 10 02 09 50 132  8.9 10.6  1.18  5.26  4.30 128 1020.4  18.5  19.5 999.0 99.0 99.00
2017 10 02 10 50 135  8.4 10.0  1.04  5.26  4.02 139 1020.8  18.3  19.4 999.0 99.0 99.00
2017 10 02 11 50 142  8.3  9.8  1.17  5.00  4.14 139 1021.3  18.3  19.4 999.0 99.0 99.00
2017 10 02 12 50 147  9.2 10.6  1.22  5.00  4.20 133 1021.6  18.5  19.4 999.0 99.0 99.00
2017 10 02 13 50 150  9.5 11.3  1.15  5.00  4.14 143 1022.1  18.7  19.4 999.0 99.0 99.00
2017 10 02 14 50 157  8.7 10.1  1.13  5.00  3.94 141 1022.5  18.6  19.4 999.0 99.0 99.00
2017 10 02 15 50 158  9.2 10.8  1.24  5.00  4.11 144 1022.4  18.9  19.5 999.0 99.0 99.00
2017 10 02 16 50 147  9.6 11.4  1.27  5.00  4.11 147 1021.8  19.2  19.5 999.0 99.0 99.00
2017 10 02 17 50 145  9.5 11.3  1.18  5.00  3.96 151 1021.5  19.8  19.5 999.0 99.0 99.00
2017 10 02 18 50 141  8.0  9.4  1.09  4.76  3.93 142 1021.4  20.3  19.5 999.0 99.0 99.00
2017 10 02 19 50 135  7.8  9.0  0.93  4.17  3.72 141 1021.3  20.8  19.5 999.0 99.0 99.00
2017 10 02 20 50 131  5.7  6.4  0.81  4.35  3.72 149 1021.2  21.1  19.5 999.0 99.0 99.00
2017 10 02 21 50 126  6.6  7.5  0.59  4.00  3.49 150 1021.1  21.2  19.5 999.0 99.0 99.00
2017 10 02 22 50 126  5.7  6.6  0.53  4.00  3.30 146 1021.5  21.4  19.5 999.0 99.0 99.00
2017 10 02 23 50 125  6.9  8.0  0.51  3.85  3.27 152 1021.4  21.7  19.5 999.0 99.0 99.00
2017 10 03 00 50 130  7.2  8.3  0.51  3.85  3.25 154 1021.9  21.6  19.5 999.0 99.0 99.00
2017 10 03 01 50 128  7.0  8.1  0.58  3.70  3.28 144 1022.3  21.4  19.5 999.0 99.0 99.00
2017 10 03 02 50 127  8.0  9.1  0.66  3.57  3.43 144 1022.1  21.4  19.4 999.0 99.0 99.00
2017 10 03 03 50 129  8.5 10.0  0.70  4.17  3.49 145 1021.9  21.1  19.4 999.0 99.0 99.00
2017 10 03 04 50 137  8.4  9.8  0.82  4.17  3.74 141 1022.0  20.8  19.4 999.0 99.0 99.00
2017 10 03 05 50 144  9.1 11.1  0.92  4.55  3.73 148 1021.7  20.6  19.4 999.0 99.0 99.00
2017 10 03 06 50 158  8.6 10.6  0.95  4.76  3.73 154 1022.4  20.5  19.3 999.0 99.0 99.00
2017 10 03 07 50 159  9.1 10.9  1.00  4.76  3.79 151 1022.2  20.3  19.4 999.0 99.0 99.00
2017 10 03 08 50 163  8.9 10.3  1.03  4.76  3.80 151 1022.1  20.0  19.4 999.0 99.0 99.00
2017 10 03 09 50 168  8.4 10.2  0.99  4.76  3.81 148 1022.6  19.8  19.4 999.0 99.0 99.00
2017 10 03 10 50 167  8.6 10.2  1.01  4.76  3.80 148 1022.9  19.7  19.4 999.0 99.0 99.00
2017 10 03 11 50 173  8.4 10.5  1.04  5.00  3.90 148 1023.6  19.9  19.4 999.0 99.0 99.00
2017 10 03 12 50 170 10.1 11.7  1.06  4.76  3.97 147 1023.5  19.6  19.4 999.0 99.0 99.00
2017 10 03 13 50 178 10.3 12.6  1.20  5.00  4.15 151 1024.0  19.7  19.4 999.0 99.0 99.00
2017 10 03 14 50 188 10.7 12.8  1.32  5.26  4.25 145 1024.4  19.5  19.4 999.0 99.0 99.00
2017 10 03 15 50 197  9.4 11.2  1.38  5.26  4.45 150 1024.5  19.7  19.4 999.0 99.0 99.00
2017 10 03 16 50 201  8.6 10.1  1.29  5.56  4.43 148 1024.3  19.9  19.4 999.0 99.0 99.00
2017 10 03 17 50 197  8.4 10.0  1.26  5.56  4.46 150 1024.1  20.0  19.5 999.0 99.0 99.00
2017 10 03 18 50 197  6.7  7.9  1.02  5.26  4.15 151 1023.6  20.2  19.5 999.0 99.0 99.00
2017 10 03 19 50 211  9.9 12.1  0.88  5.00  4.08 152 1023.1  20.6  19.5 999.0 99.0 99.00
2017 10 03 20 50 201  6.2  7.4  0.94  4.55  3.87 163 1023.8  20.4  19.5 999.0 99.0 99.00
2017 10 03 21 50 184  5.2  5.9  0.73  4.55  3.79 159 1023.9  20.3  19.5 999.0 99.0 99.00
2017 10 03 22 50 175  7.7  8.7  0.66  4.35  3.57 159 1023.5  21.0  19.5 999.0 99.0 99.00
2017 10 03 23 50 180  7.9  9.3  0.62  4.17  3.43 163 1023.3  21.3  19.5 999.0 99.0 99.00
2017 10 04 00 50 189  8.8 10.2  0.72  4.00  3.40 161 1023.8  21.1  19.4 999.0 99.0 99.00
2017 10 04 01 50 196  8.8 10.5  0.76  4.17  3.53 158 1023.9  20.8  19.4 999.0 99.0 99.00
2017 10 04 02 50 181  8.6 10.0  0.94  4.35  3.76 156 1023.9  20.5  19.4 999.0 99.0 99.00
2017 10 04 03 50 187  8.8 10.5  0.97  4.35  3.75 152 1023.7  20.4  19.4 999.0 99.0 99.00
2017 10 04 04 50 203  8.2  9.4  0.94  4.17  3.62 154 1024.6  20.4  19.4 999.0 99.0 99.00
2017 10 04 05 50 203  9.0 10.8  0.95  4.55  3.74 156 1024.0  20.3  19.5 999.0 99.0 99.00
2017 10 04 06 50 216  9.4 10.8  0.90  4.35  3.64 159 1023.7  20.4  19.5 999.0 99.0 99.00
2017 10 04 07 50 223  8.7 10.1  0.87  4.35  3.63 152 1023.4  20.3  19.5 999.0 99.0 99.00
2017 10 04 08 50 244  9.2 11.4  0.94  4.35  3.75 169 1023.4  20.6  19.5 999.0 99.0 99.00
2017 10 04 09 50 250  7.4  8.6  0.88  4.35  3.65 168 1023.4  20.4  19.4 999.0 99.0 99.00
2017 10 04 10 50 247  6.6  7.7  0.78  4.55  3.69 175 1023.3  20.3  19.4 999.0 99.0 99.00
2017 10 04 11 50 252  6.7  7.9  0.66  4.55  3.57 167 1023.8  20.1  19.4 999.0 99.0 99.00
2017 10 04 12 50 335  5.8  6.8  0.63  4.35  3.71 223 1024.5  19.1  19.4 999.0 99.0 99.00
2017 10 04 13 50 348  8.5 10.0  0.56  4.00  3.29 224 1025.3  18.0  19.3 999.0 99.0 99.00
2017 10 04 14 50 341  7.3  8.6  0.70  3.33  3.30 333 1025.5  17.6  19.3 999.0 99.0 99.00
2017 10 04 15 50 342  8.6 10.1  0.82  4.17  3.62 329 1026.0  17.2  19.3 999.0 99.0 99.00
2017 10 04 16 50 345  8.2  9.9  0.99  4.55  3.83 348 1025.7  16.6  19.3 999.0 99.0 99.00
2017 10 04 17 50 335  4.9  6.0  0.92  4.76  3.90 359 1025.5  16.5  19.3 999.0 99.0 99.00
2017 10 04 18 50 342  3.6  4.6  0.84  4.76  4.05 354 1024.9  16.5  19.4 999.0 99.0 99.00
2017 10 04 19 50 324  1.8  2.8  0.66  4.55  3.86   1 1024.8  16.9  19.4 999.0 99.0 99.00
2017 10 04 20 50 316  0.2  0.7  0.59  4.76  3.97 354 1024.3  17.9  19.5 999.0 99.0 99.00
2017 10 04 21 50 215  1.3  2.1  0.58  5.00  4.16 316 1024.0  17.6  19.5 999.0 99.0 99.00
2017 10 04 22 50 179  3.0  3.9  0.49  5.00  4.02 313 1023.7  17.4  19.5 999.0 99.0 99.00
2017 10 04 23 50 204  3.1  3.8  0.46  4.76  4.08 318 1023.8  17.9  19.5 999.0 99.0 99.00
2017 10 05 00 50 213  3.6  4.3  0.37  4.76  3.95 318 1023.7  17.9  19.5 999.0 99.0 99.00
2017 10 05 01 50 228  4.7  5.3  0.36  4.55  3.94 328 1023.6  18.1  19.4 999.0 99.0 99.00
2017 10 05 02 50 248  5.1  5.7  0.30  3.85  3.51 330 1023.7  18.3  19.4 999.0 99.0 99.00
2017 10 05 03 50 261  5.3  6.2  0.30  5.00  3.19 353 1023.7  18.6  19.4 999.0 99.0 99.00
2017 10 05 04 50 296  4.1  5.2  0.33  4.55  3.09  21 1023.5  18.8  19.4 999.0 99.0 99.00
2017 10 05 05 50 355  4.4  5.4  0.30  4.55  3.19  33 1023.4  18.3  19.4 999.0 99.0 99.00
2017 10 05 06 50 355  4.4  5.3  0.33  4.55  3.09  28 1023.4  18.1  19.3 999.0 99.0 99.00
2017 10 05 07 50 356  4.5  5.3  0.34  4.35  3.03  23 1023.1  17.7  19.3 999.0 99.0 99.00
2017 10 05 08 50 354  4.5  5.6  0.40  3.23  3.08   1 1023.1  17.3  19.3 999.0 99.0 99.00
2017 10 05 09 50 346  4.1  5.1  0.41  3.57  3.24  19 1023.3  17.1  19.3 999.0 99.0 99.00
2017 10 05 10 50 346  3.7  4.6  0.44  4.35  3.32  25 1023.1  16.8  19.2 999.0 99.0 99.00
2017 10 05 11 50 352  3.4  4.4  0.41  3.85  3.33  22 1023.0  16.5  19.2 999.0 99.0 99.00
2017 10 05 12 50 335  2.0  3.4  0.38  3.85  3.51  16 1023.1  16.4  19.2 999.0 99.0 99.00
2017 10 05 13 50 328  3.1  3.9  0.37  3.85  3.45  16 1023.0  16.4  19.2 999.0 99.0 99.00
2017 10 05 14 50 329  3.0  3.6  0.35  4.00  3.46  18 1023.5  16.3  19.2 999.0 99.0 99.00
2017 10 05 15 50 307  1.9  2.7  0.31  4.00  3.41  27 1023.6  16.1  19.3 999.0 99.0 99.00
2017 10 05 16 50 284  1.4  2.4  0.31  3.85  3.50 358 1022.8  16.2  19.4 999.0 99.0 99.00
2017 10 05 17 50 293  2.9  4.1  0.29  3.85  3.40   8 1022.3  16.4  19.5 999.0 99.0 99.00
2017 10 05 18 50 278  3.3  4.2  0.28  4.00  3.42  21 1021.6  16.6  19.5 999.0 99.0 99.00
2017 10 05 19 50 323  1.8  2.6  0.29  4.00  3.50  24 1020.9  16.9  19.5 999.0 99.0 99.00
2017 10 05 20 50 357  3.5  4.8  0.27  3.57  3.39  27 1020.6  16.7  19.5 999.0 99.0 99.00
2017 10 05 21 50  40  2.2  3.0  0.26  3.57  3.34  15 1019.7  16.7  19.4 999.0 99.0 99.00
2017 10 05 22 50  42  2.9  3.7  0.26  4.17  3.27  15 1019.1  16.7  19.4 999.0 99.0 99.00
2017 10 05 23 50  44  4.1  4.9  0.26  3.23  3.13   8 1019.2  16.9  19.4 999.0 99.0 99.00
2017 10 06 00 50  47  3.3  4.0  0.23 99.00  3.27 999 1019.5  16.9  19.3 999.0 99.0 99.00
2017 10 06 01 50  47  4.6  5.6  0.20 99.00  3.05 999 1019.0  16.7  19.3 999.0 99.0 99.00
2017 10 06 02 50  59  4.8  5.9  0.20 99.00  3.05 999 1018.8  17.2  19.3 999.0 99.0 99.00
2017 10 06 03 50  23  4.1  5.0  0.22 99.00  2.68 999 1019.6  17.5  19.2 999.0 99.0 99.00
2017 10 06 04 50  46  5.7  6.6  0.29  2.35  2.56  51 1018.9  15.8  19.2 999.0 99.0 99.00
2017 10 06 05 50  84  6.6  7.6  0.35  2.60  2.63  49 1018.1  16.2  19.2 999.0 99.0 99.00
2017 10 06 06 50  62  5.8  6.6  0.41  3.03  2.77  50 1018.5  16.1  19.2 999.0 99.0 99.00
2017 10 06 07 50  52  4.3  5.6  0.41  3.13  2.90  67 1018.1  15.8  19.2 999.0 99.0 99.00
2017 10 06 08 50  52  5.1  6.1 99.00 99.00 99.00 999 1018.1  15.6  19.2 999.0 99.0 99.00
2017 10 06 09 50  66  5.8  7.1  0.43  3.23  2.95  56 1018.1  15.2  19.2 999.0 99.0 99.00
2017 10 06 10 50  78  6.0  7.2  0.45  3.33  3.06  65 1017.5  15.5  19.2 999.0 99.0 99.00
2017 10 06 11 50  99  6.0  6.9  0.55  3.57  3.29  64 1017.9  16.0  19.2 999.0 99.0 99.00
2017 10 06 12 50  86  5.9  6.8  0.53  3.70  3.24  63 1017.8  16.1  19.2 999.0 99.0 99.00
2017 10 06 13 50  77  6.1  7.3  0.52  3.70  3.41  78 1017.7  16.2  19.2 999.0 99.0 99.00
2017 10 06 14 50  83  7.0  8.0  0.54  3.70  3.33  69 1017.5  16.1  19.2 999.0 99.0 99.00
2017 10 06 15 50  87  6.0  6.9  0.59  3.85  3.40  86 1017.4  16.2  19.2 999.0 99.0 99.00
2017 10 06 16 50  93  5.1  6.4  0.58  3.85  3.46  82 1016.7  16.2  19.3 999.0 99.0 99.00
2017 10 06 17 50  95  5.7  6.6  0.56  4.00  3.44  94 1015.7  16.6  19.3 999.0 99.0 99.00
2017 10 06 18 50 101  4.6  5.5  0.50  4.17  3.37  94 1015.2  16.9  19.3 999.0 99.0 99.00
2017 10 06 19 50  97  4.8  5.8  0.52  3.85  3.38  95 1014.4  17.3  19.3 999.0 99.0 99.00
2017 10 06 20 50  96  4.8  5.8  0.46  3.85  3.23 107 1013.2  17.5  19.3 999.0 99.0 99.00
2017 10 06 21 50 103  6.2  7.2  0.41  3.33  3.01 100 1012.2  17.6  19.2 999.0 99.0 99.00
2017 10 06 22 50 118  6.2  7.4  0.51  3.33  3.27  96 1011.9  18.1  19.2 999.0 99.0 99.00
2017 10 06 23 50 118  6.3  7.7  0.50  3.33  3.02 107 1011.3  18.8  19.2 999.0 99.0 99.00
2017 10 07 00 50 145  7.9  9.7  0.54  3.57  3.14 115 1010.6  19.6  19.2 999.0 99.0 99.00
2017 10 07 01 50 161  9.5 11.4  0.63  3.45  3.21 123 1010.0  19.8  19.2 999.0 99.0 99.00
2017 10 07 02 50 155  9.0 10.8  0.86  4.00  3.46 122 1009.3  19.7  19.2 999.0 99.0 99.00
2017 10 07 03 50 139  9.3 10.6  0.84  4.17  3.56 125 1009.0  19.5  19.3 999.0 99.0 99.00
2017 10 07 04 50 137 10.5 12.5  0.91  4.17  3.59 132 1007.9  19.7  19.3 999.0 99.0 99.00
2017 10 07 05 50 150 10.6 12.4  1.16  4.35  3.87 138 1007.4  19.9  19.2 999.0 99.0 99.00
2017 10 07 06 50 151  9.2 10.9  1.21  4.55  3.97 141 1007.1  19.9  19.2 999.0 99.0 99.00
2017 10 07 07 50 167  7.4  8.8  1.10  5.00  4.14 143 1006.6  19.8  19.2 999.0 99.0 99.00
2017 10 07 08 50 174  8.8 10.1  1.10  5.00  3.98 140 1005.8  20.2  19.2 999.0 99.0 99.00
2017 10 07 09 50 176 10.0 11.9  1.18  5.00  4.12 138 1005.1  20.3  19.2 999.0 99.0 99.00
2017 10 07 10 50 178 11.4 13.9  1.42  5.00  4.49 138 1005.1  20.3  19.2 999.0 99.0 99.00
2017 10 07 11 50 193 12.3 14.9  1.53  5.56  4.57 149 1004.8  20.1  19.2 999.0 99.0 99.00
2017 10 07 12 50 162  9.7 11.8  1.47  5.88  4.76 151 1004.6  19.8  19.2 999.0 99.0 99.00
2017 10 07 13 50 167 10.3 12.2  1.32  5.56  4.56 146 1003.7  20.2  19.2 999.0 99.0 99.00
2017 10 07 14 50 176 11.6 14.2  1.52  5.88  4.64 152 1002.6  20.3  19.2 999.0 99.0 99.00
2017 10 07 15 50 182 12.1 14.3  1.63  5.88  4.71 139 1002.2  20.5  19.2 999.0 99.0 99.00
2017 10 07 16 50 179  9.6 11.4  1.72  5.88  4.77 148 1002.1  20.4  19.2 999.0 99.0 99.00
2017 10 07 17 50 175  9.1 11.0  1.57  5.88  4.63 152 1001.3  20.9  19.2 999.0 99.0 99.00
2017 10 07 18 50 166  7.6  9.3  1.46  5.88  4.61 150 1000.7  20.8  19.2 999.0 99.0 99.00
2017 10 07 19 50 174  6.0  6.9  1.13  5.56  4.27 148  999.8  20.7  19.2 999.0 99.0 99.00
2017 10 07 20 50 154  6.0  6.7  0.93  5.26  4.10 149  998.4  20.7  19.2 999.0 99.0 99.00
2017 10 07 21 50 277 13.8 17.2  0.79  5.00  3.63 152  999.2  18.2  19.2 999.0 99.0 99.00
2017 10 07 22 50 259 14.4 17.2  1.20  4.76  3.84 173  998.7  17.4  19.2 999.0 99.0 99.00
2017 10 07 23 50 233 13.4 16.5  1.58  4.76  4.20 184  998.6  18.0  19.2 999.0 99.0 99.00
2017 10 08 00 50 239 13.3 16.0  1.88  5.88  4.72 175  998.4  18.3  19.1 999.0 99.0 99.00
2017 10 08 01 50 240 13.8 16.3  2.15  5.88  5.06 186  998.5  18.4  19.1 999.0 99.0 99.00
2017 10 08 02 50 270 13.9 16.2  2.23  5.88  5.00 188  999.0  18.3  19.1 999.0 99.0 99.00
2017 10 08 03 50 277 14.3 17.5  1.97  6.25  4.91 193  999.9  17.9  19.0 999.0 99.0 99.00
2017 10 08 04 50 282 14.3 16.9  2.11  5.88  4.95 209 1000.9  17.1  18.9 999.0 99.0 99.00
2017 10 08 05 50 299 14.2 16.9  2.01  6.25  4.88 221 1002.7  17.4  18.8 999.0 99.0 99.00
2017 10 08 06 50 297 12.4 15.7  1.86  5.88  4.83 243 1004.7  17.3  18.8 999.0 99.0 99.00
2017 10 08 07 50 284 11.0 12.7  1.89  6.25  4.89 230 1005.8  17.2  18.7 999.0 99.0 99.00
2017 10 08 08 50 288 10.5 12.2  1.76  6.25  5.00 222 1006.1  17.3  18.6 999.0 99.0 99.00
2017 10 08 09 50 285  9.3 11.1  1.46  5.88  4.73 231 1006.8  17.1  18.6 999.0 99.0 99.00
2017 10 08 10 50 281  8.2  9.4  1.25  5.00  4.59 250 1007.6  16.9  18.5 999.0 99.0 99.00
2017 10 08 11 50 287  6.9  8.1  1.09  5.26  4.35 230 1008.3  16.9  18.5 999.0 99.0 99.00
2017 10 08 12 50 270  5.5  6.3  0.87  5.26  4.06 212 1009.2  17.0  18.6 999.0 99.0 99.00
2017 10 08 13 50 250  5.5  6.5  0.74  5.00  3.80 196 1010.1  16.9  18.6 999.0 99.0 99.00
2017 10 08 14 50 209  5.0  6.1  0.73  4.35  3.75 187 1010.5  17.2  18.6 999.0 99.0 99.00
2017 10 08 15 50 189  4.6  5.3  0.67  4.35  3.71 186 1010.1  17.4  18.7 999.0 99.0 99.00
2017 10 08 17 50 174  7.8  9.2  0.53  3.70  3.21 182 1009.7  18.1  18.8 999.0 99.0 99.00
2017 10 08 18 50 175  6.8  8.0  0.51  3.23  2.99 172 1009.1  18.1  18.9 999.0 99.0 99.00
2017 10 08 19 50 175  5.9  7.0  0.53  3.13  3.01 155 1008.7  18.6  18.9 999.0 99.0 99.00
2017 10 08 20 50 170  3.7  4.4  0.42  3.70  3.05 160 1008.4  19.0  18.9 999.0 99.0 99.00
2017 10 08 21 50 186  1.6  1.8  0.38  3.23  3.12 164 1008.3  19.3  18.9 999.0 99.0 99.00
2017 10 08 22 50 155  1.3  1.7  0.31  3.33  3.09 166 1008.0  19.1  18.9 999.0 99.0 99.00
2017 10 08 23 50 110  2.8  3.4  0.26  3.45  3.19 157 1007.8  19.0  18.8 999.0 99.0 99.00
2017 10 09 00 50  99  3.4  3.9  0.20 99.00  3.10 999 1007.6  19.3  18.7 999.0 99.0 99.00
2017 10 09 01 50 102  3.5  4.1  0.19 99.00  3.04 999 1007.9  19.5  18.6 999.0 99.0 99.00
2017 10 09 02 50 100  4.2  5.1  0.16 99.00  2.80 999 1007.7  19.5  18.6 999.0 99.0 99.00
2017 10 09 03 50 117  3.6  4.1  0.19 99.00  2.68 999 1007.9  19.3  18.5 999.0 99.0 99.00
2017 10 09 04 50 126  4.4  5.0  0.20 99.00  2.63 999 1007.7  19.0  18.5 999.0 99.0 99.00
2017 10 09 05 50 129  3.3  3.8  0.18 99.00  2.59 999 1007.9  18.9  18.6 999.0 99.0 99.00
2017 10 09 06 50 144  1.0  1.2  0.20 99.00  2.51 999 1008.6  18.7  18.6 999.0 99.0 99.00
2017 10 09 07 50 156  0.5  0.6  0.18 99.00  2.50 999 1009.0  18.4  18.6 999.0 99.0 99.00
2017 10 09 08 50 156  0.6  0.7  0.15 99.00  2.48 999 1009.2  18.3  18.7 999.0 99.0 99.00
2017 10 09 09 50 136  1.1  1.5  0.13 99.00  2.46 999 1009.4  18.3  18.7 999.0 99.0 99.00
2017 10 09 10 50 243  1.4  1.6  0.12 99.00  2.44 999 1010.2  18.2  18.7 999.0 99.0 99.00
2017 10 09 11 50 230  2.5  2.7  0.12 99.00  2.48 999 1010.6  18.3  18.7 999.0 99.0 99.00
2017 10 09 12 50 247  2.0  2.3  0.09 99.00  2.46 999 1011.1  18.7  18.7 999.0 99.0 99.00
2017 10 09 13 50 257  3.4  3.8  0.09 99.00  2.68 999 1011.9  18.8  18.7 999.0 99.0 99.00
2017 10 09 14 50 259  3.2  3.6  0.07 99.00  2.68 999 1012.5  18.8  18.8 999.0 99.0 99.00
2017 10 09 15 50 234  3.2  3.6  0.06 99.00  2.80 999 1012.8  18.8  18.8 999.0 99.0 99.00
2017 10 09 16 50 244  3.1  3.5  0.08 99.00  2.83 999 1013.2  18.9  18.9 999.0 99.0 99.00
2017 10 09 17 50 286  2.4  2.8  0.09 99.00  2.37 999 1013.5  19.0  19.0 999.0 99.0 99.00
2017 10 09 18 50 264  1.4  1.8  0.12 99.00  2.59 999 1013.3  19.1  19.2 999.0 99.0 99.00
2017 10 09 19 50 293  0.6  0.8  0.08 99.00  2.54 999 1013.5  19.6  19.4 999.0 99.0 99.00
2017 10 09 20 50  83  1.0  1.4  0.07 99.00  2.50 999 1013.8  19.1  19.7 999.0 99.0 99.00
2017 10 09 21 50  50  1.2  2.4  0.07 99.00  2.92 999 1014.3  19.3  19.6 999.0 99.0 99.00
2017 10 09 22 50  13  5.8  6.6  0.04 99.00  2.76 999 1014.6  17.9  19.1 999.0 99.0 99.00
2017 10 09 23 50  16  7.2  8.6  0.18 99.00  2.41 999 1015.3  17.8  18.9 999.0 99.0 99.00
2017 10 10 00 50  13  8.0  9.1  0.49  3.33  3.10 353 1016.1  17.7  18.8 999.0 99.0 99.00
2017 10 10 01 50  16  7.7  9.0  0.67  4.35  3.64 348 1016.4  17.6  18.8 999.0 99.0 99.00
2017 10 10 02 50  10  8.0  9.5  0.83  4.55  4.05 349 1017.3  17.5  18.8 999.0 99.0 99.00
2017 10 10 03 50  14  8.9 10.6  0.96  5.56  4.11 356 1017.6  17.5  18.8 999.0 99.0 99.00
2017 10 10 04 50  17  8.7 10.2  1.02  5.26  4.22 360 1017.8  17.5  18.8 999.0 99.0 99.00
2017 10 10 05 50  25  8.1  9.5  1.08  4.76  4.37   8 1018.0  17.5  18.8 999.0 99.0 99.00
2017 10 10 06 50  25  7.7  9.0  1.05  5.26  4.39   8 1018.8  17.4  18.8 999.0 99.0 99.00
2017 10 10 07 50  28  7.4  8.6  1.17  5.88  4.45  19 1019.4  17.2  18.8 999.0 99.0 99.00
2017 10 10 08 50  27  7.9  9.6  1.15  5.88  4.36  23 1019.2  17.0  18.8 999.0 99.0 99.00
2017 10 10 09 50  30  8.6 10.3  1.21  5.88  4.33  17 1019.6  16.5  18.7 999.0 99.0 99.00
2017 10 10 10 50  30  8.7 10.1  1.17  5.56  4.22  24 1020.5  15.9  18.7 999.0 99.0 99.00
2017 10 10 11 50  37  9.4 11.4  1.17  5.56  4.15   8 1020.7  15.5  18.6 999.0 99.0 99.00
2017 10 10 12 50  38  9.9 11.9  1.27  5.26  4.24  16 1020.7  15.3  18.6 999.0 99.0 99.00
2017 10 10 13 50  36 10.3 12.1  1.37  5.26  4.23  11 1021.5  14.9  18.5 999.0 99.0 99.00
2017 10 10 14 50  33 11.0 13.0  1.51  5.88  4.30  12 1021.6  14.5  18.5 999.0 99.0 99.00
2017 10 10 15 50  37 11.0 13.3  1.51  6.25  4.36   8 1021.5  14.7  18.5 999.0 99.0 99.00
2017 10 10 16 50  35  9.9 11.2  1.60  6.67  4.65   6 1022.0  14.9  18.5 999.0 99.0 99.00
2017 10 10 17 50  28  9.2 11.1  1.48  6.25  4.62   6 1021.7  15.3  18.5 999.0 99.0 99.00
2017 10 10 18 50  33  9.2 10.7  1.38  6.25  4.42 360 1020.7  15.5  18.6 999.0 99.0 99.00
2017 10 10 19 50  35  8.5 10.1  1.30  6.25  4.39   5 1020.6  16.0  18.6 999.0 99.0 99.00
2017 10 10 20 50  31  9.5 10.8  1.29  6.25  4.44   3 1020.1  16.5  18.6 999.0 99.0 99.00
2017 10 10 21 50  33  9.5 10.9  1.22  5.56  4.50 358 1019.9  16.9  18.6 999.0 99.0 99.00
2017 10 10 22 50  35 10.5 12.2  1.31  6.67  4.59 354 1019.3  17.1  18.6 999.0 99.0 99.00
2017 10 10 23 50  40 10.2 12.1  1.40  5.26  4.62 355 1019.7  17.3  18.6 999.0 99.0 99.00
2017 10 11 00 50  50 10.8 13.2  1.54  6.67  4.91 341 1019.5  16.7  18.6 999.0 99.0 99.00
2017 10 11 01 50  49 11.1 13.3  1.71  6.25  4.89 345 1018.5  16.3  18.5 999.0 99.0 99.00
2017 10 11 02 50  58 10.3 12.7  1.76  5.88  4.86 349 1019.2  15.4  18.5 999.0 99.0 99.00
2017 10 11 03 50  54 10.9 13.1  1.63  6.67  4.72 348 1018.5  15.5  18.5 999.0 99.0 99.00
2017 10 11 04 50  58 13.3 15.3  1.75  6.25  4.72 354 1017.4  15.7  18.4 999.0 99.0 99.00
2017 10 11 05 50  55 14.0 16.9  1.99  5.56  4.73  51 1016.5  15.3  18.4 999.0 99.0 99.00
2017 10 11 06 50  56 13.4 15.8  2.06  5.26  4.79  65 1016.2  14.9  18.4 999.0 99.0 99.00
2017 10 11 07 50  51 13.1 15.3  1.94  5.88  4.79  72 1015.7  14.3  18.4 999.0 99.0 99.00
2017 10 11 08 50  55 13.1 15.4  1.99  5.88  4.82  67 1015.5  13.8  18.3 999.0 99.0 99.00
2017 10 11 09 50  50 13.1 15.5  1.99  6.25  4.81  51 1015.7  13.7  18.3 999.0 99.0 99.00
2017 10 11 10 50  49 12.9 14.8  2.19  5.88  4.94  62 1015.8  13.6  18.3 999.0 99.0 99.00
2017 10 11 11 50  43 12.2 14.1  2.20  5.88  4.96  66 1016.3  13.1  18.2 999.0 99.0 99.00
2017 10 11 12 50  37 12.0 14.0  1.85  5.88  4.89  58 1016.9  13.3  18.2 999.0 99.0 99.00
2017 10 11 13 50  37 12.2 14.8  2.25  6.25  5.24  41 1017.4  13.6  18.1 999.0 99.0 99.00
2017 10 11 14 50  40 12.6 16.3  2.13  5.88  5.18  68 1017.6  13.8  18.1 999.0 99.0 99.00
2017 10 11 15 50  43 12.8 15.2  2.10  6.67  5.17  28 1018.2  14.1  18.1 999.0 99.0 99.00
2017 10 11 16 50  52 12.8 15.2  2.28  6.25  5.36  47 1018.5  14.0  18.0 999.0 99.0 99.00
2017 10 11 17 50  52 11.6 14.2  2.28  6.67  5.29  33 1018.9  13.9  18.0 999.0 99.0 99.00
2017 10 11 18 50  40 11.1 13.3  2.02  6.25  5.18  28 1019.3  14.0  18.0 999.0 99.0 99.00
2017 10 11 19 50  41 10.5 12.5  1.91  6.67  5.15  44 1020.3  14.0  18.0 999.0 99.0 99.00
2017 10 11 20 50  47 10.4 12.5  1.85  6.25  4.96  42 1020.5  14.6  18.0 999.0 99.0 99.00
2017 10 11 21 50  49 10.4 12.2  1.74  5.88  4.77  45 1020.8  14.6  17.9 999.0 99.0 99.00
2017 10 11 22 50  51 10.8 12.6  1.54  5.88  4.44  42 1021.3  14.4  17.9 999.0 99.0 99.00
2017 10 11 23 50  50 10.1 12.2  1.67  5.56  4.58  54 1021.9  14.5  17.9 999.0 99.0 99.00
2017 10 12 00 50  55 10.2 12.2  1.49  5.26  4.46  43 1022.2  14.4  17.9 999.0 99.0 99.00
2017 10 12 01 50  56 10.1 12.0  1.37  4.76  4.25  36 1022.4  14.0  17.9 999.0 99.0 99.00
2017 10 12 02 50  60  9.3 11.8  1.43  5.26  4.33  42 1022.2  14.1  17.8 999.0 99.0 99.00
2017 10 12 03 50  63  9.7 11.6  1.27  4.76  4.22  41 1022.4  13.8  17.9 999.0 99.0 99.00
2017 10 12 04 50  70  8.5 11.4  1.19  5.00  4.14  34 1022.4  13.8  17.8 999.0 99.0 99.00
2017 10 12 05 50  64  8.2 10.2  1.05  4.55  4.04  45 1022.5  13.7  17.8 999.0 99.0 99.00
2017 10 12 06 50  65  7.6  9.9  0.97  4.76  3.92  30 1022.6  13.6  17.8 999.0 99.0 99.00
2017 10 12 07 50  75  6.9  9.0  0.86  4.55  3.79  36 1022.9  13.3  17.8 999.0 99.0 99.00
2017 10 12 08 50  68  6.8  8.3  0.84  4.55  3.88  43 1022.9  13.3  17.8 999.0 99.0 99.00
2017 10 12 09 50  88  6.4  8.3  0.77  4.55  3.80  31 1022.8  13.4  17.8 999.0 99.0 99.00
2017 10 12 10 50  85  5.5  7.9  0.69  4.00  3.69  47 1022.9  13.3  17.8 999.0 99.0 99.00
2017 10 12 11 50  64  5.0  6.5  0.62  4.35  3.68  38 1022.8  13.3  17.7 999.0 99.0 99.00
2017 10 12 12 50  77  4.3  6.1  0.58  3.85  3.59  65 1023.1  12.8  17.7 999.0 99.0 99.00
2017 10 12 13 50  68  4.6  6.5  0.54  3.57  3.53  56 1023.3  12.6  17.7 999.0 99.0 99.00
2017 10 12 14 50  66  4.8  6.4  0.47  3.70  3.31  58 1022.9  12.4  17.7 999.0 99.0 99.00
2017 10 12 15 50  99  3.8  5.8  0.49  3.33  3.28  49 1022.7  12.4  17.7 999.0 99.0 99.00
2017 10 12 16 50 104  4.7  6.8  0.46  3.57  3.33  28 1022.4  12.8  17.7 999.0 99.0 99.00
2017 10 12 17 50 116  5.0  6.2  0.43  3.45  3.21  36 1021.6  13.1  17.7 999.0 99.0 99.00
2017 10 12 18 50 131  4.0  6.2  0.37  3.13  3.14  37 1020.9  13.2  17.7 999.0 99.0 99.00
2017 10 12 19 50 131  4.6  6.0  0.37  3.03  3.11  32 1020.7  13.7  17.7 999.0 99.0 99.00
2017 10 12 20 50 139  4.7  6.4  0.39  2.94  3.04  56 1020.4  14.3  17.7 999.0 99.0 99.00
2017 10 12 21 50 145  4.3  5.6  0.33  2.74  3.12  83 1020.4  14.6  17.7 999.0 99.0 99.00
2017 10 12 22 50 150  4.9  6.8  0.29  2.86  2.97  76 1020.1  14.9  17.7 999.0 99.0 99.00
2017 10 12 23 50 143  5.4  6.8  0.29  2.74  2.84  90 1020.0  15.1  17.7 999.0 99.0 99.00
2017 10 13 00 50 142  5.9  7.0  0.29  2.74  2.73 114 1019.9  15.3  17.7 999.0 99.0 99.00
2017 10 13 01 50 145  6.4  7.6  0.35  2.60  2.75 122 1019.7  15.6  17.7 999.0 99.0 99.00
2017 10 13 02 50 162  6.7  7.8  0.38  3.03  2.86 122 1019.8  15.8  17.7 999.0 99.0 99.00
2017 10 13 03 50 176  7.0  8.0  0.55  3.33  3.02 131 1019.6  15.9  17.7 999.0 99.0 99.00
2017 10 13 04 50 193  6.2  7.2  0.55  3.57  3.14 135 1019.7  16.2  17.7 999.0 99.0 99.00
2017 10 13 05 50 211  6.4  7.6  0.53  3.70  3.24 144 1019.9  16.4  17.7 999.0 99.0 99.00
2017 10 13 06 50 236  6.4  7.6  0.58  3.70  3.26 159 1020.0  16.5  17.7 999.0 99.0 99.00
2017 10 13 07 50 254  7.7  9.2  0.60  3.85  3.34 155 1019.8  16.5  17.7 999.0 99.0 99.00
2017 10 13 08 50 258  7.0  8.0  0.69  3.70  3.49 179 1019.9  16.5  17.7 999.0 99.0 99.00
2017 10 13 09 50 252  7.0  8.5  0.62  4.00  3.48 181 1020.3  16.7  17.7 999.0 99.0 99.00
2017 10 13 10 50 242  7.9  9.5  0.63  4.35  3.52 164 1020.5  16.5  17.7 999.0 99.0 99.00
2017 10 13 11 50 240  6.9  8.4  0.72  4.17  3.60 173 1020.5  15.9  17.7 999.0 99.0 99.00
2017 10 13 12 50 231  6.6  8.0  0.71  4.35  3.69 165 1020.6  15.8  17.6 999.0 99.0 99.00
2017 10 13 13 50 230  8.2  9.2  0.69  4.35  3.65 161 1020.9  15.6  17.6 999.0 99.0 99.00
2017 10 13 14 50 238  7.2  8.8  0.71  4.17  3.69 167 1021.1  15.0  17.7 999.0 99.0 99.00
2017 10 13 15 50 217  6.0  7.1  0.66  4.00  3.56 166 1021.4  14.8  17.7 999.0 99.0 99.00
2017 10 13 16 50 177  7.2  8.9  0.62  4.35  3.51 150 1020.1  15.0  17.7 999.0 99.0 99.00
2017 10 13 17 50 190  7.2  8.4  0.71  4.17  3.46 155 1020.0  15.5  17.7 999.0 99.0 99.00
2017 10 13 18 50 197  6.0  7.2  0.75  3.85  3.48 152 1019.7  15.5  17.7 999.0 99.0 99.00
2017 10 13 19 50 197  5.1  6.3  0.71  4.17  3.51 156 1019.7  15.9  17.7 999.0 99.0 99.00
2017 10 13 20 50 175  3.7  4.4  0.69  4.35  3.62 156 1019.7  16.1  17.7 999.0 99.0 99.00
2017 10 13 21 50 139  3.0  3.5  0.64  4.55  3.64 148 1019.1  16.8  17.7 999.0 99.0 99.00
2017 10 13 22 50  93  3.0  3.4  0.49  4.17  3.57 159 1019.3  16.9  17.7 999.0 99.0 99.00
2017 10 13 23 50  28  2.0  2.5  0.42  4.00  3.69 192 1019.8  17.1  17.7 999.0 99.0 99.00
2017 10 14 00 50  44  3.0  3.6  0.28  4.17  3.39 198 1019.9  17.3  17.7 999.0 99.0 99.00
2017 10 14 01 50  32  3.8  4.4  0.22 99.00  3.31 999 1020.2  17.0  17.7 999.0 99.0 99.00
2017 10 14 02 50  32  6.0  7.1  0.16 99.00  3.02 999 1020.3  16.6  17.7 999.0 99.0 99.00
2017 10 14 03 50  41  4.7  5.7 99.00 99.00 99.00 999 1020.5  16.1  17.7 999.0 99.0 99.00
2017 10 14 04 50  47  4.4  5.4  0.24 99.00  2.47 999 1020.7  16.0  17.6 999.0 99.0 99.00
2017 10 14 05 50  55  6.1  7.0  0.29  2.47  2.50  31 1020.0  16.3  17.6 999.0 99.0 99.00
2017 10 14 06 50  54  7.1  8.1  0.38  2.60  2.61  63 1019.7  16.5  17.6 999.0 99.0 99.00
2017 10 14 07 50  52  7.6  8.8  0.50  2.94  2.79  66 1019.5  16.5  17.7 999.0 99.0 99.00
2017 10 14 08 50  53  7.8  9.3  0.64  3.23  3.08  61 1019.4  16.3  17.6 999.0 99.0 99.00
2017 10 14 09 50  58  9.0 10.9  0.63  3.57  3.26  56 1019.1  16.1  17.7 999.0 99.0 99.00
2017 10 14 10 50  61  6.8  8.6  0.74  4.00  3.47  47 1019.8  16.2  17.7 999.0 99.0 99.00
2017 10 14 11 50  70  7.7  9.2  0.67  3.70  3.45  58 1018.7  16.3  17.6 999.0 99.0 99.00
2017 10 14 12 50  96  6.8  7.8  0.77  4.17  3.57  41 1018.9  16.6  17.6 999.0 99.0 99.00
2017 10 14 13 50 100  8.1  9.3  0.71  4.17  3.54  32 1018.1  16.7  17.6 999.0 99.0 99.00
2017 10 14 14 50  98  7.0  8.0  0.83  4.17  3.76  37 1018.2  16.5  17.6 999.0 99.0 99.00
2017 10 14 15 50 110  6.5  7.5  0.81  4.35  3.80  39 1017.5  16.7  17.6 999.0 99.0 99.00
2017 10 14 16 50 125  6.2  7.4  0.85  4.35  3.81  59 1017.2  16.8  17.6 999.0 99.0 99.00
2017 10 14 17 50 188  5.7  7.5  0.83  4.17  3.94  69 1017.0  16.8  17.6 999.0 99.0 99.00
2017 10 14 18 50 182  6.0  7.5  0.83  4.35  3.84  84 1016.3  16.7  17.6 999.0 99.0 99.00
2017 10 14 19 50 171  5.4  6.9  0.74  4.35  3.86  96 1015.0  17.0  17.6 999.0 99.0 99.00
2017 10 14 20 50 169  5.9  7.3  0.79  4.76  3.93 124 1014.3  17.1  17.6 999.0 99.0 99.00
2017 10 14 21 50 126  9.1 10.9  0.83  5.26  3.90 127 1012.4  17.2  17.6 999.0 99.0 99.00
2017 10 14 22 50 132  9.6 11.1  0.87  4.76  3.78 120 1011.3  17.5  17.6 999.0 99.0 99.00
2017 10 14 23 50 143 10.1 12.1  1.14  4.76  3.95 126 1010.2  17.9  17.6 999.0 99.0 99.00
2017 10 15 00 50 141  9.3 11.3  1.13  5.26  4.08 117 1010.6  17.8  17.6 999.0 99.0 99.00
2017 10 15 01 50 149 10.2 12.3  1.08  4.76  3.91 126 1010.6  18.0  17.6 999.0 99.0 99.00
2017 10 15 02 50 124 10.0 12.1  1.04  4.55  3.75 123 1008.8  17.7  17.6 999.0 99.0 99.00
2017 10 15 03 50 141  8.6 10.4  0.99  4.17  3.74 119 1007.4  18.2  17.6 999.0 99.0 99.00
2017 10 15 04 50 147 12.6 14.5  0.99  4.17  3.63 127 1007.2  18.6  17.6 999.0 99.0 99.00
2017 10 15 05 50 162 12.7 15.4  1.53  4.55  4.02 123 1005.2  18.2  17.6 999.0 99.0 99.00
2017 10 15 06 50 175 13.3 15.8  1.52  5.26  4.21 136 1004.1  18.7  17.6 999.0 99.0 99.00
2017 10 15 07 50 200 13.2 15.8  1.54  5.00  4.23 132 1003.5  19.1  17.6 999.0 99.0 99.00
2017 10 15 08 50 227 11.2 13.3  1.52  5.26  4.31 139 1003.1  18.7  17.6 999.0 99.0 99.00
2017 10 15 09 50 229 11.4 13.4  1.36  4.76  4.09 155 1003.2  18.6  17.5 999.0 99.0 99.00
2017 10 15 10 50 252  9.7 11.4  1.46  5.00  4.36 160 1003.3  18.5  17.5 999.0 99.0 99.00
2017 10 15 11 50 297 12.0 15.0  1.49  5.56  4.49 202 1003.8  17.8  17.5 999.0 99.0 99.00
2017 10 15 12 50 318 14.6 18.1  1.43  5.56  4.03 217 1005.6  15.0  17.5 999.0 99.0 99.00
2017 10 15 13 50 316 14.4 17.4  1.75  5.00  4.37 297 1007.1  14.8  17.4 999.0 99.0 99.00
2017 10 15 14 50 321 15.2 17.6  2.12  5.56  4.76 322 1008.8  12.8  17.3 999.0 99.0 99.00
2017 10 15 15 50 318 13.2 16.6  2.45  6.67  5.38 347 1010.9  12.4  17.2 999.0 99.0 99.00
2017 10 15 16 50 326 12.9 16.5  2.20  6.25  5.17 345 1012.5  12.3  17.2 999.0 99.0 99.00
2017 10 15 17 50 349 13.9 17.3  2.27  6.25  5.26 351 1014.1  12.1  17.1 999.0 99.0 99.00
2017 10 15 18 50 346 12.9 16.2  2.60  7.14  5.57   9 1015.5  12.0  17.1 999.0 99.0 99.00
2017 10 15 19 50 347 12.3 15.9  2.64  7.69  5.86  24 1016.9  12.0  17.0 999.0 99.0 99.00
2017 10 15 20 50 353 10.6 12.9  2.78  8.33  6.02  31 1018.1  12.5  16.9 999.0 99.0 99.00
2017 10 15 21 50 346 10.6 12.9  2.82  8.33  6.41  32 1019.1  12.7  16.9 999.0 99.0 99.00
2017 10 15 22 50 347  9.4 13.7  2.70  9.09  6.39  27 1020.0  12.8  16.8 999.0 99.0 99.00
2017 10 15 23 50 347  8.0 10.1  2.42  9.09  6.33  32 1020.9  12.8  16.8 999.0 99.0 99.00
2017 10 16 00 50 327  8.2 10.8  2.24  9.09  6.28  41 1021.4  12.6  16.8 999.0 99.0 99.00
2017 10 16 01 50 329  6.1  7.9  2.15  9.09  6.03  40 1022.2  11.5  16.8 999.0 99.0 99.00
2017 10 16 02 50 333 10.4 12.8  2.14  8.33  5.64  40 1022.1  12.1  16.7 999.0 99.0 99.00
2017 10 16 03 50 339  9.9 11.9  2.13  8.33  5.64  39 1022.7  11.7  16.7 999.0 99.0 99.00
2017 10 16 04 50 339  9.7 11.4  2.04  8.33  5.33  38 1023.0  11.5  16.7 999.0 99.0 99.00
2017 10 16 05 50 339  9.6 11.5  1.86  7.14  5.14  41 1023.3  11.3  16.6 999.0 99.0 99.00
2017 10 16 06 50 338  8.5 11.4  1.75  7.69  4.94  36 1023.5  11.1  16.6 999.0 99.0 99.00
2017 10 16 07 50 337  7.5 10.4  1.63  6.67  4.83  40 1023.6  11.2  16.5 999.0 99.0 99.00
2017 10 16 08 50 321  8.3 10.8  1.52  6.25  4.82  36 1023.6  11.2  16.5 999.0 99.0 99.00
2017 10 16 09 50 328  6.6  8.9  1.40  6.67  4.63  40 1024.1  11.1  16.5 999.0 99.0 99.00
2017 10 16 10 50 316  6.5  8.1  1.21  6.67  4.51  38 1024.7  11.4  16.5 999.0 99.0 99.00
2017 10 16 11 50 311  6.2  7.7  0.99  6.25  4.45  37 1025.0  11.2  16.5 999.0 99.0 99.00
2017 10 16 12 50 315  5.2  6.7  0.94  4.00  4.29 335 1025.5  11.4  16.5 999.0 99.0 99.00
2017 10 16 13 50 305  4.5  6.3  0.85  4.17  4.30 328 1026.0  11.4  16.5 999.0 99.0 99.00
2017 10 16 14 50 293  4.7  6.4  0.72  4.17  4.27 321 1026.0  11.6  16.5 999.0 99.0 99.00
2017 10 16 15 50 290  4.5  5.3  0.73  4.00  4.20 303 1026.4  11.6  16.5 999.0 99.0 99.00
2017 10 16 16 50 274  3.4  4.9  0.66  4.00  4.07 287 1026.4  11.8  16.6 999.0 99.0 99.00
2017 10 16 17 50 257  4.0  5.4  0.63  6.67  4.01 348 1026.0  12.2  16.6 999.0 99.0 99.00
2017 10 16 18 50 231  5.2  6.4  0.58  6.25  3.86 330 1025.0  12.7  16.7 999.0 99.0 99.00
2017 10 16 19 50 229  5.0  6.9  0.53  3.45  3.54 252 1024.6  13.0  16.7 999.0 99.0 99.00
2017 10 16 20 50 224  5.4  7.3  0.49  5.26  3.39 326 1023.8  13.8  16.7 999.0 99.0 99.00
2017 10 16 21 50 236  5.2  6.8  0.41  5.88  3.27 342 1023.3  14.5  16.7 999.0 99.0 99.00
2017 10 16 22 50 220  5.2  6.2  0.40  2.74  3.02 209 1023.2  14.7  16.6 999.0 99.0 99.00
2017 10 16 23 50 255  5.9  7.3  0.38  2.74  2.91 172 1022.9  15.3  16.6 999.0 99.0 99.00
2017 10 17 00 50 264  6.5  7.7  0.40  2.86  3.03 223 1022.8  15.6  16.5 999.0 99.0 99.00
2017 10 17 01 50 253  6.5  7.7  0.43  3.23  3.12 206 1022.4  15.7  16.5 999.0 99.0 99.00
2017 10 17 02 50 252  7.3  8.5  0.49  3.57  3.23 202 1022.3  15.8  16.5 999.0 99.0 99.00
2017 10 17 03 50 258  7.5  8.8  0.54  3.57  3.48 203 1022.4  15.8  16.5 999.0 99.0 99.00
2017 10 17 04 50 256  8.3  9.6  0.62  3.85  3.65 207 1022.0  15.8  16.4 999.0 99.0 99.00
2017 10 17 05 50 248  8.9 10.3  0.82  4.55  3.86 189 1021.8  15.8  16.5 999.0 99.0 99.00
2017 10 17 06 50 242  9.3 11.2  0.96  4.76  4.02 192 1021.7  15.7  16.4 999.0 99.0 99.00
2017 10 17 07 50 245  8.7 10.4  1.10  4.55  4.15 180 1021.6  15.4  16.4 999.0 99.0 99.00
2017 10 17 08 50 241  9.8 11.8  1.10  4.76  4.05 182 1021.1  15.3  16.4 999.0 99.0 99.00
2017 10 17 09 50 243 10.1 11.9  1.26  5.00  4.17 183 1021.0  15.5  16.4 999.0 99.0 99.00
2017 10 17 10 50 238 10.7 13.5  1.34  4.76  4.13 181 1020.6  15.4  16.4 999.0 99.0 99.00
2017 10 17 11 50 245 11.4 14.3  1.47  5.00  4.16 168 1020.3  15.4  16.4 999.0 99.0 99.00
2017 10 17 12 50 247 11.6 14.5  1.54  5.26  4.37 170 1020.0  15.4  16.4 999.0 99.0 99.00
2017 10 17 13 50 258 12.4 14.9  1.58  5.56  4.37 177 1020.4  15.2  16.4 999.0 99.0 99.00
2017 10 17 14 50 256 11.7 13.3  1.60  5.56  4.37 180 1020.5  14.8  16.3 999.0 99.0 99.00
2017 10 17 15 50 254 11.1 12.9  1.69  5.56  4.47 192 1020.5  15.0  16.3 999.0 99.0 99.00
2017 10 17 16 50 250 10.9 13.0  1.62  5.56  4.61 187 1020.4  15.6  16.3 999.0 99.0 99.00
2017 10 17 17 50 241 10.7 12.5  1.56  5.88  4.80 169 1020.1  16.2  16.3 999.0 99.0 99.00
2017 10 17 18 50 229 10.2 12.1  1.55  5.88  4.80 162 1019.6  16.7  16.3 999.0 99.0 99.00
2017 10 17 19 50 221  9.6 11.2  1.39  5.88  4.77 158 1019.0  17.2  16.3 999.0 99.0 99.00
2017 10 17 20 50 219  8.9 10.5  1.25  6.25  4.62 145 1018.9  17.6  16.4 999.0 99.0 99.00
2017 10 17 21 50 216  7.1  8.8  1.21  5.88  4.64 150 1018.9  17.5  16.4 999.0 99.0 99.00
2017 10 17 22 50 218  7.3  9.1  0.94  5.56  4.37 153 1018.7  17.6  16.3 999.0 99.0 99.00
2017 10 17 23 50 213  6.7  8.2  0.83  5.26  4.11 152 1019.2  17.5  16.3 999.0 99.0 99.00
2017 10 18 00 50 212  6.5  7.5  0.73  4.76  3.92 156 1019.6  17.3  16.3 999.0 99.0 99.00
2017 10 18 01 50 208  8.1 10.1  0.78  4.76  3.77 154 1019.6  17.6  16.3 999.0 99.0 99.00
2017 10 18 02 50 213  8.2  9.7  0.78  4.55  3.57 161 1020.1  17.4  16.2 999.0 99.0 99.00
2017 10 18 03 50 213  9.1 10.5  0.91  4.17  3.71 168 1020.2  17.0  16.2 999.0 99.0 99.00
2017 10 18 04 50 225  9.9 11.9  0.94  4.55  3.58 158 1019.9  16.7  16.2 999.0 99.0 99.00
2017 10 18 05 50 233  9.5 11.1  1.14  4.76  3.74 162 1020.2  16.5  16.2 999.0 99.0 99.00
2017 10 18 06 50 243  9.4 11.4  1.18  4.76  3.83 167 1020.3  16.2  16.2 999.0 99.0 99.00
2017 10 18 07 50 242  9.3 10.8  1.16  4.76  3.83 168 1020.4  15.8  16.2 999.0 99.0 99.00
2017 10 18 08 50 241  9.9 12.0  1.00  4.55  3.73 168 1020.2  15.7  16.2 999.0 99.0 99.00
2017 10 18 09 50 236 10.1 11.7  1.07  5.00  3.93 166 1020.4  15.6  16.1 999.0 99.0 99.00
2017 10 18 10 50 230 10.1 11.6  1.13  5.26  4.17 159 1020.4  15.4  16.1 999.0 99.0 99.00
2017 10 18 11 50 232  9.2 11.0  1.26  5.26  4.44 160 1020.4  15.3  16.1 999.0 99.0 99.00
2017 10 18 12 50 225  9.7 11.4  1.23  5.88  4.51 147 1020.5  15.0  16.1 999.0 99.0 99.00
2017 10 18 13 50 224  9.4 11.0  1.24  5.56  4.50 157 1020.6  14.8  16.1 999.0 99.0 99.00
2017 10 18 14 50 220  9.4 11.4  1.16  5.56  4.56 157 1020.4  14.8  16.1 999.0 99.0 99.00
2017 10 18 15 50 211 10.0 11.8  1.36  5.56  4.72 153 1020.0  15.0  16.1 999.0 99.0 99.00
2017 10 18 16 50 188 10.8 12.6  1.48  5.88  4.81 150 1019.2  15.1  16.1 999.0 99.0 99.00
2017 10 18 17 50 187 11.1 13.8  1.70  5.56  4.83 154 1018.6  15.5  16.1 999.0 99.0 99.00
2017 10 18 18 50 181 11.2 13.6  1.72  5.88  4.80 149 1018.0  16.1  16.1 999.0 99.0 99.00
2017 10 18 19 50 175 11.0 13.0  1.74  5.88  4.66 147 1017.1  16.7  16.1 999.0 99.0 99.00
2017 10 18 20 50 174 10.7 12.3  1.39  5.26  4.28 153 1016.5  17.1  16.1 999.0 99.0 99.00
2017 10 18 21 50 175 11.0 12.9  1.35  5.00  4.08 154 1015.6  17.4  16.1 999.0 99.0 99.00
2017 10 18 22 50 184 10.6 12.4  1.15  4.76  3.78 148 1015.4  17.6  16.1 999.0 99.0 99.00
2017 10 18 23 50 207  9.5 10.8  1.19  4.35  3.89 151 1016.2  17.6  16.1 999.0 99.0 99.00
2017 10 19 00 50 200 10.3 12.0  1.13  4.76  3.86 158 1015.5  17.5  16.1 999.0 99.0 99.00
2017 10 19 01 50 216 10.3 11.7  1.12  4.76  3.93 157 1015.8  17.6  16.1 999.0 99.0 99.00
2017 10 19 02 50 230  9.6 11.4  1.10  4.76  4.02 159 1016.3  17.4  16.1 999.0 99.0 99.00
2017 10 19 03 50 236  9.4 11.5  1.18  5.00  4.14 165 1016.4  16.9  16.1 999.0 99.0 99.00
2017 10 19 04 50 231  9.2 10.7  1.08  5.00  4.16 160 1015.9  17.0  16.0 999.0 99.0 99.00
2017 10 19 05 50 235  9.1 10.8  1.10  5.26  4.33 161 1015.5  16.8  16.0 999.0 99.0 99.00
2017 10 19 06 50 238  8.8 10.3  1.08  5.56  4.45 161 1015.5  16.5  15.9 999.0 99.0 99.00
2017 10 19 07 50 257  8.9 10.4  1.17  5.88  4.59 159 1015.7  16.5  16.0 999.0 99.0 99.00
2017 10 19 08 50 278  9.2 10.8  1.10  5.56  4.42 189 1016.1  16.2  16.0 999.0 99.0 99.00
2017 10 19 09 50 293  8.3  9.8  1.03  5.56  4.32 201 1016.9  15.8  16.0 999.0 99.0 99.00
2017 10 19 10 50 312  7.1  8.0  1.01  5.26  4.30 213 1017.5  15.1  15.9 999.0 99.0 99.00
2017 10 19 11 50 331  8.5  9.9  0.92  5.26  4.17 220 1018.2  15.0  15.9 999.0 99.0 99.00
2017 10 19 12 50 338  7.3  8.8  0.91  4.76  3.92 220 1019.2  15.0  15.8 999.0 99.0 99.00
2017 10 19 13 50 337  5.8  7.4  0.88  4.35  3.86 306 1020.5  14.8  15.8 999.0 99.0 99.00
2017 10 19 14 50 321  4.7  5.5  0.77  4.17  3.75 339 1021.3  14.6  15.8 999.0 99.0 99.00
2017 10 19 15 50 308  4.4  5.5  0.65  4.55  3.73 322 1021.9  14.2  15.9 999.0 99.0 99.00
2017 10 19 16 50 306  3.6  4.4  0.65  4.76  3.78   9 1022.6  14.2  16.0 999.0 99.0 99.00
2017 10 19 17 50 306  3.3  3.9  0.57  4.55  3.70   8 1022.4  14.3  16.0 999.0 99.0 99.00
2017 10 19 18 50 296  3.3  3.9  0.50  3.70  3.60 346 1022.1  14.6  16.1 999.0 99.0 99.00
2017 10 19 19 50 260  2.6  3.1  0.42  4.17  3.52   1 1021.8  15.1  16.1 999.0 99.0 99.00
2017 10 19 20 50 223  3.6  4.3  0.36  4.17  3.51 330 1021.6  15.5  16.1 999.0 99.0 99.00
2017 10 19 21 50 208  5.1  5.8  0.31  4.00  3.50 327 1021.4  15.8  16.1 999.0 99.0 99.00
2017 10 19 22 50 207  6.1  6.9  0.34  3.85  2.98 326 1021.5  15.8  16.0 999.0 99.0 99.00
2017 10 19 23 50 203  5.8  6.9  0.38  2.86  2.94 164 1021.5  16.1  16.0 999.0 99.0 99.00
2017 10 20 00 50 199  6.2  6.9  0.42  3.23  3.11 169 1021.5  16.0  15.9 999.0 99.0 99.00
2017 10 20 01 50 168  5.6  6.4  0.43  3.45  3.13 158 1021.4  16.1  15.9 999.0 99.0 99.00
2017 10 20 02 50 172  5.5  6.8  0.38  3.33  3.10 159 1021.4  16.3  15.9 999.0 99.0 99.00
2017 10 20 03 50 152  5.4  6.6  0.34  3.33  3.01 160 1021.2  16.3  15.9 999.0 99.0 99.00
2017 10 20 04 50 144  5.0  5.9  0.34  3.03  2.91 153 1021.2  16.4  15.9 999.0 99.0 99.00
2017 10 20 05 50 140  6.0  6.7  0.31  2.94  2.86 156 1020.9  16.4  15.9 999.0 99.0 99.00
2017 10 20 06 50 138  6.3  7.2  0.32  2.86  2.72 161 1020.8  16.6  15.8 999.0 99.0 99.00
2017 10 20 07 50 144  6.5  7.6  0.37  2.74  2.75 142 1020.6  16.9  15.8 999.0 99.0 99.00
2017 10 20 08 50 168  7.3  8.5  0.48  2.94  2.90 140 1020.6  16.8  15.9 999.0 99.0 99.00
2017 10 20 09 50 170  6.2  7.0  0.56  3.45  3.03 136 1020.9  16.4  15.9 999.0 99.0 99.00
2017 10 20 10 50 190  6.6  7.7  0.64  3.45  3.26 130 1021.2  16.3  15.9 999.0 99.0 99.00
2017 10 20 11 50 189  6.7  7.8  0.59  3.70  3.25 138 1021.2  16.4  15.9 999.0 99.0 99.00
2017 10 20 12 50 183  6.6  7.7  0.64  3.85  3.27 134 1021.3  16.5  15.9 999.0 99.0 99.00
2017 10 20 13 50 180  6.7  7.7  0.61  4.00  3.35 137 1021.6  16.5  15.9 999.0 99.0 99.00
2017 10 20 14 50 193  7.5  8.6  0.63  4.00  3.39 142 1021.4  16.4  15.9 999.0 99.0 99.00
2017 10 20 15 50 185  7.5  8.7  0.65  4.17  3.48 141 1021.2  16.3  15.9 999.0 99.0 99.00
2017 10 20 16 50 192  7.5  8.6  0.72  4.35  3.58 136 1020.7  16.3  15.9 999.0 99.0 99.00
2017 10 20 17 50 188  7.0  8.3  0.71  4.35  3.68 142 1020.0  16.5  16.0 999.0 99.0 99.00
2017 10 20 18 50 189  6.3  7.3  0.73  4.35  3.77 146 1019.5  16.9  16.0 999.0 99.0 99.00
2017 10 20 19 50 170  6.0  6.8  0.72  4.35  3.82 151 1018.8  17.4  16.0 999.0 99.0 99.00
2017 10 20 20 50 161  5.6  6.6  0.61  4.35  3.72 148 1018.4  17.9  16.0 999.0 99.0 99.00
2017 10 20 21 50 151  6.4  7.2  0.52  4.17  3.44 160 1017.9  18.5  16.0 999.0 99.0 99.00
2017 10 20 22 50 147  6.5  7.4  0.47  4.17  3.24 157 1017.6  18.4  16.0 999.0 99.0 99.00
2017 10 20 23 50 151  6.2  7.2  0.46  3.85  3.13 159 1017.6  18.3  16.0 999.0 99.0 99.00
2017 10 21 00 50 155  7.0  8.0  0.42  3.45  2.91 156 1017.5  18.3  16.0 999.0 99.0 99.00
2017 10 21 01 50 154  7.6  8.4  0.48  3.23  2.97 153 1017.2  18.3  16.0 999.0 99.0 99.00
2017 10 21 02 50 158  8.1  9.3  0.57  3.23  2.97 151 1017.4  18.3  16.0 999.0 99.0 99.00
2017 10 21 03 50 167  7.7  8.8  0.62  3.33  3.01 147 1017.6  17.7  15.9 999.0 99.0 99.00
2017 10 21 04 50 180  7.8  8.9  0.71  3.45  3.41 151 1017.5  17.7  15.9 999.0 99.0 99.00
2017 10 21 05 50 184  8.4  9.8  0.76  3.85  3.38 148 1017.4  17.5  16.0 999.0 99.0 99.00
2017 10 21 06 50 182  8.3  9.6  0.74  3.85  3.38 144 1017.7  17.4  16.0 999.0 99.0 99.00
2017 10 21 07 50 193  7.8  8.9  0.74  4.00  3.43 156 1017.8  17.2  15.9 999.0 99.0 99.00
2017 10 21 08 50 174  7.8  9.3  0.83  4.35  3.76 153 1017.6  16.9  15.9 999.0 99.0 99.00
2017 10 21 09 50 179  7.1  8.6  0.69  4.35  3.60 149 1017.8  16.8  15.9 999.0 99.0 99.00
2017 10 21 10 50 182  8.4  9.8  0.74  4.35  3.85 146 1017.9  16.8  15.9 999.0 99.0 99.00
2017 10 21 11 50 170  8.2 10.5  0.84  4.55  3.88 144 1017.7  16.8  15.9 999.0 99.0 99.00
2017 10 21 12 50 161  9.2 10.6  0.90  4.76  4.02 150 1018.0  16.6  15.9 999.0 99.0 99.00
2017 10 21 13 50 162  9.7 11.7  0.94  4.55  3.98 154 1018.0  16.6  15.9 999.0 99.0 99.00
2017 10 21 14 50 169 10.2 12.8  1.15  4.76  4.11 145 1017.7  16.7  15.9 999.0 99.0 99.00
2017 10 21 15 50 175  9.6 10.9  1.31  5.00  4.28 144 1018.2  16.7  15.8 999.0 99.0 99.00
2017 10 21 16 50 158  9.5 11.6  1.35  5.56  4.41 157 1017.9  16.7  15.8 999.0 99.0 99.00
2017 10 21 17 50 156  9.5 11.2  1.25  5.26  4.20 160 1017.3  17.0  15.9 999.0 99.0 99.00
2017 10 21 18 50 148  9.0 10.7  1.16  5.26  3.95 161 1016.7  17.6  15.9 999.0 99.0 99.00
2017 10 21 19 50 146  9.9 11.6  1.09  5.00  3.85 158 1015.9  17.9  15.9 999.0 99.0 99.00
2017 10 21 20 50 150  9.6 11.0  1.06  4.55  3.76 158 1015.8  18.1  16.0 999.0 99.0 99.00
2017 10 21 21 50 151  9.4 10.5  0.90  4.35  3.58 147 1015.4  18.2  16.0 999.0 99.0 99.00
2017 10 21 22 50 148  8.0  9.2  0.83  4.35  3.53 153 1015.8  18.5  16.0 999.0 99.0 99.00
2017 10 21 23 50 151  8.8 10.4  0.87  4.35  3.67 151 1016.0  18.7  16.0 999.0 99.0 99.00
2017 10 22 00 50 144  7.5  8.5  0.85  4.17  3.68 139 1016.4  18.0  15.9 999.0 99.0 99.00
2017 10 22 01 50 149  7.6  8.9  0.78  4.17  3.70 149 1016.5  18.1  15.9 999.0 99.0 99.00
2017 10 22 02 50 143  8.0  9.3  0.81  4.17  3.72 137 1016.1  17.9  15.9 999.0 99.0 99.00
2017 10 22 03 50 160  8.8 10.5  0.97  4.35  3.90 143 1016.1  17.8  15.9 999.0 99.0 99.00
2017 10 22 04 50 166  9.1 10.7  0.97  4.17  3.88 147 1016.2  17.9  15.9 999.0 99.0 99.00
2017 10 22 05 50 163  9.1 10.5  1.06  4.35  4.05 148 1016.2  17.8  15.9 999.0 99.0 99.00
2017 10 22 06 50 156  8.8 10.6  1.24  4.76  4.39 148 1016.1  17.5  15.9 999.0 99.0 99.00
2017 10 22 07 50 144  9.3 11.0  1.17  5.26  4.29 151 1015.4  17.5  15.9 999.0 99.0 99.00
2017 10 22 08 50 149  9.1 10.7  1.22  4.76  4.19 144 1014.9  17.4  15.8 999.0 99.0 99.00
2017 10 22 09 50 146  9.6 11.4  1.00  5.00  3.96 145 1014.2  17.3  15.8 999.0 99.0 99.00
2017 10 22 10 50 143  9.3 10.7  1.00  4.55  3.75 143 1014.1  17.4  15.8 999.0 99.0 99.00
2017 10 22 11 50 138 10.4 12.0  1.05  4.55  3.75 142 1013.5  17.3  15.8 999.0 99.0 99.00
2017 10 22 12 50 141 10.4 12.5  1.13  4.76  3.84 146 1014.2  17.5  15.9 999.0 99.0 99.00
2017 10 22 13 50 148 10.5 12.3  1.10  4.55  3.82 140 1014.3  17.4  15.9 999.0 99.0 99.00
2017 10 22 14 50 154 10.0 11.4  1.16  4.76  3.88 140 1014.2  17.2  15.9 999.0 99.0 99.00
2017 10 22 15 50 165  9.4 11.4  1.18  4.76  3.93 144 1014.5  17.1  15.9 999.0 99.0 99.00
2017 10 22 16 50 168  8.9 10.1  1.15  5.00  4.02 142 1014.3  17.2  15.9 999.0 99.0 99.00
2017 10 22 17 50 158  8.7 10.2  1.00  4.76  3.98 141 1013.5  17.4  15.9 999.0 99.0 99.00
2017 10 22 18 50 166  8.1  9.6  1.09  4.76  4.01 138 1012.7  17.4  15.9 999.0 99.0 99.00
2017 10 22 19 50 189  6.2  7.0  0.94  4.55  4.05 145 1013.1  17.2  15.8 999.0 99.0 99.00
2017 10 22 20 50 359 12.6 14.8  0.90  5.26  3.54 209 1014.6  12.4  15.7 999.0 99.0 99.00
2017 10 22 21 50 359 12.6 14.8  1.44  4.76  3.93 336 1015.0  12.6  15.5 999.0 99.0 99.00
2017 10 22 22 50 357 10.3 12.0  1.61  5.56  4.32   2 1015.9  12.4  15.1 999.0 99.0 99.00
2017 10 22 23 50   6  9.6 11.0  1.43  5.26  4.32 350 1016.5  12.4  14.6 999.0 99.0 99.00
2017 10 23 00 50  13  9.0 10.3  1.26  5.56  4.23   7 1016.7  12.4  14.3 999.0 99.0 99.00
2017 10 23 01 50  20  7.7  8.8  1.38  5.56  4.41 357 1016.2  12.8  15.2 999.0 99.0 99.00
2017 10 23 02 50  19  6.3  7.4  1.04  5.56  4.20  12 1016.5  13.0  15.6 999.0 99.0 99.00
2017 10 23 03 50 356  6.0  7.0  0.88  5.00  4.13  24 1016.2  12.9  15.7 999.0 99.0 99.00
2017 10 23 04 50 360  5.9  6.8  0.84  5.56  4.11  26 1015.8  12.7  15.7 999.0 99.0 99.00
2017 10 23 05 50   1  6.5  7.8  0.79  5.00  3.96  24 1015.1  12.5  15.7 999.0 99.0 99.00
2017 10 23 06 50 359  7.4  8.7  0.77  4.76  3.94  26 1014.6  12.4  15.7 999.0 99.0 99.00
2017 10 23 07 50 357  8.0  9.2  0.74  5.00  3.91  31 1014.1  12.2  15.7 999.0 99.0 99.00
2017 10 23 08 50   6  7.8  9.3  0.71  4.00  3.85  28 1013.6  12.0  15.7 999.0 99.0 99.00
2017 10 23 09 50   5  7.8  9.2  0.85  4.35  3.84  31 1013.4  12.3  15.7 999.0 99.0 99.00
2017 10 23 10 50 356  8.3  9.8  0.84  4.55  3.78  42 1013.2  12.6  15.7 999.0 99.0 99.00
2017 10 23 11 50   8  8.1  9.4  0.88  4.17  3.78  19 1012.5  12.5  15.7 999.0 99.0 99.00
2017 10 23 12 50  11  9.6 11.3  0.88  4.35  3.61  41 1011.3  12.6  15.7 999.0 99.0 99.00
2017 10 23 13 50  19 10.4 11.9  1.04  4.76  3.80  35 1010.3  12.7  15.6 999.0 99.0 99.00
2017 10 23 14 50  26  7.5  8.6  1.06  4.55  3.89  29 1010.3  12.7  15.6 999.0 99.0 99.00
2017 10 23 15 50  28  7.8  8.9  0.98  4.76  3.77  39 1009.0  12.4  15.4 999.0 99.0 99.00
2017 10 23 16 50  22  6.9  8.1  0.84  4.35  3.55  41 1008.4  12.5  14.9 999.0 99.0 99.00
2017 10 23 17 50   1  7.7  8.8  0.76  4.35  3.71  46 1006.8  12.1  14.8 999.0 99.0 99.00
2017 10 23 18 50 351  7.9  9.3  0.70  4.35  3.47  44 1005.8  12.4  15.2 999.0 99.0 99.00
2017 10 23 19 50   2  9.8 11.6  0.77  4.17  3.49  41 1003.5  12.6  15.4 999.0 99.0 99.00
2017 10 23 20 50 350  8.6 10.3  0.84  4.17  3.69  37 1004.5  12.5  15.5 999.0 99.0 99.00
2017 10 23 21 50 353  7.8  9.3  0.89  4.55  3.92  35 1003.5  13.0  15.5 999.0 99.0 99.00
2017 10 23 22 50 339  9.9 11.7  0.90  4.76  3.91  38 1003.0  12.8  15.5 999.0 99.0 99.00
2017 10 23 23 50 337  8.1  9.7  1.04  4.76  4.18  37 1003.1  12.8  15.5 999.0 99.0 99.00
2017 10 24 00 45 323  8.5 10.2  1.04  5.26  4.13  56 1002.8  12.6  15.5 999.0 99.0 99.00
2017 10 24 01 50 324  6.6  8.2  0.93  5.00  4.10  52 1002.5  12.6  15.5 999.0 99.0 99.00
2017 10 24 02 50 305  6.4  8.4  0.86  5.26  4.03  52 1001.5  12.4  15.5 999.0 99.0 99.00
2017 10 24 03 50 300  5.5  6.7  0.74  5.00  3.84  45 1000.7  12.1  15.5 999.0 99.0 99.00
2017 10 24 04 50 300  6.5  8.0  0.68  5.00  3.77  37 1000.1  12.2  15.5 999.0 99.0 99.00
2017 10 24 05 50 312  8.2 10.2  0.69  5.00  3.59  44  999.6  12.1  15.5 999.0 99.0 99.00
2017 10 24 06 50 316  8.2  9.5 99.00 99.00 99.00 999  998.7  12.1  15.5 999.0 99.0 99.00
2017 10 24 07 50 315  7.7  9.0  0.85  4.00  3.54 287  998.2  11.6  15.5 999.0 99.0 99.00
2017 10 24 08 50 310  6.9  8.3  0.89  4.55  3.65 317  997.6  11.3  15.5 999.0 99.0 99.00
2017 10 24 09 50 309  6.5  7.3  0.89  4.55  3.84 301  997.4  11.1  15.4 999.0 99.0 99.00
2017 10 24 10 50 331  5.2  7.0  0.98  4.35  3.88 302  997.4  11.2  15.3 999.0 99.0 99.00
2017 10 24 11 50 347  6.7  8.0  0.82  4.35  3.71 313  997.3  11.1  15.1 999.0 99.0 99.00
2017 10 24 12 50 347  7.5  8.9  0.84  4.17  3.87 311  997.6  11.0  14.7 999.0 99.0 99.00
2017 10 24 13 50 351  7.4  8.4  0.86  4.17  3.85 321  998.2  10.7  15.1 999.0 99.0 99.00
2017 10 24 14 50 327  7.9  9.6  0.83  4.55  3.87 332  998.4  10.6  15.3 999.0 99.0 99.00
2017 10 24 15 50 332 12.2 14.1  0.99  4.17  3.87 356  998.7  10.2  15.3 999.0 99.0 99.00
2017 10 24 16 50 322 11.3 13.8  1.42  5.00  4.41 352  999.5   9.8  15.3 999.0 99.0 99.00
2017 10 24 17 50 317 13.0 14.9  1.56  5.56  4.66 353  999.5   9.8  15.4 999.0 99.0 99.00
2017 10 24 18 50 313 13.8 17.1  1.79  5.56  4.72 349  999.9   9.6  15.3 999.0 99.0 99.00
2017 10 24 19 50 318 13.9 17.0  1.99  6.25  5.01 354 1000.7   9.5  15.3 999.0 99.0 99.00
2017 10 24 20 50 323 14.5 17.4  2.19  6.25  5.14 356 1001.6   9.5  15.3 999.0 99.0 99.00
2017 10 24 21 50 318 13.5 16.5  2.41  6.25  5.19 354 1002.6   9.5  15.3 999.0 99.0 99.00
2017 10 24 22 50 317 13.9 16.5  2.64  6.67  5.44 353 1003.6   9.4  15.2 999.0 99.0 99.00
2017 10 24 23 50 319 13.1 16.4  2.36  6.67  5.24 355 1004.5   9.4  15.2 999.0 99.0 99.00
2017 10 25 00 50 314 12.6 15.8  2.29  6.25  5.10 356 1005.2   9.3  15.0 999.0 99.0 99.00
2017 10 25 01 50 326 13.7 16.8  2.46  6.67  5.25  21 1005.2   9.5  14.7 999.0 99.0 99.00
2017 10 25 02 50 322 12.2 15.0  2.54  5.88  5.52 351 1005.7   9.7  14.6 999.0 99.0 99.00
2017 10 25 03 50 309 11.2 13.9  2.47  8.33  5.68  46 1005.6   9.5  14.5 999.0 99.0 99.00
2017 10 25 04 50 319 11.1 14.3  2.31  7.69  5.62  42 1005.8   9.4  14.6 999.0 99.0 99.00
2017 10 25 05 50 329 11.1 14.2  2.32  8.33  5.71  45 1005.7   9.1  14.8 999.0 99.0 99.00
2017 10 25 06 50 329 10.2 12.8  2.35  8.33  5.81  41 1005.5   8.8  14.8 999.0 99.0 99.00
2017 10 25 07 50 325 10.4 12.3  2.09  7.69  5.55  41 1005.7   8.3  14.8 999.0 99.0 99.00
2017 10 25 08 50 327  8.9 11.7  2.14  9.09  5.69  41 1005.6   7.6  14.8 999.0 99.0 99.00
2017 10 25 09 50 329  8.9 11.9  2.14  9.09  5.78  42 1005.9   7.8  14.8 999.0 99.0 99.00
2017 10 25 10 50 329  8.7 10.5  2.04  8.33  5.74  42 1006.0   7.4  14.8 999.0 99.0 99.00
2017 10 25 11 50 330  7.0  8.6  2.33  8.33  6.19  42 1006.0   7.3  14.8 999.0 99.0 99.00
2017 10 25 12 50 320  6.7  8.5  1.92  7.69  5.75  38 1006.3   6.8  14.8 999.0 99.0 99.00
2017 10 25 13 50 311  5.3  7.4  1.66  7.69  5.55  40 1006.7   6.9  14.8 999.0 99.0 99.00
2017 10 25 14 50 314  5.8  7.9  1.62  7.69  5.49  41 1007.2   6.9  14.8 999.0 99.0 99.00
2017 10 25 15 50 319  6.3  9.2  1.52  7.14  5.31  43 1007.7   6.8  14.8 999.0 99.0 99.00
2017 10 25 16 50 325  6.2  8.3  1.40  7.14  4.92  46 1007.9   6.9  14.8 999.0 99.0 99.00
2017 10 25 17 50 325  4.7  7.3  1.24  6.25  4.67  38 1007.8   6.9  14.8 999.0 99.0 99.00
2017 10 25 18 50 314  3.4  5.4  1.12  7.69  4.53  41 1007.7   7.0  14.8 999.0 99.0 99.00
2017 10 25 19 50 310  3.4  5.0  1.00  7.14  4.69  43 1008.1   7.5  14.7 999.0 99.0 99.00
2017 10 25 20 50 320  2.3  3.6  0.78  6.25  4.42  33 1008.5   8.0  14.7 999.0 99.0 99.00
2017 10 25 21 50 357  1.3  2.2  0.70  6.67  4.52  37 1009.2   8.4  14.7 999.0 99.0 99.00
2017 10 25 22 50 198  0.6  1.3  0.66  6.67  4.44  17 1009.8   8.2  14.4 999.0 99.0 99.00
2017 10 25 23 50 321  1.6  2.5  0.51  5.88  4.31  11 1010.5   8.4  14.2 999.0 99.0 99.00
2017 10 26 00 50  70  0.2  0.8  0.55  5.88  4.45   7 1010.9   8.4  14.1 999.0 99.0 99.00
2017 10 26 01 50 196  0.6  1.3  0.48  5.56  4.51 341 1011.1   8.6  14.1 999.0 99.0 99.00
2017 10 26 02 50 209  0.5  1.1  0.46  6.25  4.69 326 1011.4   8.7  14.1 999.0 99.0 99.00
2017 10 26 03 50 103  0.8  1.8  0.42  5.56  4.47 319 1011.5   8.9  14.2 999.0 99.0 99.00
2017 10 26 04 50 124  1.6  2.8  0.42  5.88  4.57 322 1011.4   9.2  14.4 999.0 99.0 99.00
2017 10 26 05 50 114  2.0  3.0  0.36  5.26  4.40 325 1011.7   9.2  14.5 999.0 99.0 99.00
2017 10 26 06 50 109  3.2  4.4  0.33  5.56  4.29 331 1011.1   9.4  14.5 999.0 99.0 99.00
2017 10 26 07 50 133  3.3  4.6  0.29  5.26  4.13 331 1011.3   9.6  14.6 999.0 99.0 99.00
2017 10 26 08 50 115  4.0  5.2  0.22 99.00  3.92 999 1011.0   9.8  14.6 999.0 99.0 99.00
2017 10 26 09 50 126  4.3  6.0  0.22 99.00  3.45 999 1011.2  10.0  14.6 999.0 99.0 99.00
2017 10 26 10 50 128  5.1  6.7  0.24 99.00  3.03 999 1011.3  10.2  14.6 999.0 99.0 99.00
2017 10 26 11 50 142  6.6  8.4  0.41  3.03  2.93 116 1011.2  10.2  14.6 999.0 99.0 99.00
2017 10 26 12 50 142  7.5  9.5  0.55  3.57  3.21 108 1011.7  10.2  14.6 999.0 99.0 99.00
2017 10 26 13 50 144  7.6  9.5  0.68  3.85  3.40 120 1012.0  10.2  14.5 999.0 99.0 99.00
2017 10 26 14 50 144  8.0  9.6  0.86  4.00  3.62 126 1011.7  10.3  14.3 999.0 99.0 99.00
2017 10 26 15 50 136  9.1 10.6  1.09  4.55  4.00 120 1011.2  10.4  14.2 999.0 99.0 99.00
2017 10 26 16 50 132  9.5 11.3  1.18  4.55  4.06 130 1010.7  10.5  14.2 999.0 99.0 99.00
2017 10 26 17 50 128  8.8 10.5  1.14  4.76  4.18 132 1009.7  10.8  14.2 999.0 99.0 99.00
2017 10 26 18 50 127  9.6 11.6  1.17  4.76  3.97 141 1008.3  11.4  14.2 999.0 99.0 99.00
2017 10 26 19 50 119 10.1 11.9  1.23  5.00  4.03 153 1007.5  11.9  14.2 999.0 99.0 99.00
2017 10 26 20 50 117 10.6 12.3  1.33  5.00  4.22 153 1006.6  12.4  14.2 999.0 99.0 99.00
2017 10 26 21 50 104 11.4 13.7  1.24  5.00  3.98 163 1005.5  12.9  14.1 999.0 99.0 99.00
2017 10 26 22 50  97 11.7 14.2  1.28  4.76  4.02 140 1004.8  13.2  14.2 999.0 99.0 99.00
2017 10 26 23 50 101 11.7 13.7  1.43  5.00  4.22 137 1005.6  13.2  14.4 999.0 99.0 99.00
2017 10 27 00 50 112 10.4 12.7  1.50  5.00  4.30 124 1005.9  13.1  14.5 999.0 99.0 99.00
2017 10 27 01 50 109 10.7 12.4  1.56  5.56  4.46 134 1005.2  13.1  14.5 999.0 99.0 99.00
2017 10 27 02 50 113 11.0 13.4  1.64  5.56  4.59 131 1004.3  13.2  14.6 999.0 99.0 99.00
2017 10 27 03 50 118 12.1 14.4  1.65  5.26  4.60 123 1002.8  13.3  14.6 999.0 99.0 99.00
2017 10 27 04 50 129 10.8 13.2  1.67  5.56  4.72 122 1002.1  13.7  14.6 999.0 99.0 99.00
2017 10 27 05 50 143 11.0 13.3  1.54  5.88  4.55 129 1001.0  13.9  14.5 999.0 99.0 99.00
2017 10 27 06 50 193 11.0 13.2  1.56  5.56  4.74 128 1000.5  14.4  14.5 999.0 99.0 99.00
2017 10 27 07 50 265 10.0 11.5  1.43  5.88  4.63 133 1000.6  13.1  14.4 999.0 99.0 99.00
2017 10 27 08 50 285 11.8 14.6  1.48  5.56  4.54 172 1001.4  11.7  14.4 999.0 99.0 99.00
2017 10 27 09 50 299 12.0 14.0  1.48  5.26  4.44 202 1002.2  10.0  14.4 999.0 99.0 99.00
2017 10 27 10 50 296 12.3 14.7  1.60  5.00  4.55 258 1003.3   8.6  14.3 999.0 99.0 99.00
2017 10 27 11 50 295 10.4 12.8  1.84  5.56  4.84 260 1004.4   7.5  14.3 999.0 99.0 99.00
2017 10 27 12 50 290  9.7 11.6  1.88  5.88  4.89 275 1005.5   6.8  14.3 999.0 99.0 99.00
2017 10 27 13 50 283 10.0 13.1  1.73  5.88  4.88 273 1006.2   6.0  14.2 999.0 99.0 99.00
2017 10 27 14 50 280  9.7 11.5  1.91  5.88  5.04 261 1007.2   5.5  14.2 999.0 99.0 99.00
2017 10 27 15 50 279 10.0 12.0  1.59  5.88  4.67 248 1007.7   5.1  14.2 999.0 99.0 99.00
2017 10 27 16 50 257 10.3 12.6  1.58  5.88  4.61 247 1008.0   5.0  14.2 999.0 99.0 99.00
2017 10 27 17 50 273 11.9 14.8  1.63  5.56  4.56 246 1007.8   4.6  14.2 999.0 99.0 99.00
2017 10 27 18 50 260 11.3 13.8  1.73  5.26  4.67 232 1007.8   4.9  14.2 999.0 99.0 99.00
2017 10 27 19 50 265 10.4 13.5  1.67  5.56  4.58 221 1007.7   5.4  14.2 999.0 99.0 99.00
2017 10 27 20 50 256 10.7 13.0  1.66  5.26  4.59 212 1008.1   5.7  14.2 999.0 99.0 99.00
2017 10 27 21 50 259 10.9 12.9  1.62  5.56  4.44 198 1008.6   5.7  14.1 999.0 99.0 99.00
2017 10 27 22 50 255 10.2 14.0  1.42  5.56  4.36 209 1008.8   5.9  14.0 999.0 99.0 99.00
2017 10 27 23 50 266 11.8 14.3  1.57  5.56  4.50 203 1009.1   6.4  14.0 999.0 99.0 99.00
2017 10 28 00 50 277 11.2 13.4  1.55  5.56  4.59 205 1009.0   6.4  13.9 999.0 99.0 99.00
2017 10 28 01 50 266 11.3 13.7  1.47  5.88  4.46 211 1008.5   6.4  13.9 999.0 99.0 99.00
2017 10 28 02 50 273 11.3 14.0  1.51  5.56  4.57 195 1008.1   6.1  13.7 999.0 99.0 99.00
2017 10 28 03 50 267 10.3 13.0  1.53  5.26  4.61 209 1008.1   6.0  13.7 999.0 99.0 99.00
2017 10 28 04 50 268 10.3 12.5  1.67  5.88  4.82 202 1007.8   6.0  13.7 999.0 99.0 99.00
2017 10 28 05 50 263 10.8 13.4  1.57  5.88  4.58 190 1007.6   5.6  13.8 999.0 99.0 99.00
2017 10 28 06 50 276 10.8 13.8  1.56  5.88  4.61 201 1007.1   5.2  13.8 999.0 99.0 99.00
2017 10 28 07 50 272  9.1 12.0  1.43  5.88  4.55 190 1007.0   5.2  13.8 999.0 99.0 99.00
2017 10 28 08 50 283  8.4 10.6  1.28  5.88  4.42 205 1006.9   5.0  13.8 999.0 99.0 99.00
2017 10 28 09 50 276  8.6 11.2  1.28  5.56  4.25 212 1007.3   5.3  13.8 999.0 99.0 99.00
2017 10 28 10 50 292  8.3  9.9  1.20  4.76  4.12 224 1007.5   5.5  13.8 999.0 99.0 99.00
2017 10 28 11 50 277  9.7 12.2  1.20  5.26  4.11 227 1007.8   5.1  13.8 999.0 99.0 99.00
2017 10 28 12 50 295  9.2 11.1  1.16  4.76  4.02 239 1008.2   5.0  13.8 999.0 99.0 99.00
2017 10 28 13 50 302  8.9 11.6  1.08  4.76  3.93 253 1008.8   4.6  13.8 999.0 99.0 99.00
2017 10 28 14 50 304 10.8 13.2  1.40  4.55  4.15 280 1008.7   4.4  13.8 999.0 99.0 99.00
2017 10 28 15 50 309 11.0 13.2  1.50  5.00  4.25 292 1009.1   4.7  13.8 999.0 99.0 99.00
2017 10 28 16 50 300  9.9 12.8  1.51  5.26  4.44 321 1009.7   4.7  13.7 999.0 99.0 99.00
2017 10 28 17 50 305  8.9 11.3  1.47  5.56  4.38 333 1009.7   4.9  13.7 999.0 99.0 99.00
2017 10 28 18 50 308  9.6 11.8  1.42  5.00  4.39 316 1009.7   5.1  13.6 999.0 99.0 99.00
2017 10 28 19 50 301  8.7 11.3  1.29  5.26  4.28 338 1010.3   5.2  13.5 999.0 99.0 99.00
2017 10 28 20 50 308  8.1 10.6  1.19  5.26  4.28 340 1010.8   5.5  13.6 999.0 99.0 99.00
2017 10 28 21 50 302  8.0 10.0  1.21  4.76  4.11 329 1011.0   5.7  13.6 999.0 99.0 99.00
2017 10 28 22 50 316  6.5  9.0  1.02  5.00  4.08 345 1011.5   6.1  13.7 999.0 99.0 99.00
2017 10 28 23 50 311  7.8  9.6  1.01  5.00  4.18 348 1011.8   6.4  13.7 999.0 99.0 99.00
2017 10 29 00 50 321  7.4  9.3  0.96  5.00  4.03 354 1012.1   6.5  13.7 999.0 99.0 99.00
2017 10 29 01 50 319  7.9  9.9  1.02  5.00  4.13   1 1012.2   6.4  13.7 999.0 99.0 99.00
2017 10 29 02 50 334  7.8  9.3  1.00  4.76  4.09 353 1012.2   6.2  13.6 999.0 99.0 99.00
2017 10 29 03 50 319  8.1 10.3  0.98  4.76  4.00 357 1012.1   6.2  13.6 999.0 99.0 99.00
2017 10 29 04 50 310  8.5 10.2  1.04  4.76  4.02 354 1012.0   6.0  13.6 999.0 99.0 99.00
2017 10 29 05 50 322  8.4 10.2  0.99  4.76  3.97 358 1012.0   5.8  13.5 999.0 99.0 99.00
2017 10 29 06 50 320  8.3 10.5  1.00  4.55  3.92 359 1011.7   5.9  13.5 999.0 99.0 99.00
2017 10 29 07 50 327  6.9  8.5  0.91  5.00  3.80   5 1011.6   5.8  13.5 999.0 99.0 99.00
2017 10 29 08 50 320  5.1  7.5  0.98  5.00  3.93   8 1011.4   5.9  13.5 999.0 99.0 99.00
2017 10 29 09 50 316  6.6  8.3  0.90  5.00  4.01  17 1011.1   5.9  13.5 999.0 99.0 99.00
2017 10 29 10 50 300  8.1  9.6  1.04  5.26  3.99  30 1011.1   5.6  13.6 999.0 99.0 99.00
2017 10 29 11 50 307  8.1  9.6  1.02  4.35  4.06   1 1011.0   5.5  13.6 999.0 99.0 99.00
2017 10 29 12 50 312  7.2  9.4  0.95  3.57  3.97 323 1011.2   5.5  13.6 999.0 99.0 99.00
2017 10 29 13 50 322  5.9  6.9  0.88  4.35  3.97  18 1011.7   5.5  13.6 999.0 99.0 99.00
2017 10 29 14 50 325  6.1  7.8  0.85  4.55  3.91  24 1011.5   5.5  13.6 999.0 99.0 99.00
2017 10 29 15 50 317  5.6  7.1  0.82  6.25  4.07  38 1011.4   5.3  13.6 999.0 99.0 99.00
2017 10 29 16 50 323  5.5  6.9  0.72  6.25  3.93  39 1011.1   5.3  13.5 999.0 99.0 99.00
2017 10 29 17 50 310  5.5  7.0  0.69  5.88  3.97  33 1010.6   5.5  13.5 999.0 99.0 99.00
2017 10 29 18 50 299  4.2  5.8  0.64  5.56  3.81  34 1010.3   5.5  13.4 999.0 99.0 99.00
2017 10 29 19 50 265  3.4  5.3  0.56  5.88  3.71  18 1009.8   5.7  13.4 999.0 99.0 99.00
2017 10 29 20 50 230  4.4  6.2  0.52  5.88  3.83 344 1009.2   5.6  13.4 999.0 99.0 99.00
2017 10 29 21 50 193  5.2  6.7  0.44  5.00  3.56 335 1008.9   6.0  13.3 999.0 99.0 99.00
2017 10 29 22 50 222  6.1  7.8  0.40  5.26  3.18 321 1008.5   6.8  13.3 999.0 99.0 99.00
2017 10 29 23 50 228  6.6  8.3  0.40  2.47  2.93 186 1008.4   7.6  13.3 999.0 99.0 99.00
2017 10 30 00 50 243  6.2  7.9  0.45  2.86  2.98 194 1007.9   7.8  13.3 999.0 99.0 99.00
2017 10 30 01 50 246  5.8  7.7  0.54  3.23  3.21 189 1007.4   8.2  13.3 999.0 99.0 99.00
2017 10 30 02 50 254  8.1  9.3  0.58  3.70  3.17 185 1007.0   8.4  13.3 999.0 99.0 99.00
2017 10 30 04 50 268 10.3 12.4  1.00  4.17  3.66 192 1005.0   8.9  13.3 999.0 99.0 99.00
2017 10 30 05 50 287 11.3 13.5  1.17  4.76  3.94 220 1004.7   8.2  13.3 999.0 99.0 99.00
2017 10 30 06 50 293  8.2 10.0  1.29  4.55  4.24 247 1004.3   7.0  13.3 999.0 99.0 99.00
2017 10 30 07 50 290  8.8 11.3  1.11  5.00  4.03 225 1003.6   7.4  13.3 999.0 99.0 99.00
2017 10 30 08 50 282  7.2  8.7  1.05  4.76  3.98 213 1002.7   7.5  13.3 999.0 99.0 99.00
2017 10 30 09 50 290  8.5 11.2  1.01  4.76  3.99 226 1002.3   7.3  13.3 999.0 99.0 99.00
2017 10 30 10 50 306  9.2 11.2  0.96  4.35  3.87 275 1002.1   7.4  13.2 999.0 99.0 99.00
2017 10 30 11 50 314  9.3 11.4  0.99  4.17  3.88 287 1002.1   7.2  13.2 999.0 99.0 99.00
2017 10 30 12 50 310  9.2 12.4  1.16  4.35  4.08 302 1002.1   6.9  13.2 999.0 99.0 99.00
2017 10 30 13 50 310 10.6 12.6  1.23  4.55  4.06 286 1002.4   6.9  13.2 999.0 99.0 99.00
2017 10 30 14 50 315 11.4 13.6  1.33  4.55  4.10 317 1002.6   6.7  13.1 999.0 99.0 99.00
2017 10 30 15 50 316 11.0 13.4  1.64  5.26  4.49 309 1002.8   7.3  13.1 999.0 99.0 99.00
2017 10 30 16 50 301  9.6 11.6  1.60  5.56  4.58 323 1003.4   7.3  13.1 999.0 99.0 99.00
2017 10 30 17 50 289  9.8 13.0  1.34  5.26  4.27 310 1003.0   8.1  13.1 999.0 99.0 99.00
2017 10 30 18 50 301 12.3 16.6  1.53  5.00  4.33 295 1002.8   8.5  13.1 999.0 99.0 99.00
2017 10 30 19 50 310 13.3 16.2  1.58  5.00  4.29 305 1003.6   6.9  13.1 999.0 99.0 99.00
2017 10 30 20 50 299 13.8 16.4  2.01  5.56  4.68 296 1004.2   7.7  13.1 999.0 99.0 99.00
2017 10 30 21 50 299 13.9 16.9  2.45  5.88  5.22 302 1005.2   7.4  13.0 999.0 99.0 99.00
2017 10 30 22 50 291 14.9 17.2  2.48  6.25  5.27 289 1005.9   6.9  13.0 999.0 99.0 99.00
2017 10 30 23 50 301 14.1 18.2  2.62  6.25  5.36 292 1007.1   6.5  13.0 999.0 99.0 99.00
2017 10 31 00 50 301 12.2 15.4  2.43  6.25  5.19 306 1008.0   6.8  13.1 999.0 99.0 99.00
2017 10 31 01 50 298 13.4 16.1  2.17  5.88  5.06 319 1008.8   6.7  13.1 999.0 99.0 99.00
2017 10 31 02 50 289 13.2 16.9  1.81  5.26  4.62 294 1009.5   6.5  13.1 999.0 99.0 99.00
2017 10 31 03 50 300 13.3 16.5  2.12  5.88  4.96 278 1010.0   5.5  13.1 999.0 99.0 99.00
2017 10 31 04 50 292 12.8 16.0  2.09  6.25  5.04 279 1010.5   5.7  13.1 999.0 99.0 99.00
2017 10 31 05 50 297 13.3 16.8  1.95  5.88  4.96 278 1011.1   4.7  13.1 999.0 99.0 99.00
2017 10 31 06 50 298 13.3 16.0  2.12  5.88  5.04 287 1011.6   4.5  13.0 999.0 99.0 99.00
2017 10 31 07 50 303 11.9 15.3  2.20  5.88  5.21 286 1012.5   4.3  12.9 999.0 99.0 99.00
2017 10 31 08 50 303 12.0 15.5  2.15  5.88  5.01 290 1012.9   3.9  12.9 999.0 99.0 99.00
2017 10 31 09 50 302 13.1 16.9  2.19  6.25  5.05 298 1013.6   3.8  12.8 999.0 99.0 99.00
2017 10 31 10 50 308 12.3 15.2  2.38  5.88  5.25 309 1014.9   3.6  12.7 999.0 99.0 99.00
2017 10 31 11 50 307 11.5 14.2  2.33  6.25  5.12 311 1016.0   3.4  12.7 999.0 99.0 99.00
2017 10 31 12 50 306 10.8 14.4  2.08  5.88  5.00 309 1017.2   3.4  12.7 999.0 99.0 99.00
2017 10 31 13 50 307 11.0 13.9  1.95  5.88  4.96 322 1018.2   3.0  12.7 999.0 99.0 99.00
2017 10 31 14 50 305  9.6 12.5  1.61  5.56  4.72 317 1019.5   3.2  12.7 999.0 99.0 99.00
2017 10 31 15 50 308  8.2 10.9  1.45  5.26  4.52 314 1020.1   3.2  12.7 999.0 99.0 99.00
2017 10 31 16 50 293  6.4  9.2  1.28  5.26  4.30 335 1020.9   3.2  12.6 999.0 99.0 99.00
2017 10 31 17 50 285  6.5  9.8  1.09  5.26  4.20 336 1020.7   3.3  12.6 999.0 99.0 99.00
2017 10 31 18 50 279  5.7  7.7  0.90  5.00  3.91 333 1020.5   3.3  12.6 999.0 99.0 99.00
2017 10 31 19 50 279  4.9  7.3  0.84  4.55  3.96 329 1020.1   3.3  12.5 999.0 99.0 99.00
2017 10 31 20 50 259  4.9  7.1  0.68  4.00  3.80 295 1019.9   3.7  12.5 999.0 99.0 99.00
2017 10 31 21 50 242  5.2  6.7  0.63  3.70  3.73 242 1019.8   4.0  12.4 999.0 99.0 99.00
2017 10 31 22 50 222  5.2  7.6  0.60  4.35  3.64 299 1019.7   4.5  12.3 999.0 99.0 99.00
2017 10 31 23 50 246  6.3  8.0  0.56  4.00  3.52 300 1019.8   4.6  12.2 999.0 99.0 99.00
2017 11 01 00 50 215  6.7  8.9  0.58  3.23  3.42 199 1019.5   4.9  12.2 999.0 99.0 99.00
2017 11 01 01 50 237  6.9  8.9  0.64  3.33  3.24 179 1019.4   5.0  12.2 999.0 99.0 99.00
2017 11 01 02 50 263  6.5  8.4  0.71  3.45  3.37 197 1019.2   4.7  12.2 999.0 99.0 99.00
2017 11 01 03 50 269  6.8  8.6  0.68  3.85  3.42 202 1019.4   4.8  12.2 999.0 99.0 99.00
2017 11 01 04 50 239  5.3  7.7  0.64  4.00  3.45 205 1019.1   4.6  12.3 999.0 99.0 99.00
2017 11 01 05 50 244  6.9  9.5  0.64  3.70  3.36 197 1018.8   4.8  12.4 999.0 99.0 99.00
2017 11 01 06 50 221  7.0  9.3  0.61  3.70  3.27 192 1018.3   5.2  12.4 999.0 99.0 99.00
2017 11 01 07 50 232  7.2 10.1  0.60  4.00  3.32 164 1018.2   5.2  12.5 999.0 99.0 99.00
2017 11 01 08 50 247  6.7  9.1  0.70  4.00  3.48 183 1017.7   5.3  12.5 999.0 99.0 99.00
2017 11 01 09 50 248  6.4  8.6  0.64  4.17  3.47 169 1017.6   5.3  12.5 999.0 99.0 99.00
2017 11 01 10 50 237  6.6  8.6  0.62  4.35  3.51 164 1017.4   5.6  12.5 999.0 99.0 99.00
2017 11 01 11 50 217  6.7  8.9  0.62  4.17  3.44 165 1016.9   5.7  12.4 999.0 99.0 99.00
2017 11 01 12 50 222  7.6  9.3  0.69  4.00  3.47 163 1017.3   5.7  12.3 999.0 99.0 99.00
2017 11 01 13 50 215  7.2  9.3  0.78  4.55  3.69 152 1017.5   6.0  12.2 999.0 99.0 99.00
2017 11 01 14 50 223  7.7 10.2  0.84  4.35  3.75 156 1017.7   6.0  12.2 999.0 99.0 99.00
2017 11 01 15 50 208  7.0  9.3  0.87  4.76  3.78 146 1017.4   6.0  12.1 999.0 99.0 99.00
2017 11 01 16 50 180  7.8  9.5  0.92  4.76  3.82 150 1016.6   6.2  12.1 999.0 99.0 99.00
2017 11 01 17 50 166  8.3 11.3  0.95  4.35  3.79 153 1015.7   6.4  12.1 999.0 99.0 99.00
2017 11 01 18 50 164  8.5 10.3  0.97  4.55  3.81 152 1015.1   6.5  12.1 999.0 99.0 99.00
2017 11 01 19 50 156  8.3 10.6  0.95  4.55  3.82 153 1014.1   6.8  12.2 999.0 99.0 99.00
2017 11 01 20 50 150  8.9 12.2  0.97  4.55  3.81 150 1014.1   7.3  12.3 999.0 99.0 99.00
2017 11 01 21 50 161  8.7 10.4  0.94  4.55  3.72 146 1013.6   6.7  12.4 999.0 99.0 99.00
2017 11 01 22 50 137  8.2  9.9  1.00  4.35  3.76 144 1012.8   6.8  12.4 999.0 99.0 99.00
2017 11 01 23 50 140  8.6 10.3  1.00  4.76  3.77 150 1012.9   6.5  12.3 999.0 99.0 99.00
2017 11 02 00 50 115  8.9 10.6  0.97  4.17  3.77 133 1012.1   7.0  12.3 999.0 99.0 99.00
2017 11 02 01 50 108  9.6 11.1  1.15  4.55  4.00 139 1011.5   7.5  12.2 999.0 99.0 99.00
2017 11 02 02 50 105  9.9 12.1  1.18  4.76  4.06 147 1010.6   7.6  12.2 999.0 99.0 99.00
2017 11 02 03 50 117 10.2 11.9  1.28  4.76  4.19 117 1010.4   7.8  12.2 999.0 99.0 99.00
2017 11 02 04 50 141  8.7 10.3  1.50  5.00  4.51 114 1010.5   8.4  12.1 999.0 99.0 99.00
2017 11 02 05 50 163  8.0  9.3  1.34  5.26  4.45 112 1010.4   8.9  12.1 999.0 99.0 99.00
2017 11 02 06 50 218  7.6  9.5  1.28  5.26  4.44 115 1010.0   9.4  12.1 999.0 99.0 99.00
2017 11 02 07 50 244  7.0  8.1  1.03  5.00  4.05 127 1010.0   9.6  12.1 999.0 99.0 99.00
2017 11 02 08 50 258  6.6  8.2  0.85  4.55  3.77 136 1010.3   9.4  12.1 999.0 99.0 99.00
2017 11 02 09 50 276  6.8  7.8  0.69  4.35  3.51 155 1010.8   9.4  12.1 999.0 99.0 99.00
2017 11 02 10 50 275  5.8  7.1  0.72  4.00  3.48 182 1011.0   9.4  12.1 999.0 99.0 99.00
2017 11 02 11 50 261  4.4  5.7  0.56  4.00  3.41 174 1011.2   9.4  12.1 999.0 99.0 99.00
2017 11 02 12 50 289  5.6  6.9  0.47  3.85  3.30 202 1012.6   9.5  12.1 999.0 99.0 99.00
2017 11 02 13 50 299  5.4  6.5  0.49  3.57  3.15 214 1013.5   9.1  12.1 999.0 99.0 99.00
2017 11 02 14 50 264  2.1  2.9  0.41  3.70  3.07 201 1013.4   9.1  12.1 999.0 99.0 99.00
2017 11 02 15 50 236  1.1  2.0  0.33  3.33  3.03 188 1013.1   9.2  12.1 999.0 99.0 99.00
2017 11 02 16 50 282  1.5  2.2  0.27  3.33  2.96 166 1013.7   9.5  12.1 999.0 99.0 99.00
2017 11 02 17 50 328  1.3  2.2  0.22 99.00  2.92 999 1013.2   9.5  12.1 999.0 99.0 99.00
2017 11 02 18 50 301  1.9  3.2  0.18 99.00  2.85 999 1014.3   9.5  12.1 999.0 99.0 99.00
2017 11 02 19 50 346  1.3  2.2  0.16 99.00  2.78 999 1013.8   9.5  12.1 999.0 99.0 99.00
2017 11 02 20 50 328  2.2  3.7  0.16 99.00  2.82 999 1014.7   9.6  12.1 999.0 99.0 99.00
2017 11 02 21 50  25  1.7  2.2  0.16 99.00  2.76 999 1015.0   9.5  12.1 999.0 99.0 99.00
2017 11 02 22 50 359  3.2  4.2  0.12 99.00  2.77 999 1016.0   9.6  12.1 999.0 99.0 99.00
2017 11 02 23 50   1  3.9  4.8  0.10 99.00  2.67 999 1016.5   9.7  12.1 999.0 99.0 99.00
2017 11 03 00 50   2  5.7  6.9  0.13 99.00  2.50 999 1017.0   9.8  12.1 999.0 99.0 99.00
2017 11 03 01 50 358  6.6  8.2  0.30  2.60  2.58   9 1017.3   9.9  12.0 999.0 99.0 99.00
2017 11 03 02 50 353  6.7  8.0  0.42  2.94  2.89   9 1017.8   9.9  12.1 999.0 99.0 99.00
2017 11 03 03 50 358  7.1  8.6  0.52  3.57  3.03   9 1018.3   9.7  12.0 999.0 99.0 99.00
2017 11 03 04 50 358  8.8 10.8  0.68  3.57  3.25  12 1018.7   9.7  12.0 999.0 99.0 99.00
2017 11 03 05 50 346  9.5 10.9  0.80  4.17  3.54   7 1019.5   9.3  12.0 999.0 99.0 99.00
2017 11 03 06 50 351 10.3 12.2  0.99  4.35  3.83   9 1020.3   8.7  12.0 999.0 99.0 99.00
2017 11 03 07 50 347 10.4 12.6  1.17  5.00  4.12 357 1021.7   8.0  12.0 999.0 99.0 99.00
2017 11 03 08 50 355 11.6 13.7  1.49  5.26  4.39 360 1022.3   7.3  12.0 999.0 99.0 99.00
2017 11 03 09 50 358 10.7 12.7  1.77  5.88  4.88   9 1023.3   7.1  12.1 999.0 99.0 99.00
2017 11 03 10 50 356  9.7 12.6  1.69  5.88  4.76   8 1023.9   6.6  12.1 999.0 99.0 99.00
2017 11 03 11 50   8  9.0 11.1  1.64  5.88  4.80 359 1024.6   6.6  12.1 999.0 99.0 99.00
2017 11 03 12 50   9  8.0 11.1  1.55  6.25  4.73  12 1025.7   6.7  12.1 999.0 99.0 99.00
2017 11 03 13 50   9  6.8  9.2  1.43  5.88  4.69  13 1027.0   6.6  12.1 999.0 99.0 99.00
2017 11 03 14 50  14  6.7  9.0  1.22  6.25  4.56  18 1027.7   6.9  12.1 999.0 99.0 99.00
2017 11 03 15 50  19  5.6  7.2  1.20  5.88  4.57   7 1028.2   7.2  12.0 999.0 99.0 99.00
2017 11 03 16 50  10  5.6  7.3  1.06  5.88  4.38  16 1028.6   7.2  12.0 999.0 99.0 99.00
2017 11 03 17 50  10  6.1  8.1  1.05  5.88  4.46  17 1028.1   7.4  12.0 999.0 99.0 99.00
2017 11 03 18 50  19  6.6  8.5  1.00  5.26  4.29   7 1027.3   7.5  12.0 999.0 99.0 99.00
2017 11 03 19 50  18  5.3  7.0  1.03  5.88  4.43  22 1027.0   7.7  12.0 999.0 99.0 99.00
2017 11 03 20 50  22  5.5  7.6  0.94  5.88  4.31  21 1027.4   8.1  12.1 999.0 99.0 99.00
2017 11 03 21 50  21  4.7  7.0  0.88  5.88  4.21  19 1027.3   8.1  12.1 999.0 99.0 99.00
2017 11 03 22 50  26  6.0  7.4  0.79  5.56  4.17  14 1027.3   8.2  12.2 999.0 99.0 99.00
2017 11 03 23 50  46  5.4  6.7  0.75  5.56  4.10  10 1027.3   8.6  12.2 999.0 99.0 99.00
2017 11 04 00 50  52  4.2  5.8  0.69  5.56  4.10 360 1027.3   8.8  12.2 999.0 99.0 99.00
2017 11 04 01 50  61  5.4  6.5  0.73  5.56  4.07   4 1026.8   9.1  12.2 999.0 99.0 99.00
2017 11 04 02 50  65  6.4  7.8  0.70  5.00  3.82 352 1026.8   9.1  12.1 999.0 99.0 99.00
2017 11 04 03 50  71  8.2 10.0  0.70  5.88  3.74 359 1026.0   9.1  12.1 999.0 99.0 99.00
2017 11 04 04 50  82  9.6 11.6  0.90  3.45  3.68  73 1025.0   8.9  12.1 999.0 99.0 99.00
2017 11 04 05 50  82  9.8 11.8  1.09  4.00  3.78  63 1024.8   8.7  12.1 999.0 99.0 99.00
2017 11 04 06 50  86  8.6 11.1  1.33  4.35  4.13  79 1024.7   8.5  12.1 999.0 99.0 99.00
2017 11 04 07 50  94  8.9 10.6  1.41  5.00  4.29  79 1024.3   8.1  12.1 999.0 99.0 99.00
2017 11 04 08 50  88 11.2 12.8  1.31  5.00  4.13  73 1022.0   7.9  12.1 999.0 99.0 99.00
2017 11 04 09 50  93 10.3 12.4  1.48  4.76  4.25  77 1022.2   7.5  12.0 999.0 99.0 99.00
2017 11 04 10 50  90 10.0 12.6  1.45  5.00  4.35  85 1022.1   7.4  12.0 999.0 99.0 99.00
2017 11 04 11 50  78  8.9 10.7  1.43  4.76  4.26  90 1021.8   7.2  12.0 999.0 99.0 99.00
2017 11 04 12 50  63  8.8 10.5  1.30  5.00  4.24  99 1021.4   7.0  12.0 999.0 99.0 99.00
2017 11 04 13 50  66 13.9 16.4  1.31  5.00  4.15  94 1018.5   7.0  12.0 999.0 99.0 99.00
2017 11 04 14 50  66 10.9 13.5  1.49  4.76  4.25  84 1019.4   6.7  12.0 999.0 99.0 99.00
2017 11 04 15 50  73 12.3 14.5  1.59  5.26  4.55  85 1017.8   7.0  12.0 999.0 99.0 99.00
2017 11 04 16 50  76 11.5 13.5  1.71  5.88  4.64  76 1016.9   6.8  12.0 999.0 99.0 99.00
2017 11 04 17 50  85 10.9 13.2  1.72  5.88  4.76  58 1015.4   7.2  12.0 999.0 99.0 99.00
2017 11 04 18 50 102 10.8 12.9  1.72  5.56  4.66  55 1014.3   7.9  12.0 999.0 99.0 99.00
2017 11 04 19 50 107 10.0 11.5  1.61  5.56  4.64  54 1013.6   8.6  12.0 999.0 99.0 99.00
2017 11 04 20 50 108  8.5 10.0  1.50  5.26  4.45  68 1013.2   8.4  12.0 999.0 99.0 99.00
2017 11 04 21 50 125  8.1  9.8  1.36  5.26  4.45  79 1013.0   8.9  12.0 999.0 99.0 99.00
2017 11 04 22 50 136  7.8  9.4  1.26  5.00  4.19  81 1012.4   9.5  12.0 999.0 99.0 99.00
2017 11 04 23 50 147  7.7  8.7  1.08  5.00  4.07  84 1012.3   9.9  12.0 999.0 99.0 99.00
2017 11 05 00 50 161  8.2  9.6  1.01  5.00  3.97  96 1011.9  10.1  12.0 999.0 99.0 99.00
2017 11 05 01 50 169  7.7  9.2  0.93  4.35  3.80 103 1011.4  10.6  12.0 999.0 99.0 99.00
2017 11 05 02 50 187  7.2  8.3  0.89  4.76  3.81  97 1011.3  10.9  11.9 999.0 99.0 99.00
2017 11 05 03 50 182  4.8  6.1  0.90  4.35  3.80 121 1011.0  11.2  11.9 999.0 99.0 99.00
2017 11 05 04 50 226  5.4  6.5  0.74  4.55  3.68 116 1010.6  11.5  11.9 999.0 99.0 99.00
2017 11 05 05 50 286  4.0  4.9  0.66  4.35  3.70 165 1010.4  10.3  11.9 999.0 99.0 99.00
2017 11 05 06 50 294  3.4  4.5  0.49  4.17  3.52 178 1010.3  10.2  11.9 999.0 99.0 99.00
2017 11 05 07 50 324  3.8  4.6  0.40  4.00  3.43 196 1010.1  10.0  11.9 999.0 99.0 99.00
2017 11 05 08 50 308  3.7  4.7  0.35  3.70  3.19 196 1009.4   9.6  11.9 999.0 99.0 99.00
2017 11 05 09 50 305  2.5  3.1  0.28  3.70  3.12 185 1008.8   9.4  11.9 999.0 99.0 99.00
2017 11 05 10 50 292  2.4  3.2  0.29  3.57  3.02 204 1008.6   9.4  11.9 999.0 99.0 99.00
2017 11 05 11 50 274  3.3  4.8  0.22 99.00  2.95 999 1008.8   9.5  11.9 999.0 99.0 99.00
2017 11 05 12 50 293  3.5  4.5  0.20 99.00  2.89 999 1008.9   9.3  11.9 999.0 99.0 99.00
2017 11 05 13 50 276  2.5  3.5 99.00 99.00 99.00 999 1008.9   9.2  11.9 999.0 99.0 99.00
2017 11 05 14 50 335  2.7  3.2  0.15 99.00  2.82 999 1007.7   9.3  11.9 999.0 99.0 99.00
2017 11 05 15 50 317  3.0  4.2  0.14 99.00  2.82 999 1008.3   9.5  11.9 999.0 99.0 99.00
2017 11 05 16 50 312  3.8  4.8  0.13 99.00  2.88 999 1008.4   9.7  11.9 999.0 99.0 99.00
2017 11 05 17 50 332  4.0  5.5  0.18 99.00  2.53 999 1007.2   9.4  11.9 999.0 99.0 99.00
2017 11 05 18 50 345  6.9  8.1  0.28  2.47  2.54 336 1007.1   9.3  11.9 999.0 99.0 99.00
2017 11 05 19 50 345  8.7 10.5  0.41  2.94  2.83 344 1007.1   9.3  11.9 999.0 99.0 99.00
2017 11 05 20 50 348  7.6  8.9  0.55  3.33  3.11 351 1007.9   9.5  11.9 999.0 99.0 99.00
2017 11 05 21 50 346  7.5  9.1  0.67  3.57  3.23 353 1009.2  10.1  11.9 999.0 99.0 99.00
2017 11 05 22 50 353  9.0 10.9  0.77  3.85  3.59 359 1009.8  10.0  11.9 999.0 99.0 99.00
2017 11 05 23 50 352  6.3  7.9  0.79  4.00  3.57   3 1011.1  10.1  11.9 999.0 99.0 99.00
2017 11 06 00 50 349  7.9  9.4  0.73  4.35  3.56   8 1011.5  10.3  11.9 999.0 99.0 99.00
2017 11 06 01 50 345  9.0 11.0  0.82  4.17  3.51   9 1011.9   9.9  11.8 999.0 99.0 99.00
2017 11 06 02 50 344  9.8 11.4  0.91  4.17  3.77   8 1013.2   9.5  11.8 999.0 99.0 99.00
2017 11 06 03 50 346  9.9 11.8  1.02  4.76  3.91   7 1014.3   8.7  11.8 999.0 99.0 99.00
2017 11 06 04 50 346 11.8 14.1  1.21  4.76  4.16   5 1014.8   7.6  11.8 999.0 99.0 99.00
2017 11 06 05 50 346 11.1 13.3  1.51  5.56  4.42   3 1015.9   6.8  11.8 999.0 99.0 99.00
2017 11 06 06 50 348 10.2 12.6  1.74  5.88  4.76 360 1016.8   6.3  11.8 999.0 99.0 99.00
2017 11 06 07 50 348 10.0 13.7  1.66  5.88  4.73  10 1018.2   5.8  11.7 999.0 99.0 99.00
2017 11 06 08 50 349 10.0 13.3  1.77  6.25  4.89  19 1018.7   5.6  11.7 999.0 99.0 99.00
2017 11 06 09 50   1  8.7 10.4  1.70  6.25  4.94  21 1019.3   5.2  11.7 999.0 99.0 99.00
2017 11 06 10 50 357  8.3 10.6  1.67  5.88  4.87  11 1020.6   4.9  11.7 999.0 99.0 99.00
2017 11 06 11 50 352  7.9 10.0  1.35  5.88  4.63  21 1021.5   4.5  11.7 999.0 99.0 99.00
2017 11 06 12 50 352  7.5  9.4  1.42  6.25  4.81  35 1022.6   4.1  11.7 999.0 99.0 99.00
2017 11 06 13 50 359  6.8 10.0  1.35  6.67  4.77  35 1023.6   3.9  11.6 999.0 99.0 99.00
2017 11 06 14 50 357  6.9  9.7  1.14  5.88  4.41  25 1023.9   4.0  11.7 999.0 99.0 99.00
2017 11 06 15 50   4  6.2  8.2  1.17  6.25  4.59  30 1024.0   3.9  11.7 999.0 99.0 99.00
2017 11 06 16 50 352  6.4  7.9  1.01  5.88  4.42  24 1024.7   4.2  11.7 999.0 99.0 99.00
2017 11 06 17 50   1  5.4  7.0  0.99  6.25  4.42  30 1025.0   4.1  11.7 999.0 99.0 99.00
2017 11 06 18 50 352  5.2  6.6  1.01  5.88  4.37  32 1025.9   3.8  11.7 999.0 99.0 99.00
2017 11 06 19 50   1  5.6  7.8  0.93  5.88  4.24  31 1025.5   3.7  11.7 999.0 99.0 99.00
2017 11 06 20 50   7  5.9  7.0  0.79  5.00  3.95  29 1025.2   3.9  11.6 999.0 99.0 99.00
2017 11 06 21 50   9  5.5  7.5  0.74  5.56  3.93  30 1025.2   4.0  11.6 999.0 99.0 99.00
2017 11 06 22 50  18  5.7  7.5  0.75  5.26  3.95  21 1025.1   4.4  11.7 999.0 99.0 99.00
2017 11 06 23 50  20  5.4  8.0  0.69  4.76  3.80  27 1025.5   4.7  11.7 999.0 99.0 99.00
2017 11 07 00 50  25  6.8  8.7  0.68  4.35  3.77  24 1024.8   5.2  11.6 999.0 99.0 99.00
2017 11 07 01 50  21  6.7  8.4  0.67  4.35  3.53  16 1025.2   5.5  11.6 999.0 99.0 99.00
2017 11 07 02 50  20  6.0  7.2  0.62  5.26  3.55  21 1026.0   5.8  11.6 999.0 99.0 99.00
2017 11 07 03 50  21  4.6  6.2  0.59  4.35  3.54  24 1026.1   6.0  11.6 999.0 99.0 99.00
2017 11 07 04 50  23  4.7  6.0  0.56  5.00  3.55  18 1026.4   6.1  11.6 999.0 99.0 99.00
2017 11 07 05 50  25  5.2  6.6  0.50  3.57  3.42  23 1026.2   6.2  11.6 999.0 99.0 99.00
2017 11 07 06 50  29  5.4  6.9  0.49  3.70  3.26  11 1026.2   6.3  11.6 999.0 99.0 99.00
2017 11 07 07 50  37  6.6  8.4  0.49  3.57  3.18  21 1026.1   6.1  11.6 999.0 99.0 99.00
2017 11 07 08 50  32  6.2  8.7  0.53  3.57  3.23  26 1026.1   6.2  11.6 999.0 99.0 99.00
2017 11 07 09 50  33  5.7  7.4  0.51  3.45  3.26  26 1026.2   6.1  11.6 999.0 99.0 99.00
2017 11 07 10 50  32  6.6  7.9  0.54  3.85  3.22  28 1025.9   6.0  11.6 999.0 99.0 99.00
2017 11 07 11 50  28  7.2  9.6  0.56  3.70  3.30  35 1026.4   6.2  11.6 999.0 99.0 99.00
2017 11 07 12 50  33  6.7  8.7  0.64  3.70  3.40  17 1026.9   6.1  11.5 999.0 99.0 99.00
2017 11 07 13 50  27  6.1  8.2  0.62  3.85  3.44  29 1027.4   6.4  11.5 999.0 99.0 99.00
2017 11 07 14 50  31  5.4  7.3  0.61  3.85  3.47  32 1027.8   6.5  11.5 999.0 99.0 99.00
2017 11 07 15 50  39  5.8  7.6  0.68  4.00  3.52   4 1027.4   6.5  11.5 999.0 99.0 99.00
2017 11 07 16 50  15  8.4 10.1  0.86  4.17  3.64  11 1027.4   6.4  11.5 999.0 99.0 99.00
2017 11 07 17 50  15  7.1  8.7  0.90  4.35  3.68   6 1027.0   6.5  11.5 999.0 99.0 99.00
2017 11 07 18 50   9  7.1  8.8  0.86  4.55  3.71   3 1026.7   6.4  11.5 999.0 99.0 99.00
2017 11 07 19 50   9  7.1  9.5  0.83  4.17  3.69  13 1026.6   6.2  11.5 999.0 99.0 99.00
2017 11 07 20 50   6  6.8  8.4  0.74  4.55  3.63   9 1026.9   5.9  11.5 999.0 99.0 99.00
2017 11 07 21 50  10  6.8  8.3  0.77  4.55  3.66  15 1026.9   5.7  11.5 999.0 99.0 99.00
2017 11 07 22 50   8  6.8  8.7  0.79  4.55  3.78   9 1027.0   5.6  11.5 999.0 99.0 99.00
2017 11 07 23 50 359  6.3  8.5  0.75  5.00  3.73  12 1027.3   5.6  11.6 999.0 99.0 99.00
2017 11 08 00 50   2  5.1  6.2  0.71  4.76  3.74  21 1027.8   5.7  11.5 999.0 99.0 99.00
2017 11 08 01 50 356  4.6  6.8  0.62  4.76  3.67  25 1027.8   5.6  11.6 999.0 99.0 99.00
2017 11 08 02 50 343  4.2  5.6  0.59  4.76  3.70  18 1027.7   5.5  11.5 999.0 99.0 99.00
2017 11 08 03 50 347  3.1  5.3  0.55  4.76  3.71  32 1027.9   5.6  11.5 999.0 99.0 99.00
2017 11 08 04 50 335  3.9  5.5  0.50  4.55  3.69  36 1027.6   5.6  11.5 999.0 99.0 99.00
2017 11 08 05 50 325  3.1  5.0  0.46  4.55  3.59  36 1027.5   5.6  11.5 999.0 99.0 99.00
2017 11 08 06 50 325  4.2  5.8  0.45  4.76  3.51  42 1027.3   5.7  11.5 999.0 99.0 99.00
2017 11 08 07 50 317  4.5  5.7  0.42  3.57  3.35  37 1027.5   5.5  11.5 999.0 99.0 99.00
2017 11 08 08 50 313  4.7  6.1  0.41  3.57  3.22  34 1027.3   5.3  11.5 999.0 99.0 99.00
2017 11 08 09 50 313  5.1  6.8  0.41  3.45  3.18  31 1027.4   5.1  11.4 999.0 99.0 99.00
2017 11 08 10 50 320  4.4  6.5  0.42  3.45  3.14  26 1027.5   4.8  11.4 999.0 99.0 99.00
2017 11 08 11 50 321  5.1  7.7  0.41  3.33  3.14  12 1027.1   4.7  11.5 999.0 99.0 99.00
2017 11 08 12 50 326  5.2  6.8  0.47  3.45  3.11  13 1027.5   4.4  11.4 999.0 99.0 99.00
2017 11 08 13 50 324  4.0  5.5  0.46  4.55  3.31  40 1028.0   4.0  11.4 999.0 99.0 99.00
2017 11 08 14 50 291  4.5  6.0  0.46  4.17  3.29  34 1028.1   4.0  11.4 999.0 99.0 99.00
2017 11 08 15 50 297  4.8  6.4  0.50  4.00  3.39  12 1027.9   4.2  11.4 999.0 99.0 99.00
2017 11 08 16 50 278  4.7  6.4  0.45  4.00  3.37 344 1027.7   4.3  11.5 999.0 99.0 99.00
2017 11 08 17 50 263  4.9  6.8  0.44  3.57  3.26 330 1026.8   4.5  11.5 999.0 99.0 99.00
2017 11 08 18 50 265  4.6  6.3  0.41  4.17  3.21 354 1025.6   4.7  11.6 999.0 99.0 99.00
2017 11 08 19 50 262  5.2  6.9  0.40  2.74  3.11 255 1024.5   5.1  11.5 999.0 99.0 99.00
2017 11 08 20 50 253  5.6  7.2  0.39  3.03  2.94 263 1024.2   5.5  11.6 999.0 99.0 99.00
2017 11 08 21 50 242  4.9  6.5  0.42  2.94  2.95 242 1023.7   6.0  11.5 999.0 99.0 99.00
2017 11 08 22 50 247  6.1  7.6  0.38  3.03  2.95 244 1023.2   6.3  11.5 999.0 99.0 99.00
2017 11 08 23 50 251  6.2  8.1  0.35  2.86  2.88 224 1023.3   6.8  11.5 999.0 99.0 99.00
2017 11 09 00 50 254  7.3  9.3  0.48  3.03  3.03 210 1022.9   7.2  11.5 999.0 99.0 99.00
2017 11 09 01 50 285  8.4 10.4  0.64  3.45  3.22 263 1022.9   7.3  11.5 999.0 99.0 99.00
2017 11 09 02 50 283  7.5  8.8  0.73  3.70  3.39 262 1022.6   7.1  11.4 999.0 99.0 99.00
2017 11 09 03 50 281  8.3 10.0  0.74  4.00  3.49 262 1022.2   6.9  11.4 999.0 99.0 99.00
2017 11 09 04 50 287  8.5 10.1  0.82  4.00  3.55 260 1021.7   7.0  11.4 999.0 99.0 99.00
2017 11 09 05 50 286  8.4 10.8  0.86  3.85  3.61 258 1021.0   6.9  11.4 999.0 99.0 99.00
2017 11 09 06 50 288  9.1 11.2  0.87  4.35  3.72 240 1020.7   7.0  11.4 999.0 99.0 99.00
2017 11 09 07 50 276  9.2 11.1  0.91  4.35  3.77 236 1020.5   7.3  11.4 999.0 99.0 99.00
2017 11 09 08 50 264  9.8 11.7  0.89  4.76  3.74 221 1019.4   7.3  11.4 999.0 99.0 99.00
2017 11 09 09 50 258 10.3 12.6  1.13  4.76  3.96 210 1018.3   7.4  11.4 999.0 99.0 99.00
2017 11 09 10 50 258 11.3 13.0  1.23  5.00  4.16 206 1018.2   7.6  11.4 999.0 99.0 99.00
2017 11 09 11 50 257 12.7 15.8  1.48  5.00  4.37 206 1016.6   7.8  11.4 999.0 99.0 99.00
2017 11 09 12 50 263 13.6 16.3  1.55  5.26  4.43 197 1015.9   7.9  11.4 999.0 99.0 99.00
2017 11 09 13 50 288 11.6 14.7  1.85  5.88  4.71 223 1016.5   7.2  11.3 999.0 99.0 99.00
2017 11 09 14 50 308 11.1 14.1  1.56  5.56  4.46 250 1017.0   6.8  11.3 999.0 99.0 99.00
2017 11 09 15 50 325 10.6 13.2  1.53  5.88  4.42 248 1017.3   6.5  11.3 999.0 99.0 99.00
2017 11 09 16 50 336 11.7 14.3  1.60  4.55  4.35 308 1018.2   4.6  11.3 999.0 99.0 99.00
2017 11 09 17 50 329 11.5 13.8  1.75  5.26  4.61 310 1019.0   3.6  11.3 999.0 99.0 99.00
2017 11 09 18 50 332 12.6 16.5  1.99  5.88  4.84 346 1020.0   2.0  11.2 999.0 99.0 99.00
2017 11 09 19 50 333 12.0 13.9  1.94  5.88  4.86 348 1020.9   1.9  11.2 999.0 99.0 99.00
2017 11 09 20 50 331 11.0 13.3  1.93  6.25  4.90   2 1022.3   1.2  11.1 999.0 99.0 99.00
2017 11 09 21 50 340 12.1 14.9  1.89  6.25  4.93  10 1023.2   1.2  11.1 999.0 99.0 99.00
2017 11 09 22 50 339 11.0 14.7  1.81  5.56  4.84 355 1024.7   1.0  11.1 999.0 99.0 99.00
2017 11 09 23 50 334 12.4 16.6  1.95  6.25  5.04  18 1025.7   0.3  11.1 999.0 99.0 99.00
2017 11 10 00 50 342 12.0 15.5  2.18  6.67  5.29  15 1027.1  -1.0  11.0 999.0 99.0 99.00
2017 11 10 01 50 351 11.9 14.7  2.32  6.67  5.50  14 1027.8  -1.4  11.0 999.0 99.0 99.00
2017 11 10 02 50 351 11.8 15.6  2.67  7.14  5.77  20 1029.0  -2.7  11.1 999.0 99.0 99.00
2017 11 10 03 50 350 11.1 14.8  2.70  7.69  5.94  24 1029.7  -3.0  11.1 999.0 99.0 99.00
2017 11 10 04 50 357 10.7 14.8  2.48  7.69  6.00  32 1030.2  -3.0  11.1 999.0 99.0 99.00
2017 11 10 05 50 353  9.2 12.6  2.25  7.69  5.77  28 1030.9  -3.0  11.1 999.0 99.0 99.00
2017 11 10 06 50   3  9.1 12.1  2.20  7.14  5.66  23 1031.5  -3.1  11.0 999.0 99.0 99.00
2017 11 10 07 50 360  8.8 12.7  2.20  8.33  5.68  32 1032.0  -3.0  11.0 999.0 99.0 99.00
2017 11 10 08 50   2  9.2 12.0  2.19  7.69  5.57  30 1032.4  -2.8  11.0 999.0 99.0 99.00
2017 11 10 09 50   4  9.6 12.5  2.08  7.69  5.48  31 1032.8  -2.5  10.9 999.0 99.0 99.00
2017 11 10 10 50   5  9.5 12.3  1.96  7.69  5.37  24 1033.9  -2.2  10.9 999.0 99.0 99.00
2017 11 10 11 50  11  8.8 11.9  1.84  7.14  5.25  21 1034.3  -1.8  10.9 999.0 99.0 99.00
2017 11 10 12 50  16  6.7  9.2  1.75  7.69  5.20  30 1035.0  -1.3  10.9 999.0 99.0 99.00
2017 11 10 13 50  34  6.4  8.8  1.68  7.14  5.04   7 1036.1  -2.4  10.8 999.0 99.0 99.00
2017 11 10 14 50  56  7.6 10.4  1.63  7.14  5.07   1 1036.6  -2.1  10.8 999.0 99.0 99.00
2017 11 10 15 50  56  8.8 11.3  1.65  7.14  4.89 359 1036.8  -2.4  10.8 999.0 99.0 99.00
2017 11 10 16 50  53  7.6 10.3  1.48  7.14  4.70 358 1036.9  -1.9  10.8 999.0 99.0 99.00
2017 11 10 17 50  60  7.3  9.5  1.49  7.69  4.75   9 1036.7  -2.1  10.9 999.0 99.0 99.00
2017 11 10 18 50  52  6.1  8.5  1.31  7.14  4.59 357 1036.6  -1.8  10.9 999.0 99.0 99.00
2017 11 10 19 50  51  7.1  9.4  1.23  7.14  4.77   7 1035.9  -1.7  10.9 999.0 99.0 99.00
2017 11 10 20 50  50  6.2  8.0  1.11  7.14  4.66 358 1035.8  -1.5  10.9 999.0 99.0 99.00
2017 11 10 21 50  57  6.3  7.8  0.98  7.14  4.54 349 1036.0  -1.3  10.9 999.0 99.0 99.00
2017 11 10 22 50  72  3.8  6.6  0.86  6.67  4.63 349 1036.1  -1.4  10.9 999.0 99.0 99.00
2017 11 10 23 50  74  5.8  8.0  0.83  6.25  4.46 343 1035.3  -1.0  10.8 999.0 99.0 99.00
2017 11 11 00 50  86  6.6  9.5  0.76  6.25  4.12 339 1035.3  -0.7  10.8 999.0 99.0 99.00
2017 11 11 01 50  94  7.7  9.8  0.78  5.88  3.88 335 1035.1  -0.7  10.8 999.0 99.0 99.00
2017 11 11 02 50 100  7.8 10.4  0.84  3.57  3.78  76 1035.1  -0.8  10.8 999.0 99.0 99.00
2017 11 11 03 50 118  7.8  9.4  0.92  4.17  3.77  75 1034.7  -0.6  10.7 999.0 99.0 99.00
2017 11 11 04 50 130  9.4 11.4  1.06  4.76  3.96  75 1033.8  -0.5  10.7 999.0 99.0 99.00
2017 11 11 05 50 135  9.2 11.8  1.11  4.76  3.93  93 1033.9  -0.2  10.7 999.0 99.0 99.00
2017 11 11 06 50 140 10.8 14.1  1.26  5.26  4.13  93 1032.9  -0.3  10.7 999.0 99.0 99.00
2017 11 11 07 50 150 10.6 13.8  1.56  5.00  4.43 103 1032.7   0.1  10.6 999.0 99.0 99.00
2017 11 11 08 50 161 11.1 13.2  1.75  5.56  4.68 114 1032.2   0.2  10.6 999.0 99.0 99.00
2017 11 11 09 50 145 10.8 13.6  1.80  5.88  4.75 119 1031.9   0.3  10.6 999.0 99.0 99.00
2017 11 11 10 50 143 10.9 12.7  1.69  6.25  4.68 125 1031.5   0.4  10.6 999.0 99.0 99.00
2017 11 11 11 50 168  9.1 11.7  1.68  5.88  4.74 128 1031.2   0.4  10.6 999.0 99.0 99.00
2017 11 11 12 50 162 10.3 13.0  1.69  5.88  4.79 132 1030.5   0.8  10.6 999.0 99.0 99.00
2017 11 11 13 50 173  9.6 11.8  1.50  5.88  4.55 138 1030.9   1.0  10.6 999.0 99.0 99.00
2017 11 11 14 50 169  9.0 11.3  1.47  5.88  4.52 140 1030.6   1.3  10.5 999.0 99.0 99.00
2017 11 11 15 50 183  8.1 10.5  1.54  5.88  4.67 137 1029.9   1.6  10.6 999.0 99.0 99.00
2017 11 11 16 50 160  8.0  9.3  1.35  5.88  4.40 144 1028.6   1.6  10.5 999.0 99.0 99.00
2017 11 11 17 50 172  7.8  9.8  1.13  5.56  4.16 138 1028.0   1.9  10.5 999.0 99.0 99.00
2017 11 11 18 50 193  7.7  9.5  1.10  5.00  4.11 145 1027.2   2.3  10.5 999.0 99.0 99.00
2017 11 11 19 50 173  8.4 10.6  1.04  5.26  4.02 138 1026.4   2.7  10.5 999.0 99.0 99.00
2017 11 11 20 50 161  8.6 10.6  1.00  4.76  3.94 145 1025.5   3.2  10.5 999.0 99.0 99.00
2017 11 11 21 50 180  8.4  9.8  1.03  4.55  3.98 138 1025.6   3.7  10.5 999.0 99.0 99.00
2017 11 11 22 50 181  8.7 10.6  0.98  4.35  3.84 154 1025.5   4.6  10.5 999.0 99.0 99.00
2017 11 11 23 50 171  9.0 10.7  1.07  4.76  4.01 143 1025.0   5.1  10.5 999.0 99.0 99.00
2017 11 12 00 50 176  9.4 11.7  1.02  4.76  3.92 151 1024.7   5.5  10.5 999.0 99.0 99.00
2017 11 12 01 50 191  8.5 10.1  1.16  4.76  4.12 148 1024.9   5.6  10.5 999.0 99.0 99.00
2017 11 12 02 50 198  8.3 10.6  1.14  5.00  4.21 152 1025.0   5.9  10.5 999.0 99.0 99.00
2017 11 12 03 50 220  7.4  9.5  1.08  5.00  3.98 156 1025.1   6.1  10.5 999.0 99.0 99.00
2017 11 12 04 50 232  7.7  9.6  0.97  5.00  4.04 164 1025.0   6.4  10.5 999.0 99.0 99.00
2017 11 12 05 50 245  6.6  7.8  0.96  4.76  3.97 158 1025.6   6.4  10.5 999.0 99.0 99.00
2017 11 12 06 50 279  5.1  6.3  0.87  5.00  3.87 190 1025.8   6.2  10.5 999.0 99.0 99.00
2017 11 12 07 50 299  3.8  5.1  0.80  4.76  3.82 202 1026.1   6.0  10.5 999.0 99.0 99.00
2017 11 12 08 50 305  3.3  4.4  0.65  4.55  3.76 210 1026.0   5.7  10.5 999.0 99.0 99.00
2017 11 12 09 50 307  2.9  3.8  0.55  4.55  3.70 201 1025.7   5.8  10.5 999.0 99.0 99.00
2017 11 12 10 50 307  2.0  2.7  0.48  4.35  3.58 208 1026.0   5.7  10.5 999.0 99.0 99.00
2017 11 12 11 50 335  2.3  3.6  0.41  4.35  3.52 220 1026.0   5.7  10.5 999.0 99.0 99.00
2017 11 12 12 50  17  2.7  3.7  0.32  4.17  3.36 200 1026.2   5.6  10.5 999.0 99.0 99.00
2017 11 12 13 50  49  1.0  1.5  0.27  3.85  3.32 202 1027.0   5.3  10.5 999.0 99.0 99.00
2017 11 12 14 50  39  1.5  2.4  0.23 99.00  3.18 999 1027.3   5.0  10.5 999.0 99.0 99.00
2017 11 12 15 50  73  1.8  2.7  0.20 99.00  3.11 999 1027.6   4.8  10.5 999.0 99.0 99.00
2017 11 12 16 50 109  0.9  1.6  0.18 99.00  2.97 999 1027.6   4.7  10.5 999.0 99.0 99.00
2017 11 12 17 50 213  2.8  3.6  0.17 99.00  2.97 999 1026.9   5.1  10.5 999.0 99.0 99.00
2017 11 12 18 50 260  2.4  3.4  0.14 99.00  2.89 999 1026.6   5.2  10.5 999.0 99.0 99.00
2017 11 12 19 50 289  4.2  5.0  0.13 99.00  2.92 999 1026.5   5.6  10.5 999.0 99.0 99.00
2017 11 12 20 50 311  6.1  7.3  0.17 99.00  2.71 999 1026.6   5.6  10.5 999.0 99.0 99.00
2017 11 12 21 50 306  5.1  6.3  0.28  2.47  2.52 300 1026.8   5.6  10.5 999.0 99.0 99.00
2017 11 12 22 50 336  3.0  4.8 99.00 99.00 99.00 999 1027.2   5.8  10.5 999.0 99.0 99.00
2017 11 12 23 50 354  7.6  9.1  0.34  2.74  2.62 329 1027.5   5.8  10.5 999.0 99.0 99.00
2017 11 13 00 50 355  7.5  9.1  0.68  3.85  3.35  10 1028.1   5.6  10.5 999.0 99.0 99.00
2017 11 13 01 50 345  6.6  7.6  0.71  3.85  3.54   9 1028.4   5.8  10.5 999.0 99.0 99.00
2017 11 13 02 50 356  6.6  7.6  0.59  3.70  3.29   8 1028.7   5.9  10.4 999.0 99.0 99.00
2017 11 13 03 50 358  6.2  7.5  0.53  3.57  3.19  18 1029.0   6.1  10.5 999.0 99.0 99.00
2017 11 13 04 50 353  6.2  7.3  0.55  3.70  3.17  20 1029.3   6.2  10.4 999.0 99.0 99.00
2017 11 13 05 50 352  5.6  7.2  0.50  3.45  3.15  12 1029.8   6.1  10.4 999.0 99.0 99.00
2017 11 13 06 50 340  6.4  7.8  0.46  3.45  3.10  10 1029.6   6.1  10.4 999.0 99.0 99.00
2017 11 13 07 50 332  5.5  6.7  0.43  3.45  3.01  22 1030.4   5.7  10.4 999.0 99.0 99.00
2017 11 13 08 50 327  5.1  6.5  0.39  3.45  3.02  21 1030.2   5.4  10.4 999.0 99.0 99.00
2017 11 13 09 50 322  4.6  6.2  0.38  3.45  2.94  31 1030.3   5.1  10.4 999.0 99.0 99.00
2017 11 13 10 50 313  3.9  5.2  0.39  3.13  3.00 334 1030.5   5.1  10.4 999.0 99.0 99.00
2017 11 13 11 50 304  5.2  6.2  0.38  3.03  3.04 350 1031.1   5.2  10.4 999.0 99.0 99.00
2017 11 13 12 50 306  5.4  6.7  0.44  3.23  3.02 338 1031.3   4.7  10.4 999.0 99.0 99.00
2017 11 13 13 50 321  5.6  7.5  0.53  3.70  3.41 342 1031.7   4.4  10.4 999.0 99.0 99.00
2017 11 13 14 50 317  5.6  7.3  0.53  3.57  3.28 345 1031.9   4.2  10.4 999.0 99.0 99.00
2017 11 13 15 50 310  5.5  7.0  0.55  3.70  3.36 349 1032.3   4.0  10.4 999.0 99.0 99.00
2017 11 13 16 50 310  5.8  7.7  0.53  3.70  3.19 356 1032.5   4.1  10.4 999.0 99.0 99.00
2017 11 13 19 50 315  4.6  6.1  0.52  4.00  3.29   4 1031.4   4.4  10.4 999.0 99.0 99.00
2017 11 13 20 50 292  3.7  5.3  0.47  3.45  3.23 352 1031.1   4.5  10.4 999.0 99.0 99.00
2017 11 13 21 50 283  2.1  3.6  0.40  3.85  3.29 358 1030.8   4.8  10.4 999.0 99.0 99.00
2017 11 13 22 50 243  3.3  4.3  0.40  4.35  3.30 354 1030.4   4.8  10.4 999.0 99.0 99.00
2017 11 13 23 50 250  3.1  4.1  0.34  3.70  3.21 337 1030.3   4.9  10.4 999.0 99.0 99.00
2017 11 14 00 50 232  3.8  4.7  0.36  4.17  3.24 334 1030.0   5.1  10.4 999.0 99.0 99.00
2017 11 14 01 50 214  4.5  5.9  0.38  4.17  3.27 326 1029.3   5.4  10.4 999.0 99.0 99.00
2017 11 14 02 50 207  5.0  6.4  0.33  4.17  3.25 318 1029.2   5.6  10.4 999.0 99.0 99.00
2017 11 14 03 50 238  5.7  7.4  0.35  2.74  2.95 203 1029.4   5.9  10.4 999.0 99.0 99.00
2017 11 14 04 50 223  5.7  8.0  0.38  3.03  2.96 201 1029.3   6.0  10.4 999.0 99.0 99.00
2017 11 14 05 50 228  5.3  6.7  0.42  3.03  3.01 198 1029.1   5.9  10.4 999.0 99.0 99.00
2017 11 14 06 50 209  5.4  6.6  0.53  3.33  3.20 189 1028.5   6.0  10.4 999.0 99.0 99.00
2017 11 14 07 50 220  6.2  7.9  0.56  3.45  3.29 186 1028.2   6.4  10.4 999.0 99.0 99.00
2017 11 14 08 50 213  6.1  8.1  0.57  3.57  3.19 187 1027.9   6.3  10.4 999.0 99.0 99.00
2017 11 14 09 50 217  6.9  8.6  0.56  3.70  3.25 164 1027.4   6.6  10.4 999.0 99.0 99.00
2017 11 14 10 50 213  6.8  8.5  0.60  3.70  3.27 166 1027.4   6.7  10.4 999.0 99.0 99.00
2017 11 14 11 50 214  7.0  8.3  0.66  4.00  3.37 161 1027.1   6.8  10.4 999.0 99.0 99.00
2017 11 14 12 50 211  7.7  9.1  0.68  4.17  3.41 161 1027.2   6.8  10.4 999.0 99.0 99.00
2017 11 14 13 50 209  8.2 10.2  0.88  4.17  3.75 161 1027.0   6.9  10.4 999.0 99.0 99.00
2017 11 14 14 50 218  8.9 10.5  0.98  4.55  3.93 164 1026.8   6.9  10.4 999.0 99.0 99.00
2017 11 14 15 50 205  9.2 11.0  1.09  5.00  4.03 163 1026.2   7.0  10.4 999.0 99.0 99.00
2017 11 14 16 50 203  9.8 11.5  1.26  5.00  4.39 155 1025.5   7.0  10.4 999.0 99.0 99.00
2017 11 14 17 50 175  9.8 11.6  1.36  5.56  4.36 167 1023.9   7.1  10.4 999.0 99.0 99.00
2017 11 14 18 50 180  9.8 11.6  1.32  5.56  4.49 158 1023.2   7.2  10.4 999.0 99.0 99.00
2017 11 14 19 50 182  9.4 11.3  1.26  5.56  4.30 152 1022.6   7.6  10.4 999.0 99.0 99.00
2017 11 14 20 50 163  9.3 11.2  1.31  5.56  4.31 152 1021.9   8.4  10.4 999.0 99.0 99.00
2017 11 14 21 50 160  9.3 10.8  1.24  5.26  4.26 152 1021.0   8.9  10.4 999.0 99.0 99.00
2017 11 14 22 50 171 10.1 11.9  1.25  5.00  4.16 151 1020.4   9.3  10.4 999.0 99.0 99.00
2017 11 14 23 50 157  9.8 11.6  1.15  5.00  4.10 147 1020.1   9.4  10.4 999.0 99.0 99.00
2017 11 15 00 50 160 10.9 12.9  1.17  5.00  4.05 141 1019.3   9.4  10.4 999.0 99.0 99.00
2017 11 15 01 50 169 11.7 13.8  1.35  5.26  4.17 147 1018.6   9.3  10.4 999.0 99.0 99.00
2017 11 15 02 50 167 10.6 12.7  1.45  5.56  4.43 152 1018.3   9.3  10.4 999.0 99.0 99.00
2017 11 15 03 50 169 11.2 13.5  1.59  5.26  4.48 151 1018.1   9.5  10.4 999.0 99.0 99.00
2017 11 15 04 50 169 11.3 13.7  1.64  5.56  4.65 148 1017.2   9.5  10.4 999.0 99.0 99.00
2017 11 15 05 50 182 10.7 12.5  1.67  5.56  4.77 148 1017.2   9.5  10.3 999.0 99.0 99.00
2017 11 15 06 50 167 11.5 13.5  1.60  5.56  4.63 147 1015.9   9.4  10.3 999.0 99.0 99.00
2017 11 15 07 50 182 10.1 12.2  1.64  5.56  4.61 142 1015.6   9.4  10.3 999.0 99.0 99.00
2017 11 15 08 50 205 11.1 12.9  1.64  5.88  4.70 143 1015.0   9.3  10.3 999.0 99.0 99.00
2017 11 15 09 50 178 10.7 13.1  1.68  6.25  4.72 146 1013.1   9.0  10.3 999.0 99.0 99.00
2017 11 15 10 50 171 10.8 13.1  1.63  6.25  4.77 143 1012.1   9.2  10.3 999.0 99.0 99.00
2017 11 15 11 50 175 10.4 12.7  1.82  5.88  4.93 150 1011.3   9.0  10.3 999.0 99.0 99.00
2017 11 15 12 50 211 11.9 14.0  1.65  6.25  4.70 147 1011.1   8.4  10.3 999.0 99.0 99.00
2017 11 15 13 50 195 11.6 13.9  1.84  5.88  4.91 151 1010.0   7.9  10.3 999.0 99.0 99.00
2017 11 15 14 50 204 11.5 13.7  1.86  6.25  4.91 150 1009.2   7.9  10.3 999.0 99.0 99.00
2017 11 15 15 50 213 11.2 13.3  1.92  6.67  5.01 154 1008.5   8.1  10.2 999.0 99.0 99.00
2017 11 15 16 50 231 11.7 13.0  1.85  6.67  5.03 144 1007.3   8.0  10.2 999.0 99.0 99.00
2017 11 15 17 50 252 10.3 12.3  1.65  5.88  4.74 162 1005.8   8.0  10.2 999.0 99.0 99.00
2017 11 15 18 50 274  9.8 11.7  1.53  5.88  4.66 183 1005.3   8.3  10.2 999.0 99.0 99.00
2017 11 15 19 50 300 10.7 12.7  1.33  6.25  4.37 204 1005.2   8.8  10.2 999.0 99.0 99.00
2017 11 15 20 50 304 10.1 12.2  1.24  5.26  4.11 220 1005.8   9.3  10.1 999.0 99.0 99.00
2017 11 15 21 50 317 12.1 14.9  1.22  5.56  3.92 217 1006.3   9.4  10.2 999.0 99.0 99.00
2017 11 15 22 50 317  8.9 10.8  1.33  4.35  4.06 297 1007.6   9.3  10.1 999.0 99.0 99.00
2017 11 15 23 50 323 10.0 12.4  1.58  5.26  4.33 305 1008.6   8.8  10.1 999.0 99.0 99.00
2017 11 16 00 50 314 11.3 13.3  1.38  5.00  4.36 310 1008.9   8.7  10.1 999.0 99.0 99.00
2017 11 16 01 50 317 12.8 15.6  1.69  5.26  4.51 333 1009.6   7.5  10.1 999.0 99.0 99.00
2017 11 16 02 50 323 12.2 15.6  1.86  5.56  4.72 341 1010.9   5.8  10.0 999.0 99.0 99.00
2017 11 16 03 50 335 15.5 18.6  2.14  6.67  5.04   2 1011.8   3.5  10.0 999.0 99.0 99.00
2017 11 16 04 50 323 13.2 16.4  2.31  6.67  5.25 352 1012.7   3.1  10.0 999.0 99.0 99.00
2017 11 16 05 50 322 13.2 15.9  2.38  6.25  5.37 351 1013.1   3.6  10.0 999.0 99.0 99.00
2017 11 16 06 50 327 13.5 16.3  2.46  6.67  5.32 354 1013.8   3.7  10.0 999.0 99.0 99.00
2017 11 16 07 50 329 12.4 15.0  2.36  6.67  5.31 352 1014.6   3.7  10.0 999.0 99.0 99.00
2017 11 16 08 50 329 12.0 14.3  2.31  6.67  5.41 352 1015.7   3.5  10.0 999.0 99.0 99.00
2017 11 16 09 50 336 11.4 14.1  2.26  6.67  5.32 360 1016.5   3.5  10.0 999.0 99.0 99.00
2017 11 16 10 50 338 12.2 15.2  2.62  6.67  5.59   6 1017.2   3.5   9.9 999.0 99.0 99.00
2017 11 16 11 50 340 10.9 13.6  2.37  6.67  5.47  10 1018.2   3.5   9.9 999.0 99.0 99.00
2017 11 16 12 50 343 10.2 12.4  2.29  6.25  5.52   3 1019.2   3.6   9.9 999.0 99.0 99.00
2017 11 16 13 50 339  9.4 13.0  2.01  6.67  5.19  12 1020.6   3.4   9.9 999.0 99.0 99.00
2017 11 16 14 50 350 10.4 13.7  1.93  7.14  5.17  16 1021.4   3.3   9.9 999.0 99.0 99.00
2017 11 16 15 50 347  8.9 11.8  1.80  7.14  5.18  16 1022.4   2.9   9.9 999.0 99.0 99.00
2017 11 16 16 50 339  8.1 10.5  1.82  7.69  5.16  36 1022.9   2.9   9.9 999.0 99.0 99.00
2017 11 16 17 50 348  8.5 10.7  1.99  7.69  5.54  40 1023.2   2.8   9.9 999.0 99.0 99.00
2017 11 16 18 50 359  6.9  9.1  1.94  7.69  5.55  29 1023.5   2.8   9.9 999.0 99.0 99.00
2017 11 16 19 50 351  7.0  9.1  1.85  7.69  5.57  37 1023.4   2.8   9.9 999.0 99.0 99.00
2017 11 16 20 50   3  5.5  8.0  1.76  7.14  5.34  32 1023.7   2.9   9.9 999.0 99.0 99.00
2017 11 16 21 50   4  4.9  6.8  1.70  8.33  5.69  30 1024.2   3.4   9.9 999.0 99.0 99.00
2017 11 16 22 50   8  5.8  7.6  1.53  7.69  5.60  31 1024.2   3.9   9.9 999.0 99.0 99.00
2017 11 16 23 50   2  4.5  5.8  1.53  7.69  5.48  34 1024.8   4.1   9.9 999.0 99.0 99.00
2017 11 17 00 50  17  5.1  6.5  1.50  7.69  5.60  24 1024.7   3.8   9.9 999.0 99.0 99.00
2017 11 17 01 50  17  4.4  5.5  1.47  7.69  5.56  29 1024.8   4.1   9.9 999.0 99.0 99.00
2017 11 17 02 50  34  4.9  6.0  1.38  7.69  5.41  27 1024.8   3.9   9.9 999.0 99.0 99.00
2017 11 17 03 50  34  1.5  3.5  1.25  7.14  5.45  15 1024.7   4.2   9.9 999.0 99.0 99.00
2017 11 17 04 50  80  4.8  6.6  1.11  7.69  5.23   3 1023.4   4.9   9.9 999.0 99.0 99.00
2017 11 17 05 50  88  6.0  7.8  1.02  7.69  5.29 355 1023.1   5.0   9.9 999.0 99.0 99.00
2017 11 17 06 50 112  5.9  7.4  0.99  6.67  4.73 340 1023.4   5.0   9.9 999.0 99.0 99.00
2017 11 17 07 50  96  5.1  6.2  0.83  7.14  4.34 336 1023.1   5.0   9.9 999.0 99.0 99.00
2017 11 17 08 50 137  5.2  6.9  0.71  6.25  4.19 334 1022.8   5.6   9.9 999.0 99.0 99.00
2017 11 17 09 50 148  8.1  9.8  0.65  6.67  3.85 333 1021.0   5.9   9.9 999.0 99.0 99.00
2017 11 17 10 50 172  9.2 11.1  0.68  6.67  3.59 323 1021.6   5.2   9.9 999.0 99.0 99.00
2017 11 17 11 50 161  9.2 10.5  0.87  3.33  3.55 121 1021.3   4.7   9.8 999.0 99.0 99.00
2017 11 17 12 50 160  9.9 11.6  1.25  4.35  4.10 133 1020.3   4.6   9.9 999.0 99.0 99.00
2017 11 17 13 50 156 10.4 12.7  1.43  5.26  4.31 146 1019.4   4.7   9.8 999.0 99.0 99.00
2017 11 17 14 50 157 10.7 12.9  1.42  5.00  4.35 148 1018.8   4.8   9.8 999.0 99.0 99.00
2017 11 17 15 50 154 11.0 12.6  1.61  5.26  4.51 148 1017.9   4.7   9.9 999.0 99.0 99.00
2017 11 17 16 50 141 10.8 12.9  1.63  5.88  4.66 153 1016.6   4.9   9.8 999.0 99.0 99.00
2017 11 17 17 50 132 11.4 13.4  1.66  5.88  4.67 153 1014.2   5.5   9.8 999.0 99.0 99.00
2017 11 17 18 50 134 12.3 14.0  1.72  5.56  4.71 142 1012.4   6.1   9.8 999.0 99.0 99.00
2017 11 17 19 50 149 11.7 13.5  1.58  5.88  4.57 146 1011.7   7.1   9.8 999.0 99.0 99.00
2017 11 17 20 50 140 11.9 14.2  1.73  5.56  4.76 146 1009.9   7.9   9.8 999.0 99.0 99.00
2017 11 17 21 50 165 12.4 15.5  1.91  5.56  4.77 141 1008.8   7.4   9.8 999.0 99.0 99.00
2017 11 17 22 50 149 13.0 15.3  2.09  5.88  4.97 144 1007.0   7.6   9.8 999.0 99.0 99.00
2017 11 17 23 50 141 12.8 16.2  1.88  5.88  4.83 139 1005.3   8.3   9.8 999.0 99.0 99.00
2017 11 18 00 50 145 12.7 15.1  2.03  6.25  5.06 149 1004.3   8.3   9.8 999.0 99.0 99.00
2017 11 18 01 50 167 12.7 15.2  1.83  6.25  4.95 145 1003.1   7.8   9.8 999.0 99.0 99.00
2017 11 18 02 50 196 12.4 14.6  2.21  5.88  5.20 144 1002.9   7.6   9.8 999.0 99.0 99.00
2017 11 18 03 50 212 11.3 13.4  2.30  6.67  5.35 150 1002.5   7.5   9.8 999.0 99.0 99.00
2017 11 18 04 50 236  8.1 10.0  1.91  6.67  5.05 151 1002.6   7.6   9.8 999.0 99.0 99.00
2017 11 18 05 50 240  5.4  6.4  1.88  6.67  5.24 151 1002.2   7.6   9.7 999.0 99.0 99.00
2017 11 18 06 50 248  4.3  5.1  1.48  6.25  4.93 152 1001.4   7.7   9.7 999.0 99.0 99.00
2017 11 18 07 50 277  4.1  4.8  1.24  5.88  4.80 184 1000.8   7.6   9.7 999.0 99.0 99.00
2017 11 18 08 50 304  3.8  5.1  1.06  5.56  4.69 198 1000.5   7.7   9.7 999.0 99.0 99.00
2017 11 18 09 50 357  4.5  5.5  0.72  5.26  4.27 210  999.9   7.3   9.7 999.0 99.0 99.00
2017 11 18 10 50   3  8.7 10.5  0.63  5.00  3.74 205  999.6   6.7   9.7 999.0 99.0 99.00
2017 11 18 11 50  11  7.7  9.5  0.62  3.23  3.26  16  999.5   6.5   9.7 999.0 99.0 99.00
2017 11 18 12 50  26  8.0  9.9  0.71  3.70  3.32 360  998.5   6.4   9.7 999.0 99.0 99.00
2017 11 18 13 50  19  7.5  9.0  0.73  3.85  3.50   3  999.0   6.8   9.6 999.0 99.0 99.00
2017 11 18 14 50   8  9.5 11.8  0.79  4.35  3.58   6  998.5   7.1   9.6 999.0 99.0 99.00
2017 11 18 15 50   6 12.6 14.6  1.02  4.55  3.82   9  997.9   6.7   9.6 999.0 99.0 99.00
2017 11 18 16 50  11 13.5 16.1  1.61  5.00  4.35   8  996.8   6.2   9.6 999.0 99.0 99.00
2017 11 18 17 50   7 12.5 15.3  1.87  6.25  4.78   7  996.8   6.5   9.6 999.0 99.0 99.00
2017 11 18 18 50   1 14.4 17.0  2.12  6.25  5.18  12  996.5   6.2   9.6 999.0 99.0 99.00
2017 11 18 19 50 359 15.1 18.1  2.61  7.14  5.60   9  997.1   6.8   9.6 999.0 99.0 99.00
2017 11 18 20 50 353 15.6 19.1  2.95  7.69  5.89  20  998.0   6.2   9.6 999.0 99.0 99.00
2017 11 18 21 50 359 14.8 18.0  3.21  7.69  6.17  28  999.5   5.7   9.6 999.0 99.0 99.00
2017 11 18 22 50 357 14.7 17.8  3.09  8.33  6.03  19 1000.4   5.6   9.6 999.0 99.0 99.00
2017 11 18 23 50 349 15.1 18.2  3.29  8.33  6.29  26 1001.7   5.8   9.6 999.0 99.0 99.00
2017 11 19 00 50 350 15.4 18.2  3.05  8.33  6.18  29 1002.8   5.6   9.5 999.0 99.0 99.00
2017 11 19 01 50 347 14.3 17.8  3.34  8.33  6.31  26 1004.0   5.0   9.5 999.0 99.0 99.00
2017 11 19 02 50 344 13.4 16.4  3.19  7.69  6.26  30 1005.4   4.9   9.5 999.0 99.0 99.00
2017 11 19 03 50 344 12.3 15.2  2.94  8.33  5.97  38 1006.7   4.7   9.5 999.0 99.0 99.00
2017 11 19 04 50 349 12.3 14.9  2.93  7.69  6.03  29 1007.7   4.6   9.4 999.0 99.0 99.00
2017 11 19 05 50 339 11.2 14.0  2.64  7.69  5.90  41 1008.6   4.1   9.4 999.0 99.0 99.00
2017 11 19 06 50 339 11.4 13.7  2.33  8.33  5.61  41 1009.0   3.7   9.4 999.0 99.0 99.00
2017 11 19 07 50 344 10.3 12.8  2.24  7.69  5.60  37 1009.9   3.3   9.4 999.0 99.0 99.00
2017 11 19 08 50 331 10.6 13.2  2.18  7.69  5.50  41 1010.8   3.0   9.4 999.0 99.0 99.00
2017 11 19 09 50 339 10.7 14.1  2.23  7.69  5.54  37 1011.3   2.3   9.4 999.0 99.0 99.00
2017 11 19 10 50 329 10.2 13.8  2.02  6.67  5.28  37 1012.2   2.0   9.4 999.0 99.0 99.00
2017 11 19 11 50 340 10.5 13.2  1.91  7.14  5.16  37 1012.6   1.5   9.4 999.0 99.0 99.00
2017 11 19 12 50 328 11.1 13.4  1.91  6.67  5.00  34 1013.6   0.6   9.4 999.0 99.0 99.00
2017 11 19 13 50 329 10.7 14.0  1.82  7.14  4.93  33 1014.2   0.5   9.4 999.0 99.0 99.00
2017 11 19 14 50 326  8.4 11.3  1.90  7.14  5.17  38 1015.1   0.3   9.4 999.0 99.0 99.00
2017 11 19 15 50 319  9.6 11.6  1.76  6.67  4.83  45 1015.6  -0.1   9.4 999.0 99.0 99.00
2017 11 19 16 50 315  9.1 12.2  1.50  7.14  4.78  42 1016.2  -0.8   9.4 999.0 99.0 99.00
2017 11 19 17 50 326  9.0 12.3  1.68  6.67  4.73  41 1016.5  -1.1   9.3 999.0 99.0 99.00
2017 11 19 18 50 313  8.8 11.2  1.57  7.14  4.78  43 1016.5  -0.4   9.3 999.0 99.0 99.00
2017 11 19 19 50 318  8.0 11.7  1.45  7.14  4.72  40 1016.3   0.1   9.3 999.0 99.0 99.00
2017 11 19 20 50 309  8.0  9.9  1.40  6.67  4.64  33 1016.1   0.6   9.3 999.0 99.0 99.00
2017 11 19 21 50 305  8.0 10.3  1.29  7.14  4.51  42 1016.7   1.1   9.3 999.0 99.0 99.00
2017 11 19 22 50 294  8.5 10.2  1.24  6.67  4.41  27 1016.5   1.5   9.3 999.0 99.0 99.00
2017 11 19 23 50 310  9.3 12.5  1.30  4.76  4.39 322 1016.7   1.9   9.3 999.0 99.0 99.00
2017 11 20 00 50 297 10.7 13.2  1.41  5.26  4.35 332 1017.0   2.0   9.3 999.0 99.0 99.00
2017 11 20 01 50 295  9.8 12.1  1.41  5.00  4.55 309 1017.2   2.3   9.3 999.0 99.0 99.00
2017 11 20 02 50 286  9.8 12.0  1.41  4.76  4.34 277 1017.1   2.4   9.3 999.0 99.0 99.00
2017 11 20 03 50 288 10.2 12.5  1.42  4.76  4.36 287 1017.0   2.7   9.3 999.0 99.0 99.00
2017 11 20 04 50 285 10.5 12.6  1.35  4.55  4.25 271 1016.8   3.2   9.2 999.0 99.0 99.00
2017 11 20 05 50 276 10.5 12.1  1.39  4.76  4.22 243 1016.3   4.2   9.2 999.0 99.0 99.00
2017 11 20 06 50 271 11.5 13.6  1.55  5.00  4.32 231 1015.6   4.6   9.2 999.0 99.0 99.00
2017 11 20 07 50 270 11.1 13.4  1.66  5.88  4.71 231 1015.1   4.7   9.2 999.0 99.0 99.00
2017 11 20 08 50 274 11.9 14.2  1.74  5.56  4.70 238 1014.5   5.2   9.2 999.0 99.0 99.00
2017 11 20 09 50 269 11.9 13.7  1.64  5.88  4.58 222 1014.0   5.4   9.2 999.0 99.0 99.00
2017 11 20 10 50 265 10.6 12.7  1.75  5.26  4.80 211 1013.9   5.8   9.2 999.0 99.0 99.00
2017 11 20 11 50 261 11.8 14.1  1.73  6.25  4.89 191 1013.4   6.0   9.2 999.0 99.0 99.00
2017 11 20 12 50 257 11.3 13.5  1.91  6.25  4.98 191 1013.2   5.7   9.2 999.0 99.0 99.00
2017 11 20 13 50 252 11.0 13.3  2.04  6.25  5.17 185 1012.8   5.7   9.2 999.0 99.0 99.00
2017 11 20 14 50 241 11.3 13.5  2.00  5.88  5.11 189 1012.2   6.1   9.2 999.0 99.0 99.00
2017 11 20 15 50 247 11.8 14.2  2.04  6.25  5.18 176 1011.9   6.3   9.2 999.0 99.0 99.00
2017 11 20 16 50 235 11.0 13.1  2.11  5.88  5.20 172 1011.4   6.6   9.2 999.0 99.0 99.00
2017 11 20 17 50 230 10.7 13.0  1.91  6.67  5.04 164 1010.2   7.1   9.2 999.0 99.0 99.00
2017 11 20 18 50 215 10.2 11.9  1.88  5.88  5.05 156 1009.0   7.8   9.2 999.0 99.0 99.00
2017 11 20 19 50 202 11.5 13.6  1.55  5.88  4.64 155 1007.8   8.4   9.2 999.0 99.0 99.00
2017 11 20 20 50 202 12.4 15.6  1.81  5.56  4.72 149 1006.4   9.0   9.2 999.0 99.0 99.00
2017 11 20 21 50 199 11.9 14.2  1.78  5.56  4.84 146 1006.3   9.6   9.2 999.0 99.0 99.00
2017 11 20 22 50 205 13.6 16.6  1.94  5.88  5.01 148 1005.3   9.9   9.2 999.0 99.0 99.00
2017 11 20 23 50 213 14.5 18.2  2.06  6.25  5.05 149 1005.1  10.0   9.2 999.0 99.0 99.00
2017 11 21 00 50 219 14.9 18.0  2.29  7.14  5.20 150 1005.3   9.3   9.2 999.0 99.0 99.00
2017 11 21 01 50 225 14.4 17.4  2.29  6.67  5.29 156 1005.5   9.1   9.2 999.0 99.0 99.00
2017 11 21 02 50 225 14.0 17.7  2.62  6.67  5.67 162 1005.0   9.1   9.1 999.0 99.0 99.00
2017 11 21 03 50 218 15.4 18.1  2.90  7.14  5.82 154 1004.0   8.7   9.1 999.0 99.0 99.00
2017 11 21 04 50 224 14.9 18.5  2.69  7.14  5.74 159 1003.7   8.5   9.0 999.0 99.0 99.00
2017 11 21 05 50 226 15.1 18.4  3.19  7.69  6.19 153 1003.1   8.3   9.0 999.0 99.0 99.00
2017 11 21 06 50 231 13.8 16.2  2.82  7.14  5.90 161 1002.7   8.3   9.0 999.0 99.0 99.00
2017 11 21 07 50 234 14.1 17.4  2.68  7.14  5.72 158 1002.5   8.2   9.0 999.0 99.0 99.00
2017 11 21 08 50 237 13.0 15.3  2.53  7.14  5.72 162 1002.6   8.2   9.0 999.0 99.0 99.00
2017 11 21 09 50 249 13.2 17.0  2.47  7.14  5.59 158 1002.4   8.3   8.9 999.0 99.0 99.00
2017 11 21 10 50 250 13.1 15.7  2.35  7.14  5.48 168 1002.6   8.0   8.8 999.0 99.0 99.00
2017 11 21 11 50 243 12.3 14.8  2.07  7.14  5.32 157 1002.4   8.0   8.8 999.0 99.0 99.00
2017 11 21 12 50 255 12.6 15.1  2.06  6.67  5.10 164 1002.6   8.1   8.7 999.0 99.0 99.00
2017 11 21 13 50 257 11.8 13.8  1.79  6.67  4.90 173 1003.8   7.9   8.7 999.0 99.0 99.00
2017 11 21 14 50 278 10.6 12.9  1.77  6.25  4.76 191 1005.6   7.8   8.7 999.0 99.0 99.00
2017 11 21 15 50 292  9.7 11.8  1.59  6.25  4.65 201 1007.0   7.9   8.7 999.0 99.0 99.00
2017 11 21 16 50 300  9.4 11.1  1.36  5.56  4.38 214 1007.9   7.5   8.7 999.0 99.0 99.00
2017 11 21 17 50 337  9.9 11.3  1.36  5.88  4.38 224 1008.6   6.1   8.6 999.0 99.0 99.00
2017 11 21 18 50 339 12.2 14.5  1.35  4.17  4.02 329 1009.4   4.4   8.7 999.0 99.0 99.00
2017 11 21 19 50 335 12.2 15.1  1.87  5.26  4.71 341 1010.8   3.5   8.7 999.0 99.0 99.00
2017 11 21 20 50 335 12.9 15.4  1.98  6.25  4.86 346 1012.4   2.5   8.6 999.0 99.0 99.00
2017 11 21 21 50 344 11.2 13.7  1.91  6.25  4.94 342 1014.7   2.3   8.6 999.0 99.0 99.00
2017 11 21 22 50 338 12.2 15.1  1.88  6.67  4.80   7 1016.1   2.1   8.6 999.0 99.0 99.00
2017 11 21 23 50 344 10.2 12.5  1.99  6.25  4.99   8 1017.9   1.7   8.6 999.0 99.0 99.00
2017 11 22 00 50 339 10.4 12.8  1.98  6.67  5.08   1 1019.2   1.3   8.5 999.0 99.0 99.00
2017 11 22 01 50 344  8.7 13.2  1.82  6.25  4.98   2 1019.7   1.0   8.5 999.0 99.0 99.00
2017 11 22 02 50 347  9.1 11.5  1.88  6.67  5.12  18 1020.2   1.1   8.5 999.0 99.0 99.00
2017 11 22 03 50 345  8.9 11.9  1.74  6.25  5.02   9 1021.1   1.1   8.5 999.0 99.0 99.00
2017 11 22 04 50 342  8.5 11.2  1.75  6.67  4.89  24 1021.8   0.1   8.5 999.0 99.0 99.00
2017 11 22 05 50 350  9.7 11.9  1.58  7.14  4.94  34 1022.2   0.2   8.5 999.0 99.0 99.00
2017 11 22 06 50 342  7.5 10.0  1.54  6.67  4.87  25 1022.8  -0.3   8.4 999.0 99.0 99.00
2017 11 22 07 50 351  5.5  8.6  1.48  6.25  4.81  31 1023.9  -0.9   8.4 999.0 99.0 99.00
2017 11 22 08 50 354  7.0  9.4  1.46  6.67  5.06  27 1024.5  -0.3   8.4 999.0 99.0 99.00
2017 11 22 09 50   7  6.7  9.1  1.41  6.67  4.99  26 1024.8  -0.4   8.4 999.0 99.0 99.00
2017 11 22 10 50   2  5.3  8.0  1.26  6.67  4.86  27 1025.8  -0.6   8.3 999.0 99.0 99.00
2017 11 22 11 50   5  6.3  8.3  1.25  6.67  4.70  32 1026.3  -0.7   8.3 999.0 99.0 99.00
2017 11 22 12 50 335  4.8  6.6  1.13  6.67  4.68  35 1026.9  -1.0   8.3 999.0 99.0 99.00
2017 11 22 13 50 349  1.3  5.5  1.09  6.67  4.70  30 1026.9  -0.9   8.3 999.0 99.0 99.00
2017 11 22 14 50  44  1.7  4.0  1.04  5.88  4.81  21 1027.3  -0.6   8.3 999.0 99.0 99.00
2017 11 22 15 50 262  2.4  4.4  0.97  6.67  4.85  33 1028.0  -0.5   8.2 999.0 99.0 99.00
2017 11 22 16 50 320  1.4  2.8  0.87  6.25  4.66  42 1027.7  -0.3   8.3 999.0 99.0 99.00
2017 11 22 17 50 276  4.8  6.1  0.75  6.25  4.48  25 1027.4  -0.3   8.3 999.0 99.0 99.00
2017 11 22 18 50 284  3.7  5.8  0.66  5.56  4.44  21 1026.9  -0.3   8.3 999.0 99.0 99.00
2017 11 22 19 50 276  4.1  5.9  0.63  5.88  4.18  22 1025.9  -0.8   8.3 999.0 99.0 99.00
2017 11 22 20 50 275  4.0  5.4  0.60  5.56  4.04  22 1026.0  -0.8   8.3 999.0 99.0 99.00
2017 11 22 21 50 266  2.9  4.1  0.58  5.88  4.06 351 1025.5  -0.4   8.3 999.0 99.0 99.00
2017 11 22 22 50 236  4.5  6.7  0.48  5.56  3.96 344 1024.8   0.3   8.3 999.0 99.0 99.00
2017 11 22 23 50 256  5.2  6.8  0.46  5.56  3.97 344 1024.6   0.8   8.3 999.0 99.0 99.00
2017 11 23 00 50 252  5.2  7.0  0.44  5.56  3.41 360 1024.3   1.6   8.4 999.0 99.0 99.00
2017 11 23 01 50 232  6.3  7.6  0.49  5.56  3.24 342 1023.1   1.8   8.4 999.0 99.0 99.00
2017 11 23 02 50 248  7.5  9.6  0.52  2.94  3.14 219 1022.6   1.7   8.5 999.0 99.0 99.00
2017 11 23 03 50 247  7.7  9.4  0.62  3.33  3.26 213 1022.1   1.8   8.4 999.0 99.0 99.00
2017 11 23 04 50 258  8.0 10.1  0.78  3.70  3.49 213 1022.1   1.9   8.4 999.0 99.0 99.00
2017 11 23 05 50 271  8.1  9.5  0.83  3.85  3.52 227 1021.8   2.1   8.4 999.0 99.0 99.00
2017 11 23 06 50 280  8.4  9.9  0.86  4.17  3.62 222 1021.1   2.3   8.4 999.0 99.0 99.00
2017 11 23 07 50 270  8.7 10.8  0.84  4.55  3.64 222 1020.5   2.3   8.4 999.0 99.0 99.00
2017 11 23 08 50 263  9.4 10.9  0.93  4.55  3.70 217 1019.6   2.5   8.4 999.0 99.0 99.00
2017 11 23 09 50 252  8.8 11.0  1.07  4.55  3.90 199 1018.1   2.6   8.4 999.0 99.0 99.00
2017 11 23 10 50 246  8.5 10.4  1.08  4.76  3.92 192 1017.9   2.7   8.4 999.0 99.0 99.00
2017 11 23 11 50 250  8.8 11.1  1.02  4.55  3.96 185 1017.9   3.1   8.3 999.0 99.0 99.00
2017 11 23 12 50 246  8.7 10.3  1.16  4.76  4.17 172 1017.3   3.3   8.3 999.0 99.0 99.00
2017 11 23 13 50 239  8.6 10.1  1.12  4.76  4.07 178 1017.0   3.8   8.3 999.0 99.0 99.00
2017 11 23 14 50 253  9.1 10.5  1.23  5.26  4.21 170 1016.9   4.0   8.3 999.0 99.0 99.00
2017 11 23 15 50 245  9.3 11.2  1.14  5.00  4.09 173 1016.1   4.0   8.4 999.0 99.0 99.00
2017 11 23 16 50 252  9.2 11.2  1.19  5.26  4.09 162 1015.2   3.9   8.4 999.0 99.0 99.00
2017 11 23 17 50 253  7.0  8.6  1.16  5.26  4.20 169 1014.6   4.1   8.4 999.0 99.0 99.00
2017 11 23 18 50 260  6.8  8.2  1.09  5.56  4.24 169 1014.1   4.6   8.6 999.0 99.0 99.00
2017 11 23 19 50 259  5.9  7.9  0.95  5.00  4.04 183 1013.7   4.7   8.6 999.0 99.0 99.00
2017 11 23 20 50 254  5.9  7.7  0.91  5.00  4.02 179 1013.5   5.2   8.6 999.0 99.0 99.00
2017 11 23 21 50 246  5.0  6.0  0.78  4.76  3.85 170 1013.4   5.6   8.6 999.0 99.0 99.00
2017 11 23 22 50 261  4.4  5.6  0.61  4.55  3.71 171 1013.9   5.9   8.6 999.0 99.0 99.00
2017 11 23 23 50 256  4.3  5.4  0.55  4.55  3.59 174 1013.9   6.4   8.6 999.0 99.0 99.00
2017 11 24 00 50 261  4.3  5.3  0.45  4.35  3.40 183 1013.7   6.7   8.6 999.0 99.0 99.00
2017 11 24 01 50 242  4.3  5.3  0.40  4.17  3.42 182 1013.4   6.8   8.6 999.0 99.0 99.00
2017 11 24 02 50 245  5.0  5.8  0.38  4.00  3.28 160 1013.2   6.9   8.6 999.0 99.0 99.00
2017 11 24 03 50 252  6.8  7.7  0.39  3.03  2.93 177 1013.0   6.9   8.6 999.0 99.0 99.00
2017 11 24 04 50 241  7.4  8.3 99.00 99.00 99.00 999 1012.2   6.8   8.5 999.0 99.0 99.00
2017 11 24 05 50 255  7.9  9.2  0.57  3.45  3.13 191 1011.6   6.9   8.5 999.0 99.0 99.00
2017 11 24 06 50 236  8.2  9.4  0.63  3.70  3.31 177 1010.6   6.9   8.4 999.0 99.0 99.00
2017 11 24 07 50 220  9.2 10.6  0.70  3.85  3.46 165 1009.9   7.0   8.4 999.0 99.0 99.00
2017 11 24 08 50 223  9.0 11.1  0.89  3.85  3.62 165 1009.3   7.2   8.4 999.0 99.0 99.00
2017 11 24 09 50 231  8.9 11.3  1.01  4.76  3.79 168 1009.0   7.1   8.4 999.0 99.0 99.00
2017 11 24 10 50 222 10.0 12.0  1.08  4.76  3.94 169 1008.2   6.9   8.5 999.0 99.0 99.00
2017 11 24 11 50 211 10.6 12.5  1.13  5.00  4.07 160 1007.4   7.0   8.5 999.0 99.0 99.00
2017 11 24 12 50 215 10.6 13.1  1.45  5.00  4.27 151 1006.9   7.1   8.4 999.0 99.0 99.00
2017 11 24 13 50 215 11.8 14.4  1.44  5.26  4.33 157 1006.3   7.4   8.4 999.0 99.0 99.00
2017 11 24 14 50 209 11.8 14.4  1.50  5.26  4.39 157 1005.3   7.6   8.4 999.0 99.0 99.00
2017 11 24 15 50 203 12.6 14.7  1.48  5.26  4.43 153 1004.5   7.8   8.4 999.0 99.0 99.00
2017 11 24 16 50 195 13.2 15.9  1.68  5.56  4.51 152 1002.9   7.8   8.4 999.0 99.0 99.00
2017 11 24 17 50 189 13.2 15.7  1.73  6.25  4.70 148 1001.2   8.5   8.4 999.0 99.0 99.00
2017 11 24 18 50 187 12.2 15.2  1.87  6.25  4.84 147 1000.1   9.0   8.4 999.0 99.0 99.00
2017 11 24 19 50 184 12.6 14.8  2.05  6.25  5.11 148  998.7  10.0   8.3 999.0 99.0 99.00
2017 11 24 20 50 171 12.0 13.7  1.70  5.88  4.78 147  997.3  10.4   8.3 999.0 99.0 99.00
2017 11 24 21 50 174 11.7 14.3  1.56  5.88  4.55 158  996.6  11.0   8.4 999.0 99.0 99.00
2017 11 24 22 50 190 11.8 13.6  1.70  5.88  4.75 152  996.0  10.8   8.3 999.0 99.0 99.00
2017 11 24 23 50 206 11.4 13.2  1.68  5.88  4.78 154  996.9  10.8   8.3 999.0 99.0 99.00
2017 11 25 00 50 206 10.8 12.3  1.44  5.88  4.61 154  997.0  10.3   8.3 999.0 99.0 99.00
2017 11 25 01 50 212 11.0 12.9  1.66  5.56  4.72 155  997.3  10.4   8.3 999.0 99.0 99.00
2017 11 25 02 50 214  9.4 11.1  1.55  5.88  4.76 151  997.8   9.9   8.3 999.0 99.0 99.00
2017 11 25 03 50 246  7.5  8.6  1.52  6.25  4.78 154  998.3   9.7   8.3 999.0 99.0 99.00
2017 11 25 04 50 270  5.8  7.0  1.34  5.56  4.59 188  999.6  10.1   8.3 999.0 99.0 99.00
2017 11 25 05 50 326  7.1  8.2  1.12  5.56  4.43 219 1001.3  10.2   8.3 999.0 99.0 99.00
2017 11 25 06 50 324  8.6  9.7  0.98  5.88  4.10 215 1002.4   9.7   8.2 999.0 99.0 99.00
2017 11 25 07 50 337  9.6 11.2  0.90  5.56  3.73 219 1004.0   9.1   8.3 999.0 99.0 99.00
2017 11 25 08 50 333  9.2 11.4  0.97  4.00  3.69 328 1005.1   8.5   8.3 999.0 99.0 99.00
2017 11 25 09 50 328  9.8 11.6  1.12  4.55  3.88 335 1005.8   8.3   8.3 999.0 99.0 99.00
2017 11 25 10 50 329 10.3 12.4  1.08  4.35  4.01 337 1006.9   7.9   8.2 999.0 99.0 99.00
2017 11 25 11 50 326 10.9 13.1  1.27  4.76  4.09 348 1007.5   7.5   8.2 999.0 99.0 99.00
2017 11 25 12 50 319 10.9 12.9  1.33  5.26  4.22 360 1008.4   6.7   8.2 999.0 99.0 99.00
2017 11 25 13 50 326 11.8 14.3  1.33  5.00  4.21 360 1009.4   6.5   8.2 999.0 99.0 99.00
2017 11 25 14 50 324 11.6 14.4  1.43  5.00  4.32 357 1010.5   6.3   8.2 999.0 99.0 99.00
2017 11 25 15 50 327 11.8 13.5  1.77  5.56  4.61 351 1011.4   6.0   8.2 999.0 99.0 99.00
2017 11 25 16 50 330 11.5 13.6  1.74  6.25  4.63 359 1012.1   5.9   8.2 999.0 99.0 99.00
2017 11 25 17 50 334 11.1 13.3  1.74  5.88  4.72 350 1012.7   5.9   8.2 999.0 99.0 99.00
2017 11 25 18 50 334  8.6  9.9  1.67  5.88  4.64 357 1013.2   6.0   8.2 999.0 99.0 99.00
2017 11 25 19 50 336  8.1 10.2  1.39  5.88  4.47 356 1014.1   6.2   8.2 999.0 99.0 99.00
2017 11 25 20 50 339  7.8  9.4  1.26  5.56  4.50   1 1014.8   6.3   8.2 999.0 99.0 99.00
2017 11 25 21 50 351  6.9  8.2  1.28  5.56  4.60   3 1016.0   6.1   8.2 999.0 99.0 99.00
2017 11 25 22 50 356  6.3  8.1  1.16  5.88  4.48  11 1016.8   6.1   8.2 999.0 99.0 99.00
2017 11 25 23 50 353  6.2  7.6  1.06  5.56  4.36   6 1017.9   6.0   8.2 999.0 99.0 99.00
2017 11 26 00 50 346  9.2 11.1  1.10  5.88  4.28  27 1018.3   6.3   8.1 999.0 99.0 99.00
2017 11 26 01 50 346 10.0 12.1  1.25  5.56  4.29  16 1018.9   5.9   8.2 999.0 99.0 99.00
2017 11 26 02 50 350 10.6 12.8  1.38  5.88  4.38  31 1019.5   5.4   8.2 999.0 99.0 99.00
2017 11 26 03 50 351  8.9 10.4  1.40  5.88  4.59  24 1020.2   5.0   8.1 999.0 99.0 99.00
2017 11 26 04 50 354  8.0  9.4  1.45  5.56  4.65  15 1020.6   4.6   8.1 999.0 99.0 99.00
2017 11 26 05 50 358  6.6  8.6  1.34  5.56  4.51  13 1021.0   4.4   8.1 999.0 99.0 99.00
2017 11 26 06 50 353  4.6  6.0  1.17  5.88  4.53  28 1021.3   4.2   8.1 999.0 99.0 99.00
2017 11 26 07 50 355  4.8  6.6  1.04  5.88  4.49  26 1022.0   3.9   8.1 999.0 99.0 99.00
2017 11 26 08 50 360  3.7  4.7  0.97  5.88  4.48  31 1022.4   3.6   8.1 999.0 99.0 99.00
2017 11 26 09 50   1  2.4  4.9  0.85  5.26  4.37  34 1022.5   3.4   8.2 999.0 99.0 99.00
2017 11 26 10 50 334  3.3  4.8  0.86  6.67  4.60  39 1022.6   3.3   8.1 999.0 99.0 99.00
2017 11 26 11 50 270  1.5  3.1  0.76  6.25  4.45  34 1021.8   3.0   8.1 999.0 99.0 99.00
2017 11 26 12 50 286  4.9  6.5  0.80  6.25  4.64  32 1022.7   3.1   8.1 999.0 99.0 99.00
2017 11 26 13 50 283  5.6  7.0  0.75  6.25  4.39  30 1022.6   3.0   8.2 999.0 99.0 99.00
2017 11 26 14 50 286  6.6  7.9  0.78  6.67  4.35  10 1022.7   3.0   8.2 999.0 99.0 99.00
2017 11 26 15 50 280  7.0  8.5  0.70  5.88  3.71  12 1022.4   3.0   8.2 999.0 99.0 99.00
2017 11 26 16 50 271  7.4  8.8  0.78  5.88  3.66  13 1021.5   3.1   8.3 999.0 99.0 99.00
2017 11 26 17 50 264  8.3 10.0  0.85  3.70  3.69 252 1020.4   3.8   8.3 999.0 99.0 99.00
2017 11 26 18 50 252  9.1 11.0  0.85  4.17  3.67 238 1019.3   4.5   8.3 999.0 99.0 99.00
2017 11 26 19 50 251  9.6 11.0  0.97  4.00  3.70 208 1018.0   5.7   8.4 999.0 99.0 99.00
2017 11 26 20 50 247 10.2 11.7  1.05  4.35  3.81 207 1017.2   6.7   8.4 999.0 99.0 99.00
2017 11 26 21 50 247  9.9 11.4  1.10  4.35  3.82 198 1017.0   7.4   8.4 999.0 99.0 99.00
2017 11 26 22 50 255  9.7 11.3  1.11  4.55  3.95 192 1016.7   8.0   8.3 999.0 99.0 99.00
2017 11 26 23 50 262  8.7 10.3  1.01  4.55  3.88 189 1016.8   8.4   8.3 999.0 99.0 99.00
2017 11 27 00 50 264  9.1 10.8  0.97  4.76  3.87 181 1016.9   8.4   8.3 999.0 99.0 99.00
2017 11 27 01 50 267  8.6 10.0  0.88  4.55  3.79 187 1016.7   8.4   8.3 999.0 99.0 99.00
2017 11 27 02 50 274  7.4  8.6  0.87  4.17  3.64 209 1017.0   8.3   8.3 999.0 99.0 99.00
2017 11 27 03 50 287  6.5  8.0  0.72  4.17  3.57 201 1017.1   8.4   8.3 999.0 99.0 99.00
2017 11 27 04 50 296  5.7  6.6  0.62  4.35  3.53 203 1017.5   8.4   8.3 999.0 99.0 99.00
2017 11 27 05 50 311  3.8  4.5  0.51  4.17  3.46 213 1017.9   8.2   8.3 999.0 99.0 99.00
2017 11 27 06 50 294  3.5  4.2  0.46  4.00  3.42 204 1018.0   8.0   8.3 999.0 99.0 99.00
2017 11 27 07 50 311  2.8  3.3  0.41  3.57  3.30 215 1018.1   7.9   8.3 999.0 99.0 99.00
2017 11 27 08 50 353  1.6  2.5  0.32  3.85  3.21 209 1018.0   7.8   8.2 999.0 99.0 99.00
2017 11 27 09 50  45  3.8  4.3  0.28  3.70  3.21 184 1018.2   7.4   8.2 999.0 99.0 99.00
2017 11 27 10 50  60  3.1  3.5  0.27  3.57  3.13 180 1018.3   7.3   8.3 999.0 99.0 99.00
2017 11 27 11 50  70  3.0  3.4  0.26  3.45  2.98 182 1018.6   7.6   8.3 999.0 99.0 99.00
2017 11 27 12 50  81  4.6  5.4  0.26  3.13  2.96 158 1018.5   7.8   8.3 999.0 99.0 99.00
2017 11 27 13 50  89  5.4  6.1  0.28  3.33  3.00 108 1018.6   8.1   8.3 999.0 99.0 99.00
2017 11 27 14 50  83  5.9  6.7  0.41  4.00  3.08 358 1019.0   8.1   8.4 999.0 99.0 99.00
2017 11 27 15 50  85  5.5  6.3  0.47  4.17  3.22 344 1019.1   8.2   8.4 999.0 99.0 99.00
2017 11 27 16 50  98  5.7  6.4  0.50  4.17  3.24 346 1018.6   7.8   8.4 999.0 99.0 99.00
2017 11 27 17 50 100  7.1  8.2  0.56  4.17  3.40 359 1017.1   7.6   8.5 999.0 99.0 99.00
2017 11 27 18 50 117  6.5  8.0  0.62  4.00  3.34  32 1016.5   8.0   8.4 999.0 99.0 99.00
2017 11 27 19 50 124  5.2  6.2  0.65  4.00  3.45  27 1015.7   8.2   8.4 999.0 99.0 99.00
2017 11 27 20 50 122  4.9  5.7  0.56  3.45  3.45  78 1014.9   8.6   8.4 999.0 99.0 99.00
2017 11 27 21 50 129  5.8  6.7  0.53  3.45  3.42  80 1014.5   9.3   8.4 999.0 99.0 99.00
2017 11 27 22 50 103  4.6  5.3  0.47  3.33  3.29  91 1014.5   9.2   8.4 999.0 99.0 99.00
2017 11 27 23 50 115  6.0  7.1  0.41  3.13  3.16  98 1013.8   9.5   8.4 999.0 99.0 99.00
2017 11 28 00 50 128  8.1  9.1  0.45  2.94  2.94 131 1013.2  10.0   8.3 999.0 99.0 99.00
2017 11 28 01 50 141  8.8 10.5  0.58  3.45  3.14 138 1012.8  10.1   8.3 999.0 99.0 99.00
2017 11 28 02 50 156 10.1 11.9  0.80  3.85  3.48 138 1011.6  10.4   8.3 999.0 99.0 99.00
2017 11 28 03 50 169 11.0 12.9  1.02  4.00  3.70 137 1010.6  10.6   8.3 999.0 99.0 99.00
2017 11 28 04 50 185 11.3 13.4  1.21  4.76  3.96 127 1010.1  10.5   8.3 999.0 99.0 99.00
2017 11 28 05 50 203 11.1 13.2  1.25  4.76  3.97 136 1010.5  10.5   8.3 999.0 99.0 99.00
2017 11 28 06 50 201 11.9 13.6  1.35  4.76  4.20 150 1010.0  10.4   8.3 999.0 99.0 99.00
2017 11 28 07 50 200 10.5 12.5  1.47  5.26  4.30 152 1010.7  10.4   8.3 999.0 99.0 99.00
2017 11 28 08 50 205 11.0 13.3  1.55  5.56  4.50 148 1010.8  10.1   8.2 999.0 99.0 99.00
2017 11 28 09 50 206 11.4 13.3  1.60  5.56  4.67 155 1010.1   9.9   8.2 999.0 99.0 99.00
2017 11 28 10 50 214 11.1 13.3  1.63  5.56  4.64 152 1010.0   9.8   8.2 999.0 99.0 99.00
2017 11 28 11 50 220 11.1 13.1  1.68  5.88  4.73 150 1010.5   9.8   8.2 999.0 99.0 99.00
2017 11 28 12 50 210 10.6 12.3  1.63  5.88  4.74 150 1010.7   9.8   8.2 999.0 99.0 99.00
2017 11 28 13 50 211 10.7 12.9  1.47  5.88  4.65 147 1010.8   9.8   8.2 999.0 99.0 99.00
2017 11 28 14 50 218  9.9 11.5  1.46  5.88  4.61 144 1011.6   9.8   8.2 999.0 99.0 99.00
2017 11 28 15 50 212  9.8 11.5  1.47  5.56  4.65 156 1012.1   9.6   8.2 999.0 99.0 99.00
2017 11 28 16 50 210  9.6 11.3  1.27  5.88  4.38 156 1011.9   9.6   8.2 999.0 99.0 99.00
2017 11 28 17 50 208  8.6 10.2  1.25  5.56  4.36 147 1011.7   9.5   8.2 999.0 99.0 99.00
2017 11 28 18 50 215  8.4  9.6  1.21  5.88  4.52 145 1011.7   9.6   8.2 999.0 99.0 99.00
2017 11 28 19 50 223  7.5  8.6  1.12  5.56  4.15 152 1011.7   9.7   8.1 999.0 99.0 99.00
2017 11 28 20 50 240  6.5  7.1  0.91  5.26  4.05 158 1012.5   9.8   8.1 999.0 99.0 99.00
2017 11 28 21 50 267  5.6  6.6  0.72  5.00  3.78 175 1014.0   9.9   8.2 999.0 99.0 99.00
2017 11 28 22 50 295  5.6  7.1  0.61  4.76  3.56 200 1015.1  10.2   8.2 999.0 99.0 99.00
2017 11 28 23 50 295  6.2  7.1  0.53  4.35  3.49 198 1016.4  10.2   8.2 999.0 99.0 99.00
2017 11 29 00 50 314  6.1  7.3  0.41  4.35  3.07 218 1017.7   9.8   8.2 999.0 99.0 99.00
2017 11 29 01 50 317  5.7  6.5 99.00 99.00 99.00 999 1018.8   9.6   8.2 999.0 99.0 99.00
2017 11 29 02 50 302  7.2  8.6  0.39  2.74  2.89 290 1019.4   9.6   8.2 999.0 99.0 99.00
2017 11 29 03 50 302  8.2  9.4  0.43  2.94  2.90 288 1019.9   9.3   8.2 999.0 99.0 99.00
2017 11 29 04 50 305  9.0 10.7  0.53  3.23  3.00 288 1020.5   8.8   8.2 999.0 99.0 99.00
2017 11 29 05 50 310  8.5 10.2  0.67  3.45  3.21 287 1021.1   8.2   8.2 999.0 99.0 99.00
2017 11 29 06 50 330 10.0 12.5  0.86  3.57  3.40 300 1021.8   8.0   8.2 999.0 99.0 99.00
2017 11 29 07 50 333 10.3 12.7  1.02  4.00  3.65 338 1022.7   7.5   8.2 999.0 99.0 99.00
2017 11 29 08 50 338 10.6 12.6  1.33  4.55  4.10 332 1023.4   6.8   8.2 999.0 99.0 99.00
2017 11 29 09 50 348 10.7 13.0  1.31  4.55  4.18 342 1023.9   6.2   8.1 999.0 99.0 99.00
2017 11 29 10 50 352  9.7 11.3  1.31  5.00  4.22 348 1024.7   5.5   8.1 999.0 99.0 99.00
2017 11 29 11 50 358 10.1 11.9  1.25  5.00  4.23 345 1025.7   5.1   8.1 999.0 99.0 99.00
2017 11 29 12 50   4  9.3 11.3  1.61  5.88  4.86  16 1026.7   4.6   8.0 999.0 99.0 99.00
2017 11 29 13 50  17  8.7 10.6  1.51  6.25  4.73   4 1027.2   4.6   8.1 999.0 99.0 99.00
2017 11 29 14 50  25  8.0  9.7  1.34  5.88  4.61 349 1027.8   4.3   8.1 999.0 99.0 99.00
2017 11 29 15 50  33  5.9  7.5  1.20  5.88  4.50 353 1028.3   4.5   8.1 999.0 99.0 99.00
2017 11 29 16 50  63  2.8  4.1  1.23  6.25  4.74 353 1028.6   4.3   8.1 999.0 99.0 99.00
2017 11 29 17 50  55  4.0  5.2  1.03  5.88  4.56 354 1027.6   4.3   8.2 999.0 99.0 99.00
2017 11 29 18 50  95  1.7  2.7  0.94  6.25  4.71 337 1027.4   4.5   8.3 999.0 99.0 99.00
2017 11 29 19 50  49  3.2  4.3  0.88  5.88  4.71 358 1026.3   4.4   8.3 999.0 99.0 99.00
2017 11 29 20 50  69  2.1  2.9  0.90  6.25  4.81 354 1025.9   4.6   8.3 999.0 99.0 99.00
2017 11 29 21 50  85  2.3  3.7  0.83  5.88  4.70 332 1024.9   4.8   8.3 999.0 99.0 99.00
2017 11 29 22 50  77  4.6  5.7  0.73  6.25  4.72 348 1023.6   5.4   8.2 999.0 99.0 99.00
2017 11 29 23 50 103  4.0  4.8  0.64  5.88  4.66 345 1023.5   6.0   8.2 999.0 99.0 99.00
2017 11 30 00 50 104  5.1  6.3  0.63  6.25  4.64 338 1022.6   6.5   8.2 999.0 99.0 99.00
2017 11 30 01 50 114  5.5  6.6  0.56  5.56  4.19 341 1021.8   7.4   8.2 999.0 99.0 99.00
2017 11 30 02 50 125  6.8  8.0  0.49  5.56  3.62 331 1020.6   8.0   8.2 999.0 99.0 99.00
2017 11 30 03 50 149  6.8  8.1  0.53  5.56  3.41 326 1020.3   8.3   8.2 999.0 99.0 99.00
2017 11 30 04 50 153  8.2 10.2  0.71  3.45  3.35 108 1019.2   8.0   8.2 999.0 99.0 99.00
2017 11 30 05 50 173  6.8  8.1  0.80  3.85  3.56 104 1019.0   7.6   8.2 999.0 99.0 99.00
2017 11 30 06 50 164  7.2  8.7  0.81  4.35  3.64 111 1017.3   7.6   8.2 999.0 99.0 99.00
2017 11 30 07 50 179  7.0  8.5  0.77  4.55  3.60 112 1016.5   7.9   8.2 999.0 99.0 99.00
2017 11 30 08 50 210  6.9  8.2  0.77  4.55  3.64 117 1015.6   8.1   8.2 999.0 99.0 99.00
2017 11 30 09 50 225  7.6  8.6  0.69  4.35  3.50 127 1014.4   8.0   8.2 999.0 99.0 99.00
2017 11 30 10 50 261  7.0  8.8  0.69  4.35  3.54 155 1014.1   7.1   8.2 999.0 99.0 99.00
2017 11 30 11 50 261  8.0  9.6  0.68  4.35  3.49 148 1013.8   7.3   8.2 999.0 99.0 99.00
2017 11 30 12 50 277  9.2 11.2  0.73  4.55  3.40 160 1013.9   7.4   8.2 999.0 99.0 99.00
